"Cause","Cause group","Scenario","Age group (years)","Total expected avoidable deaths","Joint lower 95% simulation limit","Joint upper 95% simulation limit","Contributing cells","Interval method"
"Acute Pancreatitis","Other causes","Baseline","15-29",0,0,0,14,"Joint 2.5% and 97.5% quantiles across synchronized Primary RR (IS: Table 5 PUC; other causes: WHO/Adam) PIF draws; burden weights fixed"
"Acute Pancreatitis","Other causes","Baseline","30-44",0,0,0,14,"Joint 2.5% and 97.5% quantiles across synchronized Primary RR (IS: Table 5 PUC; other causes: WHO/Adam) PIF draws; burden weights fixed"
"Acute Pancreatitis","Other causes","Baseline","45-59",0,0,0,14,"Joint 2.5% and 97.5% quantiles across synchronized Primary RR (IS: Table 5 PUC; other causes: WHO/Adam) PIF draws; burden weights fixed"
"Acute Pancreatitis","Other causes","Baseline","60-65",0,0,0,14,"Joint 2.5% and 97.5% quantiles across synchronized Primary RR (IS: Table 5 PUC; other causes: WHO/Adam) PIF draws; burden weights fixed"
"Breast Cancer","Cancer","Baseline","15-29",0,0,0,7,"Joint 2.5% and 97.5% quantiles across synchronized Primary RR (IS: Table 5 PUC; other causes: WHO/Adam) PIF draws; burden weights fixed"
"Breast Cancer","Cancer","Baseline","30-44",0,0,0,7,"Joint 2.5% and 97.5% quantiles across synchronized Primary RR (IS: Table 5 PUC; other causes: WHO/Adam) PIF draws; burden weights fixed"
"Breast Cancer","Cancer","Baseline","45-59",0,0,0,7,"Joint 2.5% and 97.5% quantiles across synchronized Primary RR (IS: Table 5 PUC; other causes: WHO/Adam) PIF draws; burden weights fixed"
"Breast Cancer","Cancer","Baseline","60-65",0,0,0,7,"Joint 2.5% and 97.5% quantiles across synchronized Primary RR (IS: Table 5 PUC; other causes: WHO/Adam) PIF draws; burden weights fixed"
"Colon and rectum Cancer","Cancer","Baseline","15-29",0,0,0,14,"Joint 2.5% and 97.5% quantiles across synchronized Primary RR (IS: Table 5 PUC; other causes: WHO/Adam) PIF draws; burden weights fixed"
"Colon and rectum Cancer","Cancer","Baseline","30-44",0,0,0,14,"Joint 2.5% and 97.5% quantiles across synchronized Primary RR (IS: Table 5 PUC; other causes: WHO/Adam) PIF draws; burden weights fixed"
"Colon and rectum Cancer","Cancer","Baseline","45-59",0,0,0,14,"Joint 2.5% and 97.5% quantiles across synchronized Primary RR (IS: Table 5 PUC; other causes: WHO/Adam) PIF draws; burden weights fixed"
"Colon and rectum Cancer","Cancer","Baseline","60-65",0,0,0,14,"Joint 2.5% and 97.5% quantiles across synchronized Primary RR (IS: Table 5 PUC; other causes: WHO/Adam) PIF draws; burden weights fixed"
"DM2","Other causes","Baseline","15-29",0,0,0,14,"Joint 2.5% and 97.5% quantiles across synchronized Primary RR (IS: Table 5 PUC; other causes: WHO/Adam) PIF draws; burden weights fixed"
"DM2","Other causes","Baseline","30-44",0,0,0,14,"Joint 2.5% and 97.5% quantiles across synchronized Primary RR (IS: Table 5 PUC; other causes: WHO/Adam) PIF draws; burden weights fixed"
"DM2","Other causes","Baseline","45-59",0,0,0,14,"Joint 2.5% and 97.5% quantiles across synchronized Primary RR (IS: Table 5 PUC; other causes: WHO/Adam) PIF draws; burden weights fixed"
"DM2","Other causes","Baseline","60-65",0,0,0,14,"Joint 2.5% and 97.5% quantiles across synchronized Primary RR (IS: Table 5 PUC; other causes: WHO/Adam) PIF draws; burden weights fixed"
"Epilepsy","Neuropsychiatric","Baseline","15-29",0,0,0,14,"Joint 2.5% and 97.5% quantiles across synchronized Primary RR (IS: Table 5 PUC; other causes: WHO/Adam) PIF draws; burden weights fixed"
"Epilepsy","Neuropsychiatric","Baseline","30-44",0,0,0,14,"Joint 2.5% and 97.5% quantiles across synchronized Primary RR (IS: Table 5 PUC; other causes: WHO/Adam) PIF draws; burden weights fixed"
"Epilepsy","Neuropsychiatric","Baseline","45-59",0,0,0,14,"Joint 2.5% and 97.5% quantiles across synchronized Primary RR (IS: Table 5 PUC; other causes: WHO/Adam) PIF draws; burden weights fixed"
"Epilepsy","Neuropsychiatric","Baseline","60-65",0,0,0,14,"Joint 2.5% and 97.5% quantiles across synchronized Primary RR (IS: Table 5 PUC; other causes: WHO/Adam) PIF draws; burden weights fixed"
"HIV","Other causes","Baseline","15-29",0,0,0,14,"Joint 2.5% and 97.5% quantiles across synchronized Primary RR (IS: Table 5 PUC; other causes: WHO/Adam) PIF draws; burden weights fixed"
"HIV","Other causes","Baseline","30-44",0,0,0,14,"Joint 2.5% and 97.5% quantiles across synchronized Primary RR (IS: Table 5 PUC; other causes: WHO/Adam) PIF draws; burden weights fixed"
"HIV","Other causes","Baseline","45-59",0,0,0,14,"Joint 2.5% and 97.5% quantiles across synchronized Primary RR (IS: Table 5 PUC; other causes: WHO/Adam) PIF draws; burden weights fixed"
"HIV","Other causes","Baseline","60-65",0,0,0,14,"Joint 2.5% and 97.5% quantiles across synchronized Primary RR (IS: Table 5 PUC; other causes: WHO/Adam) PIF draws; burden weights fixed"
"Hypertensive Heart Disease","Cardiovascular","Baseline","15-29",0,0,0,14,"Joint 2.5% and 97.5% quantiles across synchronized Primary RR (IS: Table 5 PUC; other causes: WHO/Adam) PIF draws; burden weights fixed"
"Hypertensive Heart Disease","Cardiovascular","Baseline","30-44",0,0,0,14,"Joint 2.5% and 97.5% quantiles across synchronized Primary RR (IS: Table 5 PUC; other causes: WHO/Adam) PIF draws; burden weights fixed"
"Hypertensive Heart Disease","Cardiovascular","Baseline","45-59",0,0,0,14,"Joint 2.5% and 97.5% quantiles across synchronized Primary RR (IS: Table 5 PUC; other causes: WHO/Adam) PIF draws; burden weights fixed"
"Hypertensive Heart Disease","Cardiovascular","Baseline","60-65",0,0,0,14,"Joint 2.5% and 97.5% quantiles across synchronized Primary RR (IS: Table 5 PUC; other causes: WHO/Adam) PIF draws; burden weights fixed"
"Intentional Injuries","Injuries","Baseline","15-29",0,0,0,14,"Joint 2.5% and 97.5% quantiles across synchronized Primary RR (IS: Table 5 PUC; other causes: WHO/Adam) PIF draws; burden weights fixed"
"Intentional Injuries","Injuries","Baseline","30-44",0,0,0,14,"Joint 2.5% and 97.5% quantiles across synchronized Primary RR (IS: Table 5 PUC; other causes: WHO/Adam) PIF draws; burden weights fixed"
"Intentional Injuries","Injuries","Baseline","45-59",0,0,0,14,"Joint 2.5% and 97.5% quantiles across synchronized Primary RR (IS: Table 5 PUC; other causes: WHO/Adam) PIF draws; burden weights fixed"
"Intentional Injuries","Injuries","Baseline","60-65",0,0,0,14,"Joint 2.5% and 97.5% quantiles across synchronized Primary RR (IS: Table 5 PUC; other causes: WHO/Adam) PIF draws; burden weights fixed"
"Intracerebral Haemorrhage","Cardiovascular","Baseline","15-29",0,0,0,14,"Joint 2.5% and 97.5% quantiles across synchronized Primary RR (IS: Table 5 PUC; other causes: WHO/Adam) PIF draws; burden weights fixed"
"Intracerebral Haemorrhage","Cardiovascular","Baseline","30-44",0,0,0,14,"Joint 2.5% and 97.5% quantiles across synchronized Primary RR (IS: Table 5 PUC; other causes: WHO/Adam) PIF draws; burden weights fixed"
"Intracerebral Haemorrhage","Cardiovascular","Baseline","45-59",0,0,0,14,"Joint 2.5% and 97.5% quantiles across synchronized Primary RR (IS: Table 5 PUC; other causes: WHO/Adam) PIF draws; burden weights fixed"
"Intracerebral Haemorrhage","Cardiovascular","Baseline","60-65",0,0,0,14,"Joint 2.5% and 97.5% quantiles across synchronized Primary RR (IS: Table 5 PUC; other causes: WHO/Adam) PIF draws; burden weights fixed"
"Ischaemic Heart Disease","Cardiovascular","Baseline","15-29",0,0,0,14,"Joint 2.5% and 97.5% quantiles across synchronized Primary RR (IS: Table 5 PUC; other causes: WHO/Adam) PIF draws; burden weights fixed"
"Ischaemic Heart Disease","Cardiovascular","Baseline","30-44",0,0,0,14,"Joint 2.5% and 97.5% quantiles across synchronized Primary RR (IS: Table 5 PUC; other causes: WHO/Adam) PIF draws; burden weights fixed"
"Ischaemic Heart Disease","Cardiovascular","Baseline","45-59",0,0,0,14,"Joint 2.5% and 97.5% quantiles across synchronized Primary RR (IS: Table 5 PUC; other causes: WHO/Adam) PIF draws; burden weights fixed"
"Ischaemic Heart Disease","Cardiovascular","Baseline","60-65",0,0,0,14,"Joint 2.5% and 97.5% quantiles across synchronized Primary RR (IS: Table 5 PUC; other causes: WHO/Adam) PIF draws; burden weights fixed"
"Ischaemic Stroke","Cardiovascular","Baseline","15-29",0,0,0,14,"Joint 2.5% and 97.5% quantiles across synchronized Primary RR (IS: Table 5 PUC; other causes: WHO/Adam) PIF draws; burden weights fixed"
"Ischaemic Stroke","Cardiovascular","Baseline","30-44",0,0,0,14,"Joint 2.5% and 97.5% quantiles across synchronized Primary RR (IS: Table 5 PUC; other causes: WHO/Adam) PIF draws; burden weights fixed"
"Ischaemic Stroke","Cardiovascular","Baseline","45-59",0,0,0,14,"Joint 2.5% and 97.5% quantiles across synchronized Primary RR (IS: Table 5 PUC; other causes: WHO/Adam) PIF draws; burden weights fixed"
"Ischaemic Stroke","Cardiovascular","Baseline","60-65",0,0,0,14,"Joint 2.5% and 97.5% quantiles across synchronized Primary RR (IS: Table 5 PUC; other causes: WHO/Adam) PIF draws; burden weights fixed"
"Larynx Cancer","Cancer","Baseline","30-44",0,0,0,14,"Joint 2.5% and 97.5% quantiles across synchronized Primary RR (IS: Table 5 PUC; other causes: WHO/Adam) PIF draws; burden weights fixed"
"Larynx Cancer","Cancer","Baseline","45-59",0,0,0,14,"Joint 2.5% and 97.5% quantiles across synchronized Primary RR (IS: Table 5 PUC; other causes: WHO/Adam) PIF draws; burden weights fixed"
"Larynx Cancer","Cancer","Baseline","60-65",0,0,0,14,"Joint 2.5% and 97.5% quantiles across synchronized Primary RR (IS: Table 5 PUC; other causes: WHO/Adam) PIF draws; burden weights fixed"
"Liver Cancer","Cancer","Baseline","15-29",0,0,0,14,"Joint 2.5% and 97.5% quantiles across synchronized Primary RR (IS: Table 5 PUC; other causes: WHO/Adam) PIF draws; burden weights fixed"
"Liver Cancer","Cancer","Baseline","30-44",0,0,0,14,"Joint 2.5% and 97.5% quantiles across synchronized Primary RR (IS: Table 5 PUC; other causes: WHO/Adam) PIF draws; burden weights fixed"
"Liver Cancer","Cancer","Baseline","45-59",0,0,0,14,"Joint 2.5% and 97.5% quantiles across synchronized Primary RR (IS: Table 5 PUC; other causes: WHO/Adam) PIF draws; burden weights fixed"
"Liver Cancer","Cancer","Baseline","60-65",0,0,0,14,"Joint 2.5% and 97.5% quantiles across synchronized Primary RR (IS: Table 5 PUC; other causes: WHO/Adam) PIF draws; burden weights fixed"
"Liver Cirrhosis","Other causes","Baseline","15-29",0,0,0,14,"Joint 2.5% and 97.5% quantiles across synchronized Primary RR (IS: Table 5 PUC; other causes: WHO/Adam) PIF draws; burden weights fixed"
"Liver Cirrhosis","Other causes","Baseline","30-44",0,0,0,14,"Joint 2.5% and 97.5% quantiles across synchronized Primary RR (IS: Table 5 PUC; other causes: WHO/Adam) PIF draws; burden weights fixed"
"Liver Cirrhosis","Other causes","Baseline","45-59",0,0,0,14,"Joint 2.5% and 97.5% quantiles across synchronized Primary RR (IS: Table 5 PUC; other causes: WHO/Adam) PIF draws; burden weights fixed"
"Liver Cirrhosis","Other causes","Baseline","60-65",0,0,0,14,"Joint 2.5% and 97.5% quantiles across synchronized Primary RR (IS: Table 5 PUC; other causes: WHO/Adam) PIF draws; burden weights fixed"
"Lower Respiratory Infection","Other causes","Baseline","15-29",0,0,0,14,"Joint 2.5% and 97.5% quantiles across synchronized Primary RR (IS: Table 5 PUC; other causes: WHO/Adam) PIF draws; burden weights fixed"
"Lower Respiratory Infection","Other causes","Baseline","30-44",0,0,0,14,"Joint 2.5% and 97.5% quantiles across synchronized Primary RR (IS: Table 5 PUC; other causes: WHO/Adam) PIF draws; burden weights fixed"
"Lower Respiratory Infection","Other causes","Baseline","45-59",0,0,0,14,"Joint 2.5% and 97.5% quantiles across synchronized Primary RR (IS: Table 5 PUC; other causes: WHO/Adam) PIF draws; burden weights fixed"
"Lower Respiratory Infection","Other causes","Baseline","60-65",0,0,0,14,"Joint 2.5% and 97.5% quantiles across synchronized Primary RR (IS: Table 5 PUC; other causes: WHO/Adam) PIF draws; burden weights fixed"
"Oesophagus Cancer","Cancer","Baseline","15-29",0,0,0,14,"Joint 2.5% and 97.5% quantiles across synchronized Primary RR (IS: Table 5 PUC; other causes: WHO/Adam) PIF draws; burden weights fixed"
"Oesophagus Cancer","Cancer","Baseline","30-44",0,0,0,14,"Joint 2.5% and 97.5% quantiles across synchronized Primary RR (IS: Table 5 PUC; other causes: WHO/Adam) PIF draws; burden weights fixed"
"Oesophagus Cancer","Cancer","Baseline","45-59",0,0,0,14,"Joint 2.5% and 97.5% quantiles across synchronized Primary RR (IS: Table 5 PUC; other causes: WHO/Adam) PIF draws; burden weights fixed"
"Oesophagus Cancer","Cancer","Baseline","60-65",0,0,0,14,"Joint 2.5% and 97.5% quantiles across synchronized Primary RR (IS: Table 5 PUC; other causes: WHO/Adam) PIF draws; burden weights fixed"
"Oral Cavity and Pharynx Cancer","Cancer","Baseline","15-29",0,0,0,14,"Joint 2.5% and 97.5% quantiles across synchronized Primary RR (IS: Table 5 PUC; other causes: WHO/Adam) PIF draws; burden weights fixed"
"Oral Cavity and Pharynx Cancer","Cancer","Baseline","30-44",0,0,0,14,"Joint 2.5% and 97.5% quantiles across synchronized Primary RR (IS: Table 5 PUC; other causes: WHO/Adam) PIF draws; burden weights fixed"
"Oral Cavity and Pharynx Cancer","Cancer","Baseline","45-59",0,0,0,14,"Joint 2.5% and 97.5% quantiles across synchronized Primary RR (IS: Table 5 PUC; other causes: WHO/Adam) PIF draws; burden weights fixed"
"Oral Cavity and Pharynx Cancer","Cancer","Baseline","60-65",0,0,0,14,"Joint 2.5% and 97.5% quantiles across synchronized Primary RR (IS: Table 5 PUC; other causes: WHO/Adam) PIF draws; burden weights fixed"
"Other Pharyngeal Cancer","Cancer","Baseline","15-29",0,0,0,14,"Joint 2.5% and 97.5% quantiles across synchronized Primary RR (IS: Table 5 PUC; other causes: WHO/Adam) PIF draws; burden weights fixed"
"Other Pharyngeal Cancer","Cancer","Baseline","30-44",0,0,0,14,"Joint 2.5% and 97.5% quantiles across synchronized Primary RR (IS: Table 5 PUC; other causes: WHO/Adam) PIF draws; burden weights fixed"
"Other Pharyngeal Cancer","Cancer","Baseline","45-59",0,0,0,14,"Joint 2.5% and 97.5% quantiles across synchronized Primary RR (IS: Table 5 PUC; other causes: WHO/Adam) PIF draws; burden weights fixed"
"Other Pharyngeal Cancer","Cancer","Baseline","60-65",0,0,0,14,"Joint 2.5% and 97.5% quantiles across synchronized Primary RR (IS: Table 5 PUC; other causes: WHO/Adam) PIF draws; burden weights fixed"
"Road Injuries","Injuries","Baseline","15-29",0,0,0,14,"Joint 2.5% and 97.5% quantiles across synchronized Primary RR (IS: Table 5 PUC; other causes: WHO/Adam) PIF draws; burden weights fixed"
"Road Injuries","Injuries","Baseline","30-44",0,0,0,14,"Joint 2.5% and 97.5% quantiles across synchronized Primary RR (IS: Table 5 PUC; other causes: WHO/Adam) PIF draws; burden weights fixed"
"Road Injuries","Injuries","Baseline","45-59",0,0,0,14,"Joint 2.5% and 97.5% quantiles across synchronized Primary RR (IS: Table 5 PUC; other causes: WHO/Adam) PIF draws; burden weights fixed"
"Road Injuries","Injuries","Baseline","60-65",0,0,0,14,"Joint 2.5% and 97.5% quantiles across synchronized Primary RR (IS: Table 5 PUC; other causes: WHO/Adam) PIF draws; burden weights fixed"
"Tuberculosis","Other causes","Baseline","15-29",0,0,0,14,"Joint 2.5% and 97.5% quantiles across synchronized Primary RR (IS: Table 5 PUC; other causes: WHO/Adam) PIF draws; burden weights fixed"
"Tuberculosis","Other causes","Baseline","30-44",0,0,0,14,"Joint 2.5% and 97.5% quantiles across synchronized Primary RR (IS: Table 5 PUC; other causes: WHO/Adam) PIF draws; burden weights fixed"
"Tuberculosis","Other causes","Baseline","45-59",0,0,0,14,"Joint 2.5% and 97.5% quantiles across synchronized Primary RR (IS: Table 5 PUC; other causes: WHO/Adam) PIF draws; burden weights fixed"
"Tuberculosis","Other causes","Baseline","60-65",0,0,0,14,"Joint 2.5% and 97.5% quantiles across synchronized Primary RR (IS: Table 5 PUC; other causes: WHO/Adam) PIF draws; burden weights fixed"
"Unintentional Injuries","Injuries","Baseline","15-29",0,0,0,14,"Joint 2.5% and 97.5% quantiles across synchronized Primary RR (IS: Table 5 PUC; other causes: WHO/Adam) PIF draws; burden weights fixed"
"Unintentional Injuries","Injuries","Baseline","30-44",0,0,0,14,"Joint 2.5% and 97.5% quantiles across synchronized Primary RR (IS: Table 5 PUC; other causes: WHO/Adam) PIF draws; burden weights fixed"
"Unintentional Injuries","Injuries","Baseline","45-59",0,0,0,14,"Joint 2.5% and 97.5% quantiles across synchronized Primary RR (IS: Table 5 PUC; other causes: WHO/Adam) PIF draws; burden weights fixed"
"Unintentional Injuries","Injuries","Baseline","60-65",0,0,0,14,"Joint 2.5% and 97.5% quantiles across synchronized Primary RR (IS: Table 5 PUC; other causes: WHO/Adam) PIF draws; burden weights fixed"
"Acute Pancreatitis","Other causes","Volume -10%","15-29",2.2945642376718,1.72383636343066,3.46702297166735,14,"Joint 2.5% and 97.5% quantiles across synchronized Primary RR (IS: Table 5 PUC; other causes: WHO/Adam) PIF draws; burden weights fixed"
"Acute Pancreatitis","Other causes","Volume -10%","30-44",10.1448581161104,7.79337432172988,14.5689572322445,14,"Joint 2.5% and 97.5% quantiles across synchronized Primary RR (IS: Table 5 PUC; other causes: WHO/Adam) PIF draws; burden weights fixed"
"Acute Pancreatitis","Other causes","Volume -10%","45-59",16.2632484775903,12.2982710250908,23.9711559314561,14,"Joint 2.5% and 97.5% quantiles across synchronized Primary RR (IS: Table 5 PUC; other causes: WHO/Adam) PIF draws; burden weights fixed"
"Acute Pancreatitis","Other causes","Volume -10%","60-65",6.05284925413555,4.4172290974746,9.53627369813582,14,"Joint 2.5% and 97.5% quantiles across synchronized Primary RR (IS: Table 5 PUC; other causes: WHO/Adam) PIF draws; burden weights fixed"
"Breast Cancer","Cancer","Volume -10%","15-29",0.113242247689192,0.0961157852736801,0.132779011253024,7,"Joint 2.5% and 97.5% quantiles across synchronized Primary RR (IS: Table 5 PUC; other causes: WHO/Adam) PIF draws; burden weights fixed"
"Breast Cancer","Cancer","Volume -10%","30-44",2.53363117249048,2.19956854597001,2.93646218261345,7,"Joint 2.5% and 97.5% quantiles across synchronized Primary RR (IS: Table 5 PUC; other causes: WHO/Adam) PIF draws; burden weights fixed"
"Breast Cancer","Cancer","Volume -10%","45-59",6.14531358015584,5.42233556806224,7.03124982239903,7,"Joint 2.5% and 97.5% quantiles across synchronized Primary RR (IS: Table 5 PUC; other causes: WHO/Adam) PIF draws; burden weights fixed"
"Breast Cancer","Cancer","Volume -10%","60-65",2.24986520048762,1.95926873413212,2.62299334850633,7,"Joint 2.5% and 97.5% quantiles across synchronized Primary RR (IS: Table 5 PUC; other causes: WHO/Adam) PIF draws; burden weights fixed"
"Colon and rectum Cancer","Cancer","Volume -10%","15-29",0.673024854893559,0.571269214211429,0.79240203048853,14,"Joint 2.5% and 97.5% quantiles across synchronized Primary RR (IS: Table 5 PUC; other causes: WHO/Adam) PIF draws; burden weights fixed"
"Colon and rectum Cancer","Cancer","Volume -10%","30-44",6.51945226129072,5.58579516287718,7.59456296285305,14,"Joint 2.5% and 97.5% quantiles across synchronized Primary RR (IS: Table 5 PUC; other causes: WHO/Adam) PIF draws; burden weights fixed"
"Colon and rectum Cancer","Cancer","Volume -10%","45-59",23.0230817554636,19.670803924871,26.9363391213005,14,"Joint 2.5% and 97.5% quantiles across synchronized Primary RR (IS: Table 5 PUC; other causes: WHO/Adam) PIF draws; burden weights fixed"
"Colon and rectum Cancer","Cancer","Volume -10%","60-65",13.7761091422807,11.280982352068,16.6263304176272,14,"Joint 2.5% and 97.5% quantiles across synchronized Primary RR (IS: Table 5 PUC; other causes: WHO/Adam) PIF draws; burden weights fixed"
"DM2","Other causes","Volume -10%","15-29",0.0868435914606376,0.0311277147350915,0.201788508585927,14,"Joint 2.5% and 97.5% quantiles across synchronized Primary RR (IS: Table 5 PUC; other causes: WHO/Adam) PIF draws; burden weights fixed"
"DM2","Other causes","Volume -10%","30-44",0.403501973709004,0.150958615946067,0.882223772015147,14,"Joint 2.5% and 97.5% quantiles across synchronized Primary RR (IS: Table 5 PUC; other causes: WHO/Adam) PIF draws; burden weights fixed"
"DM2","Other causes","Volume -10%","45-59",1.63945831188874,0.517275823389034,3.77160768988151,14,"Joint 2.5% and 97.5% quantiles across synchronized Primary RR (IS: Table 5 PUC; other causes: WHO/Adam) PIF draws; burden weights fixed"
"DM2","Other causes","Volume -10%","60-65",1.09296567288815,0.197634372640171,2.62648646914438,14,"Joint 2.5% and 97.5% quantiles across synchronized Primary RR (IS: Table 5 PUC; other causes: WHO/Adam) PIF draws; burden weights fixed"
"Epilepsy","Neuropsychiatric","Volume -10%","15-29",5.94977926507214,5.0507378743394,6.98117167285182,14,"Joint 2.5% and 97.5% quantiles across synchronized Primary RR (IS: Table 5 PUC; other causes: WHO/Adam) PIF draws; burden weights fixed"
"Epilepsy","Neuropsychiatric","Volume -10%","30-44",10.5284506893308,9.01638330773636,12.267872814799,14,"Joint 2.5% and 97.5% quantiles across synchronized Primary RR (IS: Table 5 PUC; other causes: WHO/Adam) PIF draws; burden weights fixed"
"Epilepsy","Neuropsychiatric","Volume -10%","45-59",13.7408704082628,11.7441380765773,16.1416215160563,14,"Joint 2.5% and 97.5% quantiles across synchronized Primary RR (IS: Table 5 PUC; other causes: WHO/Adam) PIF draws; burden weights fixed"
"Epilepsy","Neuropsychiatric","Volume -10%","60-65",4.46168995168596,3.6184521056771,5.39627220533758,14,"Joint 2.5% and 97.5% quantiles across synchronized Primary RR (IS: Table 5 PUC; other causes: WHO/Adam) PIF draws; burden weights fixed"
"HIV","Other causes","Volume -10%","15-29",2.01366960571633,1.66902958685446,2.43134290842336,14,"Joint 2.5% and 97.5% quantiles across synchronized Primary RR (IS: Table 5 PUC; other causes: WHO/Adam) PIF draws; burden weights fixed"
"HIV","Other causes","Volume -10%","30-44",9.31973919941245,7.78047055331345,11.1440238895222,14,"Joint 2.5% and 97.5% quantiles across synchronized Primary RR (IS: Table 5 PUC; other causes: WHO/Adam) PIF draws; burden weights fixed"
"HIV","Other causes","Volume -10%","45-59",6.30052677783331,5.23269441510569,7.55382029278904,14,"Joint 2.5% and 97.5% quantiles across synchronized Primary RR (IS: Table 5 PUC; other causes: WHO/Adam) PIF draws; burden weights fixed"
"HIV","Other causes","Volume -10%","60-65",0.89588147772685,0.717481786938028,1.10846466254434,14,"Joint 2.5% and 97.5% quantiles across synchronized Primary RR (IS: Table 5 PUC; other causes: WHO/Adam) PIF draws; burden weights fixed"
"Hypertensive Heart Disease","Cardiovascular","Volume -10%","15-29",0.214045859601458,0.185598834071399,0.251535133137744,14,"Joint 2.5% and 97.5% quantiles across synchronized Primary RR (IS: Table 5 PUC; other causes: WHO/Adam) PIF draws; burden weights fixed"
"Hypertensive Heart Disease","Cardiovascular","Volume -10%","30-44",2.08148729551966,1.8626761927043,2.34308416138672,14,"Joint 2.5% and 97.5% quantiles across synchronized Primary RR (IS: Table 5 PUC; other causes: WHO/Adam) PIF draws; burden weights fixed"
"Hypertensive Heart Disease","Cardiovascular","Volume -10%","45-59",11.4300200350794,10.2417707372543,12.8544568841363,14,"Joint 2.5% and 97.5% quantiles across synchronized Primary RR (IS: Table 5 PUC; other causes: WHO/Adam) PIF draws; burden weights fixed"
"Hypertensive Heart Disease","Cardiovascular","Volume -10%","60-65",9.73992538734093,8.48076985443532,11.1996058262337,14,"Joint 2.5% and 97.5% quantiles across synchronized Primary RR (IS: Table 5 PUC; other causes: WHO/Adam) PIF draws; burden weights fixed"
"Intentional Injuries","Injuries","Volume -10%","15-29",20.3389394825411,16.1888413290209,24.9071016528773,14,"Joint 2.5% and 97.5% quantiles across synchronized Primary RR (IS: Table 5 PUC; other causes: WHO/Adam) PIF draws; burden weights fixed"
"Intentional Injuries","Injuries","Volume -10%","30-44",24.3858577173243,19.5657980291749,29.7939842772291,14,"Joint 2.5% and 97.5% quantiles across synchronized Primary RR (IS: Table 5 PUC; other causes: WHO/Adam) PIF draws; burden weights fixed"
"Intentional Injuries","Injuries","Volume -10%","45-59",14.3477652945062,11.367521507614,17.7482291567363,14,"Joint 2.5% and 97.5% quantiles across synchronized Primary RR (IS: Table 5 PUC; other causes: WHO/Adam) PIF draws; burden weights fixed"
"Intentional Injuries","Injuries","Volume -10%","60-65",2.95276218551432,2.31016864849224,3.72360005462229,14,"Joint 2.5% and 97.5% quantiles across synchronized Primary RR (IS: Table 5 PUC; other causes: WHO/Adam) PIF draws; burden weights fixed"
"Intracerebral Haemorrhage","Cardiovascular","Volume -10%","15-29",3.00729692596057,2.37977874073468,4.00595588816861,14,"Joint 2.5% and 97.5% quantiles across synchronized Primary RR (IS: Table 5 PUC; other causes: WHO/Adam) PIF draws; burden weights fixed"
"Intracerebral Haemorrhage","Cardiovascular","Volume -10%","30-44",14.5560270774492,11.8971423451588,18.6495580048515,14,"Joint 2.5% and 97.5% quantiles across synchronized Primary RR (IS: Table 5 PUC; other causes: WHO/Adam) PIF draws; burden weights fixed"
"Intracerebral Haemorrhage","Cardiovascular","Volume -10%","45-59",41.1664549325435,33.610468549818,52.9173208946243,14,"Joint 2.5% and 97.5% quantiles across synchronized Primary RR (IS: Table 5 PUC; other causes: WHO/Adam) PIF draws; burden weights fixed"
"Intracerebral Haemorrhage","Cardiovascular","Volume -10%","60-65",19.4395635381609,15.1320420474085,25.6867849487653,14,"Joint 2.5% and 97.5% quantiles across synchronized Primary RR (IS: Table 5 PUC; other causes: WHO/Adam) PIF draws; burden weights fixed"
"Ischaemic Heart Disease","Cardiovascular","Volume -10%","15-29",0.780994766166479,0.600303622240132,1.15210507325259,14,"Joint 2.5% and 97.5% quantiles across synchronized Primary RR (IS: Table 5 PUC; other causes: WHO/Adam) PIF draws; burden weights fixed"
"Ischaemic Heart Disease","Cardiovascular","Volume -10%","30-44",6.91391852159375,5.35655118782907,9.38674850089295,14,"Joint 2.5% and 97.5% quantiles across synchronized Primary RR (IS: Table 5 PUC; other causes: WHO/Adam) PIF draws; burden weights fixed"
"Ischaemic Heart Disease","Cardiovascular","Volume -10%","45-59",31.9914398699005,24.4843164123402,42.73473752992,14,"Joint 2.5% and 97.5% quantiles across synchronized Primary RR (IS: Table 5 PUC; other causes: WHO/Adam) PIF draws; burden weights fixed"
"Ischaemic Heart Disease","Cardiovascular","Volume -10%","60-65",15.9375078159623,10.9410829811088,23.221304085523,14,"Joint 2.5% and 97.5% quantiles across synchronized Primary RR (IS: Table 5 PUC; other causes: WHO/Adam) PIF draws; burden weights fixed"
"Ischaemic Stroke","Cardiovascular","Volume -10%","15-29",0.620140306475724,0.49878892898226,0.775476867204955,14,"Joint 2.5% and 97.5% quantiles across synchronized Primary RR (IS: Table 5 PUC; other causes: WHO/Adam) PIF draws; burden weights fixed"
"Ischaemic Stroke","Cardiovascular","Volume -10%","30-44",2.8781353728052,2.32972675551291,3.54495205834902,14,"Joint 2.5% and 97.5% quantiles across synchronized Primary RR (IS: Table 5 PUC; other causes: WHO/Adam) PIF draws; burden weights fixed"
"Ischaemic Stroke","Cardiovascular","Volume -10%","45-59",11.5657529237373,9.29168035423204,14.4187498990746,14,"Joint 2.5% and 97.5% quantiles across synchronized Primary RR (IS: Table 5 PUC; other causes: WHO/Adam) PIF draws; burden weights fixed"
"Ischaemic Stroke","Cardiovascular","Volume -10%","60-65",9.52097108897211,7.29944195782961,12.43511950828,14,"Joint 2.5% and 97.5% quantiles across synchronized Primary RR (IS: Table 5 PUC; other causes: WHO/Adam) PIF draws; burden weights fixed"
"Larynx Cancer","Cancer","Volume -10%","30-44",0.386220012465202,0.329111111081626,0.447486888107718,14,"Joint 2.5% and 97.5% quantiles across synchronized Primary RR (IS: Table 5 PUC; other causes: WHO/Adam) PIF draws; burden weights fixed"
"Larynx Cancer","Cancer","Volume -10%","45-59",3.734378082274,3.15191865316061,4.39763073198867,14,"Joint 2.5% and 97.5% quantiles across synchronized Primary RR (IS: Table 5 PUC; other causes: WHO/Adam) PIF draws; burden weights fixed"
"Larynx Cancer","Cancer","Volume -10%","60-65",3.24526073835603,2.63279526156258,3.9286272741276,14,"Joint 2.5% and 97.5% quantiles across synchronized Primary RR (IS: Table 5 PUC; other causes: WHO/Adam) PIF draws; burden weights fixed"
"Liver Cancer","Cancer","Volume -10%","15-29",0.10078777636134,0.0784740405921602,0.128748182818051,14,"Joint 2.5% and 97.5% quantiles across synchronized Primary RR (IS: Table 5 PUC; other causes: WHO/Adam) PIF draws; burden weights fixed"
"Liver Cancer","Cancer","Volume -10%","30-44",0.60117957018663,0.477023260119519,0.754982204043574,14,"Joint 2.5% and 97.5% quantiles across synchronized Primary RR (IS: Table 5 PUC; other causes: WHO/Adam) PIF draws; burden weights fixed"
"Liver Cancer","Cancer","Volume -10%","45-59",4.29401382558181,3.38800721216799,5.47708354371246,14,"Joint 2.5% and 97.5% quantiles across synchronized Primary RR (IS: Table 5 PUC; other causes: WHO/Adam) PIF draws; burden weights fixed"
"Liver Cancer","Cancer","Volume -10%","60-65",3.50098628930548,2.6936135324944,4.55125953457155,14,"Joint 2.5% and 97.5% quantiles across synchronized Primary RR (IS: Table 5 PUC; other causes: WHO/Adam) PIF draws; burden weights fixed"
"Liver Cirrhosis","Other causes","Volume -10%","15-29",6.62074013043513,5.42821739487344,7.71146510092287,14,"Joint 2.5% and 97.5% quantiles across synchronized Primary RR (IS: Table 5 PUC; other causes: WHO/Adam) PIF draws; burden weights fixed"
"Liver Cirrhosis","Other causes","Volume -10%","30-44",189.235400988886,157.727204997112,217.135815287556,14,"Joint 2.5% and 97.5% quantiles across synchronized Primary RR (IS: Table 5 PUC; other causes: WHO/Adam) PIF draws; burden weights fixed"
"Liver Cirrhosis","Other causes","Volume -10%","45-59",736.570608582981,607.685764279509,857.492851691694,14,"Joint 2.5% and 97.5% quantiles across synchronized Primary RR (IS: Table 5 PUC; other causes: WHO/Adam) PIF draws; burden weights fixed"
"Liver Cirrhosis","Other causes","Volume -10%","60-65",252.740467965766,192.183171232472,311.291460620565,14,"Joint 2.5% and 97.5% quantiles across synchronized Primary RR (IS: Table 5 PUC; other causes: WHO/Adam) PIF draws; burden weights fixed"
"Lower Respiratory Infection","Other causes","Volume -10%","15-29",0.949913175165973,0.67631401595358,1.33498496382657,14,"Joint 2.5% and 97.5% quantiles across synchronized Primary RR (IS: Table 5 PUC; other causes: WHO/Adam) PIF draws; burden weights fixed"
"Lower Respiratory Infection","Other causes","Volume -10%","30-44",4.45082574446273,3.16065899538362,6.23812389639482,14,"Joint 2.5% and 97.5% quantiles across synchronized Primary RR (IS: Table 5 PUC; other causes: WHO/Adam) PIF draws; burden weights fixed"
"Lower Respiratory Infection","Other causes","Volume -10%","45-59",11.5817520207703,8.20521557779012,16.6928796973466,14,"Joint 2.5% and 97.5% quantiles across synchronized Primary RR (IS: Table 5 PUC; other causes: WHO/Adam) PIF draws; burden weights fixed"
"Lower Respiratory Infection","Other causes","Volume -10%","60-65",6.26828637252681,4.3424957299852,9.08108252650234,14,"Joint 2.5% and 97.5% quantiles across synchronized Primary RR (IS: Table 5 PUC; other causes: WHO/Adam) PIF draws; burden weights fixed"
"Oesophagus Cancer","Cancer","Volume -10%","15-29",0.0815128024654155,0.070257511252065,0.0921148663527524,14,"Joint 2.5% and 97.5% quantiles across synchronized Primary RR (IS: Table 5 PUC; other causes: WHO/Adam) PIF draws; burden weights fixed"
"Oesophagus Cancer","Cancer","Volume -10%","30-44",1.09158472923666,0.970188490882081,1.19772038209832,14,"Joint 2.5% and 97.5% quantiles across synchronized Primary RR (IS: Table 5 PUC; other causes: WHO/Adam) PIF draws; burden weights fixed"
"Oesophagus Cancer","Cancer","Volume -10%","45-59",10.0012476324101,8.90063934700897,11.0048798394265,14,"Joint 2.5% and 97.5% quantiles across synchronized Primary RR (IS: Table 5 PUC; other causes: WHO/Adam) PIF draws; burden weights fixed"
"Oesophagus Cancer","Cancer","Volume -10%","60-65",8.91389734720129,7.47619308260885,10.2218397010846,14,"Joint 2.5% and 97.5% quantiles across synchronized Primary RR (IS: Table 5 PUC; other causes: WHO/Adam) PIF draws; burden weights fixed"
"Oral Cavity and Pharynx Cancer","Cancer","Volume -10%","15-29",0.523960550640334,0.454055432076007,0.591608302589843,14,"Joint 2.5% and 97.5% quantiles across synchronized Primary RR (IS: Table 5 PUC; other causes: WHO/Adam) PIF draws; burden weights fixed"
"Oral Cavity and Pharynx Cancer","Cancer","Volume -10%","30-44",2.85170469952221,2.49885224824581,3.19083097230182,14,"Joint 2.5% and 97.5% quantiles across synchronized Primary RR (IS: Table 5 PUC; other causes: WHO/Adam) PIF draws; burden weights fixed"
"Oral Cavity and Pharynx Cancer","Cancer","Volume -10%","45-59",13.8237848562552,12.0657040078706,15.5190807483208,14,"Joint 2.5% and 97.5% quantiles across synchronized Primary RR (IS: Table 5 PUC; other causes: WHO/Adam) PIF draws; burden weights fixed"
"Oral Cavity and Pharynx Cancer","Cancer","Volume -10%","60-65",8.45448684144694,6.94290700193275,9.81808614682841,14,"Joint 2.5% and 97.5% quantiles across synchronized Primary RR (IS: Table 5 PUC; other causes: WHO/Adam) PIF draws; burden weights fixed"
"Other Pharyngeal Cancer","Cancer","Volume -10%","15-29",0.328019153459102,0.278054890318895,0.37598469822848,14,"Joint 2.5% and 97.5% quantiles across synchronized Primary RR (IS: Table 5 PUC; other causes: WHO/Adam) PIF draws; burden weights fixed"
"Other Pharyngeal Cancer","Cancer","Volume -10%","30-44",0.937004559994709,0.794840651992901,1.06904358441207,14,"Joint 2.5% and 97.5% quantiles across synchronized Primary RR (IS: Table 5 PUC; other causes: WHO/Adam) PIF draws; burden weights fixed"
"Other Pharyngeal Cancer","Cancer","Volume -10%","45-59",5.73302058332269,5.00797960895043,6.4238785744231,14,"Joint 2.5% and 97.5% quantiles across synchronized Primary RR (IS: Table 5 PUC; other causes: WHO/Adam) PIF draws; burden weights fixed"
"Other Pharyngeal Cancer","Cancer","Volume -10%","60-65",5.88203419933439,4.84620053138204,6.84044333028825,14,"Joint 2.5% and 97.5% quantiles across synchronized Primary RR (IS: Table 5 PUC; other causes: WHO/Adam) PIF draws; burden weights fixed"
"Road Injuries","Injuries","Volume -10%","15-29",22.9485140114616,19.6508502180043,26.5202865604857,14,"Joint 2.5% and 97.5% quantiles across synchronized Primary RR (IS: Table 5 PUC; other causes: WHO/Adam) PIF draws; burden weights fixed"
"Road Injuries","Injuries","Volume -10%","30-44",25.2367589132346,21.5959021555342,29.1419688499321,14,"Joint 2.5% and 97.5% quantiles across synchronized Primary RR (IS: Table 5 PUC; other causes: WHO/Adam) PIF draws; burden weights fixed"
"Road Injuries","Injuries","Volume -10%","45-59",19.7924888336708,16.7592191140089,23.1389068237369,14,"Joint 2.5% and 97.5% quantiles across synchronized Primary RR (IS: Table 5 PUC; other causes: WHO/Adam) PIF draws; burden weights fixed"
"Road Injuries","Injuries","Volume -10%","60-65",5.53915138754738,4.62315564733268,6.60975131411675,14,"Joint 2.5% and 97.5% quantiles across synchronized Primary RR (IS: Table 5 PUC; other causes: WHO/Adam) PIF draws; burden weights fixed"
"Tuberculosis","Other causes","Volume -10%","15-29",3.68669483296079,2.46315566742285,6.75769255399188,14,"Joint 2.5% and 97.5% quantiles across synchronized Primary RR (IS: Table 5 PUC; other causes: WHO/Adam) PIF draws; burden weights fixed"
"Tuberculosis","Other causes","Volume -10%","30-44",12.7596205963486,8.59572735317986,22.0788466051968,14,"Joint 2.5% and 97.5% quantiles across synchronized Primary RR (IS: Table 5 PUC; other causes: WHO/Adam) PIF draws; burden weights fixed"
"Tuberculosis","Other causes","Volume -10%","45-59",32.3564405635932,21.0595534691211,59.3190818096765,14,"Joint 2.5% and 97.5% quantiles across synchronized Primary RR (IS: Table 5 PUC; other causes: WHO/Adam) PIF draws; burden weights fixed"
"Tuberculosis","Other causes","Volume -10%","60-65",11.7457760191914,7.55733582560407,22.5927774710564,14,"Joint 2.5% and 97.5% quantiles across synchronized Primary RR (IS: Table 5 PUC; other causes: WHO/Adam) PIF draws; burden weights fixed"
"Unintentional Injuries","Injuries","Volume -10%","15-29",10.6986655231311,8.53316575609621,13.0666823615965,14,"Joint 2.5% and 97.5% quantiles across synchronized Primary RR (IS: Table 5 PUC; other causes: WHO/Adam) PIF draws; burden weights fixed"
"Unintentional Injuries","Injuries","Volume -10%","30-44",16.4545303306067,13.1438881717997,20.1317235585431,14,"Joint 2.5% and 97.5% quantiles across synchronized Primary RR (IS: Table 5 PUC; other causes: WHO/Adam) PIF draws; burden weights fixed"
"Unintentional Injuries","Injuries","Volume -10%","45-59",15.7314560141357,12.5199182149373,19.3491247351083,14,"Joint 2.5% and 97.5% quantiles across synchronized Primary RR (IS: Table 5 PUC; other causes: WHO/Adam) PIF draws; burden weights fixed"
"Unintentional Injuries","Injuries","Volume -10%","60-65",4.98137787868205,3.93004029641997,6.20757909032326,14,"Joint 2.5% and 97.5% quantiles across synchronized Primary RR (IS: Table 5 PUC; other causes: WHO/Adam) PIF draws; burden weights fixed"
"Acute Pancreatitis","Other causes","Volume -20%","15-29",4.30039306450109,3.24062795102396,6.42187650953412,14,"Joint 2.5% and 97.5% quantiles across synchronized Primary RR (IS: Table 5 PUC; other causes: WHO/Adam) PIF draws; burden weights fixed"
"Acute Pancreatitis","Other causes","Volume -20%","30-44",18.8854418476404,14.5911927624681,26.5896907319882,14,"Joint 2.5% and 97.5% quantiles across synchronized Primary RR (IS: Table 5 PUC; other causes: WHO/Adam) PIF draws; burden weights fixed"
"Acute Pancreatitis","Other causes","Volume -20%","45-59",30.1292627017786,22.8982522401478,43.4778574271353,14,"Joint 2.5% and 97.5% quantiles across synchronized Primary RR (IS: Table 5 PUC; other causes: WHO/Adam) PIF draws; burden weights fixed"
"Acute Pancreatitis","Other causes","Volume -20%","60-65",11.2817325668894,8.26220014075395,17.4773016127561,14,"Joint 2.5% and 97.5% quantiles across synchronized Primary RR (IS: Table 5 PUC; other causes: WHO/Adam) PIF draws; burden weights fixed"
"Breast Cancer","Cancer","Volume -20%","15-29",0.234200853920041,0.200679200135938,0.272228277606094,7,"Joint 2.5% and 97.5% quantiles across synchronized Primary RR (IS: Table 5 PUC; other causes: WHO/Adam) PIF draws; burden weights fixed"
"Breast Cancer","Cancer","Volume -20%","30-44",5.23654820024374,4.58028739243591,6.02379943276923,7,"Joint 2.5% and 97.5% quantiles across synchronized Primary RR (IS: Table 5 PUC; other causes: WHO/Adam) PIF draws; burden weights fixed"
"Breast Cancer","Cancer","Volume -20%","45-59",12.6923231479549,11.2659066864878,14.4325324276917,7,"Joint 2.5% and 97.5% quantiles across synchronized Primary RR (IS: Table 5 PUC; other causes: WHO/Adam) PIF draws; burden weights fixed"
"Breast Cancer","Cancer","Volume -20%","60-65",4.64772881387285,4.06452171255161,5.38944458478165,7,"Joint 2.5% and 97.5% quantiles across synchronized Primary RR (IS: Table 5 PUC; other causes: WHO/Adam) PIF draws; burden weights fixed"
"Colon and rectum Cancer","Cancer","Volume -20%","15-29",1.31479982308733,1.11842257885923,1.54354107318383,14,"Joint 2.5% and 97.5% quantiles across synchronized Primary RR (IS: Table 5 PUC; other causes: WHO/Adam) PIF draws; burden weights fixed"
"Colon and rectum Cancer","Cancer","Volume -20%","30-44",12.7415103335425,10.939746475413,14.7933157873287,14,"Joint 2.5% and 97.5% quantiles across synchronized Primary RR (IS: Table 5 PUC; other causes: WHO/Adam) PIF draws; burden weights fixed"
"Colon and rectum Cancer","Cancer","Volume -20%","45-59",44.9635182805726,38.5000452409187,52.4102048855063,14,"Joint 2.5% and 97.5% quantiles across synchronized Primary RR (IS: Table 5 PUC; other causes: WHO/Adam) PIF draws; burden weights fixed"
"Colon and rectum Cancer","Cancer","Volume -20%","60-65",26.9320180545451,22.1012134051966,32.4180659829186,14,"Joint 2.5% and 97.5% quantiles across synchronized Primary RR (IS: Table 5 PUC; other causes: WHO/Adam) PIF draws; burden weights fixed"
"DM2","Other causes","Volume -20%","15-29",0.158663688423381,0.0499482520669142,0.369829469353283,14,"Joint 2.5% and 97.5% quantiles across synchronized Primary RR (IS: Table 5 PUC; other causes: WHO/Adam) PIF draws; burden weights fixed"
"DM2","Other causes","Volume -20%","30-44",0.743598043436137,0.246700359512793,1.63256201186221,14,"Joint 2.5% and 97.5% quantiles across synchronized Primary RR (IS: Table 5 PUC; other causes: WHO/Adam) PIF draws; burden weights fixed"
"DM2","Other causes","Volume -20%","45-59",2.95431300822011,0.738222872658792,6.9279703624213,14,"Joint 2.5% and 97.5% quantiles across synchronized Primary RR (IS: Table 5 PUC; other causes: WHO/Adam) PIF draws; burden weights fixed"
"DM2","Other causes","Volume -20%","60-65",1.92463158032056,0.155853022387252,4.78651036391495,14,"Joint 2.5% and 97.5% quantiles across synchronized Primary RR (IS: Table 5 PUC; other causes: WHO/Adam) PIF draws; burden weights fixed"
"Epilepsy","Neuropsychiatric","Volume -20%","15-29",11.3565743327049,9.68139015992806,13.2571460723014,14,"Joint 2.5% and 97.5% quantiles across synchronized Primary RR (IS: Table 5 PUC; other causes: WHO/Adam) PIF draws; burden weights fixed"
"Epilepsy","Neuropsychiatric","Volume -20%","30-44",20.0725266745144,17.2660313386205,23.2387920789137,14,"Joint 2.5% and 97.5% quantiles across synchronized Primary RR (IS: Table 5 PUC; other causes: WHO/Adam) PIF draws; burden weights fixed"
"Epilepsy","Neuropsychiatric","Volume -20%","45-59",26.1439417632348,22.4394791317825,30.5288144966058,14,"Joint 2.5% and 97.5% quantiles across synchronized Primary RR (IS: Table 5 PUC; other causes: WHO/Adam) PIF draws; burden weights fixed"
"Epilepsy","Neuropsychiatric","Volume -20%","60-65",8.51346591680226,6.93933426629748,10.2346501123977,14,"Joint 2.5% and 97.5% quantiles across synchronized Primary RR (IS: Table 5 PUC; other causes: WHO/Adam) PIF draws; burden weights fixed"
"HIV","Other causes","Volume -20%","15-29",4.08949192040027,3.38008937400645,4.93415924445284,14,"Joint 2.5% and 97.5% quantiles across synchronized Primary RR (IS: Table 5 PUC; other causes: WHO/Adam) PIF draws; burden weights fixed"
"HIV","Other causes","Volume -20%","30-44",19.0131302827065,15.8351369462959,22.7429079424784,14,"Joint 2.5% and 97.5% quantiles across synchronized Primary RR (IS: Table 5 PUC; other causes: WHO/Adam) PIF draws; burden weights fixed"
"HIV","Other causes","Volume -20%","45-59",12.9984016206246,10.7718410015376,15.6205044364193,14,"Joint 2.5% and 97.5% quantiles across synchronized Primary RR (IS: Table 5 PUC; other causes: WHO/Adam) PIF draws; burden weights fixed"
"HIV","Other causes","Volume -20%","60-65",1.82025266331283,1.44734430888604,2.25479015631609,14,"Joint 2.5% and 97.5% quantiles across synchronized Primary RR (IS: Table 5 PUC; other causes: WHO/Adam) PIF draws; burden weights fixed"
"Hypertensive Heart Disease","Cardiovascular","Volume -20%","15-29",0.430123030869094,0.37397467375691,0.501825690413737,14,"Joint 2.5% and 97.5% quantiles across synchronized Primary RR (IS: Table 5 PUC; other causes: WHO/Adam) PIF draws; burden weights fixed"
"Hypertensive Heart Disease","Cardiovascular","Volume -20%","30-44",4.18585652715834,3.75148756615923,4.69434876762068,14,"Joint 2.5% and 97.5% quantiles across synchronized Primary RR (IS: Table 5 PUC; other causes: WHO/Adam) PIF draws; burden weights fixed"
"Hypertensive Heart Disease","Cardiovascular","Volume -20%","45-59",22.9684006406211,20.608370285243,25.7697618064518,14,"Joint 2.5% and 97.5% quantiles across synchronized Primary RR (IS: Table 5 PUC; other causes: WHO/Adam) PIF draws; burden weights fixed"
"Hypertensive Heart Disease","Cardiovascular","Volume -20%","60-65",19.6167282728638,17.1092578089746,22.498875246481,14,"Joint 2.5% and 97.5% quantiles across synchronized Primary RR (IS: Table 5 PUC; other causes: WHO/Adam) PIF draws; burden weights fixed"
"Intentional Injuries","Injuries","Volume -20%","15-29",40.4015498480313,32.1777007447702,49.3979708946849,14,"Joint 2.5% and 97.5% quantiles across synchronized Primary RR (IS: Table 5 PUC; other causes: WHO/Adam) PIF draws; burden weights fixed"
"Intentional Injuries","Injuries","Volume -20%","30-44",48.4306804227171,38.890076700585,59.0832342900593,14,"Joint 2.5% and 97.5% quantiles across synchronized Primary RR (IS: Table 5 PUC; other causes: WHO/Adam) PIF draws; burden weights fixed"
"Intentional Injuries","Injuries","Volume -20%","45-59",28.4893900440323,22.5936373294464,35.1792729180084,14,"Joint 2.5% and 97.5% quantiles across synchronized Primary RR (IS: Table 5 PUC; other causes: WHO/Adam) PIF draws; burden weights fixed"
"Intentional Injuries","Injuries","Volume -20%","60-65",5.86552114388184,4.59285751740816,7.38732717329815,14,"Joint 2.5% and 97.5% quantiles across synchronized Primary RR (IS: Table 5 PUC; other causes: WHO/Adam) PIF draws; burden weights fixed"
"Intracerebral Haemorrhage","Cardiovascular","Volume -20%","15-29",5.78208129487618,4.60039482589096,7.58520598480798,14,"Joint 2.5% and 97.5% quantiles across synchronized Primary RR (IS: Table 5 PUC; other causes: WHO/Adam) PIF draws; burden weights fixed"
"Intracerebral Haemorrhage","Cardiovascular","Volume -20%","30-44",28.0938621006395,23.042234698277,35.542692416297,14,"Joint 2.5% and 97.5% quantiles across synchronized Primary RR (IS: Table 5 PUC; other causes: WHO/Adam) PIF draws; burden weights fixed"
"Intracerebral Haemorrhage","Cardiovascular","Volume -20%","45-59",79.5048651349371,65.1642052801432,100.872238222535,14,"Joint 2.5% and 97.5% quantiles across synchronized Primary RR (IS: Table 5 PUC; other causes: WHO/Adam) PIF draws; burden weights fixed"
"Intracerebral Haemorrhage","Cardiovascular","Volume -20%","60-65",37.6217835798238,29.4300423094497,49.1325206215953,14,"Joint 2.5% and 97.5% quantiles across synchronized Primary RR (IS: Table 5 PUC; other causes: WHO/Adam) PIF draws; burden weights fixed"
"Ischaemic Heart Disease","Cardiovascular","Volume -20%","15-29",1.27620035439068,0.951097662405183,1.99078586953054,14,"Joint 2.5% and 97.5% quantiles across synchronized Primary RR (IS: Table 5 PUC; other causes: WHO/Adam) PIF draws; burden weights fixed"
"Ischaemic Heart Disease","Cardiovascular","Volume -20%","30-44",11.15758077276,8.4273995382435,15.6760428112147,14,"Joint 2.5% and 97.5% quantiles across synchronized Primary RR (IS: Table 5 PUC; other causes: WHO/Adam) PIF draws; burden weights fixed"
"Ischaemic Heart Disease","Cardiovascular","Volume -20%","45-59",51.61452779541,38.1877216382561,71.3879878857851,14,"Joint 2.5% and 97.5% quantiles across synchronized Primary RR (IS: Table 5 PUC; other causes: WHO/Adam) PIF draws; burden weights fixed"
"Ischaemic Heart Disease","Cardiovascular","Volume -20%","60-65",25.3465219267011,16.277411522807,38.8902456745793,14,"Joint 2.5% and 97.5% quantiles across synchronized Primary RR (IS: Table 5 PUC; other causes: WHO/Adam) PIF draws; burden weights fixed"
"Ischaemic Stroke","Cardiovascular","Volume -20%","15-29",1.09853298142656,0.880826708213316,1.37539457416302,14,"Joint 2.5% and 97.5% quantiles across synchronized Primary RR (IS: Table 5 PUC; other causes: WHO/Adam) PIF draws; burden weights fixed"
"Ischaemic Stroke","Cardiovascular","Volume -20%","30-44",5.14338245979663,4.14537264445695,6.35377480380352,14,"Joint 2.5% and 97.5% quantiles across synchronized Primary RR (IS: Table 5 PUC; other causes: WHO/Adam) PIF draws; burden weights fixed"
"Ischaemic Stroke","Cardiovascular","Volume -20%","45-59",21.1714319307133,16.8137384122291,26.6211816094043,14,"Joint 2.5% and 97.5% quantiles across synchronized Primary RR (IS: Table 5 PUC; other causes: WHO/Adam) PIF draws; burden weights fixed"
"Ischaemic Stroke","Cardiovascular","Volume -20%","60-65",17.6201211231507,13.3652287630737,23.2137894581914,14,"Joint 2.5% and 97.5% quantiles across synchronized Primary RR (IS: Table 5 PUC; other causes: WHO/Adam) PIF draws; burden weights fixed"
"Larynx Cancer","Cancer","Volume -20%","30-44",0.750940567341719,0.643071552926416,0.865101635690531,14,"Joint 2.5% and 97.5% quantiles across synchronized Primary RR (IS: Table 5 PUC; other causes: WHO/Adam) PIF draws; burden weights fixed"
"Larynx Cancer","Cancer","Volume -20%","45-59",7.25656194074647,6.15548499709935,8.48895293981928,14,"Joint 2.5% and 97.5% quantiles across synchronized Primary RR (IS: Table 5 PUC; other causes: WHO/Adam) PIF draws; burden weights fixed"
"Larynx Cancer","Cancer","Volume -20%","60-65",6.31168561434905,5.13837661814927,7.60176924154738,14,"Joint 2.5% and 97.5% quantiles across synchronized Primary RR (IS: Table 5 PUC; other causes: WHO/Adam) PIF draws; burden weights fixed"
"Liver Cancer","Cancer","Volume -20%","15-29",0.199016122756874,0.155171778838231,0.253276991665523,14,"Joint 2.5% and 97.5% quantiles across synchronized Primary RR (IS: Table 5 PUC; other causes: WHO/Adam) PIF draws; burden weights fixed"
"Liver Cancer","Cancer","Volume -20%","30-44",1.18661883649256,0.943057941324322,1.48502804675832,14,"Joint 2.5% and 97.5% quantiles across synchronized Primary RR (IS: Table 5 PUC; other causes: WHO/Adam) PIF draws; burden weights fixed"
"Liver Cancer","Cancer","Volume -20%","45-59",8.4705014018675,6.69048883785617,10.7691281907908,14,"Joint 2.5% and 97.5% quantiles across synchronized Primary RR (IS: Table 5 PUC; other causes: WHO/Adam) PIF draws; burden weights fixed"
"Liver Cancer","Cancer","Volume -20%","60-65",6.91269807019679,5.32747239174406,8.95002116461383,14,"Joint 2.5% and 97.5% quantiles across synchronized Primary RR (IS: Table 5 PUC; other causes: WHO/Adam) PIF draws; burden weights fixed"
"Liver Cirrhosis","Other causes","Volume -20%","15-29",11.7161232434518,9.67732894119314,13.516083230065,14,"Joint 2.5% and 97.5% quantiles across synchronized Primary RR (IS: Table 5 PUC; other causes: WHO/Adam) PIF draws; burden weights fixed"
"Liver Cirrhosis","Other causes","Volume -20%","30-44",333.821161848139,280.171522498793,379.769815723672,14,"Joint 2.5% and 97.5% quantiles across synchronized Primary RR (IS: Table 5 PUC; other causes: WHO/Adam) PIF draws; burden weights fixed"
"Liver Cirrhosis","Other causes","Volume -20%","45-59",1291.13976695629,1072.57967221514,1491.3052684816,14,"Joint 2.5% and 97.5% quantiles across synchronized Primary RR (IS: Table 5 PUC; other causes: WHO/Adam) PIF draws; burden weights fixed"
"Liver Cirrhosis","Other causes","Volume -20%","60-65",446.259563254777,342.776354195086,545.865607980778,14,"Joint 2.5% and 97.5% quantiles across synchronized Primary RR (IS: Table 5 PUC; other causes: WHO/Adam) PIF draws; burden weights fixed"
"Lower Respiratory Infection","Other causes","Volume -20%","15-29",1.87018555180313,1.33131486529859,2.60787569724626,14,"Joint 2.5% and 97.5% quantiles across synchronized Primary RR (IS: Table 5 PUC; other causes: WHO/Adam) PIF draws; burden weights fixed"
"Lower Respiratory Infection","Other causes","Volume -20%","30-44",8.75554090662491,6.22924472845375,12.1784911808546,14,"Joint 2.5% and 97.5% quantiles across synchronized Primary RR (IS: Table 5 PUC; other causes: WHO/Adam) PIF draws; burden weights fixed"
"Lower Respiratory Infection","Other causes","Volume -20%","45-59",22.7687880786109,16.1634161219278,32.5221823879935,14,"Joint 2.5% and 97.5% quantiles across synchronized Primary RR (IS: Table 5 PUC; other causes: WHO/Adam) PIF draws; burden weights fixed"
"Lower Respiratory Infection","Other causes","Volume -20%","60-65",12.3385189664454,8.56510778108634,17.7374238293599,14,"Joint 2.5% and 97.5% quantiles across synchronized Primary RR (IS: Table 5 PUC; other causes: WHO/Adam) PIF draws; burden weights fixed"
"Oesophagus Cancer","Cancer","Volume -20%","15-29",0.156843622268551,0.135393126598351,0.176949898645928,14,"Joint 2.5% and 97.5% quantiles across synchronized Primary RR (IS: Table 5 PUC; other causes: WHO/Adam) PIF draws; burden weights fixed"
"Oesophagus Cancer","Cancer","Volume -20%","30-44",2.0988710510039,1.86830963462994,2.29918288346149,14,"Joint 2.5% and 97.5% quantiles across synchronized Primary RR (IS: Table 5 PUC; other causes: WHO/Adam) PIF draws; burden weights fixed"
"Oesophagus Cancer","Cancer","Volume -20%","45-59",19.2098677302243,17.1203577678405,21.1192815342302,14,"Joint 2.5% and 97.5% quantiles across synchronized Primary RR (IS: Table 5 PUC; other causes: WHO/Adam) PIF draws; burden weights fixed"
"Oesophagus Cancer","Cancer","Volume -20%","60-65",17.1538780841045,14.4184791735454,19.6377613053789,14,"Joint 2.5% and 97.5% quantiles across synchronized Primary RR (IS: Table 5 PUC; other causes: WHO/Adam) PIF draws; burden weights fixed"
"Oral Cavity and Pharynx Cancer","Cancer","Volume -20%","15-29",0.995118715338033,0.866022852928576,1.11709462046427,14,"Joint 2.5% and 97.5% quantiles across synchronized Primary RR (IS: Table 5 PUC; other causes: WHO/Adam) PIF draws; burden weights fixed"
"Oral Cavity and Pharynx Cancer","Cancer","Volume -20%","30-44",5.42109598807871,4.76394760100389,6.03892086704048,14,"Joint 2.5% and 97.5% quantiles across synchronized Primary RR (IS: Table 5 PUC; other causes: WHO/Adam) PIF draws; burden weights fixed"
"Oral Cavity and Pharynx Cancer","Cancer","Volume -20%","45-59",26.2239797891977,22.9800177307824,29.2780432030642,14,"Joint 2.5% and 97.5% quantiles across synchronized Primary RR (IS: Table 5 PUC; other causes: WHO/Adam) PIF draws; burden weights fixed"
"Oral Cavity and Pharynx Cancer","Cancer","Volume -20%","60-65",16.0676022120594,13.2392586967559,18.5743168529695,14,"Joint 2.5% and 97.5% quantiles across synchronized Primary RR (IS: Table 5 PUC; other causes: WHO/Adam) PIF draws; burden weights fixed"
"Other Pharyngeal Cancer","Cancer","Volume -20%","15-29",0.623033165611993,0.531886345678675,0.710226652735141,14,"Joint 2.5% and 97.5% quantiles across synchronized Primary RR (IS: Table 5 PUC; other causes: WHO/Adam) PIF draws; burden weights fixed"
"Other Pharyngeal Cancer","Cancer","Volume -20%","30-44",1.78076330499964,1.51756002235712,2.01626159402922,14,"Joint 2.5% and 97.5% quantiles across synchronized Primary RR (IS: Table 5 PUC; other causes: WHO/Adam) PIF draws; burden weights fixed"
"Other Pharyngeal Cancer","Cancer","Volume -20%","45-59",10.8809635665883,9.53732887060604,12.1393843151165,14,"Joint 2.5% and 97.5% quantiles across synchronized Primary RR (IS: Table 5 PUC; other causes: WHO/Adam) PIF draws; burden weights fixed"
"Other Pharyngeal Cancer","Cancer","Volume -20%","60-65",11.1716656454061,9.24893843660672,12.9453271517214,14,"Joint 2.5% and 97.5% quantiles across synchronized Primary RR (IS: Table 5 PUC; other causes: WHO/Adam) PIF draws; burden weights fixed"
"Road Injuries","Injuries","Volume -20%","15-29",45.4211252981278,38.9220724722128,52.4045946617485,14,"Joint 2.5% and 97.5% quantiles across synchronized Primary RR (IS: Table 5 PUC; other causes: WHO/Adam) PIF draws; burden weights fixed"
"Road Injuries","Injuries","Volume -20%","30-44",49.9353583137488,42.7797888556503,57.5596973133489,14,"Joint 2.5% and 97.5% quantiles across synchronized Primary RR (IS: Table 5 PUC; other causes: WHO/Adam) PIF draws; burden weights fixed"
"Road Injuries","Injuries","Volume -20%","45-59",39.1494159106327,33.1935008620375,45.6741074903188,14,"Joint 2.5% and 97.5% quantiles across synchronized Primary RR (IS: Table 5 PUC; other causes: WHO/Adam) PIF draws; burden weights fixed"
"Road Injuries","Injuries","Volume -20%","60-65",10.963047942203,9.15892570290643,13.0648872729425,14,"Joint 2.5% and 97.5% quantiles across synchronized Primary RR (IS: Table 5 PUC; other causes: WHO/Adam) PIF draws; burden weights fixed"
"Tuberculosis","Other causes","Volume -20%","15-29",6.84511800977655,4.57755721485836,11.8901601121395,14,"Joint 2.5% and 97.5% quantiles across synchronized Primary RR (IS: Table 5 PUC; other causes: WHO/Adam) PIF draws; burden weights fixed"
"Tuberculosis","Other causes","Volume -20%","30-44",23.6358959198681,15.984844517568,38.8616238479445,14,"Joint 2.5% and 97.5% quantiles across synchronized Primary RR (IS: Table 5 PUC; other causes: WHO/Adam) PIF draws; burden weights fixed"
"Tuberculosis","Other causes","Volume -20%","45-59",59.7301582081654,39.1050936865783,103.736439280247,14,"Joint 2.5% and 97.5% quantiles across synchronized Primary RR (IS: Table 5 PUC; other causes: WHO/Adam) PIF draws; burden weights fixed"
"Tuberculosis","Other causes","Volume -20%","60-65",21.7818012164944,14.09454845008,39.7794282876907,14,"Joint 2.5% and 97.5% quantiles across synchronized Primary RR (IS: Table 5 PUC; other causes: WHO/Adam) PIF draws; burden weights fixed"
"Unintentional Injuries","Injuries","Volume -20%","15-29",21.2510181088312,16.9620459083987,25.9123134138059,14,"Joint 2.5% and 97.5% quantiles across synchronized Primary RR (IS: Table 5 PUC; other causes: WHO/Adam) PIF draws; burden weights fixed"
"Unintentional Injuries","Injuries","Volume -20%","30-44",32.6761172367449,26.1202607990259,39.9005573682259,14,"Joint 2.5% and 97.5% quantiles across synchronized Primary RR (IS: Table 5 PUC; other causes: WHO/Adam) PIF draws; burden weights fixed"
"Unintentional Injuries","Injuries","Volume -20%","45-59",31.2349532491524,24.8775168986615,38.3607833907718,14,"Joint 2.5% and 97.5% quantiles across synchronized Primary RR (IS: Table 5 PUC; other causes: WHO/Adam) PIF draws; burden weights fixed"
"Unintentional Injuries","Injuries","Volume -20%","60-65",9.89495396482186,7.81353425571061,12.3087519172502,14,"Joint 2.5% and 97.5% quantiles across synchronized Primary RR (IS: Table 5 PUC; other causes: WHO/Adam) PIF draws; burden weights fixed"
"Acute Pancreatitis","Other causes","Volume -30%","15-29",6.04462286666573,4.56139169756537,8.92928525919975,14,"Joint 2.5% and 97.5% quantiles across synchronized Primary RR (IS: Table 5 PUC; other causes: WHO/Adam) PIF draws; burden weights fixed"
"Acute Pancreatitis","Other causes","Volume -30%","30-44",26.408619348117,20.4897444758454,36.5611253828426,14,"Joint 2.5% and 97.5% quantiles across synchronized Primary RR (IS: Table 5 PUC; other causes: WHO/Adam) PIF draws; burden weights fixed"
"Acute Pancreatitis","Other causes","Volume -30%","45-59",41.9415928384179,32.0920146873313,59.4286975261424,14,"Joint 2.5% and 97.5% quantiles across synchronized Primary RR (IS: Table 5 PUC; other causes: WHO/Adam) PIF draws; burden weights fixed"
"Acute Pancreatitis","Other causes","Volume -30%","60-65",15.7875292113018,11.5914842060217,24.1457336025914,14,"Joint 2.5% and 97.5% quantiles across synchronized Primary RR (IS: Table 5 PUC; other causes: WHO/Adam) PIF draws; burden weights fixed"
"Breast Cancer","Cancer","Volume -30%","15-29",0.364855999263921,0.315849198186274,0.420528661198361,7,"Joint 2.5% and 97.5% quantiles across synchronized Primary RR (IS: Table 5 PUC; other causes: WHO/Adam) PIF draws; burden weights fixed"
"Breast Cancer","Cancer","Volume -30%","30-44",8.1491701562641,7.18374957525272,9.30914417519916,7,"Joint 2.5% and 97.5% quantiles across synchronized Primary RR (IS: Table 5 PUC; other causes: WHO/Adam) PIF draws; burden weights fixed"
"Breast Cancer","Cancer","Volume -30%","45-59",19.7282390194114,17.6070934850639,22.2796591735615,7,"Joint 2.5% and 97.5% quantiles across synchronized Primary RR (IS: Table 5 PUC; other causes: WHO/Adam) PIF draws; burden weights fixed"
"Breast Cancer","Cancer","Volume -30%","60-65",7.22540832396989,6.35305383435281,8.33354294129177,7,"Joint 2.5% and 97.5% quantiles across synchronized Primary RR (IS: Table 5 PUC; other causes: WHO/Adam) PIF draws; burden weights fixed"
"Colon and rectum Cancer","Cancer","Volume -30%","15-29",1.92721435078224,1.64244202092798,2.25540541191361,14,"Joint 2.5% and 97.5% quantiles across synchronized Primary RR (IS: Table 5 PUC; other causes: WHO/Adam) PIF draws; burden weights fixed"
"Colon and rectum Cancer","Cancer","Volume -30%","30-44",18.6840990513355,16.0692500976832,21.6344463392556,14,"Joint 2.5% and 97.5% quantiles across synchronized Primary RR (IS: Table 5 PUC; other causes: WHO/Adam) PIF draws; burden weights fixed"
"Colon and rectum Cancer","Cancer","Volume -30%","45-59",65.8887093879473,56.5056599904137,76.5628267478185,14,"Joint 2.5% and 97.5% quantiles across synchronized Primary RR (IS: Table 5 PUC; other causes: WHO/Adam) PIF draws; burden weights fixed"
"Colon and rectum Cancer","Cancer","Volume -30%","60-65",39.5051874186274,32.4931133004963,47.4235705482392,14,"Joint 2.5% and 97.5% quantiles across synchronized Primary RR (IS: Table 5 PUC; other causes: WHO/Adam) PIF draws; burden weights fixed"
"DM2","Other causes","Volume -30%","15-29",0.211871091235995,0.0530925368669734,0.504254142783954,14,"Joint 2.5% and 97.5% quantiles across synchronized Primary RR (IS: Table 5 PUC; other causes: WHO/Adam) PIF draws; burden weights fixed"
"DM2","Other causes","Volume -30%","30-44",1.00581809567931,0.280570275850541,2.24094968482717,14,"Joint 2.5% and 97.5% quantiles across synchronized Primary RR (IS: Table 5 PUC; other causes: WHO/Adam) PIF draws; burden weights fixed"
"DM2","Other causes","Volume -30%","45-59",3.87235125633745,0.582726257288547,9.4524739529725,14,"Joint 2.5% and 97.5% quantiles across synchronized Primary RR (IS: Table 5 PUC; other causes: WHO/Adam) PIF draws; burden weights fixed"
"DM2","Other causes","Volume -30%","60-65",2.43545042548263,-0.200244489824582,6.47367571025767,14,"Joint 2.5% and 97.5% quantiles across synchronized Primary RR (IS: Table 5 PUC; other causes: WHO/Adam) PIF draws; burden weights fixed"
"Epilepsy","Neuropsychiatric","Volume -30%","15-29",16.2818211462395,13.9347226898368,18.9062512012134,14,"Joint 2.5% and 97.5% quantiles across synchronized Primary RR (IS: Table 5 PUC; other causes: WHO/Adam) PIF draws; burden weights fixed"
"Epilepsy","Neuropsychiatric","Volume -30%","30-44",28.7454836512197,24.8199326801715,33.0987807969093,14,"Joint 2.5% and 97.5% quantiles across synchronized Primary RR (IS: Table 5 PUC; other causes: WHO/Adam) PIF draws; burden weights fixed"
"Epilepsy","Neuropsychiatric","Volume -30%","45-59",37.3680862991352,32.1821219991905,43.385908050867,14,"Joint 2.5% and 97.5% quantiles across synchronized Primary RR (IS: Table 5 PUC; other causes: WHO/Adam) PIF draws; burden weights fixed"
"Epilepsy","Neuropsychiatric","Volume -30%","60-65",12.2023604790425,9.99285102804638,14.5928055169093,14,"Joint 2.5% and 97.5% quantiles across synchronized Primary RR (IS: Table 5 PUC; other causes: WHO/Adam) PIF draws; burden weights fixed"
"HIV","Other causes","Volume -30%","15-29",6.19062295535867,5.09434538641248,7.4627340742671,14,"Joint 2.5% and 97.5% quantiles across synchronized Primary RR (IS: Table 5 PUC; other causes: WHO/Adam) PIF draws; burden weights fixed"
"HIV","Other causes","Volume -30%","30-44",28.9525889309693,24.0084426391855,34.6560950293485,14,"Joint 2.5% and 97.5% quantiles across synchronized Primary RR (IS: Table 5 PUC; other causes: WHO/Adam) PIF draws; burden weights fixed"
"HIV","Other causes","Volume -30%","45-59",20.0778625146465,16.5953619078415,24.1670946318583,14,"Joint 2.5% and 97.5% quantiles across synchronized Primary RR (IS: Table 5 PUC; other causes: WHO/Adam) PIF draws; burden weights fixed"
"HIV","Other causes","Volume -30%","60-65",2.76092895326812,2.17062798922157,3.42427217686425,14,"Joint 2.5% and 97.5% quantiles across synchronized Primary RR (IS: Table 5 PUC; other causes: WHO/Adam) PIF draws; burden weights fixed"
"Hypertensive Heart Disease","Cardiovascular","Volume -30%","15-29",0.650163486963367,0.567942492963426,0.75334804153687,14,"Joint 2.5% and 97.5% quantiles across synchronized Primary RR (IS: Table 5 PUC; other causes: WHO/Adam) PIF draws; burden weights fixed"
"Hypertensive Heart Disease","Cardiovascular","Volume -30%","30-44",6.33210433738902,5.682347197698,7.07684713812035,14,"Joint 2.5% and 97.5% quantiles across synchronized Primary RR (IS: Table 5 PUC; other causes: WHO/Adam) PIF draws; burden weights fixed"
"Hypertensive Heart Disease","Cardiovascular","Volume -30%","45-59",34.7129202513103,31.2006252919355,38.832252993597,14,"Joint 2.5% and 97.5% quantiles across synchronized Primary RR (IS: Table 5 PUC; other causes: WHO/Adam) PIF draws; burden weights fixed"
"Hypertensive Heart Disease","Cardiovascular","Volume -30%","60-65",29.7184715230293,25.959607893843,33.9811553417707,14,"Joint 2.5% and 97.5% quantiles across synchronized Primary RR (IS: Table 5 PUC; other causes: WHO/Adam) PIF draws; burden weights fixed"
"Intentional Injuries","Injuries","Volume -30%","15-29",60.1914935127862,47.9701229010987,73.4772236321351,14,"Joint 2.5% and 97.5% quantiles across synchronized Primary RR (IS: Table 5 PUC; other causes: WHO/Adam) PIF draws; burden weights fixed"
"Intentional Injuries","Injuries","Volume -30%","30-44",72.1391181724854,57.9726221456735,87.8472724361506,14,"Joint 2.5% and 97.5% quantiles across synchronized Primary RR (IS: Table 5 PUC; other causes: WHO/Adam) PIF draws; burden weights fixed"
"Intentional Injuries","Injuries","Volume -30%","45-59",42.4274925553025,33.679724414276,52.2981440222421,14,"Joint 2.5% and 97.5% quantiles across synchronized Primary RR (IS: Table 5 PUC; other causes: WHO/Adam) PIF draws; burden weights fixed"
"Intentional Injuries","Injuries","Volume -30%","60-65",8.73872661855784,6.85100390132406,10.9872104084205,14,"Joint 2.5% and 97.5% quantiles across synchronized Primary RR (IS: Table 5 PUC; other causes: WHO/Adam) PIF draws; burden weights fixed"
"Intracerebral Haemorrhage","Cardiovascular","Volume -30%","15-29",8.34968271968859,6.67913773248919,10.8083934937526,14,"Joint 2.5% and 97.5% quantiles across synchronized Primary RR (IS: Table 5 PUC; other causes: WHO/Adam) PIF draws; burden weights fixed"
"Intracerebral Haemorrhage","Cardiovascular","Volume -30%","30-44",40.7154162134341,33.5124048099217,50.9367885514759,14,"Joint 2.5% and 97.5% quantiles across synchronized Primary RR (IS: Table 5 PUC; other causes: WHO/Adam) PIF draws; burden weights fixed"
"Intracerebral Haemorrhage","Cardiovascular","Volume -30%","45-59",115.291518377476,94.8124345859406,144.734656001294,14,"Joint 2.5% and 97.5% quantiles across synchronized Primary RR (IS: Table 5 PUC; other causes: WHO/Adam) PIF draws; burden weights fixed"
"Intracerebral Haemorrhage","Cardiovascular","Volume -30%","60-65",54.6656286450078,42.945832625699,70.6084170494576,14,"Joint 2.5% and 97.5% quantiles across synchronized Primary RR (IS: Table 5 PUC; other causes: WHO/Adam) PIF draws; burden weights fixed"
"Ischaemic Heart Disease","Cardiovascular","Volume -30%","15-29",1.5049704526583,1.07885327891307,2.55196298555487,14,"Joint 2.5% and 97.5% quantiles across synchronized Primary RR (IS: Table 5 PUC; other causes: WHO/Adam) PIF draws; burden weights fixed"
"Ischaemic Heart Disease","Cardiovascular","Volume -30%","30-44",12.8859140666097,9.37002319627364,19.274971453892,14,"Joint 2.5% and 97.5% quantiles across synchronized Primary RR (IS: Table 5 PUC; other causes: WHO/Adam) PIF draws; burden weights fixed"
"Ischaemic Heart Disease","Cardiovascular","Volume -30%","45-59",59.1266241507316,41.5637606198987,87.2359650092862,14,"Joint 2.5% and 97.5% quantiles across synchronized Primary RR (IS: Table 5 PUC; other causes: WHO/Adam) PIF draws; burden weights fixed"
"Ischaemic Heart Disease","Cardiovascular","Volume -30%","60-65",28.4161129742591,16.1117451735953,47.9754920050363,14,"Joint 2.5% and 97.5% quantiles across synchronized Primary RR (IS: Table 5 PUC; other causes: WHO/Adam) PIF draws; burden weights fixed"
"Ischaemic Stroke","Cardiovascular","Volume -30%","15-29",1.46092156781459,1.16335672914781,1.83694719376245,14,"Joint 2.5% and 97.5% quantiles across synchronized Primary RR (IS: Table 5 PUC; other causes: WHO/Adam) PIF draws; burden weights fixed"
"Ischaemic Stroke","Cardiovascular","Volume -30%","30-44",6.89648549880214,5.51776195831806,8.58136562189832,14,"Joint 2.5% and 97.5% quantiles across synchronized Primary RR (IS: Table 5 PUC; other causes: WHO/Adam) PIF draws; burden weights fixed"
"Ischaemic Stroke","Cardiovascular","Volume -30%","45-59",29.0454268248517,22.7017965679367,36.8795379628395,14,"Joint 2.5% and 97.5% quantiles across synchronized Primary RR (IS: Table 5 PUC; other causes: WHO/Adam) PIF draws; burden weights fixed"
"Ischaemic Stroke","Cardiovascular","Volume -30%","60-65",24.4120270165121,18.2562162540553,32.4483445532485,14,"Joint 2.5% and 97.5% quantiles across synchronized Primary RR (IS: Table 5 PUC; other causes: WHO/Adam) PIF draws; burden weights fixed"
"Larynx Cancer","Cancer","Volume -30%","30-44",1.09416839875038,0.939905694923899,1.2549790032808,14,"Joint 2.5% and 97.5% quantiles across synchronized Primary RR (IS: Table 5 PUC; other causes: WHO/Adam) PIF draws; burden weights fixed"
"Larynx Cancer","Cancer","Volume -30%","45-59",10.566023485608,8.9932723780418,12.2901079341523,14,"Joint 2.5% and 97.5% quantiles across synchronized Primary RR (IS: Table 5 PUC; other causes: WHO/Adam) PIF draws; burden weights fixed"
"Larynx Cancer","Cancer","Volume -30%","60-65",9.19926132605455,7.51134177034926,11.0222486163637,14,"Joint 2.5% and 97.5% quantiles across synchronized Primary RR (IS: Table 5 PUC; other causes: WHO/Adam) PIF draws; burden weights fixed"
"Liver Cancer","Cancer","Volume -30%","15-29",0.294772203113177,0.230202107217279,0.374148601740549,14,"Joint 2.5% and 97.5% quantiles across synchronized Primary RR (IS: Table 5 PUC; other causes: WHO/Adam) PIF draws; burden weights fixed"
"Liver Cancer","Cancer","Volume -30%","30-44",1.75686714103071,1.39748401834435,2.19204876177065,14,"Joint 2.5% and 97.5% quantiles across synchronized Primary RR (IS: Table 5 PUC; other causes: WHO/Adam) PIF draws; burden weights fixed"
"Liver Cancer","Cancer","Volume -30%","45-59",12.5337326758367,9.9160190584097,15.8803372818951,14,"Joint 2.5% and 97.5% quantiles across synchronized Primary RR (IS: Table 5 PUC; other causes: WHO/Adam) PIF draws; burden weights fixed"
"Liver Cancer","Cancer","Volume -30%","60-65",10.2382323124473,7.90300663569241,13.2136667260875,14,"Joint 2.5% and 97.5% quantiles across synchronized Primary RR (IS: Table 5 PUC; other causes: WHO/Adam) PIF draws; burden weights fixed"
"Liver Cirrhosis","Other causes","Volume -30%","15-29",15.6914816928428,13.0520144192416,17.9562349689222,14,"Joint 2.5% and 97.5% quantiles across synchronized Primary RR (IS: Table 5 PUC; other causes: WHO/Adam) PIF draws; burden weights fixed"
"Liver Cirrhosis","Other causes","Volume -30%","30-44",445.769983871789,376.315762991629,503.499913380373,14,"Joint 2.5% and 97.5% quantiles across synchronized Primary RR (IS: Table 5 PUC; other causes: WHO/Adam) PIF draws; burden weights fixed"
"Liver Cirrhosis","Other causes","Volume -30%","45-59",1713.99876952575,1432.56578795851,1965.82936900196,14,"Joint 2.5% and 97.5% quantiles across synchronized Primary RR (IS: Table 5 PUC; other causes: WHO/Adam) PIF draws; burden weights fixed"
"Liver Cirrhosis","Other causes","Volume -30%","60-65",596.511125981684,462.041723097259,723.328300272025,14,"Joint 2.5% and 97.5% quantiles across synchronized Primary RR (IS: Table 5 PUC; other causes: WHO/Adam) PIF draws; burden weights fixed"
"Lower Respiratory Infection","Other causes","Volume -30%","15-29",2.76204504290229,1.97021824037314,3.82393092362948,14,"Joint 2.5% and 97.5% quantiles across synchronized Primary RR (IS: Table 5 PUC; other causes: WHO/Adam) PIF draws; burden weights fixed"
"Lower Respiratory Infection","Other causes","Volume -30%","30-44",12.9204313925817,9.18540026227599,17.8283677625558,14,"Joint 2.5% and 97.5% quantiles across synchronized Primary RR (IS: Table 5 PUC; other causes: WHO/Adam) PIF draws; burden weights fixed"
"Lower Respiratory Infection","Other causes","Volume -30%","45-59",33.5786946725808,23.863853038102,47.5658036433939,14,"Joint 2.5% and 97.5% quantiles across synchronized Primary RR (IS: Table 5 PUC; other causes: WHO/Adam) PIF draws; burden weights fixed"
"Lower Respiratory Infection","Other causes","Volume -30%","60-65",18.2191246527793,12.6628324859056,25.9708295768876,14,"Joint 2.5% and 97.5% quantiles across synchronized Primary RR (IS: Table 5 PUC; other causes: WHO/Adam) PIF draws; burden weights fixed"
"Oesophagus Cancer","Cancer","Volume -30%","15-29",0.226298829036276,0.195670899667212,0.254988430143488,14,"Joint 2.5% and 97.5% quantiles across synchronized Primary RR (IS: Table 5 PUC; other causes: WHO/Adam) PIF draws; burden weights fixed"
"Oesophagus Cancer","Cancer","Volume -30%","30-44",3.02602820116158,2.69891608579888,3.31108844028949,14,"Joint 2.5% and 97.5% quantiles across synchronized Primary RR (IS: Table 5 PUC; other causes: WHO/Adam) PIF draws; burden weights fixed"
"Oesophagus Cancer","Cancer","Volume -30%","45-59",27.6645499875713,24.6939993191342,30.3782302194325,14,"Joint 2.5% and 97.5% quantiles across synchronized Primary RR (IS: Table 5 PUC; other causes: WHO/Adam) PIF draws; burden weights fixed"
"Oesophagus Cancer","Cancer","Volume -30%","60-65",24.7530629394116,20.8484595257231,28.280699702164,14,"Joint 2.5% and 97.5% quantiles across synchronized Primary RR (IS: Table 5 PUC; other causes: WHO/Adam) PIF draws; burden weights fixed"
"Oral Cavity and Pharynx Cancer","Cancer","Volume -30%","15-29",1.41571188987535,1.23543682387695,1.58067085528491,14,"Joint 2.5% and 97.5% quantiles across synchronized Primary RR (IS: Table 5 PUC; other causes: WHO/Adam) PIF draws; burden weights fixed"
"Oral Cavity and Pharynx Cancer","Cancer","Volume -30%","30-44",7.72011631819023,6.80773461742797,8.56049275732006,14,"Joint 2.5% and 97.5% quantiles across synchronized Primary RR (IS: Table 5 PUC; other causes: WHO/Adam) PIF draws; burden weights fixed"
"Oral Cavity and Pharynx Cancer","Cancer","Volume -30%","45-59",37.2561430953784,32.7655170628786,41.3766506668135,14,"Joint 2.5% and 97.5% quantiles across synchronized Primary RR (IS: Table 5 PUC; other causes: WHO/Adam) PIF draws; burden weights fixed"
"Oral Cavity and Pharynx Cancer","Cancer","Volume -30%","60-65",22.8743820613257,18.9170958410535,26.3313566976022,14,"Joint 2.5% and 97.5% quantiles across synchronized Primary RR (IS: Table 5 PUC; other causes: WHO/Adam) PIF draws; burden weights fixed"
"Other Pharyngeal Cancer","Cancer","Volume -30%","15-29",0.886495669449094,0.76006363544124,1.00389781398911,14,"Joint 2.5% and 97.5% quantiles across synchronized Primary RR (IS: Table 5 PUC; other causes: WHO/Adam) PIF draws; burden weights fixed"
"Other Pharyngeal Cancer","Cancer","Volume -30%","30-44",2.53524609453397,2.17109048003882,2.85382379954566,14,"Joint 2.5% and 97.5% quantiles across synchronized Primary RR (IS: Table 5 PUC; other causes: WHO/Adam) PIF draws; burden weights fixed"
"Other Pharyngeal Cancer","Cancer","Volume -30%","45-59",15.4667687660521,13.5950163638283,17.1722317295539,14,"Joint 2.5% and 97.5% quantiles across synchronized Primary RR (IS: Table 5 PUC; other causes: WHO/Adam) PIF draws; burden weights fixed"
"Other Pharyngeal Cancer","Cancer","Volume -30%","60-65",15.8933604790743,13.2065373657967,18.3190268456763,14,"Joint 2.5% and 97.5% quantiles across synchronized Primary RR (IS: Table 5 PUC; other causes: WHO/Adam) PIF draws; burden weights fixed"
"Road Injuries","Injuries","Volume -30%","15-29",67.4293862702887,57.8308307410295,77.6756799217765,14,"Joint 2.5% and 97.5% quantiles across synchronized Primary RR (IS: Table 5 PUC; other causes: WHO/Adam) PIF draws; burden weights fixed"
"Road Injuries","Injuries","Volume -30%","30-44",74.109195694551,63.5473727741118,85.2975727047245,14,"Joint 2.5% and 97.5% quantiles across synchronized Primary RR (IS: Table 5 PUC; other causes: WHO/Adam) PIF draws; burden weights fixed"
"Road Injuries","Injuries","Volume -30%","45-59",58.0816123614119,49.3055232595283,67.665022660844,14,"Joint 2.5% and 97.5% quantiles across synchronized Primary RR (IS: Table 5 PUC; other causes: WHO/Adam) PIF draws; burden weights fixed"
"Road Injuries","Injuries","Volume -30%","60-65",16.2743902256918,13.6063551483955,19.3656766614053,14,"Joint 2.5% and 97.5% quantiles across synchronized Primary RR (IS: Table 5 PUC; other causes: WHO/Adam) PIF draws; burden weights fixed"
"Tuberculosis","Other causes","Volume -30%","15-29",9.56465941994493,6.41197232771649,15.8838118310282,14,"Joint 2.5% and 97.5% quantiles across synchronized Primary RR (IS: Table 5 PUC; other causes: WHO/Adam) PIF draws; burden weights fixed"
"Tuberculosis","Other causes","Volume -30%","30-44",32.9538492649495,22.3735823833192,51.7952492975178,14,"Joint 2.5% and 97.5% quantiles across synchronized Primary RR (IS: Table 5 PUC; other causes: WHO/Adam) PIF draws; burden weights fixed"
"Tuberculosis","Other causes","Volume -30%","45-59",83.0062947886145,54.7337376211444,137.777458883821,14,"Joint 2.5% and 97.5% quantiles across synchronized Primary RR (IS: Table 5 PUC; other causes: WHO/Adam) PIF draws; burden weights fixed"
"Tuberculosis","Other causes","Volume -30%","60-65",30.4024626683594,19.779640751455,52.8809788566487,14,"Joint 2.5% and 97.5% quantiles across synchronized Primary RR (IS: Table 5 PUC; other causes: WHO/Adam) PIF draws; burden weights fixed"
"Unintentional Injuries","Injuries","Volume -30%","15-29",31.6590467552828,25.2884351203047,38.5433130727999,14,"Joint 2.5% and 97.5% quantiles across synchronized Primary RR (IS: Table 5 PUC; other causes: WHO/Adam) PIF draws; burden weights fixed"
"Unintentional Injuries","Injuries","Volume -30%","30-44",48.6680862933567,38.9467785955126,59.3259835109256,14,"Joint 2.5% and 97.5% quantiles across synchronized Primary RR (IS: Table 5 PUC; other causes: WHO/Adam) PIF draws; burden weights fixed"
"Unintentional Injuries","Injuries","Volume -30%","45-59",46.5134869599074,37.0781983441345,57.0327455524731,14,"Joint 2.5% and 97.5% quantiles across synchronized Primary RR (IS: Table 5 PUC; other causes: WHO/Adam) PIF draws; burden weights fixed"
"Unintentional Injuries","Injuries","Volume -30%","60-65",14.741505686743,11.6477595979954,18.307115924142,14,"Joint 2.5% and 97.5% quantiles across synchronized Primary RR (IS: Table 5 PUC; other causes: WHO/Adam) PIF draws; burden weights fixed"
"Intentional Injuries","Injuries","HED -10%: no shift","15-29",98.0658765468015,68.5646164367869,127.266831062311,14,"Joint 2.5% and 97.5% quantiles across synchronized Primary RR (IS: Table 5 PUC; other causes: WHO/Adam) PIF draws; burden weights fixed"
"Intentional Injuries","Injuries","HED -10%: no shift","30-44",112.791291399327,78.5331279698895,145.637099050218,14,"Joint 2.5% and 97.5% quantiles across synchronized Primary RR (IS: Table 5 PUC; other causes: WHO/Adam) PIF draws; burden weights fixed"
"Intentional Injuries","Injuries","HED -10%: no shift","45-59",66.2240705269947,45.9108218285293,87.9316868253863,14,"Joint 2.5% and 97.5% quantiles across synchronized Primary RR (IS: Table 5 PUC; other causes: WHO/Adam) PIF draws; burden weights fixed"
"Intentional Injuries","Injuries","HED -10%: no shift","60-65",12.0377868353355,8.10865722580695,16.6487892064621,14,"Joint 2.5% and 97.5% quantiles across synchronized Primary RR (IS: Table 5 PUC; other causes: WHO/Adam) PIF draws; burden weights fixed"
"Ischaemic Heart Disease","Cardiovascular","HED -10%: no shift","15-29",0.630278494470126,0.387936917757209,0.957635905225182,14,"Joint 2.5% and 97.5% quantiles across synchronized Primary RR (IS: Table 5 PUC; other causes: WHO/Adam) PIF draws; burden weights fixed"
"Ischaemic Heart Disease","Cardiovascular","HED -10%: no shift","30-44",4.99170162934223,3.82243423292325,6.82833903865336,14,"Joint 2.5% and 97.5% quantiles across synchronized Primary RR (IS: Table 5 PUC; other causes: WHO/Adam) PIF draws; burden weights fixed"
"Ischaemic Heart Disease","Cardiovascular","HED -10%: no shift","45-59",19.8190558190378,15.2217291317451,27.0087618860556,14,"Joint 2.5% and 97.5% quantiles across synchronized Primary RR (IS: Table 5 PUC; other causes: WHO/Adam) PIF draws; burden weights fixed"
"Ischaemic Heart Disease","Cardiovascular","HED -10%: no shift","60-65",10.1983491403832,7.74995140516735,13.9505608572444,14,"Joint 2.5% and 97.5% quantiles across synchronized Primary RR (IS: Table 5 PUC; other causes: WHO/Adam) PIF draws; burden weights fixed"
"Ischaemic Stroke","Cardiovascular","HED -10%: no shift","15-29",0.117980839818444,0.101514291365132,0.144984172594861,14,"Joint 2.5% and 97.5% quantiles across synchronized Primary RR (IS: Table 5 PUC; other causes: WHO/Adam) PIF draws; burden weights fixed"
"Ischaemic Stroke","Cardiovascular","HED -10%: no shift","30-44",0.634659028562237,0.553507754682095,0.77123588923961,14,"Joint 2.5% and 97.5% quantiles across synchronized Primary RR (IS: Table 5 PUC; other causes: WHO/Adam) PIF draws; burden weights fixed"
"Ischaemic Stroke","Cardiovascular","HED -10%: no shift","45-59",2.83423840843038,2.46081671049719,3.47496163978246,14,"Joint 2.5% and 97.5% quantiles across synchronized Primary RR (IS: Table 5 PUC; other causes: WHO/Adam) PIF draws; burden weights fixed"
"Ischaemic Stroke","Cardiovascular","HED -10%: no shift","60-65",2.11953938911545,1.79884869252083,2.66561623460796,14,"Joint 2.5% and 97.5% quantiles across synchronized Primary RR (IS: Table 5 PUC; other causes: WHO/Adam) PIF draws; burden weights fixed"
"Road Injuries","Injuries","HED -10%: no shift","15-29",107.692907057702,90.3810584192584,123.190491471579,14,"Joint 2.5% and 97.5% quantiles across synchronized Primary RR (IS: Table 5 PUC; other causes: WHO/Adam) PIF draws; burden weights fixed"
"Road Injuries","Injuries","HED -10%: no shift","30-44",113.824576925098,95.4226443958526,129.935860680382,14,"Joint 2.5% and 97.5% quantiles across synchronized Primary RR (IS: Table 5 PUC; other causes: WHO/Adam) PIF draws; burden weights fixed"
"Road Injuries","Injuries","HED -10%: no shift","45-59",90.6100470106826,75.086097893973,105.477127586166,14,"Joint 2.5% and 97.5% quantiles across synchronized Primary RR (IS: Table 5 PUC; other causes: WHO/Adam) PIF draws; burden weights fixed"
"Road Injuries","Injuries","HED -10%: no shift","60-65",23.3530902879691,18.9608973171472,28.1058670059932,14,"Joint 2.5% and 97.5% quantiles across synchronized Primary RR (IS: Table 5 PUC; other causes: WHO/Adam) PIF draws; burden weights fixed"
"Unintentional Injuries","Injuries","HED -10%: no shift","15-29",60.3646995760861,47.9799980902758,72.3594188699325,14,"Joint 2.5% and 97.5% quantiles across synchronized Primary RR (IS: Table 5 PUC; other causes: WHO/Adam) PIF draws; burden weights fixed"
"Unintentional Injuries","Injuries","HED -10%: no shift","30-44",89.1505906953455,70.6918034226507,106.239092735355,14,"Joint 2.5% and 97.5% quantiles across synchronized Primary RR (IS: Table 5 PUC; other causes: WHO/Adam) PIF draws; burden weights fixed"
"Unintentional Injuries","Injuries","HED -10%: no shift","45-59",86.738221725858,69.0182281607366,104.892666107728,14,"Joint 2.5% and 97.5% quantiles across synchronized Primary RR (IS: Table 5 PUC; other causes: WHO/Adam) PIF draws; burden weights fixed"
"Unintentional Injuries","Injuries","HED -10%: no shift","60-65",24.7983067191813,19.4353616030604,30.7827795098411,14,"Joint 2.5% and 97.5% quantiles across synchronized Primary RR (IS: Table 5 PUC; other causes: WHO/Adam) PIF draws; burden weights fixed"
"Intentional Injuries","Injuries","HED -25%: no shift","15-29",245.164691367003,171.411541091968,318.167077655777,14,"Joint 2.5% and 97.5% quantiles across synchronized Primary RR (IS: Table 5 PUC; other causes: WHO/Adam) PIF draws; burden weights fixed"
"Intentional Injuries","Injuries","HED -25%: no shift","30-44",281.978228498317,196.332819924723,364.092747625545,14,"Joint 2.5% and 97.5% quantiles across synchronized Primary RR (IS: Table 5 PUC; other causes: WHO/Adam) PIF draws; burden weights fixed"
"Intentional Injuries","Injuries","HED -25%: no shift","45-59",165.560176317487,114.777054571324,219.829217063466,14,"Joint 2.5% and 97.5% quantiles across synchronized Primary RR (IS: Table 5 PUC; other causes: WHO/Adam) PIF draws; burden weights fixed"
"Intentional Injuries","Injuries","HED -25%: no shift","60-65",30.0944670883388,20.2716430645174,41.6219730161552,14,"Joint 2.5% and 97.5% quantiles across synchronized Primary RR (IS: Table 5 PUC; other causes: WHO/Adam) PIF draws; burden weights fixed"
"Ischaemic Heart Disease","Cardiovascular","HED -25%: no shift","15-29",1.57569623617528,0.969842294393034,2.39408976306297,14,"Joint 2.5% and 97.5% quantiles across synchronized Primary RR (IS: Table 5 PUC; other causes: WHO/Adam) PIF draws; burden weights fixed"
"Ischaemic Heart Disease","Cardiovascular","HED -25%: no shift","30-44",12.4792540733557,9.55608558230822,17.0708475966335,14,"Joint 2.5% and 97.5% quantiles across synchronized Primary RR (IS: Table 5 PUC; other causes: WHO/Adam) PIF draws; burden weights fixed"
"Ischaemic Heart Disease","Cardiovascular","HED -25%: no shift","45-59",49.547639547595,38.0543228293628,67.5219047151389,14,"Joint 2.5% and 97.5% quantiles across synchronized Primary RR (IS: Table 5 PUC; other causes: WHO/Adam) PIF draws; burden weights fixed"
"Ischaemic Heart Disease","Cardiovascular","HED -25%: no shift","60-65",25.4958728509582,19.3748785129174,34.876402143111,14,"Joint 2.5% and 97.5% quantiles across synchronized Primary RR (IS: Table 5 PUC; other causes: WHO/Adam) PIF draws; burden weights fixed"
"Ischaemic Stroke","Cardiovascular","HED -25%: no shift","15-29",0.294952099546106,0.25378572841283,0.362460431487153,14,"Joint 2.5% and 97.5% quantiles across synchronized Primary RR (IS: Table 5 PUC; other causes: WHO/Adam) PIF draws; burden weights fixed"
"Ischaemic Stroke","Cardiovascular","HED -25%: no shift","30-44",1.58664757140559,1.38376938670525,1.92808972309901,14,"Joint 2.5% and 97.5% quantiles across synchronized Primary RR (IS: Table 5 PUC; other causes: WHO/Adam) PIF draws; burden weights fixed"
"Ischaemic Stroke","Cardiovascular","HED -25%: no shift","45-59",7.08559602107584,6.15204177624295,8.68740409945606,14,"Joint 2.5% and 97.5% quantiles across synchronized Primary RR (IS: Table 5 PUC; other causes: WHO/Adam) PIF draws; burden weights fixed"
"Ischaemic Stroke","Cardiovascular","HED -25%: no shift","60-65",5.29884847278866,4.49712173130206,6.66404058651998,14,"Joint 2.5% and 97.5% quantiles across synchronized Primary RR (IS: Table 5 PUC; other causes: WHO/Adam) PIF draws; burden weights fixed"
"Road Injuries","Injuries","HED -25%: no shift","15-29",269.232267644255,225.952646048146,307.976228678948,14,"Joint 2.5% and 97.5% quantiles across synchronized Primary RR (IS: Table 5 PUC; other causes: WHO/Adam) PIF draws; burden weights fixed"
"Road Injuries","Injuries","HED -25%: no shift","30-44",284.561442312744,238.556610989631,324.839651700954,14,"Joint 2.5% and 97.5% quantiles across synchronized Primary RR (IS: Table 5 PUC; other causes: WHO/Adam) PIF draws; burden weights fixed"
"Road Injuries","Injuries","HED -25%: no shift","45-59",226.525117526706,187.715244734932,263.692818965415,14,"Joint 2.5% and 97.5% quantiles across synchronized Primary RR (IS: Table 5 PUC; other causes: WHO/Adam) PIF draws; burden weights fixed"
"Road Injuries","Injuries","HED -25%: no shift","60-65",58.3827257199227,47.4022432928681,70.264667514983,14,"Joint 2.5% and 97.5% quantiles across synchronized Primary RR (IS: Table 5 PUC; other causes: WHO/Adam) PIF draws; burden weights fixed"
"Unintentional Injuries","Injuries","HED -25%: no shift","15-29",150.911748940215,119.94999522569,180.898547174832,14,"Joint 2.5% and 97.5% quantiles across synchronized Primary RR (IS: Table 5 PUC; other causes: WHO/Adam) PIF draws; burden weights fixed"
"Unintentional Injuries","Injuries","HED -25%: no shift","30-44",222.876476738364,176.729508556627,265.597731838388,14,"Joint 2.5% and 97.5% quantiles across synchronized Primary RR (IS: Table 5 PUC; other causes: WHO/Adam) PIF draws; burden weights fixed"
"Unintentional Injuries","Injuries","HED -25%: no shift","45-59",216.845554314645,172.545570401842,262.231665269321,14,"Joint 2.5% and 97.5% quantiles across synchronized Primary RR (IS: Table 5 PUC; other causes: WHO/Adam) PIF draws; burden weights fixed"
"Unintentional Injuries","Injuries","HED -25%: no shift","60-65",61.9957667979534,48.5884040076509,76.9569487746027,14,"Joint 2.5% and 97.5% quantiles across synchronized Primary RR (IS: Table 5 PUC; other causes: WHO/Adam) PIF draws; burden weights fixed"
"Intentional Injuries","Injuries","HED -50%: no shift","15-29",490.329382734007,342.823082183935,636.334155311554,14,"Joint 2.5% and 97.5% quantiles across synchronized Primary RR (IS: Table 5 PUC; other causes: WHO/Adam) PIF draws; burden weights fixed"
"Intentional Injuries","Injuries","HED -50%: no shift","30-44",563.956456996635,392.665639849447,728.185495251089,14,"Joint 2.5% and 97.5% quantiles across synchronized Primary RR (IS: Table 5 PUC; other causes: WHO/Adam) PIF draws; burden weights fixed"
"Intentional Injuries","Injuries","HED -50%: no shift","45-59",331.120352634973,229.554109142648,439.658434126931,14,"Joint 2.5% and 97.5% quantiles across synchronized Primary RR (IS: Table 5 PUC; other causes: WHO/Adam) PIF draws; burden weights fixed"
"Intentional Injuries","Injuries","HED -50%: no shift","60-65",60.1889341766776,40.5432861290348,83.2439460323104,14,"Joint 2.5% and 97.5% quantiles across synchronized Primary RR (IS: Table 5 PUC; other causes: WHO/Adam) PIF draws; burden weights fixed"
"Ischaemic Heart Disease","Cardiovascular","HED -50%: no shift","15-29",3.15139247235058,1.93968458878609,4.78817952612595,14,"Joint 2.5% and 97.5% quantiles across synchronized Primary RR (IS: Table 5 PUC; other causes: WHO/Adam) PIF draws; burden weights fixed"
"Ischaemic Heart Disease","Cardiovascular","HED -50%: no shift","30-44",24.9585081467115,19.1121711646165,34.1416951932671,14,"Joint 2.5% and 97.5% quantiles across synchronized Primary RR (IS: Table 5 PUC; other causes: WHO/Adam) PIF draws; burden weights fixed"
"Ischaemic Heart Disease","Cardiovascular","HED -50%: no shift","45-59",99.0952790951902,76.1086456587259,135.043809430279,14,"Joint 2.5% and 97.5% quantiles across synchronized Primary RR (IS: Table 5 PUC; other causes: WHO/Adam) PIF draws; burden weights fixed"
"Ischaemic Heart Disease","Cardiovascular","HED -50%: no shift","60-65",50.9917457019159,38.7497570258349,69.7528042862221,14,"Joint 2.5% and 97.5% quantiles across synchronized Primary RR (IS: Table 5 PUC; other causes: WHO/Adam) PIF draws; burden weights fixed"
"Ischaemic Stroke","Cardiovascular","HED -50%: no shift","15-29",0.589904199092211,0.507571456825661,0.724920862974304,14,"Joint 2.5% and 97.5% quantiles across synchronized Primary RR (IS: Table 5 PUC; other causes: WHO/Adam) PIF draws; burden weights fixed"
"Ischaemic Stroke","Cardiovascular","HED -50%: no shift","30-44",3.17329514281117,2.7675387734105,3.85617944619801,14,"Joint 2.5% and 97.5% quantiles across synchronized Primary RR (IS: Table 5 PUC; other causes: WHO/Adam) PIF draws; burden weights fixed"
"Ischaemic Stroke","Cardiovascular","HED -50%: no shift","45-59",14.1711920421517,12.3040835524859,17.3748081989121,14,"Joint 2.5% and 97.5% quantiles across synchronized Primary RR (IS: Table 5 PUC; other causes: WHO/Adam) PIF draws; burden weights fixed"
"Ischaemic Stroke","Cardiovascular","HED -50%: no shift","60-65",10.5976969455773,8.99424346260405,13.3280811730399,14,"Joint 2.5% and 97.5% quantiles across synchronized Primary RR (IS: Table 5 PUC; other causes: WHO/Adam) PIF draws; burden weights fixed"
"Road Injuries","Injuries","HED -50%: no shift","15-29",538.46453528851,451.905292096292,615.952457357896,14,"Joint 2.5% and 97.5% quantiles across synchronized Primary RR (IS: Table 5 PUC; other causes: WHO/Adam) PIF draws; burden weights fixed"
"Road Injuries","Injuries","HED -50%: no shift","30-44",569.122884625488,477.113221979263,649.679303401909,14,"Joint 2.5% and 97.5% quantiles across synchronized Primary RR (IS: Table 5 PUC; other causes: WHO/Adam) PIF draws; burden weights fixed"
"Road Injuries","Injuries","HED -50%: no shift","45-59",453.050235053412,375.430489469864,527.385637930831,14,"Joint 2.5% and 97.5% quantiles across synchronized Primary RR (IS: Table 5 PUC; other causes: WHO/Adam) PIF draws; burden weights fixed"
"Road Injuries","Injuries","HED -50%: no shift","60-65",116.765451439845,94.8044865857362,140.529335029966,14,"Joint 2.5% and 97.5% quantiles across synchronized Primary RR (IS: Table 5 PUC; other causes: WHO/Adam) PIF draws; burden weights fixed"
"Unintentional Injuries","Injuries","HED -50%: no shift","15-29",301.82349788043,239.899990451379,361.797094349663,14,"Joint 2.5% and 97.5% quantiles across synchronized Primary RR (IS: Table 5 PUC; other causes: WHO/Adam) PIF draws; burden weights fixed"
"Unintentional Injuries","Injuries","HED -50%: no shift","30-44",445.752953476728,353.459017113254,531.195463676776,14,"Joint 2.5% and 97.5% quantiles across synchronized Primary RR (IS: Table 5 PUC; other causes: WHO/Adam) PIF draws; burden weights fixed"
"Unintentional Injuries","Injuries","HED -50%: no shift","45-59",433.69110862929,345.091140803684,524.463330538641,14,"Joint 2.5% and 97.5% quantiles across synchronized Primary RR (IS: Table 5 PUC; other causes: WHO/Adam) PIF draws; burden weights fixed"
"Unintentional Injuries","Injuries","HED -50%: no shift","60-65",123.991533595907,97.1768080153018,153.913897549205,14,"Joint 2.5% and 97.5% quantiles across synchronized Primary RR (IS: Table 5 PUC; other causes: WHO/Adam) PIF draws; burden weights fixed"
"Intentional Injuries","Injuries","HED -10%: half shift","15-29",101.403406348973,72.2599786442454,130.278801944841,14,"Joint 2.5% and 97.5% quantiles across synchronized Primary RR (IS: Table 5 PUC; other causes: WHO/Adam) PIF draws; burden weights fixed"
"Intentional Injuries","Injuries","HED -10%: half shift","30-44",116.526874082102,82.6079009365076,149.040917430303,14,"Joint 2.5% and 97.5% quantiles across synchronized Primary RR (IS: Table 5 PUC; other causes: WHO/Adam) PIF draws; burden weights fixed"
"Intentional Injuries","Injuries","HED -10%: half shift","45-59",68.0940917806468,47.8324533192212,89.6776588049482,14,"Joint 2.5% and 97.5% quantiles across synchronized Primary RR (IS: Table 5 PUC; other causes: WHO/Adam) PIF draws; burden weights fixed"
"Intentional Injuries","Injuries","HED -10%: half shift","60-65",12.3685460414988,8.46392283234683,16.9686021799741,14,"Joint 2.5% and 97.5% quantiles across synchronized Primary RR (IS: Table 5 PUC; other causes: WHO/Adam) PIF draws; burden weights fixed"
"Ischaemic Heart Disease","Cardiovascular","HED -10%: half shift","15-29",0.739690659587124,0.525676206200585,1.05137445947997,14,"Joint 2.5% and 97.5% quantiles across synchronized Primary RR (IS: Table 5 PUC; other causes: WHO/Adam) PIF draws; burden weights fixed"
"Ischaemic Heart Disease","Cardiovascular","HED -10%: half shift","30-44",5.7145469714619,4.71831226922923,7.37026608169712,14,"Joint 2.5% and 97.5% quantiles across synchronized Primary RR (IS: Table 5 PUC; other causes: WHO/Adam) PIF draws; burden weights fixed"
"Ischaemic Heart Disease","Cardiovascular","HED -10%: half shift","45-59",23.8550629943569,19.7485089530475,30.5938346984288,14,"Joint 2.5% and 97.5% quantiles across synchronized Primary RR (IS: Table 5 PUC; other causes: WHO/Adam) PIF draws; burden weights fixed"
"Ischaemic Heart Disease","Cardiovascular","HED -10%: half shift","60-65",11.8571873333856,9.69411231402304,15.3850245735443,14,"Joint 2.5% and 97.5% quantiles across synchronized Primary RR (IS: Table 5 PUC; other causes: WHO/Adam) PIF draws; burden weights fixed"
"Ischaemic Stroke","Cardiovascular","HED -10%: half shift","15-29",0.237691626138412,0.227314452537279,0.260306949220325,14,"Joint 2.5% and 97.5% quantiles across synchronized Primary RR (IS: Table 5 PUC; other causes: WHO/Adam) PIF draws; burden weights fixed"
"Ischaemic Stroke","Cardiovascular","HED -10%: half shift","30-44",1.13481854960071,1.08938846121856,1.24175332302747,14,"Joint 2.5% and 97.5% quantiles across synchronized Primary RR (IS: Table 5 PUC; other causes: WHO/Adam) PIF draws; burden weights fixed"
"Ischaemic Stroke","Cardiovascular","HED -10%: half shift","45-59",4.99535608137209,4.80220747040203,5.47532565623335,14,"Joint 2.5% and 97.5% quantiles across synchronized Primary RR (IS: Table 5 PUC; other causes: WHO/Adam) PIF draws; burden weights fixed"
"Ischaemic Stroke","Cardiovascular","HED -10%: half shift","60-65",3.57748081081548,3.3401092809036,4.04248722544759,14,"Joint 2.5% and 97.5% quantiles across synchronized Primary RR (IS: Table 5 PUC; other causes: WHO/Adam) PIF draws; burden weights fixed"
"Road Injuries","Injuries","HED -10%: half shift","15-29",110.264498720911,93.2184410383589,125.531169461239,14,"Joint 2.5% and 97.5% quantiles across synchronized Primary RR (IS: Table 5 PUC; other causes: WHO/Adam) PIF draws; burden weights fixed"
"Road Injuries","Injuries","HED -10%: half shift","30-44",116.470953239258,98.3174689836425,132.321789852678,14,"Joint 2.5% and 97.5% quantiles across synchronized Primary RR (IS: Table 5 PUC; other causes: WHO/Adam) PIF draws; burden weights fixed"
"Road Injuries","Injuries","HED -10%: half shift","45-59",92.413124827179,77.0060549406084,107.165174847357,14,"Joint 2.5% and 97.5% quantiles across synchronized Primary RR (IS: Table 5 PUC; other causes: WHO/Adam) PIF draws; burden weights fixed"
"Road Injuries","Injuries","HED -10%: half shift","60-65",23.8009564415335,19.4277859557651,28.5297423031422,14,"Joint 2.5% and 97.5% quantiles across synchronized Primary RR (IS: Table 5 PUC; other causes: WHO/Adam) PIF draws; burden weights fixed"
"Unintentional Injuries","Injuries","HED -10%: half shift","15-29",61.8910120999671,49.6053583576866,73.8121895226165,14,"Joint 2.5% and 97.5% quantiles across synchronized Primary RR (IS: Table 5 PUC; other causes: WHO/Adam) PIF draws; burden weights fixed"
"Unintentional Injuries","Injuries","HED -10%: half shift","30-44",91.3676153779943,72.9909124080127,108.348112233405,14,"Joint 2.5% and 97.5% quantiles across synchronized Primary RR (IS: Table 5 PUC; other causes: WHO/Adam) PIF draws; burden weights fixed"
"Unintentional Injuries","Injuries","HED -10%: half shift","45-59",88.5575644804307,70.9095379873216,106.652149417444,14,"Joint 2.5% and 97.5% quantiles across synchronized Primary RR (IS: Table 5 PUC; other causes: WHO/Adam) PIF draws; burden weights fixed"
"Unintentional Injuries","Injuries","HED -10%: half shift","60-65",25.30286426968,19.9628256407631,31.2861087990491,14,"Joint 2.5% and 97.5% quantiles across synchronized Primary RR (IS: Table 5 PUC; other causes: WHO/Adam) PIF draws; burden weights fixed"
"Intentional Injuries","Injuries","HED -25%: half shift","15-29",253.508515872432,180.649946610613,325.697004862103,14,"Joint 2.5% and 97.5% quantiles across synchronized Primary RR (IS: Table 5 PUC; other causes: WHO/Adam) PIF draws; burden weights fixed"
"Intentional Injuries","Injuries","HED -25%: half shift","30-44",291.317185205254,206.519752341269,372.602293575758,14,"Joint 2.5% and 97.5% quantiles across synchronized Primary RR (IS: Table 5 PUC; other causes: WHO/Adam) PIF draws; burden weights fixed"
"Intentional Injuries","Injuries","HED -25%: half shift","45-59",170.235229451617,119.581133298053,224.194147012371,14,"Joint 2.5% and 97.5% quantiles across synchronized Primary RR (IS: Table 5 PUC; other causes: WHO/Adam) PIF draws; burden weights fixed"
"Intentional Injuries","Injuries","HED -25%: half shift","60-65",30.921365103747,21.1598070808671,42.4215054499353,14,"Joint 2.5% and 97.5% quantiles across synchronized Primary RR (IS: Table 5 PUC; other causes: WHO/Adam) PIF draws; burden weights fixed"
"Ischaemic Heart Disease","Cardiovascular","HED -25%: half shift","15-29",1.84922664896778,1.31419051550146,2.62843614869994,14,"Joint 2.5% and 97.5% quantiles across synchronized Primary RR (IS: Table 5 PUC; other causes: WHO/Adam) PIF draws; burden weights fixed"
"Ischaemic Heart Disease","Cardiovascular","HED -25%: half shift","30-44",14.2863674286549,11.7957806730732,18.4256652042426,14,"Joint 2.5% and 97.5% quantiles across synchronized Primary RR (IS: Table 5 PUC; other causes: WHO/Adam) PIF draws; burden weights fixed"
"Ischaemic Heart Disease","Cardiovascular","HED -25%: half shift","45-59",59.6376574858928,49.3712723826197,76.4845867460714,14,"Joint 2.5% and 97.5% quantiles across synchronized Primary RR (IS: Table 5 PUC; other causes: WHO/Adam) PIF draws; burden weights fixed"
"Ischaemic Heart Disease","Cardiovascular","HED -25%: half shift","60-65",29.6429683334637,24.2352807850575,38.4625614338606,14,"Joint 2.5% and 97.5% quantiles across synchronized Primary RR (IS: Table 5 PUC; other causes: WHO/Adam) PIF draws; burden weights fixed"
"Ischaemic Stroke","Cardiovascular","HED -25%: half shift","15-29",0.594229065346026,0.5682861313432,0.650767373050814,14,"Joint 2.5% and 97.5% quantiles across synchronized Primary RR (IS: Table 5 PUC; other causes: WHO/Adam) PIF draws; burden weights fixed"
"Ischaemic Stroke","Cardiovascular","HED -25%: half shift","30-44",2.83704637400177,2.72347115304642,3.10438330756866,14,"Joint 2.5% and 97.5% quantiles across synchronized Primary RR (IS: Table 5 PUC; other causes: WHO/Adam) PIF draws; burden weights fixed"
"Ischaemic Stroke","Cardiovascular","HED -25%: half shift","45-59",12.4883902034302,12.0055186760052,13.6883141405834,14,"Joint 2.5% and 97.5% quantiles across synchronized Primary RR (IS: Table 5 PUC; other causes: WHO/Adam) PIF draws; burden weights fixed"
"Ischaemic Stroke","Cardiovascular","HED -25%: half shift","60-65",8.94370202703866,8.35027320225905,10.1062180636191,14,"Joint 2.5% and 97.5% quantiles across synchronized Primary RR (IS: Table 5 PUC; other causes: WHO/Adam) PIF draws; burden weights fixed"
"Road Injuries","Injuries","HED -25%: half shift","15-29",275.661246802277,233.046102595898,313.827923653097,14,"Joint 2.5% and 97.5% quantiles across synchronized Primary RR (IS: Table 5 PUC; other causes: WHO/Adam) PIF draws; burden weights fixed"
"Road Injuries","Injuries","HED -25%: half shift","30-44",291.177383098145,245.793672459106,330.804474631695,14,"Joint 2.5% and 97.5% quantiles across synchronized Primary RR (IS: Table 5 PUC; other causes: WHO/Adam) PIF draws; burden weights fixed"
"Road Injuries","Injuries","HED -25%: half shift","45-59",231.032812067947,192.515137351521,267.912937118391,14,"Joint 2.5% and 97.5% quantiles across synchronized Primary RR (IS: Table 5 PUC; other causes: WHO/Adam) PIF draws; burden weights fixed"
"Road Injuries","Injuries","HED -25%: half shift","60-65",59.5023911038335,48.5694648894128,71.3243557578555,14,"Joint 2.5% and 97.5% quantiles across synchronized Primary RR (IS: Table 5 PUC; other causes: WHO/Adam) PIF draws; burden weights fixed"
"Unintentional Injuries","Injuries","HED -25%: half shift","15-29",154.727530249918,124.013395894216,184.530473806541,14,"Joint 2.5% and 97.5% quantiles across synchronized Primary RR (IS: Table 5 PUC; other causes: WHO/Adam) PIF draws; burden weights fixed"
"Unintentional Injuries","Injuries","HED -25%: half shift","30-44",228.419038444986,182.477281020032,270.870280583514,14,"Joint 2.5% and 97.5% quantiles across synchronized Primary RR (IS: Table 5 PUC; other causes: WHO/Adam) PIF draws; burden weights fixed"
"Unintentional Injuries","Injuries","HED -25%: half shift","45-59",221.393911201077,177.273844968304,266.630373543611,14,"Joint 2.5% and 97.5% quantiles across synchronized Primary RR (IS: Table 5 PUC; other causes: WHO/Adam) PIF draws; burden weights fixed"
"Unintentional Injuries","Injuries","HED -25%: half shift","60-65",63.2571606742001,49.9070641019078,78.2152719976229,14,"Joint 2.5% and 97.5% quantiles across synchronized Primary RR (IS: Table 5 PUC; other causes: WHO/Adam) PIF draws; burden weights fixed"
"Intentional Injuries","Injuries","HED -50%: half shift","15-29",507.017031744864,361.299893221227,651.394009724205,14,"Joint 2.5% and 97.5% quantiles across synchronized Primary RR (IS: Table 5 PUC; other causes: WHO/Adam) PIF draws; burden weights fixed"
"Intentional Injuries","Injuries","HED -50%: half shift","30-44",582.634370410507,413.039504682538,745.204587151517,14,"Joint 2.5% and 97.5% quantiles across synchronized Primary RR (IS: Table 5 PUC; other causes: WHO/Adam) PIF draws; burden weights fixed"
"Intentional Injuries","Injuries","HED -50%: half shift","45-59",340.470458903234,239.162266596106,448.388294024742,14,"Joint 2.5% and 97.5% quantiles across synchronized Primary RR (IS: Table 5 PUC; other causes: WHO/Adam) PIF draws; burden weights fixed"
"Intentional Injuries","Injuries","HED -50%: half shift","60-65",61.8427302074939,42.3196141617343,84.8430108998707,14,"Joint 2.5% and 97.5% quantiles across synchronized Primary RR (IS: Table 5 PUC; other causes: WHO/Adam) PIF draws; burden weights fixed"
"Ischaemic Heart Disease","Cardiovascular","HED -50%: half shift","15-29",3.69845329793558,2.62838103100292,5.25687229739988,14,"Joint 2.5% and 97.5% quantiles across synchronized Primary RR (IS: Table 5 PUC; other causes: WHO/Adam) PIF draws; burden weights fixed"
"Ischaemic Heart Disease","Cardiovascular","HED -50%: half shift","30-44",28.5727348573098,23.5915613461465,36.8513304084851,14,"Joint 2.5% and 97.5% quantiles across synchronized Primary RR (IS: Table 5 PUC; other causes: WHO/Adam) PIF draws; burden weights fixed"
"Ischaemic Heart Disease","Cardiovascular","HED -50%: half shift","45-59",119.275314971785,98.7425447652391,152.969173492142,14,"Joint 2.5% and 97.5% quantiles across synchronized Primary RR (IS: Table 5 PUC; other causes: WHO/Adam) PIF draws; burden weights fixed"
"Ischaemic Heart Disease","Cardiovascular","HED -50%: half shift","60-65",59.2859366669273,48.4705615701147,76.9251228677212,14,"Joint 2.5% and 97.5% quantiles across synchronized Primary RR (IS: Table 5 PUC; other causes: WHO/Adam) PIF draws; burden weights fixed"
"Ischaemic Stroke","Cardiovascular","HED -50%: half shift","15-29",1.18845813069205,1.1365722626864,1.30153474610162,14,"Joint 2.5% and 97.5% quantiles across synchronized Primary RR (IS: Table 5 PUC; other causes: WHO/Adam) PIF draws; burden weights fixed"
"Ischaemic Stroke","Cardiovascular","HED -50%: half shift","30-44",5.67409274800352,5.44694230609286,6.20876661513732,14,"Joint 2.5% and 97.5% quantiles across synchronized Primary RR (IS: Table 5 PUC; other causes: WHO/Adam) PIF draws; burden weights fixed"
"Ischaemic Stroke","Cardiovascular","HED -50%: half shift","45-59",24.9767804068605,24.0110373520103,27.3766282811669,14,"Joint 2.5% and 97.5% quantiles across synchronized Primary RR (IS: Table 5 PUC; other causes: WHO/Adam) PIF draws; burden weights fixed"
"Ischaemic Stroke","Cardiovascular","HED -50%: half shift","60-65",17.8874040540773,16.7005464045181,20.2124361272381,14,"Joint 2.5% and 97.5% quantiles across synchronized Primary RR (IS: Table 5 PUC; other causes: WHO/Adam) PIF draws; burden weights fixed"
"Road Injuries","Injuries","HED -50%: half shift","15-29",551.322493604553,466.092205191795,627.655847306194,14,"Joint 2.5% and 97.5% quantiles across synchronized Primary RR (IS: Table 5 PUC; other causes: WHO/Adam) PIF draws; burden weights fixed"
"Road Injuries","Injuries","HED -50%: half shift","30-44",582.35476619629,491.587344918213,661.608949263391,14,"Joint 2.5% and 97.5% quantiles across synchronized Primary RR (IS: Table 5 PUC; other causes: WHO/Adam) PIF draws; burden weights fixed"
"Road Injuries","Injuries","HED -50%: half shift","45-59",462.065624135895,385.030274703042,535.825874236783,14,"Joint 2.5% and 97.5% quantiles across synchronized Primary RR (IS: Table 5 PUC; other causes: WHO/Adam) PIF draws; burden weights fixed"
"Road Injuries","Injuries","HED -50%: half shift","60-65",119.004782207667,97.1389297788255,142.648711515711,14,"Joint 2.5% and 97.5% quantiles across synchronized Primary RR (IS: Table 5 PUC; other causes: WHO/Adam) PIF draws; burden weights fixed"
"Unintentional Injuries","Injuries","HED -50%: half shift","15-29",309.455060499835,248.026791788433,369.060947613083,14,"Joint 2.5% and 97.5% quantiles across synchronized Primary RR (IS: Table 5 PUC; other causes: WHO/Adam) PIF draws; burden weights fixed"
"Unintentional Injuries","Injuries","HED -50%: half shift","30-44",456.838076889972,364.954562040063,541.740561167027,14,"Joint 2.5% and 97.5% quantiles across synchronized Primary RR (IS: Table 5 PUC; other causes: WHO/Adam) PIF draws; burden weights fixed"
"Unintentional Injuries","Injuries","HED -50%: half shift","45-59",442.787822402154,354.547689936608,533.260747087221,14,"Joint 2.5% and 97.5% quantiles across synchronized Primary RR (IS: Table 5 PUC; other causes: WHO/Adam) PIF draws; burden weights fixed"
"Unintentional Injuries","Injuries","HED -50%: half shift","60-65",126.5143213484,99.8141282038154,156.430543995246,14,"Joint 2.5% and 97.5% quantiles across synchronized Primary RR (IS: Table 5 PUC; other causes: WHO/Adam) PIF draws; burden weights fixed"
"Intentional Injuries","Injuries","HED -10%: complete shift","15-29",104.740936151144,75.7728995326008,133.342299061203,14,"Joint 2.5% and 97.5% quantiles across synchronized Primary RR (IS: Table 5 PUC; other causes: WHO/Adam) PIF draws; burden weights fixed"
"Intentional Injuries","Injuries","HED -10%: complete shift","30-44",120.262456764876,86.5098858583845,152.619172165973,14,"Joint 2.5% and 97.5% quantiles across synchronized Primary RR (IS: Table 5 PUC; other causes: WHO/Adam) PIF draws; burden weights fixed"
"Intentional Injuries","Injuries","HED -10%: complete shift","45-59",69.9641130342988,49.8133799717437,91.4694543296502,14,"Joint 2.5% and 97.5% quantiles across synchronized Primary RR (IS: Table 5 PUC; other causes: WHO/Adam) PIF draws; burden weights fixed"
"Intentional Injuries","Injuries","HED -10%: complete shift","60-65",12.699305247662,8.81673689104526,17.2973505850577,14,"Joint 2.5% and 97.5% quantiles across synchronized Primary RR (IS: Table 5 PUC; other causes: WHO/Adam) PIF draws; burden weights fixed"
"Ischaemic Heart Disease","Cardiovascular","HED -10%: complete shift","15-29",0.849102824704122,0.649458103441226,1.17030961831207,14,"Joint 2.5% and 97.5% quantiles across synchronized Primary RR (IS: Table 5 PUC; other causes: WHO/Adam) PIF draws; burden weights fixed"
"Ischaemic Heart Disease","Cardiovascular","HED -10%: complete shift","30-44",6.43739231358157,5.51321466152636,8.05787779847932,14,"Joint 2.5% and 97.5% quantiles across synchronized Primary RR (IS: Table 5 PUC; other causes: WHO/Adam) PIF draws; burden weights fixed"
"Ischaemic Heart Disease","Cardiovascular","HED -10%: complete shift","45-59",27.891070169676,23.7655967054702,34.7999292633137,14,"Joint 2.5% and 97.5% quantiles across synchronized Primary RR (IS: Table 5 PUC; other causes: WHO/Adam) PIF draws; burden weights fixed"
"Ischaemic Heart Disease","Cardiovascular","HED -10%: complete shift","60-65",13.516025526388,11.347298931091,17.1936347441418,14,"Joint 2.5% and 97.5% quantiles across synchronized Primary RR (IS: Table 5 PUC; other causes: WHO/Adam) PIF draws; burden weights fixed"
"Ischaemic Stroke","Cardiovascular","HED -10%: complete shift","15-29",0.357402412458379,0.329973556027316,0.40328328862565,14,"Joint 2.5% and 97.5% quantiles across synchronized Primary RR (IS: Table 5 PUC; other causes: WHO/Adam) PIF draws; burden weights fixed"
"Ischaemic Stroke","Cardiovascular","HED -10%: complete shift","30-44",1.63497807063918,1.52571925404641,1.83470835492536,14,"Joint 2.5% and 97.5% quantiles across synchronized Primary RR (IS: Table 5 PUC; other causes: WHO/Adam) PIF draws; burden weights fixed"
"Ischaemic Stroke","Cardiovascular","HED -10%: complete shift","45-59",7.1564737543138,6.73462888132874,8.02295815735368,14,"Joint 2.5% and 97.5% quantiles across synchronized Primary RR (IS: Table 5 PUC; other causes: WHO/Adam) PIF draws; burden weights fixed"
"Ischaemic Stroke","Cardiovascular","HED -10%: complete shift","60-65",5.0354222325155,4.58427857768886,5.8077255401605,14,"Joint 2.5% and 97.5% quantiles across synchronized Primary RR (IS: Table 5 PUC; other causes: WHO/Adam) PIF draws; burden weights fixed"
"Road Injuries","Injuries","HED -10%: complete shift","15-29",112.836090384119,95.9090236623477,127.922208593004,14,"Joint 2.5% and 97.5% quantiles across synchronized Primary RR (IS: Table 5 PUC; other causes: WHO/Adam) PIF draws; burden weights fixed"
"Road Injuries","Injuries","HED -10%: complete shift","30-44",119.117329553418,101.181824095221,134.757390859927,14,"Joint 2.5% and 97.5% quantiles across synchronized Primary RR (IS: Table 5 PUC; other causes: WHO/Adam) PIF draws; burden weights fixed"
"Road Injuries","Injuries","HED -10%: complete shift","45-59",94.2162026436754,78.8746272657849,108.888241319057,14,"Joint 2.5% and 97.5% quantiles across synchronized Primary RR (IS: Table 5 PUC; other causes: WHO/Adam) PIF draws; burden weights fixed"
"Road Injuries","Injuries","HED -10%: complete shift","60-65",24.2488225950978,19.8885348001594,28.9593315586455,14,"Joint 2.5% and 97.5% quantiles across synchronized Primary RR (IS: Table 5 PUC; other causes: WHO/Adam) PIF draws; burden weights fixed"
"Unintentional Injuries","Injuries","HED -10%: complete shift","15-29",63.4173246238482,51.1840329496411,75.3148643502768,14,"Joint 2.5% and 97.5% quantiles across synchronized Primary RR (IS: Table 5 PUC; other causes: WHO/Adam) PIF draws; burden weights fixed"
"Unintentional Injuries","Injuries","HED -10%: complete shift","30-44",93.5846400606431,75.3575904441963,110.467256101051,14,"Joint 2.5% and 97.5% quantiles across synchronized Primary RR (IS: Table 5 PUC; other causes: WHO/Adam) PIF draws; burden weights fixed"
"Unintentional Injuries","Injuries","HED -10%: complete shift","45-59",90.3769072350034,72.7782600897674,108.3885292082,14,"Joint 2.5% and 97.5% quantiles across synchronized Primary RR (IS: Table 5 PUC; other causes: WHO/Adam) PIF draws; burden weights fixed"
"Unintentional Injuries","Injuries","HED -10%: complete shift","60-65",25.8074218201786,20.4956227470593,31.7861005936181,14,"Joint 2.5% and 97.5% quantiles across synchronized Primary RR (IS: Table 5 PUC; other causes: WHO/Adam) PIF draws; burden weights fixed"
"Intentional Injuries","Injuries","HED -25%: complete shift","15-29",261.852340377861,189.432248831502,333.355747653008,14,"Joint 2.5% and 97.5% quantiles across synchronized Primary RR (IS: Table 5 PUC; other causes: WHO/Adam) PIF draws; burden weights fixed"
"Intentional Injuries","Injuries","HED -25%: complete shift","30-44",300.65614191219,216.274714645961,381.547930414932,14,"Joint 2.5% and 97.5% quantiles across synchronized Primary RR (IS: Table 5 PUC; other causes: WHO/Adam) PIF draws; burden weights fixed"
"Intentional Injuries","Injuries","HED -25%: complete shift","45-59",174.910282585747,124.533449929359,228.673635824126,14,"Joint 2.5% and 97.5% quantiles across synchronized Primary RR (IS: Table 5 PUC; other causes: WHO/Adam) PIF draws; burden weights fixed"
"Intentional Injuries","Injuries","HED -25%: complete shift","60-65",31.7482631191552,22.0418422276133,43.2433764626443,14,"Joint 2.5% and 97.5% quantiles across synchronized Primary RR (IS: Table 5 PUC; other causes: WHO/Adam) PIF draws; burden weights fixed"
"Ischaemic Heart Disease","Cardiovascular","HED -25%: complete shift","15-29",2.12275706176028,1.62364525860308,2.92577404578019,14,"Joint 2.5% and 97.5% quantiles across synchronized Primary RR (IS: Table 5 PUC; other causes: WHO/Adam) PIF draws; burden weights fixed"
"Ischaemic Heart Disease","Cardiovascular","HED -25%: complete shift","30-44",16.093480783954,13.7830366538161,20.1446944961984,14,"Joint 2.5% and 97.5% quantiles across synchronized Primary RR (IS: Table 5 PUC; other causes: WHO/Adam) PIF draws; burden weights fixed"
"Ischaemic Heart Disease","Cardiovascular","HED -25%: complete shift","45-59",69.7276754241905,59.4139917636755,86.9998231582839,14,"Joint 2.5% and 97.5% quantiles across synchronized Primary RR (IS: Table 5 PUC; other causes: WHO/Adam) PIF draws; burden weights fixed"
"Ischaemic Heart Disease","Cardiovascular","HED -25%: complete shift","60-65",33.7900638159692,28.3682473277274,42.9840868603546,14,"Joint 2.5% and 97.5% quantiles across synchronized Primary RR (IS: Table 5 PUC; other causes: WHO/Adam) PIF draws; burden weights fixed"
"Ischaemic Stroke","Cardiovascular","HED -25%: complete shift","15-29",0.893506031145946,0.824933890068287,1.00820822156413,14,"Joint 2.5% and 97.5% quantiles across synchronized Primary RR (IS: Table 5 PUC; other causes: WHO/Adam) PIF draws; burden weights fixed"
"Ischaemic Stroke","Cardiovascular","HED -25%: complete shift","30-44",4.08744517659795,3.81429813511603,4.5867708873134,14,"Joint 2.5% and 97.5% quantiles across synchronized Primary RR (IS: Table 5 PUC; other causes: WHO/Adam) PIF draws; burden weights fixed"
"Ischaemic Stroke","Cardiovascular","HED -25%: complete shift","45-59",17.8911843857846,16.836572203322,20.0573953933842,14,"Joint 2.5% and 97.5% quantiles across synchronized Primary RR (IS: Table 5 PUC; other causes: WHO/Adam) PIF draws; burden weights fixed"
"Ischaemic Stroke","Cardiovascular","HED -25%: complete shift","60-65",12.5885555812887,11.4606964442221,14.5193138504012,14,"Joint 2.5% and 97.5% quantiles across synchronized Primary RR (IS: Table 5 PUC; other causes: WHO/Adam) PIF draws; burden weights fixed"
"Road Injuries","Injuries","HED -25%: complete shift","15-29",282.090225960298,239.772559155869,319.80552148251,14,"Joint 2.5% and 97.5% quantiles across synchronized Primary RR (IS: Table 5 PUC; other causes: WHO/Adam) PIF draws; burden weights fixed"
"Road Injuries","Injuries","HED -25%: complete shift","30-44",297.793323883546,252.954560238053,336.893477149817,14,"Joint 2.5% and 97.5% quantiles across synchronized Primary RR (IS: Table 5 PUC; other causes: WHO/Adam) PIF draws; burden weights fixed"
"Road Injuries","Injuries","HED -25%: complete shift","45-59",235.540506609189,197.186568164462,272.220603297644,14,"Joint 2.5% and 97.5% quantiles across synchronized Primary RR (IS: Table 5 PUC; other causes: WHO/Adam) PIF draws; burden weights fixed"
"Road Injuries","Injuries","HED -25%: complete shift","60-65",60.6220564877443,49.7213370003984,72.3983288966136,14,"Joint 2.5% and 97.5% quantiles across synchronized Primary RR (IS: Table 5 PUC; other causes: WHO/Adam) PIF draws; burden weights fixed"
"Unintentional Injuries","Injuries","HED -25%: complete shift","15-29",158.54331155962,127.960082374103,188.287160875692,14,"Joint 2.5% and 97.5% quantiles across synchronized Primary RR (IS: Table 5 PUC; other causes: WHO/Adam) PIF draws; burden weights fixed"
"Unintentional Injuries","Injuries","HED -25%: complete shift","30-44",233.961600151608,188.393976110491,276.168140252627,14,"Joint 2.5% and 97.5% quantiles across synchronized Primary RR (IS: Table 5 PUC; other causes: WHO/Adam) PIF draws; burden weights fixed"
"Unintentional Injuries","Injuries","HED -25%: complete shift","45-59",225.942268087508,181.945650224418,270.9713230205,14,"Joint 2.5% and 97.5% quantiles across synchronized Primary RR (IS: Table 5 PUC; other causes: WHO/Adam) PIF draws; burden weights fixed"
"Unintentional Injuries","Injuries","HED -25%: complete shift","60-65",64.5185545504467,51.2390568676482,79.4652514840452,14,"Joint 2.5% and 97.5% quantiles across synchronized Primary RR (IS: Table 5 PUC; other causes: WHO/Adam) PIF draws; burden weights fixed"
"Intentional Injuries","Injuries","HED -50%: complete shift","15-29",523.704680755722,378.864497663004,666.711495306016,14,"Joint 2.5% and 97.5% quantiles across synchronized Primary RR (IS: Table 5 PUC; other causes: WHO/Adam) PIF draws; burden weights fixed"
"Intentional Injuries","Injuries","HED -50%: complete shift","30-44",601.312283824379,432.549429291922,763.095860829864,14,"Joint 2.5% and 97.5% quantiles across synchronized Primary RR (IS: Table 5 PUC; other causes: WHO/Adam) PIF draws; burden weights fixed"
"Intentional Injuries","Injuries","HED -50%: complete shift","45-59",349.820565171494,249.066899858718,457.347271648252,14,"Joint 2.5% and 97.5% quantiles across synchronized Primary RR (IS: Table 5 PUC; other causes: WHO/Adam) PIF draws; burden weights fixed"
"Intentional Injuries","Injuries","HED -50%: complete shift","60-65",63.4965262383102,44.0836844552265,86.4867529252886,14,"Joint 2.5% and 97.5% quantiles across synchronized Primary RR (IS: Table 5 PUC; other causes: WHO/Adam) PIF draws; burden weights fixed"
"Ischaemic Heart Disease","Cardiovascular","HED -50%: complete shift","15-29",4.24551412352058,3.24729051720618,5.85154809156037,14,"Joint 2.5% and 97.5% quantiles across synchronized Primary RR (IS: Table 5 PUC; other causes: WHO/Adam) PIF draws; burden weights fixed"
"Ischaemic Heart Disease","Cardiovascular","HED -50%: complete shift","30-44",32.1869615679082,27.5660733076321,40.2893889923967,14,"Joint 2.5% and 97.5% quantiles across synchronized Primary RR (IS: Table 5 PUC; other causes: WHO/Adam) PIF draws; burden weights fixed"
"Ischaemic Heart Disease","Cardiovascular","HED -50%: complete shift","45-59",139.455350848381,118.827983527351,173.999646316568,14,"Joint 2.5% and 97.5% quantiles across synchronized Primary RR (IS: Table 5 PUC; other causes: WHO/Adam) PIF draws; burden weights fixed"
"Ischaemic Heart Disease","Cardiovascular","HED -50%: complete shift","60-65",67.5801276319387,56.7364946554543,85.9681737207093,14,"Joint 2.5% and 97.5% quantiles across synchronized Primary RR (IS: Table 5 PUC; other causes: WHO/Adam) PIF draws; burden weights fixed"
"Ischaemic Stroke","Cardiovascular","HED -50%: complete shift","15-29",1.78701206229189,1.64986778013657,2.01641644312825,14,"Joint 2.5% and 97.5% quantiles across synchronized Primary RR (IS: Table 5 PUC; other causes: WHO/Adam) PIF draws; burden weights fixed"
"Ischaemic Stroke","Cardiovascular","HED -50%: complete shift","30-44",8.17489035319588,7.62859627023205,9.17354177462681,14,"Joint 2.5% and 97.5% quantiles across synchronized Primary RR (IS: Table 5 PUC; other causes: WHO/Adam) PIF draws; burden weights fixed"
"Ischaemic Stroke","Cardiovascular","HED -50%: complete shift","45-59",35.7823687715692,33.673144406644,40.1147907867682,14,"Joint 2.5% and 97.5% quantiles across synchronized Primary RR (IS: Table 5 PUC; other causes: WHO/Adam) PIF draws; burden weights fixed"
"Ischaemic Stroke","Cardiovascular","HED -50%: complete shift","60-65",25.1771111625773,22.9213928884443,29.0386277008024,14,"Joint 2.5% and 97.5% quantiles across synchronized Primary RR (IS: Table 5 PUC; other causes: WHO/Adam) PIF draws; burden weights fixed"
"Road Injuries","Injuries","HED -50%: complete shift","15-29",564.180451920597,479.545118311739,639.611042965019,14,"Joint 2.5% and 97.5% quantiles across synchronized Primary RR (IS: Table 5 PUC; other causes: WHO/Adam) PIF draws; burden weights fixed"
"Road Injuries","Injuries","HED -50%: complete shift","30-44",595.586647767091,505.909120476105,673.786954299635,14,"Joint 2.5% and 97.5% quantiles across synchronized Primary RR (IS: Table 5 PUC; other causes: WHO/Adam) PIF draws; burden weights fixed"
"Road Injuries","Injuries","HED -50%: complete shift","45-59",471.081013218377,394.373136328924,544.441206595287,14,"Joint 2.5% and 97.5% quantiles across synchronized Primary RR (IS: Table 5 PUC; other causes: WHO/Adam) PIF draws; burden weights fixed"
"Road Injuries","Injuries","HED -50%: complete shift","60-65",121.244112975489,99.4426740007967,144.796657793227,14,"Joint 2.5% and 97.5% quantiles across synchronized Primary RR (IS: Table 5 PUC; other causes: WHO/Adam) PIF draws; burden weights fixed"
"Unintentional Injuries","Injuries","HED -50%: complete shift","15-29",317.086623119241,255.920164748205,376.574321751384,14,"Joint 2.5% and 97.5% quantiles across synchronized Primary RR (IS: Table 5 PUC; other causes: WHO/Adam) PIF draws; burden weights fixed"
"Unintentional Injuries","Injuries","HED -50%: complete shift","30-44",467.923200303215,376.787952220981,552.336280505254,14,"Joint 2.5% and 97.5% quantiles across synchronized Primary RR (IS: Table 5 PUC; other causes: WHO/Adam) PIF draws; burden weights fixed"
"Unintentional Injuries","Injuries","HED -50%: complete shift","45-59",451.884536175017,363.891300448837,541.942646041,14,"Joint 2.5% and 97.5% quantiles across synchronized Primary RR (IS: Table 5 PUC; other causes: WHO/Adam) PIF draws; burden weights fixed"
"Unintentional Injuries","Injuries","HED -50%: complete shift","60-65",129.037109100893,102.478113735296,158.93050296809,14,"Joint 2.5% and 97.5% quantiles across synchronized Primary RR (IS: Table 5 PUC; other causes: WHO/Adam) PIF draws; burden weights fixed"
"Intentional Injuries","Injuries","Combined 10/25: no shift","15-29",263.517004905181,188.860223887272,337.358100912394,14,"Joint 2.5% and 97.5% quantiles across synchronized Primary RR (IS: Table 5 PUC; other causes: WHO/Adam) PIF draws; burden weights fixed"
"Intentional Injuries","Injuries","Combined 10/25: no shift","30-44",304.038005853558,217.383411699014,387.036708733338,14,"Joint 2.5% and 97.5% quantiles across synchronized Primary RR (IS: Table 5 PUC; other causes: WHO/Adam) PIF draws; burden weights fixed"
"Intentional Injuries","Injuries","Combined 10/25: no shift","45-59",178.616188864112,126.874918354921,233.758394335591,14,"Joint 2.5% and 97.5% quantiles across synchronized Primary RR (IS: Table 5 PUC; other causes: WHO/Adam) PIF draws; burden weights fixed"
"Intentional Injuries","Injuries","Combined 10/25: no shift","60-65",32.8102067479507,22.842728179017,44.5556913114009,14,"Joint 2.5% and 97.5% quantiles across synchronized Primary RR (IS: Table 5 PUC; other causes: WHO/Adam) PIF draws; burden weights fixed"
"Ischaemic Heart Disease","Cardiovascular","Combined 10/25: no shift","15-29",2.43281162113448,1.89950857601276,3.26823669117487,14,"Joint 2.5% and 97.5% quantiles across synchronized Primary RR (IS: Table 5 PUC; other causes: WHO/Adam) PIF draws; burden weights fixed"
"Ischaemic Heart Disease","Cardiovascular","Combined 10/25: no shift","30-44",19.9680145873272,17.3981830442921,24.5077815288278,14,"Joint 2.5% and 97.5% quantiles across synchronized Primary RR (IS: Table 5 PUC; other causes: WHO/Adam) PIF draws; burden weights fixed"
"Ischaemic Heart Disease","Cardiovascular","Combined 10/25: no shift","45-59",83.3974960988003,72.6977310344527,101.868960549356,14,"Joint 2.5% and 97.5% quantiles across synchronized Primary RR (IS: Table 5 PUC; other causes: WHO/Adam) PIF draws; burden weights fixed"
"Ischaemic Heart Disease","Cardiovascular","Combined 10/25: no shift","60-65",42.457873076237,36.3857437312061,52.9561685600083,14,"Joint 2.5% and 97.5% quantiles across synchronized Primary RR (IS: Table 5 PUC; other causes: WHO/Adam) PIF draws; burden weights fixed"
"Ischaemic Stroke","Cardiovascular","Combined 10/25: no shift","15-29",0.933714257400301,0.85943008067486,1.06752593932175,14,"Joint 2.5% and 97.5% quantiles across synchronized Primary RR (IS: Table 5 PUC; other causes: WHO/Adam) PIF draws; burden weights fixed"
"Ischaemic Stroke","Cardiovascular","Combined 10/25: no shift","30-44",4.5525457228044,4.24064415109707,5.1195556537324,14,"Joint 2.5% and 97.5% quantiles across synchronized Primary RR (IS: Table 5 PUC; other causes: WHO/Adam) PIF draws; burden weights fixed"
"Ischaemic Stroke","Cardiovascular","Combined 10/25: no shift","45-59",18.9823934285569,17.8327464463322,21.2567306164815,14,"Joint 2.5% and 97.5% quantiles across synchronized Primary RR (IS: Table 5 PUC; other causes: WHO/Adam) PIF draws; burden weights fixed"
"Ischaemic Stroke","Cardiovascular","Combined 10/25: no shift","60-65",15.0800108040462,13.6472106044769,17.5868270153236,14,"Joint 2.5% and 97.5% quantiles across synchronized Primary RR (IS: Table 5 PUC; other causes: WHO/Adam) PIF draws; burden weights fixed"
"Road Injuries","Injuries","Combined 10/25: no shift","15-29",288.870282504288,244.555022852634,328.273238404807,14,"Joint 2.5% and 97.5% quantiles across synchronized Primary RR (IS: Table 5 PUC; other causes: WHO/Adam) PIF draws; burden weights fixed"
"Road Injuries","Injuries","Combined 10/25: no shift","30-44",306.218662681956,259.471223680707,347.383730190767,14,"Joint 2.5% and 97.5% quantiles across synchronized Primary RR (IS: Table 5 PUC; other causes: WHO/Adam) PIF draws; burden weights fixed"
"Road Injuries","Injuries","Combined 10/25: no shift","45-59",243.618996310657,203.669100251549,281.833943281144,14,"Joint 2.5% and 97.5% quantiles across synchronized Primary RR (IS: Table 5 PUC; other causes: WHO/Adam) PIF draws; burden weights fixed"
"Road Injuries","Injuries","Combined 10/25: no shift","60-65",63.22704146767,51.9045543023042,75.4446073337209,14,"Joint 2.5% and 97.5% quantiles across synchronized Primary RR (IS: Table 5 PUC; other causes: WHO/Adam) PIF draws; burden weights fixed"
"Unintentional Injuries","Injuries","Combined 10/25: no shift","15-29",160.382450726884,128.939284359448,191.017154553732,14,"Joint 2.5% and 97.5% quantiles across synchronized Primary RR (IS: Table 5 PUC; other causes: WHO/Adam) PIF draws; burden weights fixed"
"Unintentional Injuries","Injuries","Combined 10/25: no shift","30-44",237.466055258916,190.358004232326,280.993578998191,14,"Joint 2.5% and 97.5% quantiles across synchronized Primary RR (IS: Table 5 PUC; other causes: WHO/Adam) PIF draws; burden weights fixed"
"Unintentional Injuries","Injuries","Combined 10/25: no shift","45-59",230.884392536793,185.688329333339,277.032147007581,14,"Joint 2.5% and 97.5% quantiles across synchronized Primary RR (IS: Table 5 PUC; other causes: WHO/Adam) PIF draws; burden weights fixed"
"Unintentional Injuries","Injuries","Combined 10/25: no shift","60-65",66.4939575532198,52.9418085752971,81.7989965845293,14,"Joint 2.5% and 97.5% quantiles across synchronized Primary RR (IS: Table 5 PUC; other causes: WHO/Adam) PIF draws; burden weights fixed"
"Intentional Injuries","Injuries","Combined 20/50: no shift","15-29",522.84066677426,374.707607585321,669.205581519829,14,"Joint 2.5% and 97.5% quantiles across synchronized Primary RR (IS: Table 5 PUC; other causes: WHO/Adam) PIF draws; burden weights fixed"
"Intentional Injuries","Injuries","Combined 20/50: no shift","30-44",603.15060609878,431.160345811906,767.745983145879,14,"Joint 2.5% and 97.5% quantiles across synchronized Primary RR (IS: Table 5 PUC; other causes: WHO/Adam) PIF draws; burden weights fixed"
"Intentional Injuries","Injuries","Combined 20/50: no shift","45-59",354.482225545342,251.652724451186,463.539129093737,14,"Joint 2.5% and 97.5% quantiles across synchronized Primary RR (IS: Table 5 PUC; other causes: WHO/Adam) PIF draws; burden weights fixed"
"Intentional Injuries","Injuries","Combined 20/50: no shift","60-65",65.113378201419,45.3602588859058,88.4287022139301,14,"Joint 2.5% and 97.5% quantiles across synchronized Primary RR (IS: Table 5 PUC; other causes: WHO/Adam) PIF draws; burden weights fixed"
"Ischaemic Heart Disease","Cardiovascular","Combined 20/50: no shift","15-29",4.7364087830385,3.62473195636409,6.40573427065053,14,"Joint 2.5% and 97.5% quantiles across synchronized Primary RR (IS: Table 5 PUC; other causes: WHO/Adam) PIF draws; burden weights fixed"
"Ischaemic Heart Disease","Cardiovascular","Combined 20/50: no shift","30-44",38.4609716235277,33.2632775972299,47.3767733172064,14,"Joint 2.5% and 97.5% quantiles across synchronized Primary RR (IS: Table 5 PUC; other causes: WHO/Adam) PIF draws; burden weights fixed"
"Ischaemic Heart Disease","Cardiovascular","Combined 20/50: no shift","45-59",158.359658647223,137.467308338621,193.858260700447,14,"Joint 2.5% and 97.5% quantiles across synchronized Primary RR (IS: Table 5 PUC; other causes: WHO/Adam) PIF draws; burden weights fixed"
"Ischaemic Heart Disease","Cardiovascular","Combined 20/50: no shift","60-65",80.5108931108623,68.6131585755591,100.606109536101,14,"Joint 2.5% and 97.5% quantiles across synchronized Primary RR (IS: Table 5 PUC; other causes: WHO/Adam) PIF draws; burden weights fixed"
"Ischaemic Stroke","Cardiovascular","Combined 20/50: no shift","15-29",1.76728470595855,1.64385052162236,1.99713641464464,14,"Joint 2.5% and 97.5% quantiles across synchronized Primary RR (IS: Table 5 PUC; other causes: WHO/Adam) PIF draws; burden weights fixed"
"Ischaemic Stroke","Cardiovascular","Combined 20/50: no shift","30-44",8.68593888383928,8.1666685223327,9.67957013506747,14,"Joint 2.5% and 97.5% quantiles across synchronized Primary RR (IS: Table 5 PUC; other causes: WHO/Adam) PIF draws; burden weights fixed"
"Ischaemic Stroke","Cardiovascular","Combined 20/50: no shift","45-59",36.7360263803157,34.7078649580937,40.9105233330653,14,"Joint 2.5% and 97.5% quantiles across synchronized Primary RR (IS: Table 5 PUC; other causes: WHO/Adam) PIF draws; burden weights fixed"
"Ischaemic Stroke","Cardiovascular","Combined 20/50: no shift","60-65",29.3140804198061,26.658365790168,33.9689318971125,14,"Joint 2.5% and 97.5% quantiles across synchronized Primary RR (IS: Table 5 PUC; other causes: WHO/Adam) PIF draws; burden weights fixed"
"Road Injuries","Injuries","Combined 20/50: no shift","15-29",570.785063506227,483.151422083663,648.762777996631,14,"Joint 2.5% and 97.5% quantiles across synchronized Primary RR (IS: Table 5 PUC; other causes: WHO/Adam) PIF draws; burden weights fixed"
"Road Injuries","Injuries","Combined 20/50: no shift","30-44",604.897357696503,512.781438736554,685.936072451238,14,"Joint 2.5% and 97.5% quantiles across synchronized Primary RR (IS: Table 5 PUC; other causes: WHO/Adam) PIF draws; burden weights fixed"
"Road Injuries","Injuries","Combined 20/50: no shift","45-59",481.529472186631,402.861344773868,556.858228783183,14,"Joint 2.5% and 97.5% quantiles across synchronized Primary RR (IS: Table 5 PUC; other causes: WHO/Adam) PIF draws; burden weights fixed"
"Road Injuries","Injuries","Combined 20/50: no shift","60-65",124.980066637708,102.635082788558,149.102506305738,14,"Joint 2.5% and 97.5% quantiles across synchronized Primary RR (IS: Table 5 PUC; other causes: WHO/Adam) PIF draws; burden weights fixed"
"Unintentional Injuries","Injuries","Combined 20/50: no shift","15-29",318.197547081936,256.138170654799,378.932394818934,14,"Joint 2.5% and 97.5% quantiles across synchronized Primary RR (IS: Table 5 PUC; other causes: WHO/Adam) PIF draws; burden weights fixed"
"Unintentional Injuries","Injuries","Combined 20/50: no shift","30-44",471.023963976841,377.384221210936,557.388954256558,14,"Joint 2.5% and 97.5% quantiles across synchronized Primary RR (IS: Table 5 PUC; other causes: WHO/Adam) PIF draws; burden weights fixed"
"Unintentional Injuries","Injuries","Combined 20/50: no shift","45-59",458.20743377861,368.691153162455,549.560755720339,14,"Joint 2.5% and 97.5% quantiles across synchronized Primary RR (IS: Table 5 PUC; other causes: WHO/Adam) PIF draws; burden weights fixed"
"Unintentional Injuries","Injuries","Combined 20/50: no shift","60-65",131.967952198463,105.093306838141,162.294504336811,14,"Joint 2.5% and 97.5% quantiles across synchronized Primary RR (IS: Table 5 PUC; other causes: WHO/Adam) PIF draws; burden weights fixed"
"Intentional Injuries","Injuries","Combined 30/50: no shift","15-29",538.768943332272,389.818600136216,685.190233210551,14,"Joint 2.5% and 97.5% quantiles across synchronized Primary RR (IS: Table 5 PUC; other causes: WHO/Adam) PIF draws; burden weights fixed"
"Intentional Injuries","Injuries","Combined 30/50: no shift","30-44",622.341358739839,450.219469088471,788.148160701983,14,"Joint 2.5% and 97.5% quantiles across synchronized Primary RR (IS: Table 5 PUC; other causes: WHO/Adam) PIF draws; burden weights fixed"
"Intentional Injuries","Injuries","Combined 30/50: no shift","45-59",365.915179906942,262.618215949676,475.96436673239,14,"Joint 2.5% and 97.5% quantiles across synchronized Primary RR (IS: Table 5 PUC; other causes: WHO/Adam) PIF draws; burden weights fixed"
"Intentional Injuries","Injuries","Combined 30/50: no shift","60-65",67.526453501788,47.6873197534228,90.980948334878,14,"Joint 2.5% and 97.5% quantiles across synchronized Primary RR (IS: Table 5 PUC; other causes: WHO/Adam) PIF draws; burden weights fixed"
"Ischaemic Heart Disease","Cardiovascular","Combined 30/50: no shift","15-29",5.12111870647519,4.04167190615291,6.88050901871561,14,"Joint 2.5% and 97.5% quantiles across synchronized Primary RR (IS: Table 5 PUC; other causes: WHO/Adam) PIF draws; burden weights fixed"
"Ischaemic Heart Disease","Cardiovascular","Combined 30/50: no shift","30-44",41.4022107327432,36.3748986670546,50.6397512859285,14,"Joint 2.5% and 97.5% quantiles across synchronized Primary RR (IS: Table 5 PUC; other causes: WHO/Adam) PIF draws; burden weights fixed"
"Ischaemic Heart Disease","Cardiovascular","Combined 30/50: no shift","45-59",169.988062687034,149.304925369855,208.194617950465,14,"Joint 2.5% and 97.5% quantiles across synchronized Primary RR (IS: Table 5 PUC; other causes: WHO/Adam) PIF draws; burden weights fixed"
"Ischaemic Heart Disease","Cardiovascular","Combined 30/50: no shift","60-65",85.7307769245048,73.0668380102608,108.492749809319,14,"Joint 2.5% and 97.5% quantiles across synchronized Primary RR (IS: Table 5 PUC; other causes: WHO/Adam) PIF draws; burden weights fixed"
"Ischaemic Stroke","Cardiovascular","Combined 30/50: no shift","15-29",2.17610979397966,1.98270867030351,2.49590494901683,14,"Joint 2.5% and 97.5% quantiles across synchronized Primary RR (IS: Table 5 PUC; other causes: WHO/Adam) PIF draws; burden weights fixed"
"Ischaemic Stroke","Cardiovascular","Combined 30/50: no shift","30-44",10.6525881316198,9.80520615874038,12.0467274352581,14,"Joint 2.5% and 97.5% quantiles across synchronized Primary RR (IS: Table 5 PUC; other causes: WHO/Adam) PIF draws; burden weights fixed"
"Ischaemic Stroke","Cardiovascular","Combined 30/50: no shift","45-59",45.4202098262372,41.7632328740546,51.7619030567871,14,"Joint 2.5% and 97.5% quantiles across synchronized Primary RR (IS: Table 5 PUC; other causes: WHO/Adam) PIF draws; burden weights fixed"
"Ischaemic Stroke","Cardiovascular","Combined 30/50: no shift","60-65",36.7458652223319,32.4462500488423,43.6383118569496,14,"Joint 2.5% and 97.5% quantiles across synchronized Primary RR (IS: Table 5 PUC; other causes: WHO/Adam) PIF draws; burden weights fixed"
"Road Injuries","Injuries","Combined 30/50: no shift","15-29",586.451499275291,498.356681206224,664.736748283098,14,"Joint 2.5% and 97.5% quantiles across synchronized Primary RR (IS: Table 5 PUC; other causes: WHO/Adam) PIF draws; burden weights fixed"
"Road Injuries","Injuries","Combined 30/50: no shift","30-44",622.222518995777,529.904263168638,703.503566167643,14,"Joint 2.5% and 97.5% quantiles across synchronized Primary RR (IS: Table 5 PUC; other causes: WHO/Adam) PIF draws; burden weights fixed"
"Road Injuries","Injuries","Combined 30/50: no shift","45-59",495.30965052993,416.170981577841,571.156819533357,14,"Joint 2.5% and 97.5% quantiles across synchronized Primary RR (IS: Table 5 PUC; other causes: WHO/Adam) PIF draws; burden weights fixed"
"Road Injuries","Injuries","Combined 30/50: no shift","60-65",128.962748478466,106.3554039885,153.25076210376,14,"Joint 2.5% and 97.5% quantiles across synchronized Primary RR (IS: Table 5 PUC; other causes: WHO/Adam) PIF draws; burden weights fixed"
"Unintentional Injuries","Injuries","Combined 30/50: no shift","15-29",326.218864571756,263.566930943995,387.044394077832,14,"Joint 2.5% and 97.5% quantiles across synchronized Primary RR (IS: Table 5 PUC; other causes: WHO/Adam) PIF draws; burden weights fixed"
"Unintentional Injuries","Injuries","Combined 30/50: no shift","30-44",483.394529620431,390.062233926323,570.075475925536,14,"Joint 2.5% and 97.5% quantiles across synchronized Primary RR (IS: Table 5 PUC; other causes: WHO/Adam) PIF draws; burden weights fixed"
"Unintentional Injuries","Injuries","Combined 30/50: no shift","45-59",470.203590132176,379.962965014852,562.637677876332,14,"Joint 2.5% and 97.5% quantiles across synchronized Primary RR (IS: Table 5 PUC; other causes: WHO/Adam) PIF draws; burden weights fixed"
"Unintentional Injuries","Injuries","Combined 30/50: no shift","60-65",135.876332656613,108.70736530229,166.408726696899,14,"Joint 2.5% and 97.5% quantiles across synchronized Primary RR (IS: Table 5 PUC; other causes: WHO/Adam) PIF draws; burden weights fixed"
"Intentional Injuries","Injuries","Combined 10/25: half shift","15-29",270.956298204786,196.680761798867,344.112539097755,14,"Joint 2.5% and 97.5% quantiles across synchronized Primary RR (IS: Table 5 PUC; other causes: WHO/Adam) PIF draws; burden weights fixed"
"Intentional Injuries","Injuries","Combined 10/25: half shift","30-44",312.362472162243,226.420594916717,395.635278564387,14,"Joint 2.5% and 97.5% quantiles across synchronized Primary RR (IS: Table 5 PUC; other causes: WHO/Adam) PIF draws; burden weights fixed"
"Intentional Injuries","Injuries","Combined 10/25: half shift","45-59",182.779957621086,131.225697185466,237.811590955542,14,"Joint 2.5% and 97.5% quantiles across synchronized Primary RR (IS: Table 5 PUC; other causes: WHO/Adam) PIF draws; burden weights fixed"
"Intentional Injuries","Injuries","Combined 10/25: half shift","60-65",33.5469063698327,23.6393175630254,45.2994046869307,14,"Joint 2.5% and 97.5% quantiles across synchronized Primary RR (IS: Table 5 PUC; other causes: WHO/Adam) PIF draws; burden weights fixed"
"Ischaemic Heart Disease","Cardiovascular","Combined 10/25: half shift","15-29",2.56085637473327,2.07218104435411,3.40969726014038,14,"Joint 2.5% and 97.5% quantiles across synchronized Primary RR (IS: Table 5 PUC; other causes: WHO/Adam) PIF draws; burden weights fixed"
"Ischaemic Heart Disease","Cardiovascular","Combined 10/25: half shift","30-44",20.6396501506503,18.2691017523086,25.1034412133478,14,"Joint 2.5% and 97.5% quantiles across synchronized Primary RR (IS: Table 5 PUC; other causes: WHO/Adam) PIF draws; burden weights fixed"
"Ischaemic Heart Disease","Cardiovascular","Combined 10/25: half shift","45-59",88.9153772293898,78.3396619818073,108.109288327273,14,"Joint 2.5% and 97.5% quantiles across synchronized Primary RR (IS: Table 5 PUC; other causes: WHO/Adam) PIF draws; burden weights fixed"
"Ischaemic Heart Disease","Cardiovascular","Combined 10/25: half shift","60-65",44.5328128507037,38.5805405697077,55.257750578199,14,"Joint 2.5% and 97.5% quantiles across synchronized Primary RR (IS: Table 5 PUC; other causes: WHO/Adam) PIF draws; burden weights fixed"
"Ischaemic Stroke","Cardiovascular","Combined 10/25: half shift","15-29",1.15723382396385,1.04618706141957,1.33664321459004,14,"Joint 2.5% and 97.5% quantiles across synchronized Primary RR (IS: Table 5 PUC; other causes: WHO/Adam) PIF draws; burden weights fixed"
"Ischaemic Stroke","Cardiovascular","Combined 10/25: half shift","30-44",5.50986046301124,5.07629257211777,6.24065533237565,14,"Joint 2.5% and 97.5% quantiles across synchronized Primary RR (IS: Table 5 PUC; other causes: WHO/Adam) PIF draws; burden weights fixed"
"Ischaemic Stroke","Cardiovascular","Combined 10/25: half shift","45-59",23.2542931386344,21.4778000795116,26.3853611393451,14,"Joint 2.5% and 97.5% quantiles across synchronized Primary RR (IS: Table 5 PUC; other causes: WHO/Adam) PIF draws; burden weights fixed"
"Ischaemic Stroke","Cardiovascular","Combined 10/25: half shift","60-65",18.0103657214556,16.2242685236117,21.0547506459064,14,"Joint 2.5% and 97.5% quantiles across synchronized Primary RR (IS: Table 5 PUC; other causes: WHO/Adam) PIF draws; burden weights fixed"
"Road Injuries","Injuries","Combined 10/25: half shift","15-29",294.575861790589,250.620825452116,333.625867577914,14,"Joint 2.5% and 97.5% quantiles across synchronized Primary RR (IS: Table 5 PUC; other causes: WHO/Adam) PIF draws; burden weights fixed"
"Road Injuries","Injuries","Combined 10/25: half shift","30-44",312.088108937298,265.907685180108,352.656526853938,14,"Joint 2.5% and 97.5% quantiles across synchronized Primary RR (IS: Table 5 PUC; other causes: WHO/Adam) PIF draws; burden weights fixed"
"Road Injuries","Injuries","Combined 10/25: half shift","45-59",247.612881579813,208.031941867975,285.563918142642,14,"Joint 2.5% and 97.5% quantiles across synchronized Primary RR (IS: Table 5 PUC; other causes: WHO/Adam) PIF draws; burden weights fixed"
"Road Injuries","Injuries","Combined 10/25: half shift","60-65",64.2195781108387,52.9040997210036,76.4620116307439,14,"Joint 2.5% and 97.5% quantiles across synchronized Primary RR (IS: Table 5 PUC; other causes: WHO/Adam) PIF draws; burden weights fixed"
"Unintentional Injuries","Injuries","Combined 10/25: half shift","15-29",163.784399287865,132.478492034411,194.1479289704,14,"Joint 2.5% and 97.5% quantiles across synchronized Primary RR (IS: Table 5 PUC; other causes: WHO/Adam) PIF draws; burden weights fixed"
"Unintentional Injuries","Injuries","Combined 10/25: half shift","30-44",242.406242210412,195.803387204536,285.852214661795,14,"Joint 2.5% and 97.5% quantiles across synchronized Primary RR (IS: Table 5 PUC; other causes: WHO/Adam) PIF draws; burden weights fixed"
"Unintentional Injuries","Injuries","Combined 10/25: half shift","45-59",234.935218896374,189.769939794844,281.152847907962,14,"Joint 2.5% and 97.5% quantiles across synchronized Primary RR (IS: Table 5 PUC; other causes: WHO/Adam) PIF draws; burden weights fixed"
"Unintentional Injuries","Injuries","Combined 10/25: half shift","60-65",67.6178497225252,54.1236703456931,82.8896952751135,14,"Joint 2.5% and 97.5% quantiles across synchronized Primary RR (IS: Table 5 PUC; other causes: WHO/Adam) PIF draws; burden weights fixed"
"Intentional Injuries","Injuries","Combined 20/50: half shift","15-29",535.940597055695,388.257715943092,681.379290878799,14,"Joint 2.5% and 97.5% quantiles across synchronized Primary RR (IS: Table 5 PUC; other causes: WHO/Adam) PIF draws; burden weights fixed"
"Intentional Injuries","Injuries","Combined 20/50: half shift","30-44",617.80544814313,447.027269402896,782.405446281,14,"Joint 2.5% and 97.5% quantiles across synchronized Primary RR (IS: Table 5 PUC; other causes: WHO/Adam) PIF draws; burden weights fixed"
"Intentional Injuries","Injuries","Combined 20/50: half shift","45-59",361.806548946376,259.508223993129,470.950467352588,14,"Joint 2.5% and 97.5% quantiles across synchronized Primary RR (IS: Table 5 PUC; other causes: WHO/Adam) PIF draws; burden weights fixed"
"Intentional Injuries","Injuries","Combined 20/50: half shift","60-65",66.409682149839,46.769945519963,89.6666975735655,14,"Joint 2.5% and 97.5% quantiles across synchronized Primary RR (IS: Table 5 PUC; other causes: WHO/Adam) PIF draws; burden weights fixed"
"Ischaemic Heart Disease","Cardiovascular","Combined 20/50: half shift","15-29",4.74779479875546,3.77804575188178,6.39042866842777,14,"Joint 2.5% and 97.5% quantiles across synchronized Primary RR (IS: Table 5 PUC; other causes: WHO/Adam) PIF draws; burden weights fixed"
"Ischaemic Heart Disease","Cardiovascular","Combined 20/50: half shift","30-44",37.9545546947488,33.3841123630514,46.5427823028261,14,"Joint 2.5% and 97.5% quantiles across synchronized Primary RR (IS: Table 5 PUC; other causes: WHO/Adam) PIF draws; burden weights fixed"
"Ischaemic Heart Disease","Cardiovascular","Combined 20/50: half shift","45-59",162.060285855857,142.348799472087,198.539802960285,14,"Joint 2.5% and 97.5% quantiles across synchronized Primary RR (IS: Table 5 PUC; other causes: WHO/Adam) PIF draws; burden weights fixed"
"Ischaemic Heart Disease","Cardiovascular","Combined 20/50: half shift","60-65",81.3049041953809,69.9494756558758,101.581472755533,14,"Joint 2.5% and 97.5% quantiles across synchronized Primary RR (IS: Table 5 PUC; other causes: WHO/Adam) PIF draws; burden weights fixed"
"Ischaemic Stroke","Cardiovascular","Combined 20/50: half shift","15-29",2.09100260326857,1.91123684533912,2.39095828158356,14,"Joint 2.5% and 97.5% quantiles across synchronized Primary RR (IS: Table 5 PUC; other causes: WHO/Adam) PIF draws; burden weights fixed"
"Ischaemic Stroke","Cardiovascular","Combined 20/50: half shift","30-44",10.1072988538822,9.39044697177425,11.3612032546462,14,"Joint 2.5% and 97.5% quantiles across synchronized Primary RR (IS: Table 5 PUC; other causes: WHO/Adam) PIF draws; burden weights fixed"
"Ischaemic Stroke","Cardiovascular","Combined 20/50: half shift","45-59",43.3366066002442,40.3037833904657,48.9324630942498,14,"Joint 2.5% and 97.5% quantiles across synchronized Primary RR (IS: Table 5 PUC; other causes: WHO/Adam) PIF draws; burden weights fixed"
"Ischaemic Stroke","Cardiovascular","Combined 20/50: half shift","60-65",33.9180171052265,30.6894717392735,39.4643372184225,14,"Joint 2.5% and 97.5% quantiles across synchronized Primary RR (IS: Table 5 PUC; other causes: WHO/Adam) PIF draws; burden weights fixed"
"Road Injuries","Injuries","Combined 20/50: half shift","15-29",580.786149664779,493.819650942661,658.197387501745,14,"Joint 2.5% and 97.5% quantiles across synchronized Primary RR (IS: Table 5 PUC; other causes: WHO/Adam) PIF draws; burden weights fixed"
"Road Injuries","Injuries","Combined 20/50: half shift","30-44",615.182011588267,523.95167239918,695.256250983073,14,"Joint 2.5% and 97.5% quantiles across synchronized Primary RR (IS: Table 5 PUC; other causes: WHO/Adam) PIF draws; burden weights fixed"
"Road Injuries","Injuries","Combined 20/50: half shift","45-59",488.518870808638,410.198898462347,563.625013698438,14,"Joint 2.5% and 97.5% quantiles across synchronized Primary RR (IS: Table 5 PUC; other causes: WHO/Adam) PIF draws; burden weights fixed"
"Road Injuries","Injuries","Combined 20/50: half shift","60-65",126.717883528501,104.443600993097,150.877261487709,14,"Joint 2.5% and 97.5% quantiles across synchronized Primary RR (IS: Table 5 PUC; other causes: WHO/Adam) PIF draws; burden weights fixed"
"Unintentional Injuries","Injuries","Combined 20/50: half shift","15-29",324.187751001954,262.18792818169,384.503204425904,14,"Joint 2.5% and 97.5% quantiles across synchronized Primary RR (IS: Table 5 PUC; other causes: WHO/Adam) PIF draws; burden weights fixed"
"Unintentional Injuries","Injuries","Combined 20/50: half shift","30-44",479.720456017923,387.007646491625,565.724003764796,14,"Joint 2.5% and 97.5% quantiles across synchronized Primary RR (IS: Table 5 PUC; other causes: WHO/Adam) PIF draws; burden weights fixed"
"Unintentional Injuries","Injuries","Combined 20/50: half shift","45-59",465.332945470211,375.656005272405,556.91895399232,14,"Joint 2.5% and 97.5% quantiles across synchronized Primary RR (IS: Table 5 PUC; other causes: WHO/Adam) PIF draws; burden weights fixed"
"Unintentional Injuries","Injuries","Combined 20/50: half shift","60-65",133.945707131676,107.128927156117,164.261269315723,14,"Joint 2.5% and 97.5% quantiles across synchronized Primary RR (IS: Table 5 PUC; other causes: WHO/Adam) PIF draws; burden weights fixed"
"Intentional Injuries","Injuries","Combined 30/50: half shift","15-29",550.119849536881,401.750883546622,696.00618151723,14,"Joint 2.5% and 97.5% quantiles across synchronized Primary RR (IS: Table 5 PUC; other causes: WHO/Adam) PIF draws; burden weights fixed"
"Intentional Injuries","Injuries","Combined 30/50: half shift","30-44",635.036107534967,463.501495067754,801.079000111977,14,"Joint 2.5% and 97.5% quantiles across synchronized Primary RR (IS: Table 5 PUC; other causes: WHO/Adam) PIF draws; burden weights fixed"
"Intentional Injuries","Injuries","Combined 30/50: half shift","45-59",372.255157063039,269.6894206842,482.243470704579,14,"Joint 2.5% and 97.5% quantiles across synchronized Primary RR (IS: Table 5 PUC; other causes: WHO/Adam) PIF draws; burden weights fixed"
"Intentional Injuries","Injuries","Combined 30/50: half shift","60-65",68.6488805459816,48.8584157467892,92.1615603845706,14,"Joint 2.5% and 97.5% quantiles across synchronized Primary RR (IS: Table 5 PUC; other causes: WHO/Adam) PIF draws; burden weights fixed"
"Ischaemic Heart Disease","Cardiovascular","Combined 30/50: half shift","15-29",4.92929249820459,4.01690596862639,6.68798070920149,14,"Joint 2.5% and 97.5% quantiles across synchronized Primary RR (IS: Table 5 PUC; other causes: WHO/Adam) PIF draws; burden weights fixed"
"Ischaemic Heart Disease","Cardiovascular","Combined 30/50: half shift","30-44",39.4294554778068,35.0026192167426,48.5960575398727,14,"Joint 2.5% and 97.5% quantiles across synchronized Primary RR (IS: Table 5 PUC; other causes: WHO/Adam) PIF draws; burden weights fixed"
"Ischaemic Heart Disease","Cardiovascular","Combined 30/50: half shift","45-59",168.046936631207,148.250798791322,206.602107219908,14,"Joint 2.5% and 97.5% quantiles across synchronized Primary RR (IS: Table 5 PUC; other causes: WHO/Adam) PIF draws; burden weights fixed"
"Ischaemic Heart Disease","Cardiovascular","Combined 30/50: half shift","60-65",83.8946581833461,71.6698322915633,107.165590709154,14,"Joint 2.5% and 97.5% quantiles across synchronized Primary RR (IS: Table 5 PUC; other causes: WHO/Adam) PIF draws; burden weights fixed"
"Ischaemic Stroke","Cardiovascular","Combined 30/50: half shift","15-29",2.39761169855491,2.15576847272995,2.77348084863018,14,"Joint 2.5% and 97.5% quantiles across synchronized Primary RR (IS: Table 5 PUC; other causes: WHO/Adam) PIF draws; burden weights fixed"
"Ischaemic Stroke","Cardiovascular","Combined 30/50: half shift","30-44",11.6513528159834,10.6199546088923,13.2736957619346,14,"Joint 2.5% and 97.5% quantiles across synchronized Primary RR (IS: Table 5 PUC; other causes: WHO/Adam) PIF draws; burden weights fixed"
"Ischaemic Stroke","Cardiovascular","Combined 30/50: half shift","45-59",50.3217043996257,45.696862388805,57.9623772288709,14,"Joint 2.5% and 97.5% quantiles across synchronized Primary RR (IS: Table 5 PUC; other causes: WHO/Adam) PIF draws; burden weights fixed"
"Ischaemic Stroke","Cardiovascular","Combined 30/50: half shift","60-65",40.226375792148,35.3514926556237,48.0111302109327,14,"Joint 2.5% and 97.5% quantiles across synchronized Primary RR (IS: Table 5 PUC; other causes: WHO/Adam) PIF draws; burden weights fixed"
"Road Injuries","Injuries","Combined 30/50: half shift","15-29",595.078035762685,507.617767642573,672.786033939055,14,"Joint 2.5% and 97.5% quantiles across synchronized Primary RR (IS: Table 5 PUC; other causes: WHO/Adam) PIF draws; burden weights fixed"
"Road Injuries","Injuries","Combined 30/50: half shift","30-44",631.090397442728,539.421524069028,711.558269588213,14,"Joint 2.5% and 97.5% quantiles across synchronized Primary RR (IS: Table 5 PUC; other causes: WHO/Adam) PIF draws; burden weights fixed"
"Road Injuries","Injuries","Combined 30/50: half shift","45-59",501.328929100181,422.648109184164,576.53216242278,14,"Joint 2.5% and 97.5% quantiles across synchronized Primary RR (IS: Table 5 PUC; other causes: WHO/Adam) PIF draws; burden weights fixed"
"Road Injuries","Injuries","Combined 30/50: half shift","60-65",130.460074666136,107.92266808699,154.854004767301,14,"Joint 2.5% and 97.5% quantiles across synchronized Primary RR (IS: Table 5 PUC; other causes: WHO/Adam) PIF draws; burden weights fixed"
"Unintentional Injuries","Injuries","Combined 30/50: half shift","15-29",331.40899190823,269.099445998759,392.125558374256,14,"Joint 2.5% and 97.5% quantiles across synchronized Primary RR (IS: Table 5 PUC; other causes: WHO/Adam) PIF draws; burden weights fixed"
"Unintentional Injuries","Injuries","Combined 30/50: half shift","30-44",490.927474798531,397.882891611032,577.508842570218,14,"Joint 2.5% and 97.5% quantiles across synchronized Primary RR (IS: Table 5 PUC; other causes: WHO/Adam) PIF draws; burden weights fixed"
"Unintentional Injuries","Injuries","Combined 30/50: half shift","45-59",476.371405535663,386.555146811947,568.492065924023,14,"Joint 2.5% and 97.5% quantiles across synchronized Primary RR (IS: Table 5 PUC; other causes: WHO/Adam) PIF draws; burden weights fixed"
"Unintentional Injuries","Injuries","Combined 30/50: half shift","60-65",137.588906309053,110.412949853268,168.04181753582,14,"Joint 2.5% and 97.5% quantiles across synchronized Primary RR (IS: Table 5 PUC; other causes: WHO/Adam) PIF draws; burden weights fixed"
"Intentional Injuries","Injuries","Combined 10/25: complete shift","15-29",278.395591504392,204.369988146473,351.347236266103,14,"Joint 2.5% and 97.5% quantiles across synchronized Primary RR (IS: Table 5 PUC; other causes: WHO/Adam) PIF draws; burden weights fixed"
"Intentional Injuries","Injuries","Combined 10/25: complete shift","30-44",320.686938470927,235.278020703386,403.708549234782,14,"Joint 2.5% and 97.5% quantiles across synchronized Primary RR (IS: Table 5 PUC; other causes: WHO/Adam) PIF draws; burden weights fixed"
"Intentional Injuries","Injuries","Combined 10/25: complete shift","45-59",186.943726378061,135.7568475214,242.130226360136,14,"Joint 2.5% and 97.5% quantiles across synchronized Primary RR (IS: Table 5 PUC; other causes: WHO/Adam) PIF draws; burden weights fixed"
"Intentional Injuries","Injuries","Combined 10/25: complete shift","60-65",34.2836059917146,24.4140594219448,46.075080998823,14,"Joint 2.5% and 97.5% quantiles across synchronized Primary RR (IS: Table 5 PUC; other causes: WHO/Adam) PIF draws; burden weights fixed"
"Ischaemic Heart Disease","Cardiovascular","Combined 10/25: complete shift","15-29",2.68890112833206,2.22399506817709,3.62040592009095,14,"Joint 2.5% and 97.5% quantiles across synchronized Primary RR (IS: Table 5 PUC; other causes: WHO/Adam) PIF draws; burden weights fixed"
"Ischaemic Heart Disease","Cardiovascular","Combined 10/25: complete shift","30-44",21.3112857139734,18.8555444959181,26.1779031130586,14,"Joint 2.5% and 97.5% quantiles across synchronized Primary RR (IS: Table 5 PUC; other causes: WHO/Adam) PIF draws; burden weights fixed"
"Ischaemic Heart Disease","Cardiovascular","Combined 10/25: complete shift","45-59",94.4332583599792,83.4554329543992,115.148859826328,14,"Joint 2.5% and 97.5% quantiles across synchronized Primary RR (IS: Table 5 PUC; other causes: WHO/Adam) PIF draws; burden weights fixed"
"Ischaemic Heart Disease","Cardiovascular","Combined 10/25: complete shift","60-65",46.6077526251703,40.3300767703345,58.403486002998,14,"Joint 2.5% and 97.5% quantiles across synchronized Primary RR (IS: Table 5 PUC; other causes: WHO/Adam) PIF draws; burden weights fixed"
"Ischaemic Stroke","Cardiovascular","Combined 10/25: complete shift","15-29",1.38075339052741,1.22890551324475,1.60951451650295,14,"Joint 2.5% and 97.5% quantiles across synchronized Primary RR (IS: Table 5 PUC; other causes: WHO/Adam) PIF draws; burden weights fixed"
"Ischaemic Stroke","Cardiovascular","Combined 10/25: complete shift","30-44",6.46717520321808,5.8720323009605,7.41065280152734,14,"Joint 2.5% and 97.5% quantiles across synchronized Primary RR (IS: Table 5 PUC; other causes: WHO/Adam) PIF draws; burden weights fixed"
"Ischaemic Stroke","Cardiovascular","Combined 10/25: complete shift","45-59",27.5261928487119,24.9990537882784,31.6783621306967,14,"Joint 2.5% and 97.5% quantiles across synchronized Primary RR (IS: Table 5 PUC; other causes: WHO/Adam) PIF draws; burden weights fixed"
"Ischaemic Stroke","Cardiovascular","Combined 10/25: complete shift","60-65",20.9407206388651,18.6784866920748,24.6599663929381,14,"Joint 2.5% and 97.5% quantiles across synchronized Primary RR (IS: Table 5 PUC; other causes: WHO/Adam) PIF draws; burden weights fixed"
"Road Injuries","Injuries","Combined 10/25: complete shift","15-29",300.281441076891,256.898785930663,339.04686708767,14,"Joint 2.5% and 97.5% quantiles across synchronized Primary RR (IS: Table 5 PUC; other causes: WHO/Adam) PIF draws; burden weights fixed"
"Road Injuries","Injuries","Combined 10/25: complete shift","30-44",317.957555192641,272.15632514707,357.99654581787,14,"Joint 2.5% and 97.5% quantiles across synchronized Primary RR (IS: Table 5 PUC; other causes: WHO/Adam) PIF draws; burden weights fixed"
"Road Injuries","Injuries","Combined 10/25: complete shift","45-59",251.606766848969,212.380044347285,289.295597637446,14,"Joint 2.5% and 97.5% quantiles across synchronized Primary RR (IS: Table 5 PUC; other causes: WHO/Adam) PIF draws; burden weights fixed"
"Road Injuries","Injuries","Combined 10/25: complete shift","60-65",65.2121147540073,53.9230632883266,77.4471787584478,14,"Joint 2.5% and 97.5% quantiles across synchronized Primary RR (IS: Table 5 PUC; other causes: WHO/Adam) PIF draws; burden weights fixed"
"Unintentional Injuries","Injuries","Combined 10/25: complete shift","15-29",167.186347848846,136.051186056119,197.474131049494,14,"Joint 2.5% and 97.5% quantiles across synchronized Primary RR (IS: Table 5 PUC; other causes: WHO/Adam) PIF draws; burden weights fixed"
"Unintentional Injuries","Injuries","Combined 10/25: complete shift","30-44",247.346429161908,200.860932646443,290.8689684831,14,"Joint 2.5% and 97.5% quantiles across synchronized Primary RR (IS: Table 5 PUC; other causes: WHO/Adam) PIF draws; burden weights fixed"
"Unintentional Injuries","Injuries","Combined 10/25: complete shift","45-59",238.986045255955,194.129814204084,285.176639326946,14,"Joint 2.5% and 97.5% quantiles across synchronized Primary RR (IS: Table 5 PUC; other causes: WHO/Adam) PIF draws; burden weights fixed"
"Unintentional Injuries","Injuries","Combined 10/25: complete shift","60-65",68.7417418918306,55.1814845990646,84.0234795107305,14,"Joint 2.5% and 97.5% quantiles across synchronized Primary RR (IS: Table 5 PUC; other causes: WHO/Adam) PIF draws; burden weights fixed"
"Intentional Injuries","Injuries","Combined 20/50: complete shift","15-29",549.040527337131,402.00765598606,693.872459463088,14,"Joint 2.5% and 97.5% quantiles across synchronized Primary RR (IS: Table 5 PUC; other causes: WHO/Adam) PIF draws; burden weights fixed"
"Intentional Injuries","Injuries","Combined 20/50: complete shift","30-44",632.460290187479,462.886126516242,796.892340689183,14,"Joint 2.5% and 97.5% quantiles across synchronized Primary RR (IS: Table 5 PUC; other causes: WHO/Adam) PIF draws; burden weights fixed"
"Intentional Injuries","Injuries","Combined 20/50: complete shift","45-59",369.13087234741,267.291090556932,478.225595862343,14,"Joint 2.5% and 97.5% quantiles across synchronized Primary RR (IS: Table 5 PUC; other causes: WHO/Adam) PIF draws; burden weights fixed"
"Intentional Injuries","Injuries","Combined 20/50: complete shift","60-65",67.705986098259,48.084072902371,90.9990511085261,14,"Joint 2.5% and 97.5% quantiles across synchronized Primary RR (IS: Table 5 PUC; other causes: WHO/Adam) PIF draws; burden weights fixed"
"Ischaemic Heart Disease","Cardiovascular","Combined 20/50: complete shift","15-29",4.75918081447241,3.88487248391897,6.51034284962164,14,"Joint 2.5% and 97.5% quantiles across synchronized Primary RR (IS: Table 5 PUC; other causes: WHO/Adam) PIF draws; burden weights fixed"
"Ischaemic Heart Disease","Cardiovascular","Combined 20/50: complete shift","30-44",37.44813776597,33.0311707304627,46.3355404237483,14,"Joint 2.5% and 97.5% quantiles across synchronized Primary RR (IS: Table 5 PUC; other causes: WHO/Adam) PIF draws; burden weights fixed"
"Ischaemic Heart Disease","Cardiovascular","Combined 20/50: complete shift","45-59",165.76091306449,145.862921707799,203.603739232704,14,"Joint 2.5% and 97.5% quantiles across synchronized Primary RR (IS: Table 5 PUC; other causes: WHO/Adam) PIF draws; burden weights fixed"
"Ischaemic Heart Disease","Cardiovascular","Combined 20/50: complete shift","60-65",82.0989152798996,70.6383749514297,103.739295444197,14,"Joint 2.5% and 97.5% quantiles across synchronized Primary RR (IS: Table 5 PUC; other causes: WHO/Adam) PIF draws; burden weights fixed"
"Ischaemic Stroke","Cardiovascular","Combined 20/50: complete shift","15-29",2.4147205005786,2.17374412951201,2.79278924751508,14,"Joint 2.5% and 97.5% quantiles across synchronized Primary RR (IS: Table 5 PUC; other causes: WHO/Adam) PIF draws; burden weights fixed"
"Ischaemic Stroke","Cardiovascular","Combined 20/50: complete shift","30-44",11.5286588239252,10.5494536752284,13.1272364194659,14,"Joint 2.5% and 97.5% quantiles across synchronized Primary RR (IS: Table 5 PUC; other causes: WHO/Adam) PIF draws; burden weights fixed"
"Ischaemic Stroke","Cardiovascular","Combined 20/50: complete shift","45-59",49.9371868201726,45.5880402644965,57.2287189238245,14,"Joint 2.5% and 97.5% quantiles across synchronized Primary RR (IS: Table 5 PUC; other causes: WHO/Adam) PIF draws; burden weights fixed"
"Ischaemic Stroke","Cardiovascular","Combined 20/50: complete shift","60-65",38.5219537906468,34.4578337052896,45.2383470663626,14,"Joint 2.5% and 97.5% quantiles across synchronized Primary RR (IS: Table 5 PUC; other causes: WHO/Adam) PIF draws; burden weights fixed"
"Road Injuries","Injuries","Combined 20/50: complete shift","15-29",590.787235823332,504.850154270722,667.472819862129,14,"Joint 2.5% and 97.5% quantiles across synchronized Primary RR (IS: Table 5 PUC; other causes: WHO/Adam) PIF draws; burden weights fixed"
"Road Injuries","Injuries","Combined 20/50: complete shift","30-44",625.466665480031,534.948365236532,704.890934574154,14,"Joint 2.5% and 97.5% quantiles across synchronized Primary RR (IS: Table 5 PUC; other causes: WHO/Adam) PIF draws; burden weights fixed"
"Road Injuries","Injuries","Combined 20/50: complete shift","45-59",495.508269430646,417.698948217873,570.059036006223,14,"Joint 2.5% and 97.5% quantiles across synchronized Primary RR (IS: Table 5 PUC; other causes: WHO/Adam) PIF draws; burden weights fixed"
"Road Injuries","Injuries","Combined 20/50: complete shift","60-65",128.455700419295,106.204294459059,152.598851630612,14,"Joint 2.5% and 97.5% quantiles across synchronized Primary RR (IS: Table 5 PUC; other causes: WHO/Adam) PIF draws; burden weights fixed"
"Unintentional Injuries","Injuries","Combined 20/50: complete shift","15-29",330.177954921973,268.369544864782,390.024008021107,14,"Joint 2.5% and 97.5% quantiles across synchronized Primary RR (IS: Table 5 PUC; other causes: WHO/Adam) PIF draws; burden weights fixed"
"Unintentional Injuries","Injuries","Combined 20/50: complete shift","30-44",488.416948059005,396.351470843312,574.316539486903,14,"Joint 2.5% and 97.5% quantiles across synchronized Primary RR (IS: Table 5 PUC; other causes: WHO/Adam) PIF draws; burden weights fixed"
"Unintentional Injuries","Injuries","Combined 20/50: complete shift","45-59",472.458457161813,383.223300501274,563.731224474903,14,"Joint 2.5% and 97.5% quantiles across synchronized Primary RR (IS: Table 5 PUC; other causes: WHO/Adam) PIF draws; burden weights fixed"
"Unintentional Injuries","Injuries","Combined 20/50: complete shift","60-65",135.92346206489,109.042657892607,166.138288575091,14,"Joint 2.5% and 97.5% quantiles across synchronized Primary RR (IS: Table 5 PUC; other causes: WHO/Adam) PIF draws; burden weights fixed"
"Intentional Injuries","Injuries","Combined 30/50: complete shift","15-29",561.47075574149,413.695020075471,706.810517810666,14,"Joint 2.5% and 97.5% quantiles across synchronized Primary RR (IS: Table 5 PUC; other causes: WHO/Adam) PIF draws; burden weights fixed"
"Intentional Injuries","Injuries","Combined 30/50: complete shift","30-44",647.730856330094,477.505267476301,813.346305904496,14,"Joint 2.5% and 97.5% quantiles across synchronized Primary RR (IS: Table 5 PUC; other causes: WHO/Adam) PIF draws; burden weights fixed"
"Intentional Injuries","Injuries","Combined 30/50: complete shift","45-59",378.595134219135,276.449345670979,488.47555589044,14,"Joint 2.5% and 97.5% quantiles across synchronized Primary RR (IS: Table 5 PUC; other causes: WHO/Adam) PIF draws; burden weights fixed"
"Intentional Injuries","Injuries","Combined 30/50: complete shift","60-65",69.7713075901753,50.060069940451,93.226036562388,14,"Joint 2.5% and 97.5% quantiles across synchronized Primary RR (IS: Table 5 PUC; other causes: WHO/Adam) PIF draws; burden weights fixed"
"Ischaemic Heart Disease","Cardiovascular","Combined 30/50: complete shift","15-29",4.73746628993399,3.93451660557443,6.57957071615305,14,"Joint 2.5% and 97.5% quantiles across synchronized Primary RR (IS: Table 5 PUC; other causes: WHO/Adam) PIF draws; burden weights fixed"
"Ischaemic Heart Disease","Cardiovascular","Combined 30/50: complete shift","30-44",37.4567002228704,33.2482401115136,47.0380647908783,14,"Joint 2.5% and 97.5% quantiles across synchronized Primary RR (IS: Table 5 PUC; other causes: WHO/Adam) PIF draws; burden weights fixed"
"Ischaemic Heart Disease","Cardiovascular","Combined 30/50: complete shift","45-59",166.10581057538,146.2451046868,206.682960064619,14,"Joint 2.5% and 97.5% quantiles across synchronized Primary RR (IS: Table 5 PUC; other causes: WHO/Adam) PIF draws; burden weights fixed"
"Ischaemic Heart Disease","Cardiovascular","Combined 30/50: complete shift","60-65",82.0585394421874,69.5215389848862,106.614699955247,14,"Joint 2.5% and 97.5% quantiles across synchronized Primary RR (IS: Table 5 PUC; other causes: WHO/Adam) PIF draws; burden weights fixed"
"Ischaemic Stroke","Cardiovascular","Combined 30/50: complete shift","15-29",2.61911360313015,2.32893932275969,3.05842060011096,14,"Joint 2.5% and 97.5% quantiles across synchronized Primary RR (IS: Table 5 PUC; other causes: WHO/Adam) PIF draws; burden weights fixed"
"Ischaemic Stroke","Cardiovascular","Combined 30/50: complete shift","30-44",12.6501175003469,11.4061659692264,14.5515813638813,14,"Joint 2.5% and 97.5% quantiles across synchronized Primary RR (IS: Table 5 PUC; other causes: WHO/Adam) PIF draws; burden weights fixed"
"Ischaemic Stroke","Cardiovascular","Combined 30/50: complete shift","45-59",55.2231989730142,49.5221350651109,64.2734169850439,14,"Joint 2.5% and 97.5% quantiles across synchronized Primary RR (IS: Table 5 PUC; other causes: WHO/Adam) PIF draws; burden weights fixed"
"Ischaemic Stroke","Cardiovascular","Combined 30/50: complete shift","60-65",43.7068863619641,38.1448613337277,52.412651009573,14,"Joint 2.5% and 97.5% quantiles across synchronized Primary RR (IS: Table 5 PUC; other causes: WHO/Adam) PIF draws; burden weights fixed"
"Road Injuries","Injuries","Combined 30/50: complete shift","15-29",603.704572250078,517.188295640049,681.032145833355,14,"Joint 2.5% and 97.5% quantiles across synchronized Primary RR (IS: Table 5 PUC; other causes: WHO/Adam) PIF draws; burden weights fixed"
"Road Injuries","Injuries","Combined 30/50: complete shift","30-44",639.958275889679,548.82436027977,719.584813128295,14,"Joint 2.5% and 97.5% quantiles across synchronized Primary RR (IS: Table 5 PUC; other causes: WHO/Adam) PIF draws; burden weights fixed"
"Road Injuries","Injuries","Combined 30/50: complete shift","45-59",507.348207670432,429.304869281833,582.228074322195,14,"Joint 2.5% and 97.5% quantiles across synchronized Primary RR (IS: Table 5 PUC; other causes: WHO/Adam) PIF draws; burden weights fixed"
"Road Injuries","Injuries","Combined 30/50: complete shift","60-65",131.957400853806,109.384854531238,156.304635755877,14,"Joint 2.5% and 97.5% quantiles across synchronized Primary RR (IS: Table 5 PUC; other causes: WHO/Adam) PIF draws; burden weights fixed"
"Unintentional Injuries","Injuries","Combined 30/50: complete shift","15-29",336.599119244703,274.559473800533,397.21392182624,14,"Joint 2.5% and 97.5% quantiles across synchronized Primary RR (IS: Table 5 PUC; other causes: WHO/Adam) PIF draws; burden weights fixed"
"Unintentional Injuries","Injuries","Combined 30/50: complete shift","30-44",498.460419976631,405.770724009815,584.940105359731,14,"Joint 2.5% and 97.5% quantiles across synchronized Primary RR (IS: Table 5 PUC; other causes: WHO/Adam) PIF draws; burden weights fixed"
"Unintentional Injuries","Injuries","Combined 30/50: complete shift","45-59",482.539220939149,393.12912972539,574.506298137247,14,"Joint 2.5% and 97.5% quantiles across synchronized Primary RR (IS: Table 5 PUC; other causes: WHO/Adam) PIF draws; burden weights fixed"
"Unintentional Injuries","Injuries","Combined 30/50: complete shift","60-65",139.301479961493,112.236138471646,169.775301741369,14,"Joint 2.5% and 97.5% quantiles across synchronized Primary RR (IS: Table 5 PUC; other causes: WHO/Adam) PIF draws; burden weights fixed"
