"year","disease","sex_label","scenario_id","scenario_short","observed_burden__WHO/Adam","observed_burden__Table 5 PUC","avoidable_burden__WHO/Adam","avoidable_burden__Table 5 PUC","avoidable_burden_low__WHO/Adam","avoidable_burden_low__Table 5 PUC","avoidable_burden_up__WHO/Adam","avoidable_burden_up__Table 5 PUC","pif__WHO/Adam","pif__Table 5 PUC","pif_low__WHO/Adam","pif_low__Table 5 PUC","pif_up__WHO/Adam","pif_up__Table 5 PUC","cells__WHO/Adam","cells__Table 5 PUC","interval_n_sim__WHO/Adam","interval_n_sim__Table 5 PUC","interval_method__WHO/Adam","interval_method__Table 5 PUC","point_inside_joint_interval__WHO/Adam","point_inside_joint_interval__Table 5 PUC"
2012,"Ischaemic Heart Disease","Men","baseline","Baseline",41149.78,41149.78,0,0,0,0,0,0,0,0,0,0,0,0,4,4,10000,10000,"Joint 2.5% and 97.5% quantiles across synchronized WHO/Adam PIF draws; burden weights fixed","Joint 2.5% and 97.5% quantiles across synchronized Table 5 PUC PIF draws; burden weights fixed",TRUE,TRUE
2012,"Ischaemic Heart Disease","Men","volume_reduction_10","Volume -10%",41149.78,41149.78,167.041019950549,2214.01245408741,92.451984102653,1454.15266093357,265.324030906995,3263.2590906586,0.00405934174983558,0.0538037494753899,0.00224671879418682,0.0353380421701785,0.00644776304774886,0.0793019814603771,4,4,10000,10000,"Joint 2.5% and 97.5% quantiles across synchronized WHO/Adam PIF draws; burden weights fixed","Joint 2.5% and 97.5% quantiles across synchronized Table 5 PUC PIF draws; burden weights fixed",TRUE,TRUE
2012,"Ischaemic Heart Disease","Men","volume_reduction_20","Volume -20%",41149.78,41149.78,261.482960637213,3187.70507648575,128.141691596762,2036.22905143839,441.843752539755,4768.46795854512,0.00635441940727782,0.0774659081162949,0.00311403102511755,0.0494833520723171,0.0107374511489431,0.115880764333251,4,4,10000,10000,"Joint 2.5% and 97.5% quantiles across synchronized WHO/Adam PIF draws; burden weights fixed","Joint 2.5% and 97.5% quantiles across synchronized Table 5 PUC PIF draws; burden weights fixed",TRUE,TRUE
2012,"Ischaemic Heart Disease","Men","volume_reduction_30","Volume -30%",41149.78,41149.78,286.737833532809,3624.48891117611,108.520158090453,2229.5842406592,541.353902714744,5538.91220899092,0.0069681498548184,0.088080395841147,0.00263719898600802,0.0541821667250517,0.0131556937294621,0.134603689472724,4,4,10000,10000,"Joint 2.5% and 97.5% quantiles across synchronized WHO/Adam PIF draws; burden weights fixed","Joint 2.5% and 97.5% quantiles across synchronized Table 5 PUC PIF draws; burden weights fixed",TRUE,TRUE
2012,"Ischaemic Heart Disease","Men","hed_reduction_10","HED -10%: no shift",41149.78,41149.78,124.305813026015,118.945362841789,71.3246563073701,41.1494245831634,205.038801959447,230.929248846331,0.00302081355054668,0.00289054674998964,0.00173329374561347,0.000999991362849652,0.00498274357625841,0.00561191940385419,4,4,10000,10000,"Joint 2.5% and 97.5% quantiles across synchronized WHO/Adam PIF draws; burden weights fixed","Joint 2.5% and 97.5% quantiles across synchronized Table 5 PUC PIF draws; burden weights fixed",TRUE,TRUE
2012,"Ischaemic Heart Disease","Men","hed_reduction_25","HED -25%: no shift",41149.78,41149.78,310.764532565026,297.363407104471,178.311640768425,102.873561457908,512.59700489861,577.323122115823,0.00755203387636643,0.00722636687497408,0.00433323436403367,0.00249997840712413,0.0124568589406459,0.0140297985096354,4,4,10000,10000,"Joint 2.5% and 97.5% quantiles across synchronized WHO/Adam PIF draws; burden weights fixed","Joint 2.5% and 97.5% quantiles across synchronized Table 5 PUC PIF draws; burden weights fixed",TRUE,TRUE
2012,"Ischaemic Heart Disease","Men","hed_reduction_50","HED -50%: no shift",41149.78,41149.78,621.529065130052,594.726814208937,356.623281536857,205.747122915823,1025.19400979722,1154.64624423165,0.0151040677527329,0.014452733749948,0.00866646872806749,0.00499995681424842,0.0249137178812918,0.0280595970192708,4,4,10000,10000,"Joint 2.5% and 97.5% quantiles across synchronized WHO/Adam PIF draws; burden weights fixed","Joint 2.5% and 97.5% quantiles across synchronized Table 5 PUC PIF draws; burden weights fixed",TRUE,TRUE
2012,"Ischaemic Heart Disease","Men","hed_reduction_10_mid","HED -10%: half shift",41149.78,41149.78,141.411242459106,282.7829092591,91.9292024532492,256.422163208831,212.384270422635,338.332782920918,0.00343650057081973,0.00687203939508546,0.00223401443344896,0.00623143460812745,0.00516124923201619,0.00822198278875168,4,4,10000,10000,"Joint 2.5% and 97.5% quantiles across synchronized WHO/Adam PIF draws; burden weights fixed","Joint 2.5% and 97.5% quantiles across synchronized Table 5 PUC PIF draws; burden weights fixed",TRUE,TRUE
2012,"Ischaemic Heart Disease","Men","hed_reduction_25_mid","HED -25%: half shift",41149.78,41149.78,353.528106147755,706.957273147741,229.823006133123,641.05540802208,530.960676056584,845.831957302297,0.00859125142704907,0.0171800984877135,0.00558503608362238,0.0155785865203187,0.0129031230800404,0.0205549569718793,4,4,10000,10000,"Joint 2.5% and 97.5% quantiles across synchronized WHO/Adam PIF draws; burden weights fixed","Joint 2.5% and 97.5% quantiles across synchronized Table 5 PUC PIF draws; burden weights fixed",TRUE,TRUE
2012,"Ischaemic Heart Disease","Men","hed_reduction_50_mid","HED -50%: half shift",41149.78,41149.78,707.056212295509,1413.91454629548,459.646012266254,1282.11081604416,1061.92135211316,1691.66391460459,0.0171825028540981,0.0343601969754269,0.011170072167245,0.0311571730406374,0.0258062461600807,0.0411099139437585,4,4,10000,10000,"Joint 2.5% and 97.5% quantiles across synchronized WHO/Adam PIF draws; burden weights fixed","Joint 2.5% and 97.5% quantiles across synchronized Table 5 PUC PIF draws; burden weights fixed",TRUE,TRUE
2012,"Ischaemic Heart Disease","Men","hed_reduction_10_rt","HED -10%: complete shift",41149.78,41149.78,158.516671892198,446.620455676411,109.531709297407,390.112004675725,225.590564404559,570.718015265199,0.00385218759109278,0.0108535320401813,0.0026617811637731,0.00948029381143046,0.00548218154275817,0.0138692847268005,4,4,10000,10000,"Joint 2.5% and 97.5% quantiles across synchronized WHO/Adam PIF draws; burden weights fixed","Joint 2.5% and 97.5% quantiles across synchronized Table 5 PUC PIF draws; burden weights fixed",TRUE,TRUE
2012,"Ischaemic Heart Disease","Men","hed_reduction_25_rt","HED -25%: complete shift",41149.78,41149.78,396.291679730485,1116.55113919101,273.82927324351,975.280011689301,563.976411011405,1426.795038163,0.00963046897773171,0.0271338301004528,0.00665445290943257,0.0237007345285759,0.0137054538568956,0.0346732118170011,4,4,10000,10000,"Joint 2.5% and 97.5% quantiles across synchronized WHO/Adam PIF draws; burden weights fixed","Joint 2.5% and 97.5% quantiles across synchronized Table 5 PUC PIF draws; burden weights fixed",TRUE,TRUE
2012,"Ischaemic Heart Disease","Men","hed_reduction_50_rt","HED -50%: complete shift",41149.78,41149.78,792.583359460966,2233.10227838203,547.658546487019,1950.5600233786,1127.95282202281,2853.59007632599,0.0192609379554633,0.0542676602009058,0.0133089058188651,0.0474014690571516,0.0274109077137913,0.0693464236340021,4,4,10000,10000,"Joint 2.5% and 97.5% quantiles across synchronized WHO/Adam PIF draws; burden weights fixed","Joint 2.5% and 97.5% quantiles across synchronized Table 5 PUC PIF draws; burden weights fixed",TRUE,TRUE
2012,"Ischaemic Heart Disease","Men","combined_v10_h25","Combined 10/25: no shift",41149.78,41149.78,491.214922249386,2522.17835094203,357.01070691042,2014.90801934891,678.54709440589,3388.59563390714,0.0119372429755247,0.0612926326931037,0.00867588373280294,0.0489652197253281,0.0164896894808645,0.0823478432668933,4,4,10000,10000,"Joint 2.5% and 97.5% quantiles across synchronized WHO/Adam PIF draws; burden weights fixed","Joint 2.5% and 97.5% quantiles across synchronized Table 5 PUC PIF draws; burden weights fixed",TRUE,TRUE
2012,"Ischaemic Heart Disease","Men","combined_v20_h50","Combined 20/50: no shift",41149.78,41149.78,937.767622772252,3825.685652771,672.479727673976,3168.17133405559,1304.72909867859,5036.01215659094,0.0227891284661121,0.0929697717161793,0.0163422435715082,0.076991209529081,0.0317068304782817,0.12238248069834,4,4,10000,10000,"Joint 2.5% and 97.5% quantiles across synchronized WHO/Adam PIF draws; burden weights fixed","Joint 2.5% and 97.5% quantiles across synchronized Table 5 PUC PIF draws; burden weights fixed",TRUE,TRUE
2012,"Ischaemic Heart Disease","Men","combined_v30_h50","Combined 30/50: no shift",41149.78,41149.78,991.526616049334,4283.14472488198,730.258912931057,3407.90427283864,1360.62014240932,5812.9124200934,0.0240955508401098,0.104086698030512,0.0177463625062165,0.0828170715089762,0.0330650648049473,0.14126229642281,4,4,10000,10000,"Joint 2.5% and 97.5% quantiles across synchronized WHO/Adam PIF draws; burden weights fixed","Joint 2.5% and 97.5% quantiles across synchronized Table 5 PUC PIF draws; burden weights fixed",TRUE,TRUE
2012,"Ischaemic Heart Disease","Men","combined_v10_h25_mid","Combined 10/25: half shift",41149.78,41149.78,508.004723962649,2690.76640107151,378.345572132769,2082.95071908167,690.59971829163,3700.14610523932,0.012345259779339,0.0653895695450015,0.00919435224520687,0.0506187571132013,0.0167825859164163,0.089918976607878,4,4,10000,10000,"Joint 2.5% and 97.5% quantiles across synchronized WHO/Adam PIF draws; burden weights fixed","Joint 2.5% and 97.5% quantiles across synchronized Table 5 PUC PIF draws; burden weights fixed",TRUE,TRUE
2012,"Ischaemic Heart Disease","Men","combined_v20_h50_mid","Combined 20/50: half shift",41149.78,41149.78,930.376887339648,3939.11714167402,681.665454236397,3152.03326113759,1276.16339022905,5337.41711460522,0.0226095227566137,0.0957263232433811,0.016565470197809,0.0765990306907494,0.0310126418714523,0.129707063187342,4,4,10000,10000,"Joint 2.5% and 97.5% quantiles across synchronized WHO/Adam PIF draws; burden weights fixed","Joint 2.5% and 97.5% quantiles across synchronized Table 5 PUC PIF draws; burden weights fixed",TRUE,TRUE
2012,"Ischaemic Heart Disease","Men","combined_v30_h50_mid","Combined 30/50: half shift",41149.78,41149.78,953.240467035471,4281.24546302828,708.681639451216,3296.12590651723,1316.44000417353,5949.83124814938,0.0231651412725772,0.104040543182206,0.0172220031176647,0.0801006932848056,0.0319914226558083,0.144589624735524,4,4,10000,10000,"Joint 2.5% and 97.5% quantiles across synchronized WHO/Adam PIF draws; burden weights fixed","Joint 2.5% and 97.5% quantiles across synchronized Table 5 PUC PIF draws; burden weights fixed",TRUE,TRUE
2012,"Ischaemic Heart Disease","Men","combined_v10_h25_rt","Combined 10/25: complete shift",41149.78,41149.78,524.794525675911,2859.35445120099,394.582425530708,2149.35686973241,718.107507918456,4011.09577527844,0.0127532765831533,0.0694865063968992,0.00958893159406218,0.0522325239583883,0.0174510655444198,0.0974755095963683,4,4,10000,10000,"Joint 2.5% and 97.5% quantiles across synchronized WHO/Adam PIF draws; burden weights fixed","Joint 2.5% and 97.5% quantiles across synchronized Table 5 PUC PIF draws; burden weights fixed",TRUE,TRUE
2012,"Ischaemic Heart Disease","Men","combined_v20_h50_rt","Combined 20/50: complete shift",41149.78,41149.78,922.986151907043,4052.54863057704,682.67373616793,3128.17288887616,1279.80396421571,5636.82385465963,0.0224299170471153,0.0984828747705829,0.016589972927387,0.0760191886536493,0.0311011131582164,0.13698308604954,4,4,10000,10000,"Joint 2.5% and 97.5% quantiles across synchronized WHO/Adam PIF draws; burden weights fixed","Joint 2.5% and 97.5% quantiles across synchronized Table 5 PUC PIF draws; burden weights fixed",TRUE,TRUE
2012,"Ischaemic Heart Disease","Men","combined_v30_h50_rt","Combined 30/50: complete shift",41149.78,41149.78,914.954318021608,4279.34620117458,681.023594743826,3182.53289132293,1293.44239415846,6093.70749264806,0.0222347317050445,0.103994388333901,0.016549872070855,0.0773402164318479,0.0314325470065322,0.148086028470822,4,4,10000,10000,"Joint 2.5% and 97.5% quantiles across synchronized WHO/Adam PIF draws; burden weights fixed","Joint 2.5% and 97.5% quantiles across synchronized Table 5 PUC PIF draws; burden weights fixed",TRUE,TRUE
2014,"Ischaemic Heart Disease","Men","baseline","Baseline",46920.25,46920.25,0,0,0,0,0,0,0,0,0,0,0,0,4,4,10000,10000,"Joint 2.5% and 97.5% quantiles across synchronized WHO/Adam PIF draws; burden weights fixed","Joint 2.5% and 97.5% quantiles across synchronized Table 5 PUC PIF draws; burden weights fixed",TRUE,TRUE
2014,"Ischaemic Heart Disease","Men","volume_reduction_10","Volume -10%",46920.25,46920.25,179.313836514512,2477.93753070165,93.4389029260624,1652.95358121515,284.811022864973,3602.20330963007,0.00382167265763742,0.0528116864403247,0.0019914408581809,0.0352290020026566,0.0060701088094154,0.0767728925065419,4,4,10000,10000,"Joint 2.5% and 97.5% quantiles across synchronized WHO/Adam PIF draws; burden weights fixed","Joint 2.5% and 97.5% quantiles across synchronized Table 5 PUC PIF draws; burden weights fixed",TRUE,TRUE
2014,"Ischaemic Heart Disease","Men","volume_reduction_20","Volume -20%",46920.25,46920.25,278.312583774651,3565.16378981612,125.186672547918,2315.01204537624,471.674851721409,5264.54528105654,0.00593160914050226,0.0759834781318539,0.00266807343413383,0.0493392947688097,0.0100526926374307,0.112201987011078,4,4,10000,10000,"Joint 2.5% and 97.5% quantiles across synchronized WHO/Adam PIF draws; burden weights fixed","Joint 2.5% and 97.5% quantiles across synchronized Table 5 PUC PIF draws; burden weights fixed",TRUE,TRUE
2014,"Ischaemic Heart Disease","Men","volume_reduction_30","Volume -30%",46920.25,46920.25,300.699112852258,4051.22412741432,95.8927714784424,2539.27722306674,572.274828237078,6099.03281327038,0.00640872784889804,0.0863427651688626,0.00204373956827686,0.0541190045463683,0.0121967557341889,0.129987219021006,4,4,10000,10000,"Joint 2.5% and 97.5% quantiles across synchronized WHO/Adam PIF draws; burden weights fixed","Joint 2.5% and 97.5% quantiles across synchronized Table 5 PUC PIF draws; burden weights fixed",TRUE,TRUE
2014,"Ischaemic Heart Disease","Men","hed_reduction_10","HED -10%: no shift",46920.25,46920.25,141.936292781327,134.648902614701,82.4324484698385,46.2397188476263,229.343324073727,257.122840331475,0.00302505406048193,0.00286973966708832,0.00175686294232956,0.000985496003274201,0.00488793908970491,0.00547999723640592,4,4,10000,10000,"Joint 2.5% and 97.5% quantiles across synchronized WHO/Adam PIF draws; burden weights fixed","Joint 2.5% and 97.5% quantiles across synchronized Table 5 PUC PIF draws; burden weights fixed",TRUE,TRUE
2014,"Ischaemic Heart Disease","Men","hed_reduction_25","HED -25%: no shift",46920.25,46920.25,354.840731953322,336.622256536758,206.081121174593,115.599297119066,573.358310184322,642.807100828684,0.00756263515120492,0.00717434916772094,0.00439215735582382,0.00246374000818551,0.0122198477242624,0.0136999930910147,4,4,10000,10000,"Joint 2.5% and 97.5% quantiles across synchronized WHO/Adam PIF draws; burden weights fixed","Joint 2.5% and 97.5% quantiles across synchronized Table 5 PUC PIF draws; burden weights fixed",TRUE,TRUE
2014,"Ischaemic Heart Disease","Men","hed_reduction_50","HED -50%: no shift",46920.25,46920.25,709.681463906645,673.244513073506,412.162242349194,231.198594238132,1146.71662036865,1285.61420165736,0.0151252703024098,0.0143486983354417,0.00878431471164783,0.00492748001637101,0.0244396954485248,0.0273999861820293,4,4,10000,10000,"Joint 2.5% and 97.5% quantiles across synchronized WHO/Adam PIF draws; burden weights fixed","Joint 2.5% and 97.5% quantiles across synchronized Table 5 PUC PIF draws; burden weights fixed",TRUE,TRUE
2014,"Ischaemic Heart Disease","Men","hed_reduction_10_mid","HED -10%: half shift",46920.25,46920.25,152.889916607697,296.551786532818,99.988757506978,261.242792577316,229.513639575192,362.436787221143,0.00325850600982938,0.00632033688083115,0.00213103633307533,0.00556780478742795,0.0048915689830125,0.00772452804964047,4,4,10000,10000,"Joint 2.5% and 97.5% quantiles across synchronized WHO/Adam PIF draws; burden weights fixed","Joint 2.5% and 97.5% quantiles across synchronized Table 5 PUC PIF draws; burden weights fixed",TRUE,TRUE
2014,"Ischaemic Heart Disease","Men","hed_reduction_25_mid","HED -25%: half shift",46920.25,46920.25,382.224791519249,741.379466332045,249.971893767448,653.106981443297,573.784098937972,906.09196805286,0.0081462650245736,0.0158008422020779,0.00532759083268841,0.01391951196857,0.0122289224575311,0.0193113201241012,4,4,10000,10000,"Joint 2.5% and 97.5% quantiles across synchronized WHO/Adam PIF draws; burden weights fixed","Joint 2.5% and 97.5% quantiles across synchronized Table 5 PUC PIF draws; burden weights fixed",TRUE,TRUE
2014,"Ischaemic Heart Disease","Men","hed_reduction_50_mid","HED -50%: half shift",46920.25,46920.25,764.4495830385,1482.75893266408,499.943787534901,1306.2139628866,1147.56819787595,1812.18393610572,0.0162925300491472,0.0316016844041557,0.0106551816653769,0.0278390239371401,0.0244578449150623,0.0386226402482023,4,4,10000,10000,"Joint 2.5% and 97.5% quantiles across synchronized WHO/Adam PIF draws; burden weights fixed","Joint 2.5% and 97.5% quantiles across synchronized Table 5 PUC PIF draws; burden weights fixed",TRUE,TRUE
2014,"Ischaemic Heart Disease","Men","hed_reduction_10_rt","HED -10%: complete shift",46920.25,46920.25,163.843540434066,458.454670450935,115.449895667687,393.666270076222,232.645502339294,587.076399240712,0.00349195795917682,0.00977093409457399,0.00246055585099584,0.00839011450442447,0.00495831762062849,0.0125122180559718,4,4,10000,10000,"Joint 2.5% and 97.5% quantiles across synchronized WHO/Adam PIF draws; burden weights fixed","Joint 2.5% and 97.5% quantiles across synchronized Table 5 PUC PIF draws; burden weights fixed",TRUE,TRUE
2014,"Ischaemic Heart Disease","Men","hed_reduction_25_rt","HED -25%: complete shift",46920.25,46920.25,409.608851085176,1146.13667612733,288.624739169225,984.165675190541,581.613755848229,1467.69099810178,0.00872989489794228,0.0244273352364348,0.00615138962748972,0.0209752862610609,0.0123957940515711,0.0312805451399295,4,4,10000,10000,"Joint 2.5% and 97.5% quantiles across synchronized WHO/Adam PIF draws; burden weights fixed","Joint 2.5% and 97.5% quantiles across synchronized Table 5 PUC PIF draws; burden weights fixed",TRUE,TRUE
2014,"Ischaemic Heart Disease","Men","hed_reduction_50_rt","HED -50%: complete shift",46920.25,46920.25,819.217702170355,2292.27335225466,577.24947833844,1968.33135038108,1163.22751169644,2935.38199620356,0.0174597897958846,0.0488546704728697,0.0123027792549792,0.0419505725221216,0.0247915881031419,0.0625610902798591,4,4,10000,10000,"Joint 2.5% and 97.5% quantiles across synchronized WHO/Adam PIF draws; burden weights fixed","Joint 2.5% and 97.5% quantiles across synchronized Table 5 PUC PIF draws; burden weights fixed",TRUE,TRUE
2014,"Ischaemic Heart Disease","Men","combined_v10_h25","Combined 10/25: no shift",46920.25,46920.25,546.472952427994,2824.36313863846,401.950539815934,2253.0567495524,748.123175300059,3757.84239850283,0.0116468465625821,0.060194972077908,0.00856667515232622,0.048018856454354,0.0159445692488863,0.0800899909634502,4,4,10000,10000,"Joint 2.5% and 97.5% quantiles across synchronized WHO/Adam PIF draws; burden weights fixed","Joint 2.5% and 97.5% quantiles across synchronized Table 5 PUC PIF draws; burden weights fixed",TRUE,TRUE
2014,"Ischaemic Heart Disease","Men","combined_v20_h50","Combined 20/50: no shift",46920.25,46920.25,1038.00634144311,4277.41501390862,754.13924405256,3516.11392146386,1433.5765287926,5586.91036060759,0.0221227794277122,0.0911635171148623,0.01607278827484,0.0749380900882639,0.0305534716629302,0.119072476395748,4,4,10000,10000,"Joint 2.5% and 97.5% quantiles across synchronized WHO/Adam PIF draws; burden weights fixed","Joint 2.5% and 97.5% quantiles across synchronized Table 5 PUC PIF draws; burden weights fixed",TRUE,TRUE
2014,"Ischaemic Heart Disease","Men","combined_v30_h50","Combined 30/50: no shift",46920.25,46920.25,1085.9519276837,4781.65874826999,804.98914495635,3785.69284843624,1472.33311812647,6425.6794526781,0.0231446321723285,0.101910342512454,0.0171565399791423,0.0806835609025153,0.0313794815271971,0.136948960260828,4,4,10000,10000,"Joint 2.5% and 97.5% quantiles across synchronized WHO/Adam PIF draws; burden weights fixed","Joint 2.5% and 97.5% quantiles across synchronized Table 5 PUC PIF draws; burden weights fixed",TRUE,TRUE
2014,"Ischaemic Heart Disease","Men","combined_v10_h25_mid","Combined 10/25: half shift",46920.25,46920.25,546.783218129693,2981.6311673284,411.202409543302,2307.70112001493,736.478403263881,4046.59139037536,0.0116534591808376,0.0635467877372434,0.00876385802597603,0.049183478775474,0.0156963870240223,0.0862440287589124,4,4,10000,10000,"Joint 2.5% and 97.5% quantiles across synchronized WHO/Adam PIF draws; burden weights fixed","Joint 2.5% and 97.5% quantiles across synchronized Table 5 PUC PIF draws; burden weights fixed",TRUE,TRUE
2014,"Ischaemic Heart Disease","Men","combined_v20_h50_mid","Combined 20/50: half shift",46920.25,46920.25,996.13352234411,4362.51668812489,738.995930863394,3467.96952558113,1353.20205633433,5859.62305818623,0.0212303541081752,0.0929772686233533,0.0157500424840744,0.0739120001615748,0.0288404698682197,0.124884736508996,4,4,10000,10000,"Joint 2.5% and 97.5% quantiles across synchronized WHO/Adam PIF draws; burden weights fixed","Joint 2.5% and 97.5% quantiles across synchronized Table 5 PUC PIF draws; burden weights fixed",TRUE,TRUE
2014,"Ischaemic Heart Disease","Men","combined_v30_h50_mid","Combined 30/50: half shift",46920.25,46920.25,1012.43348570076,4749.10048156201,756.680549288337,3637.5676765465,1380.29830750996,6551.12948592549,0.0215777513056892,0.101216436007097,0.0161269505019333,0.0775266047505395,0.0294179657506079,0.139622646638189,4,4,10000,10000,"Joint 2.5% and 97.5% quantiles across synchronized WHO/Adam PIF draws; burden weights fixed","Joint 2.5% and 97.5% quantiles across synchronized Table 5 PUC PIF draws; burden weights fixed",TRUE,TRUE
2014,"Ischaemic Heart Disease","Men","combined_v10_h25_rt","Combined 10/25: complete shift",46920.25,46920.25,547.093483831393,3138.89919601833,415.623122506915,2360.02759029164,740.130778253731,4348.00411467455,0.011660071799093,0.0668986033965789,0.00885807561781778,0.0502987002475827,0.0157742292134789,0.0926679656368956,4,4,10000,10000,"Joint 2.5% and 97.5% quantiles across synchronized WHO/Adam PIF draws; burden weights fixed","Joint 2.5% and 97.5% quantiles across synchronized Table 5 PUC PIF draws; burden weights fixed",TRUE,TRUE
2014,"Ischaemic Heart Disease","Men","combined_v20_h50_rt","Combined 20/50: complete shift",46920.25,46920.25,954.260703245108,4447.61836234117,713.999599890597,3405.13230763265,1304.29152840896,6136.96026685117,0.0203379287886383,0.0947910201318443,0.0152173016957624,0.0725727656530528,0.0277980515536248,0.130795557714445,4,4,10000,10000,"Joint 2.5% and 97.5% quantiles across synchronized WHO/Adam PIF draws; burden weights fixed","Joint 2.5% and 97.5% quantiles across synchronized Table 5 PUC PIF draws; burden weights fixed",TRUE,TRUE
2014,"Ischaemic Heart Disease","Men","combined_v30_h50_rt","Combined 30/50: complete shift",46920.25,46920.25,938.915043717833,4716.54221485403,703.277336639544,3478.06740778752,1321.07305243246,6672.72190089584,0.0200108704390499,0.10052252950174,0.0149887806786951,0.0741272138956532,0.0281557121377755,0.142214116525292,4,4,10000,10000,"Joint 2.5% and 97.5% quantiles across synchronized WHO/Adam PIF draws; burden weights fixed","Joint 2.5% and 97.5% quantiles across synchronized Table 5 PUC PIF draws; burden weights fixed",TRUE,TRUE
2016,"Ischaemic Heart Disease","Men","baseline","Baseline",43159.76,43159.76,0,0,0,0,0,0,0,0,0,0,0,0,4,4,10000,10000,"Joint 2.5% and 97.5% quantiles across synchronized WHO/Adam PIF draws; burden weights fixed","Joint 2.5% and 97.5% quantiles across synchronized Table 5 PUC PIF draws; burden weights fixed",TRUE,TRUE
2016,"Ischaemic Heart Disease","Men","volume_reduction_10","Volume -10%",43159.76,43159.76,140.250971300132,1967.99962832595,69.4189396774332,1296.18300924772,229.303120537133,2928.87600447143,0.00324957718254531,0.0455980206638301,0.00160841811162604,0.0300322107733619,0.00531289146503904,0.0678612671727422,4,4,10000,10000,"Joint 2.5% and 97.5% quantiles across synchronized WHO/Adam PIF draws; burden weights fixed","Joint 2.5% and 97.5% quantiles across synchronized Table 5 PUC PIF draws; burden weights fixed",TRUE,TRUE
2016,"Ischaemic Heart Disease","Men","volume_reduction_20","Volume -20%",43159.76,43159.76,214.852111376921,2826.43888951489,84.8086599850563,1801.83132101653,376.033981712519,4281.50810120093,0.00497806547990352,0.0654878268441457,0.00196499378089814,0.0417479457952624,0.00871260594851592,0.0992013880800293,4,4,10000,10000,"Joint 2.5% and 97.5% quantiles across synchronized WHO/Adam PIF draws; burden weights fixed","Joint 2.5% and 97.5% quantiles across synchronized Table 5 PUC PIF draws; burden weights fixed",TRUE,TRUE
2016,"Ischaemic Heart Disease","Men","volume_reduction_30","Volume -30%",43159.76,43159.76,226.003835842498,3203.78108431371,48.7204435410575,1956.77767641747,454.545146363556,4972.87523666176,0.00523644792840594,0.0742307437370761,0.00112883953805715,0.0453380110644143,0.0105316884608153,0.115220178162755,4,4,10000,10000,"Joint 2.5% and 97.5% quantiles across synchronized WHO/Adam PIF draws; burden weights fixed","Joint 2.5% and 97.5% quantiles across synchronized Table 5 PUC PIF draws; burden weights fixed",TRUE,TRUE
2016,"Ischaemic Heart Disease","Men","hed_reduction_10","HED -10%: no shift",43159.76,43159.76,114.255298997043,109.558449754505,65.5573728091977,36.5049793893153,183.651717206095,207.562598049451,0.00264726446572091,0.0025384397354041,0.00151894664866528,0.000845810527892539,0.00425516076099808,0.00480916942192103,4,4,10000,10000,"Joint 2.5% and 97.5% quantiles across synchronized WHO/Adam PIF draws; burden weights fixed","Joint 2.5% and 97.5% quantiles across synchronized Table 5 PUC PIF draws; burden weights fixed",TRUE,TRUE
2016,"Ischaemic Heart Disease","Men","hed_reduction_25","HED -25%: no shift",43159.76,43159.76,285.638247492617,273.896124386278,163.893432023003,91.2624484732836,459.129293015237,518.906495123628,0.00661816116430251,0.00634609933851064,0.00379736662166339,0.00211452631973124,0.0106379019024952,0.0120229235548026,4,4,10000,10000,"Joint 2.5% and 97.5% quantiles across synchronized WHO/Adam PIF draws; burden weights fixed","Joint 2.5% and 97.5% quantiles across synchronized Table 5 PUC PIF draws; burden weights fixed",TRUE,TRUE
2016,"Ischaemic Heart Disease","Men","hed_reduction_50","HED -50%: no shift",43159.76,43159.76,571.276494985235,547.792248772553,327.786864045997,182.524896946564,918.258586030464,1037.81299024726,0.0132363223286051,0.0126921986770212,0.00759473324332658,0.00422905263946241,0.0212758038049902,0.0240458471096054,4,4,10000,10000,"Joint 2.5% and 97.5% quantiles across synchronized WHO/Adam PIF draws; burden weights fixed","Joint 2.5% and 97.5% quantiles across synchronized Table 5 PUC PIF draws; burden weights fixed",TRUE,TRUE
2016,"Ischaemic Heart Disease","Men","hed_reduction_10_mid","HED -10%: half shift",43159.76,43159.76,130.665502826894,258.967483613864,83.7665466133425,231.68012700421,194.184619976889,310.905214281773,0.00302748446300197,0.00600020675772673,0.00194084829510967,0.00536796606385694,0.00449920527771444,0.00720358997088428,4,4,10000,10000,"Joint 2.5% and 97.5% quantiles across synchronized WHO/Adam PIF draws; burden weights fixed","Joint 2.5% and 97.5% quantiles across synchronized Table 5 PUC PIF draws; burden weights fixed",TRUE,TRUE
2016,"Ischaemic Heart Disease","Men","hed_reduction_25_mid","HED -25%: half shift",43159.76,43159.76,326.663757067242,647.418709034671,209.416366533359,579.200317510534,485.461549942222,777.263035704431,0.00756871115750508,0.0150005168943171,0.00485212073777424,0.0134199151596425,0.0112480131942861,0.0180089749272107,4,4,10000,10000,"Joint 2.5% and 97.5% quantiles across synchronized WHO/Adam PIF draws; burden weights fixed","Joint 2.5% and 97.5% quantiles across synchronized Table 5 PUC PIF draws; burden weights fixed",TRUE,TRUE
2016,"Ischaemic Heart Disease","Men","hed_reduction_50_mid","HED -50%: half shift",43159.76,43159.76,653.327514134485,1294.83741806934,418.832733066711,1158.40063502107,970.923099884452,1554.52607140886,0.0151374223150102,0.0300010337886342,0.00970424147554831,0.026839830319285,0.0224960263885724,0.0360179498544214,4,4,10000,10000,"Joint 2.5% and 97.5% quantiles across synchronized WHO/Adam PIF draws; burden weights fixed","Joint 2.5% and 97.5% quantiles across synchronized Table 5 PUC PIF draws; burden weights fixed",TRUE,TRUE
2016,"Ischaemic Heart Disease","Men","hed_reduction_10_rt","HED -10%: complete shift",43159.76,43159.76,147.075706656745,408.376517473223,99.9605227954412,356.069410027044,208.241019789173,521.053986961089,0.00340770446028302,0.00946197378004935,0.00231605835610396,0.00825003220655175,0.00482488827067559,0.0120726803615472,4,4,10000,10000,"Joint 2.5% and 97.5% quantiles across synchronized WHO/Adam PIF draws; burden weights fixed","Joint 2.5% and 97.5% quantiles across synchronized Table 5 PUC PIF draws; burden weights fixed",TRUE,TRUE
2016,"Ischaemic Heart Disease","Men","hed_reduction_25_rt","HED -25%: complete shift",43159.76,43159.76,367.689266641866,1020.94129368306,249.901306988606,890.173525067628,520.602549472938,1302.63496740273,0.00851926115070766,0.0236549344501235,0.00579014589025996,0.0206250805163798,0.0120622206766891,0.0301817009038681,4,4,10000,10000,"Joint 2.5% and 97.5% quantiles across synchronized WHO/Adam PIF draws; burden weights fixed","Joint 2.5% and 97.5% quantiles across synchronized Table 5 PUC PIF draws; burden weights fixed",TRUE,TRUE
2016,"Ischaemic Heart Disease","Men","hed_reduction_50_rt","HED -50%: complete shift",43159.76,43159.76,735.378533283734,2041.88258736614,499.802613977203,1780.34705013526,1041.20509894588,2605.26993480546,0.0170385223014153,0.0473098689002473,0.0115802917805197,0.0412501610327596,0.0241244413533782,0.0603634018077361,4,4,10000,10000,"Joint 2.5% and 97.5% quantiles across synchronized WHO/Adam PIF draws; burden weights fixed","Joint 2.5% and 97.5% quantiles across synchronized Table 5 PUC PIF draws; burden weights fixed",TRUE,TRUE
2016,"Ischaemic Heart Disease","Men","combined_v10_h25","Combined 10/25: no shift",43159.76,43159.76,435.850749010692,2249.92711226472,319.616813080725,1782.52181060712,596.97985797862,3054.95180990414,0.0100985443156007,0.0521302044372981,0.00740543536573708,0.0413005496464096,0.0138318623175527,0.0707824095848574,4,4,10000,10000,"Joint 2.5% and 97.5% quantiles across synchronized WHO/Adam PIF draws; burden weights fixed","Joint 2.5% and 97.5% quantiles across synchronized Table 5 PUC PIF draws; burden weights fixed",TRUE,TRUE
2016,"Ischaemic Heart Disease","Men","combined_v20_h50","Combined 20/50: no shift",43159.76,43159.76,826.618092518878,3406.24292887862,596.387556869893,2788.6507727489,1142.07156262565,4547.12052282075,0.0191525182836716,0.0789217300763168,0.0138181388605936,0.0646122863692685,0.0264614901154605,0.105355556259366,4,4,10000,10000,"Joint 2.5% and 97.5% quantiles across synchronized WHO/Adam PIF draws; burden weights fixed","Joint 2.5% and 97.5% quantiles across synchronized Table 5 PUC PIF draws; burden weights fixed",TRUE,TRUE
2016,"Ischaemic Heart Disease","Men","combined_v30_h50","Combined 30/50: no shift",43159.76,43159.76,858.561846188465,3798.63271999464,633.232648727243,2978.51254785021,1172.23678301403,5242.34349637572,0.0198926464416963,0.0880132957179244,0.0146718297026499,0.0690113324969881,0.0271604101369895,0.121463685070902,4,4,10000,10000,"Joint 2.5% and 97.5% quantiles across synchronized WHO/Adam PIF draws; burden weights fixed","Joint 2.5% and 97.5% quantiles across synchronized Table 5 PUC PIF draws; burden weights fixed",TRUE,TRUE
2016,"Ischaemic Heart Disease","Men","combined_v10_h25_mid","Combined 10/25: half shift",43159.76,43159.76,453.882767234459,2405.36113349311,337.42865547603,1851.60974923341,615.203361474337,3327.71368220111,0.0105163413150226,0.0557315687921599,0.00781813095058986,0.042901298552944,0.0142540959790865,0.0771022286083404,4,4,10000,10000,"Joint 2.5% and 97.5% quantiles across synchronized WHO/Adam PIF draws; burden weights fixed","Joint 2.5% and 97.5% quantiles across synchronized Table 5 PUC PIF draws; burden weights fixed",TRUE,TRUE
2016,"Ischaemic Heart Disease","Men","combined_v20_h50_mid","Combined 20/50: half shift",43159.76,43159.76,826.411078404918,3515.06416041657,603.484765843772,2788.84244275625,1131.5200165372,4808.45975091859,0.0191477218224781,0.0814430886644543,0.0139825792785635,0.0646167273116497,0.0262170136381017,0.111410715697182,4,4,10000,10000,"Joint 2.5% and 97.5% quantiles across synchronized WHO/Adam PIF draws; burden weights fixed","Joint 2.5% and 97.5% quantiles across synchronized Table 5 PUC PIF draws; burden weights fixed",TRUE,TRUE
2016,"Ischaemic Heart Disease","Men","combined_v30_h50_mid","Combined 30/50: half shift",43159.76,43159.76,831.052307368127,3803.39645101885,616.555348607162,2899.99250194075,1146.04501965347,5365.55742870675,0.0192552578459224,0.088123670081086,0.014285421156354,0.0671920442083262,0.0265535540432447,0.124318518655033,4,4,10000,10000,"Joint 2.5% and 97.5% quantiles across synchronized WHO/Adam PIF draws; burden weights fixed","Joint 2.5% and 97.5% quantiles across synchronized Table 5 PUC PIF draws; burden weights fixed",TRUE,TRUE
2016,"Ischaemic Heart Disease","Men","combined_v10_h25_rt","Combined 10/25: complete shift",43159.76,43159.76,471.914785458226,2560.7951547215,352.054966975177,1923.19733923175,642.560353726231,3604.29201085232,0.0109341383144444,0.0593329331470216,0.00815701864364345,0.0445599637076702,0.0148879501120078,0.0835104738963406,4,4,10000,10000,"Joint 2.5% and 97.5% quantiles across synchronized WHO/Adam PIF draws; burden weights fixed","Joint 2.5% and 97.5% quantiles across synchronized Table 5 PUC PIF draws; burden weights fixed",TRUE,TRUE
2016,"Ischaemic Heart Disease","Men","combined_v20_h50_rt","Combined 20/50: complete shift",43159.76,43159.76,826.204064290958,3623.88539195452,607.467186301376,2786.19276719142,1142.28237919605,5087.17275260929,0.0191429253612846,0.0839644472525917,0.0140748508865984,0.0645553350433696,0.0264663746785442,0.117868420783834,4,4,10000,10000,"Joint 2.5% and 97.5% quantiles across synchronized WHO/Adam PIF draws; burden weights fixed","Joint 2.5% and 97.5% quantiles across synchronized Table 5 PUC PIF draws; burden weights fixed",TRUE,TRUE
2016,"Ischaemic Heart Disease","Men","combined_v30_h50_rt","Combined 30/50: complete shift",43159.76,43159.76,803.542768547789,3808.16018204306,592.408561133687,2815.7517323795,1137.20699925711,5492.53458045939,0.0186178692501485,0.0882340444442476,0.0137259466024298,0.0652402082954005,0.0263487794940728,0.127260545018308,4,4,10000,10000,"Joint 2.5% and 97.5% quantiles across synchronized WHO/Adam PIF draws; burden weights fixed","Joint 2.5% and 97.5% quantiles across synchronized Table 5 PUC PIF draws; burden weights fixed",TRUE,TRUE
2018,"Ischaemic Heart Disease","Men","baseline","Baseline",45209.28,45209.28,0,0,0,0,0,0,0,0,0,0,0,0,4,4,10000,10000,"Joint 2.5% and 97.5% quantiles across synchronized WHO/Adam PIF draws; burden weights fixed","Joint 2.5% and 97.5% quantiles across synchronized Table 5 PUC PIF draws; burden weights fixed",TRUE,TRUE
2018,"Ischaemic Heart Disease","Men","volume_reduction_10","Volume -10%",45209.28,45209.28,155.527617017368,2216.85498369108,77.4676090173368,1446.58297868049,253.34629516276,3253.64880579087,0.00344017018225834,0.0490353967966549,0.00171353335017361,0.0319974788070168,0.00560385600396113,0.0719686048039445,4,4,10000,10000,"Joint 2.5% and 97.5% quantiles across synchronized WHO/Adam PIF draws; burden weights fixed","Joint 2.5% and 97.5% quantiles across synchronized Table 5 PUC PIF draws; burden weights fixed",TRUE,TRUE
2018,"Ischaemic Heart Disease","Men","volume_reduction_20","Volume -20%",45209.28,45209.28,237.732420265841,3184.29272035962,99.5306019033014,2015.67736839515,416.40173401994,4746.87952683154,0.00525848720142946,0.0704344931031776,0.00220155246673474,0.0445854782114458,0.00921053673095302,0.104997901466945,4,4,10000,10000,"Joint 2.5% and 97.5% quantiles across synchronized WHO/Adam PIF draws; burden weights fixed","Joint 2.5% and 97.5% quantiles across synchronized Table 5 PUC PIF draws; burden weights fixed",TRUE,TRUE
2018,"Ischaemic Heart Disease","Men","volume_reduction_30","Volume -30%",45209.28,45209.28,249.743610140284,3612.09111139439,66.1465327642872,2199.0495831058,502.1898490433,5508.37873143174,0.00552416694404962,0.079897116507814,0.00146311847400107,0.0486415528649384,0.0111081142863434,0.121841770792009,4,4,10000,10000,"Joint 2.5% and 97.5% quantiles across synchronized WHO/Adam PIF draws; burden weights fixed","Joint 2.5% and 97.5% quantiles across synchronized Table 5 PUC PIF draws; burden weights fixed",TRUE,TRUE
2018,"Ischaemic Heart Disease","Men","hed_reduction_10","HED -10%: no shift",45209.28,45209.28,145.296648429576,137.887869745141,84.6179043874478,47.206579226053,238.752160056102,265.280906127563,0.00321386778178232,0.0030499903945637,0.00187169325385071,0.00104417896560293,0.00528104318529519,0.00586784187068591,4,4,10000,10000,"Joint 2.5% and 97.5% quantiles across synchronized WHO/Adam PIF draws; burden weights fixed","Joint 2.5% and 97.5% quantiles across synchronized Table 5 PUC PIF draws; burden weights fixed",TRUE,TRUE
2018,"Ischaemic Heart Disease","Men","hed_reduction_25","HED -25%: no shift",45209.28,45209.28,363.241621073936,344.719674362843,211.544760968623,118.016448065133,596.880400140259,663.202265318908,0.00803466945445571,0.00762497598640906,0.00467923313462686,0.00261044741400732,0.0132026079632381,0.0146696046767148,4,4,10000,10000,"Joint 2.5% and 97.5% quantiles across synchronized WHO/Adam PIF draws; burden weights fixed","Joint 2.5% and 97.5% quantiles across synchronized Table 5 PUC PIF draws; burden weights fixed",TRUE,TRUE
2018,"Ischaemic Heart Disease","Men","hed_reduction_50","HED -50%: no shift",45209.28,45209.28,726.483242147869,689.439348725686,423.089521937248,236.032896130267,1193.76080028053,1326.40453063781,0.0160693389089114,0.0152499519728181,0.00935846626925374,0.00522089482801467,0.0264052159264764,0.0293392093534295,4,4,10000,10000,"Joint 2.5% and 97.5% quantiles across synchronized WHO/Adam PIF draws; burden weights fixed","Joint 2.5% and 97.5% quantiles across synchronized Table 5 PUC PIF draws; burden weights fixed",TRUE,TRUE
2018,"Ischaemic Heart Disease","Men","hed_reduction_10_mid","HED -10%: half shift",45209.28,45209.28,166.053367823139,318.320714498953,108.765697804471,285.613773529381,251.016499887803,382.865149896939,0.0036729929745207,0.00704104808789154,0.00240582680822324,0.00631759173181659,0.005552322441052,0.00846872920552902,4,4,10000,10000,"Joint 2.5% and 97.5% quantiles across synchronized WHO/Adam PIF draws; burden weights fixed","Joint 2.5% and 97.5% quantiles across synchronized Table 5 PUC PIF draws; burden weights fixed",TRUE,TRUE
2018,"Ischaemic Heart Disease","Men","hed_reduction_25_mid","HED -25%: half shift",45209.28,45209.28,415.133419557845,795.801786247381,271.914244511169,714.034433823455,627.541249719497,957.162874742353,0.00918248243630168,0.0176026202197288,0.00601456702055794,0.0157939793295415,0.0138808061026298,0.0211718230138227,4,4,10000,10000,"Joint 2.5% and 97.5% quantiles across synchronized WHO/Adam PIF draws; burden weights fixed","Joint 2.5% and 97.5% quantiles across synchronized Table 5 PUC PIF draws; burden weights fixed",TRUE,TRUE
2018,"Ischaemic Heart Disease","Men","hed_reduction_50_mid","HED -50%: half shift",45209.28,45209.28,830.266839115687,1591.60357249476,543.828489022335,1428.06886764691,1255.082499439,1914.32574948471,0.0183649648726033,0.0352052404394576,0.0120291340411158,0.0315879586590831,0.0277616122052595,0.0423436460276453,4,4,10000,10000,"Joint 2.5% and 97.5% quantiles across synchronized WHO/Adam PIF draws; burden weights fixed","Joint 2.5% and 97.5% quantiles across synchronized Table 5 PUC PIF draws; burden weights fixed",TRUE,TRUE
2018,"Ischaemic Heart Disease","Men","hed_reduction_10_rt","HED -10%: complete shift",45209.28,45209.28,186.810087216703,498.753559252766,129.589148435158,440.388848852639,267.308567138477,620.949184718379,0.00413211816725908,0.0110321057812194,0.00286642805271745,0.00974111617908179,0.00591269241931031,0.0137349938932533,4,4,10000,10000,"Joint 2.5% and 97.5% quantiles across synchronized WHO/Adam PIF draws; burden weights fixed","Joint 2.5% and 97.5% quantiles across synchronized Table 5 PUC PIF draws; burden weights fixed",TRUE,TRUE
2018,"Ischaemic Heart Disease","Men","hed_reduction_25_rt","HED -25%: complete shift",45209.28,45209.28,467.025218041754,1246.88389813192,323.972871087893,1100.9721221316,668.271417846184,1552.37296179595,0.0103302954181476,0.0275802644530485,0.00716607013179358,0.0243527904477045,0.0147817310482756,0.0343374847331334,4,4,10000,10000,"Joint 2.5% and 97.5% quantiles across synchronized WHO/Adam PIF draws; burden weights fixed","Joint 2.5% and 97.5% quantiles across synchronized Table 5 PUC PIF draws; burden weights fixed",TRUE,TRUE
2018,"Ischaemic Heart Disease","Men","hed_reduction_50_rt","HED -50%: complete shift",45209.28,45209.28,934.050436083505,2493.76779626383,647.945742175773,2201.9442442632,1336.54283569237,3104.74592359191,0.0206605908362952,0.055160528906097,0.0143321402635869,0.048705580895409,0.0295634620965512,0.0686749694662668,4,4,10000,10000,"Joint 2.5% and 97.5% quantiles across synchronized WHO/Adam PIF draws; burden weights fixed","Joint 2.5% and 97.5% quantiles across synchronized Table 5 PUC PIF draws; burden weights fixed",TRUE,TRUE
2018,"Ischaemic Heart Disease","Men","combined_v10_h25","Combined 10/25: no shift",45209.28,45209.28,530.997788562671,2571.22375591707,385.172043627148,2071.91788996735,746.089213445515,3397.00568563737,0.0117453272549944,0.0568738045798799,0.0085197562010974,0.0458294821321496,0.0165030102988925,0.0751395661606947,4,4,10000,10000,"Joint 2.5% and 97.5% quantiles across synchronized WHO/Adam PIF draws; burden weights fixed","Joint 2.5% and 97.5% quantiles across synchronized Table 5 PUC PIF draws; burden weights fixed",TRUE,TRUE
2018,"Ischaemic Heart Disease","Men","combined_v20_h50","Combined 20/50: no shift",45209.28,45209.28,1013.73711955334,3911.97171950744,725.560936002839,3278.66380999288,1433.53767369037,5050.30822992303,0.0224232086764785,0.0865302813826596,0.0160489380941886,0.0725219204993505,0.0317089251076409,0.111709547905276,4,4,10000,10000,"Joint 2.5% and 97.5% quantiles across synchronized WHO/Adam PIF draws; burden weights fixed","Joint 2.5% and 97.5% quantiles across synchronized Table 5 PUC PIF draws; burden weights fixed",TRUE,TRUE
2018,"Ischaemic Heart Disease","Men","combined_v30_h50","Combined 30/50: no shift",45209.28,45209.28,1050.80429959819,4357.28932721964,769.386816538539,3499.41063344468,1457.05555811815,5808.47363005849,0.0232431106975866,0.096380418516279,0.0170183381938075,0.0774046972976495,0.0322291254830456,0.128479675634261,4,4,10000,10000,"Joint 2.5% and 97.5% quantiles across synchronized WHO/Adam PIF draws; burden weights fixed","Joint 2.5% and 97.5% quantiles across synchronized Table 5 PUC PIF draws; burden weights fixed",TRUE,TRUE
2018,"Ischaemic Heart Disease","Men","combined_v10_h25_mid","Combined 10/25: half shift",45209.28,45209.28,553.978960753439,2758.68582185046,409.83023657886,2158.73858566047,758.372539444636,3728.19605068894,0.0122536559032446,0.0610203440941873,0.00906517946268687,0.0477498997033456,0.0167747095163788,0.0824652825855431,4,4,10000,10000,"Joint 2.5% and 97.5% quantiles across synchronized WHO/Adam PIF draws; burden weights fixed","Joint 2.5% and 97.5% quantiles across synchronized Table 5 PUC PIF draws; burden weights fixed",TRUE,TRUE
2018,"Ischaemic Heart Disease","Men","combined_v20_h50_mid","Combined 20/50: half shift",45209.28,45209.28,1013.77250502846,4041.37555777178,736.629313441783,3272.946018215,1406.23262314096,5374.13295806147,0.0224239913802754,0.0893926104943893,0.0162937634362189,0.0723954466475688,0.0311049550698653,0.118872341210952,4,4,10000,10000,"Joint 2.5% and 97.5% quantiles across synchronized WHO/Adam PIF draws; burden weights fixed","Joint 2.5% and 97.5% quantiles across synchronized Table 5 PUC PIF draws; burden weights fixed",TRUE,TRUE
2018,"Ischaemic Heart Disease","Men","combined_v30_h50_mid","Combined 30/50: half shift",45209.28,45209.28,1015.80530020571,4359.6760611608,749.625954061954,3399.66736306842,1401.32769031282,5966.92860944639,0.0224689554933347,0.0964332115256161,0.0165812407112423,0.0751984407419986,0.0309964611317151,0.13198459717665,4,4,10000,10000,"Joint 2.5% and 97.5% quantiles across synchronized WHO/Adam PIF draws; burden weights fixed","Joint 2.5% and 97.5% quantiles across synchronized Table 5 PUC PIF draws; burden weights fixed",TRUE,TRUE
2018,"Ischaemic Heart Disease","Men","combined_v10_h25_rt","Combined 10/25: complete shift",45209.28,45209.28,576.960132944207,2946.14788778384,430.992077907784,2234.12741750456,785.575573201224,4064.8488618302,0.0127619845514949,0.0651668836084946,0.00953326569031368,0.0494174518484823,0.0173764230087545,0.08991182478089,4,4,10000,10000,"Joint 2.5% and 97.5% quantiles across synchronized WHO/Adam PIF draws; burden weights fixed","Joint 2.5% and 97.5% quantiles across synchronized Table 5 PUC PIF draws; burden weights fixed",TRUE,TRUE
2018,"Ischaemic Heart Disease","Men","combined_v20_h50_rt","Combined 20/50: complete shift",45209.28,45209.28,1013.80789050357,4170.77939603612,744.191490106505,3262.75910722636,1405.05458514725,5707.1518526739,0.0224247740840723,0.092254939606119,0.0164610338874343,0.0721701187726581,0.0310788976322395,0.12623850352569,4,4,10000,10000,"Joint 2.5% and 97.5% quantiles across synchronized WHO/Adam PIF draws; burden weights fixed","Joint 2.5% and 97.5% quantiles across synchronized Table 5 PUC PIF draws; burden weights fixed",TRUE,TRUE
2018,"Ischaemic Heart Disease","Men","combined_v30_h50_rt","Combined 30/50: complete shift",45209.28,45209.28,980.806300813221,4362.06279510197,729.31931306062,3293.21746645118,1374.13748641141,6115.25228974499,0.0216948002890827,0.0964860045349531,0.0161320709611084,0.0728438379565252,0.0303950314274284,0.135265420943333,4,4,10000,10000,"Joint 2.5% and 97.5% quantiles across synchronized WHO/Adam PIF draws; burden weights fixed","Joint 2.5% and 97.5% quantiles across synchronized Table 5 PUC PIF draws; burden weights fixed",TRUE,TRUE
2020,"Ischaemic Heart Disease","Men","baseline","Baseline",43022.25,43022.25,0,0,0,0,0,0,0,0,0,0,0,0,4,4,10000,10000,"Joint 2.5% and 97.5% quantiles across synchronized WHO/Adam PIF draws; burden weights fixed","Joint 2.5% and 97.5% quantiles across synchronized Table 5 PUC PIF draws; burden weights fixed",TRUE,TRUE
2020,"Ischaemic Heart Disease","Men","volume_reduction_10","Volume -10%",43022.25,43022.25,160.765841652701,2177.59579380191,89.7162543442771,1463.32297255282,250.953566415978,3139.08330479185,0.00373680692322463,0.0506155720307959,0.00208534547459227,0.0340131669671582,0.0058331111556457,0.0729641825983496,4,4,10000,10000,"Joint 2.5% and 97.5% quantiles across synchronized WHO/Adam PIF draws; burden weights fixed","Joint 2.5% and 97.5% quantiles across synchronized Table 5 PUC PIF draws; burden weights fixed",TRUE,TRUE
2020,"Ischaemic Heart Disease","Men","volume_reduction_20","Volume -20%",43022.25,43022.25,250.840188217622,3132.90176271108,122.426775014137,2049.69516824947,416.429953016978,4581.77434461916,0.00583047581699288,0.0728205001530854,0.00284566183809859,0.047642677178657,0.0096794089806316,0.106497785323156,4,4,10000,10000,"Joint 2.5% and 97.5% quantiles across synchronized WHO/Adam PIF draws; burden weights fixed","Joint 2.5% and 97.5% quantiles across synchronized Table 5 PUC PIF draws; burden weights fixed",TRUE,TRUE
2020,"Ischaemic Heart Disease","Men","volume_reduction_30","Volume -30%",43022.25,43022.25,273.100967332038,3559.78354916861,98.0953184363615,2247.63277629369,507.735043008774,5310.4158223074,0.00634790061728614,0.0827428493202613,0.00228010665263582,0.0522434967091143,0.0118016850120292,0.123434172371445,4,4,10000,10000,"Joint 2.5% and 97.5% quantiles across synchronized WHO/Adam PIF draws; burden weights fixed","Joint 2.5% and 97.5% quantiles across synchronized Table 5 PUC PIF draws; burden weights fixed",TRUE,TRUE
2020,"Ischaemic Heart Disease","Men","hed_reduction_10","HED -10%: no shift",43022.25,43022.25,120.732513843353,115.538029575998,71.8645101674324,41.8337668771863,195.780630722033,217.308837132072,0.00280628079292349,0.00268554130888081,0.00167040334169953,0.0009723751518618,0.00455068320978176,0.00505108024643229,4,4,10000,10000,"Joint 2.5% and 97.5% quantiles across synchronized WHO/Adam PIF draws; burden weights fixed","Joint 2.5% and 97.5% quantiles across synchronized Table 5 PUC PIF draws; burden weights fixed",TRUE,TRUE
2020,"Ischaemic Heart Disease","Men","hed_reduction_25","HED -25%: no shift",43022.25,43022.25,301.83128460839,288.845073939995,179.661275418586,104.584417192969,489.451576805087,543.272092830189,0.00701570198230891,0.00671385327220206,0.00417600835424893,0.00243093787965457,0.0113767080244545,0.012627700616081,4,4,10000,10000,"Joint 2.5% and 97.5% quantiles across synchronized WHO/Adam PIF draws; burden weights fixed","Joint 2.5% and 97.5% quantiles across synchronized Table 5 PUC PIF draws; burden weights fixed",TRUE,TRUE
2020,"Ischaemic Heart Disease","Men","hed_reduction_50","HED -50%: no shift",43022.25,43022.25,603.66256921677,577.690147879982,359.322550837166,209.168834385941,978.903153610177,1086.54418566038,0.0140314039646176,0.0134277065444039,0.00835201670849773,0.00486187575930921,0.022753416048909,0.025255401232162,4,4,10000,10000,"Joint 2.5% and 97.5% quantiles across synchronized WHO/Adam PIF draws; burden weights fixed","Joint 2.5% and 97.5% quantiles across synchronized Table 5 PUC PIF draws; burden weights fixed",TRUE,TRUE
2020,"Ischaemic Heart Disease","Men","hed_reduction_10_mid","HED -10%: half shift",43022.25,43022.25,138.471237175918,275.079178352411,91.4099730651948,242.177465343051,208.52690312518,334.356986922191,0.00321859589342533,0.00639388173218303,0.0021247139111784,0.00562912133472915,0.00484695484604314,0.00777172246737888,4,4,10000,10000,"Joint 2.5% and 97.5% quantiles across synchronized WHO/Adam PIF draws; burden weights fixed","Joint 2.5% and 97.5% quantiles across synchronized Table 5 PUC PIF draws; burden weights fixed",TRUE,TRUE
2020,"Ischaemic Heart Disease","Men","hed_reduction_25_mid","HED -25%: half shift",43022.25,43022.25,346.178092939798,687.697945881032,228.524932662986,605.443663357643,521.317257812948,835.892467305481,0.0080464897335634,0.0159847043304577,0.00531178477794597,0.0140728033368232,0.0121173871151078,0.0194293061684473,4,4,10000,10000,"Joint 2.5% and 97.5% quantiles across synchronized WHO/Adam PIF draws; burden weights fixed","Joint 2.5% and 97.5% quantiles across synchronized Table 5 PUC PIF draws; burden weights fixed",TRUE,TRUE
2020,"Ischaemic Heart Disease","Men","hed_reduction_50_mid","HED -50%: half shift",43022.25,43022.25,692.356185879591,1375.39589176206,457.049865325977,1210.88732671529,1042.63451562591,1671.78493461096,0.0160929794671267,0.0319694086609152,0.010623569555892,0.0281456066736465,0.0242347742302159,0.0388586123368946,4,4,10000,10000,"Joint 2.5% and 97.5% quantiles across synchronized WHO/Adam PIF draws; burden weights fixed","Joint 2.5% and 97.5% quantiles across synchronized Table 5 PUC PIF draws; burden weights fixed",TRUE,TRUE
2020,"Ischaemic Heart Disease","Men","hed_reduction_10_rt","HED -10%: complete shift",43022.25,43022.25,156.209960508484,434.620327128825,108.298652809183,373.121527348392,225.039317336856,551.781887649773,0.00363091099392718,0.0101022221554852,0.00251727077986815,0.00867275717444791,0.00523076587897788,0.0128255004712625,4,4,10000,10000,"Joint 2.5% and 97.5% quantiles across synchronized WHO/Adam PIF draws; burden weights fixed","Joint 2.5% and 97.5% quantiles across synchronized Table 5 PUC PIF draws; burden weights fixed",TRUE,TRUE
2020,"Ischaemic Heart Disease","Men","hed_reduction_25_rt","HED -25%: complete shift",43022.25,43022.25,390.524901271207,1086.55081782207,270.746632022951,932.803818370989,562.59829334215,1379.45471912444,0.0090772774848179,0.0252555553887133,0.00629317694967026,0.02168189293612,0.0130769146974449,0.0320637511781563,4,4,10000,10000,"Joint 2.5% and 97.5% quantiles across synchronized WHO/Adam PIF draws; burden weights fixed","Joint 2.5% and 97.5% quantiles across synchronized Table 5 PUC PIF draws; burden weights fixed",TRUE,TRUE
2020,"Ischaemic Heart Disease","Men","hed_reduction_50_rt","HED -50%: complete shift",43022.25,43022.25,781.049802542413,2173.10163564414,541.493264045905,1865.60763674199,1125.1965866843,2758.90943824886,0.0181545549696358,0.0505111107774266,0.0125863538993406,0.0433637858722402,0.0261538293948899,0.0641275023563124,4,4,10000,10000,"Joint 2.5% and 97.5% quantiles across synchronized WHO/Adam PIF draws; burden weights fixed","Joint 2.5% and 97.5% quantiles across synchronized Table 5 PUC PIF draws; burden weights fixed",TRUE,TRUE
2020,"Ischaemic Heart Disease","Men","combined_v10_h25","Combined 10/25: no shift",43022.25,43022.25,474.152520345864,2475.84123262807,351.928393971656,1971.1789276452,650.637355893704,3279.07890681463,0.0110211000202422,0.0575479253787999,0.00818014850389405,0.0458176624338616,0.0151232758838439,0.076218210503045,4,4,10000,10000,"Joint 2.5% and 97.5% quantiles across synchronized WHO/Adam PIF draws; burden weights fixed","Joint 2.5% and 97.5% quantiles across synchronized Table 5 PUC PIF draws; burden weights fixed",TRUE,TRUE
2020,"Ischaemic Heart Disease","Men","combined_v20_h50","Combined 20/50: no shift",43022.25,43022.25,901.69190885266,3748.23231217486,662.585049956728,3082.42284938374,1241.86513219633,4880.30759404292,0.0209587343491486,0.0871231121611459,0.0154009855355479,0.071647179061619,0.028865648174987,0.113436828479285,4,4,10000,10000,"Joint 2.5% and 97.5% quantiles across synchronized WHO/Adam PIF draws; burden weights fixed","Joint 2.5% and 97.5% quantiles across synchronized Table 5 PUC PIF draws; burden weights fixed",TRUE,TRUE
2020,"Ischaemic Heart Disease","Men","combined_v30_h50","Combined 30/50: no shift",43022.25,43022.25,948.525040882383,4193.09261397422,716.488012750169,3318.48980377399,1284.12459495998,5618.06853437953,0.0220473136779779,0.0974633501031262,0.0166538945022673,0.0771342689834675,0.0298479181112094,0.130585186371692,4,4,10000,10000,"Joint 2.5% and 97.5% quantiles across synchronized WHO/Adam PIF draws; burden weights fixed","Joint 2.5% and 97.5% quantiles across synchronized Table 5 PUC PIF draws; burden weights fixed",TRUE,TRUE
2020,"Ischaemic Heart Disease","Men","combined_v10_h25_mid","Combined 10/25: half shift",43022.25,43022.25,493.948978981369,2642.14556972406,371.677314118,2059.42206234829,666.436567905955,3554.16665146611,0.011481244681098,0.061413467908444,0.0086391881902504,0.047868767029811,0.0154905093970203,0.0826122913484559,4,4,10000,10000,"Joint 2.5% and 97.5% quantiles across synchronized WHO/Adam PIF draws; burden weights fixed","Joint 2.5% and 97.5% quantiles across synchronized Table 5 PUC PIF draws; burden weights fixed",TRUE,TRUE
2020,"Ischaemic Heart Disease","Men","combined_v20_h50_mid","Combined 20/50: half shift",43022.25,43022.25,902.552378708891,3865.4608893082,671.795617342229,3096.40526357606,1229.83712903201,5141.99166619267,0.0209787349269016,0.0898479481967633,0.0156150739987385,0.0719721833138912,0.0285860718356666,0.119519357220803,4,4,10000,10000,"Joint 2.5% and 97.5% quantiles across synchronized WHO/Adam PIF draws; burden weights fixed","Joint 2.5% and 97.5% quantiles across synchronized Table 5 PUC PIF draws; burden weights fixed",TRUE,TRUE
2020,"Ischaemic Heart Disease","Men","combined_v30_h50_mid","Combined 30/50: half shift",43022.25,43022.25,920.217352985147,4199.40543877313,693.450702841886,3245.89394904046,1255.6370803538,5732.12086783771,0.0213893358200733,0.0976100840558811,0.0161184201858779,0.0754468664247095,0.0291857603996491,0.133236194476991,4,4,10000,10000,"Joint 2.5% and 97.5% quantiles across synchronized WHO/Adam PIF draws; burden weights fixed","Joint 2.5% and 97.5% quantiles across synchronized Table 5 PUC PIF draws; burden weights fixed",TRUE,TRUE
2020,"Ischaemic Heart Disease","Men","combined_v10_h25_rt","Combined 10/25: complete shift",43022.25,43022.25,513.745437616875,2808.44990682004,386.837969367536,2139.01009627737,696.876207240498,3837.57512008928,0.0119413893419539,0.0652790104380881,0.00899157922627329,0.0497186943099761,0.0161980418792717,0.0891997773265993,4,4,10000,10000,"Joint 2.5% and 97.5% quantiles across synchronized WHO/Adam PIF draws; burden weights fixed","Joint 2.5% and 97.5% quantiles across synchronized Table 5 PUC PIF draws; burden weights fixed",TRUE,TRUE
2020,"Ischaemic Heart Disease","Men","combined_v20_h50_rt","Combined 20/50: complete shift",43022.25,43022.25,903.412848565122,3982.68946644154,669.758208150215,3103.96237580253,1238.91869248525,5406.99185630166,0.0209987355046545,0.0925727842323808,0.0155677168941702,0.0721478392181378,0.0287971617589794,0.125678965100655,4,4,10000,10000,"Joint 2.5% and 97.5% quantiles across synchronized WHO/Adam PIF draws; burden weights fixed","Joint 2.5% and 97.5% quantiles across synchronized Table 5 PUC PIF draws; burden weights fixed",TRUE,TRUE
2020,"Ischaemic Heart Disease","Men","combined_v30_h50_rt","Combined 30/50: complete shift",43022.25,43022.25,891.909665087912,4205.71826357204,665.518393377067,3170.91556145983,1242.34465913056,5849.18678629265,0.0207313579621687,0.097756818008636,0.0154691675441677,0.073704084780778,0.0288767941967369,0.135957249708991,4,4,10000,10000,"Joint 2.5% and 97.5% quantiles across synchronized WHO/Adam PIF draws; burden weights fixed","Joint 2.5% and 97.5% quantiles across synchronized Table 5 PUC PIF draws; burden weights fixed",TRUE,TRUE
2022,"Ischaemic Heart Disease","Men","baseline","Baseline",51558.7,51558.7,0,0,0,0,0,0,0,0,0,0,0,0,4,4,10000,10000,"Joint 2.5% and 97.5% quantiles across synchronized WHO/Adam PIF draws; burden weights fixed","Joint 2.5% and 97.5% quantiles across synchronized Table 5 PUC PIF draws; burden weights fixed",TRUE,TRUE
2022,"Ischaemic Heart Disease","Men","volume_reduction_10","Volume -10%",51558.7,51558.7,197.842902764818,2658.80306627549,114.639745790244,1846.62928962502,299.794782763955,3809.67359624355,0.00383723605841144,0.0515684659674408,0.00222348014574153,0.0358160560608592,0.00581463036818142,0.0738900243071208,4,4,10000,10000,"Joint 2.5% and 97.5% quantiles across synchronized WHO/Adam PIF draws; burden weights fixed","Joint 2.5% and 97.5% quantiles across synchronized Table 5 PUC PIF draws; burden weights fixed",TRUE,TRUE
2022,"Ischaemic Heart Disease","Men","volume_reduction_20","Volume -20%",51558.7,51558.7,310.502345278616,3823.72793264572,159.007502657289,2592.16760702064,497.354033415063,5565.5491472061,0.00602230749182225,0.0741626133445125,0.00308400915184613,0.0502760466617786,0.00964636488924396,0.107945878139016,4,4,10000,10000,"Joint 2.5% and 97.5% quantiles across synchronized WHO/Adam PIF draws; burden weights fixed","Joint 2.5% and 97.5% quantiles across synchronized Table 5 PUC PIF draws; burden weights fixed",TRUE,TRUE
2022,"Ischaemic Heart Disease","Men","volume_reduction_30","Volume -30%",51558.7,51558.7,340.590349609478,4346.25591180078,136.273226381649,2852.05069371991,604.68496229082,6459.19552102892,0.00660587543148834,0.0842972361948765,0.00264306947967363,0.0553165749663958,0.0117280878356285,0.125278479112718,4,4,10000,10000,"Joint 2.5% and 97.5% quantiles across synchronized WHO/Adam PIF draws; burden weights fixed","Joint 2.5% and 97.5% quantiles across synchronized Table 5 PUC PIF draws; burden weights fixed",TRUE,TRUE
2022,"Ischaemic Heart Disease","Men","hed_reduction_10","HED -10%: no shift",51558.7,51558.7,129.261002137718,124.349911845559,74.4211360309159,41.1604488894332,211.858690340412,235.87175805066,0.0025070648045377,0.00241181239723964,0.00144342537788804,0.000798322085107522,0.00410907742709595,0.0045748197307275,4,4,10000,10000,"Joint 2.5% and 97.5% quantiles across synchronized WHO/Adam PIF draws; burden weights fixed","Joint 2.5% and 97.5% quantiles across synchronized Table 5 PUC PIF draws; burden weights fixed",TRUE,TRUE
2022,"Ischaemic Heart Disease","Men","hed_reduction_25","HED -25%: no shift",51558.7,51558.7,323.152505344315,310.874779613907,186.052840077295,102.901122223578,529.646725851034,589.679395126657,0.00626766201134464,0.00602953099309926,0.00360856344472018,0.00199580521276871,0.01027269356774,0.0114370493268189,4,4,10000,10000,"Joint 2.5% and 97.5% quantiles across synchronized WHO/Adam PIF draws; burden weights fixed","Joint 2.5% and 97.5% quantiles across synchronized Table 5 PUC PIF draws; burden weights fixed",TRUE,TRUE
2022,"Ischaemic Heart Disease","Men","hed_reduction_50","HED -50%: no shift",51558.7,51558.7,646.305010688629,621.749559227815,372.105680154591,205.802244447154,1059.29345170207,1179.35879025331,0.0125353240226893,0.0120590619861986,0.00721712688944041,0.00399161042553738,0.0205453871354799,0.0228740986536377,4,4,10000,10000,"Joint 2.5% and 97.5% quantiles across synchronized WHO/Adam PIF draws; burden weights fixed","Joint 2.5% and 97.5% quantiles across synchronized Table 5 PUC PIF draws; burden weights fixed",TRUE,TRUE
2022,"Ischaemic Heart Disease","Men","hed_reduction_10_mid","HED -10%: half shift",51558.7,51558.7,155.637029675062,329.157555083048,101.805410567088,301.939525781371,231.659365959982,387.570510142182,0.00301863758541356,0.00638413216553264,0.00197455348112129,0.00585622844992933,0.00449311883270878,0.00751707297007453,4,4,10000,10000,"Joint 2.5% and 97.5% quantiles across synchronized WHO/Adam PIF draws; burden weights fixed","Joint 2.5% and 97.5% quantiles across synchronized Table 5 PUC PIF draws; burden weights fixed",TRUE,TRUE
2022,"Ischaemic Heart Disease","Men","hed_reduction_25_mid","HED -25%: half shift",51558.7,51558.7,389.092574187669,822.893887707629,254.513526417722,754.848814453422,579.148414899966,968.926275355457,0.00754659396353417,0.0159603304138318,0.00493638370280325,0.0146405711248232,0.0112327970817722,0.0187926824251864,4,4,10000,10000,"Joint 2.5% and 97.5% quantiles across synchronized WHO/Adam PIF draws; burden weights fixed","Joint 2.5% and 97.5% quantiles across synchronized Table 5 PUC PIF draws; burden weights fixed",TRUE,TRUE
2022,"Ischaemic Heart Disease","Men","hed_reduction_50_mid","HED -50%: half shift",51558.7,51558.7,778.185148375343,1645.78777541526,509.027052835439,1509.69762890685,1158.29682979994,1937.85255071091,0.0150931879270684,0.0319206608276636,0.00987276740560641,0.0292811422496465,0.0224655941635444,0.0375853648503728,4,4,10000,10000,"Joint 2.5% and 97.5% quantiles across synchronized WHO/Adam PIF draws; burden weights fixed","Joint 2.5% and 97.5% quantiles across synchronized Table 5 PUC PIF draws; burden weights fixed",TRUE,TRUE
2022,"Ischaemic Heart Disease","Men","hed_reduction_10_rt","HED -10%: complete shift",51558.7,51558.7,182.013057212407,533.965198320536,127.097072613711,465.892852872562,255.593988831687,682.805750240955,0.00353021036628943,0.0103564519338256,0.00246509459341898,0.00903616369056166,0.00495733966976838,0.0132432693268247,4,4,10000,10000,"Joint 2.5% and 97.5% quantiles across synchronized WHO/Adam PIF draws; burden weights fixed","Joint 2.5% and 97.5% quantiles across synchronized Table 5 PUC PIF draws; burden weights fixed",TRUE,TRUE
2022,"Ischaemic Heart Disease","Men","hed_reduction_25_rt","HED -25%: complete shift",51558.7,51558.7,455.032643031024,1334.91299580135,317.742681534287,1164.7321321814,638.984972079214,1707.01437560238,0.00882552591572371,0.0258911298345643,0.00616273648354762,0.0225904092264042,0.0123933491744209,0.0331081733170616,4,4,10000,10000,"Joint 2.5% and 97.5% quantiles across synchronized WHO/Adam PIF draws; burden weights fixed","Joint 2.5% and 97.5% quantiles across synchronized Table 5 PUC PIF draws; burden weights fixed",TRUE,TRUE
2022,"Ischaemic Heart Disease","Men","hed_reduction_50_rt","HED -50%: complete shift",51558.7,51558.7,910.065286062058,2669.82599160271,635.48536306858,2329.46426436281,1277.96994415843,3414.02875120477,0.0176510518314476,0.0517822596691287,0.0123254729670954,0.0451808184528084,0.0247866983488417,0.0662163466341233,4,4,10000,10000,"Joint 2.5% and 97.5% quantiles across synchronized WHO/Adam PIF draws; burden weights fixed","Joint 2.5% and 97.5% quantiles across synchronized Table 5 PUC PIF draws; burden weights fixed",TRUE,TRUE
2022,"Ischaemic Heart Disease","Men","combined_v10_h25","Combined 10/25: no shift",51558.7,51558.7,534.769364387194,2981.15632482575,404.0148550187,2414.73047057001,720.406408566729,3946.1313623166,0.0103720490312439,0.0578206262924733,0.00783601710319887,0.0468345879661436,0.0139725479611924,0.0765366730021626,4,4,10000,10000,"Joint 2.5% and 97.5% quantiles across synchronized WHO/Adam PIF draws; burden weights fixed","Joint 2.5% and 97.5% quantiles across synchronized Table 5 PUC PIF draws; burden weights fixed",TRUE,TRUE
2022,"Ischaemic Heart Disease","Men","combined_v20_h50","Combined 20/50: no shift",51558.7,51558.7,1013.55399507834,4492.06294622209,754.599089447297,3749.2080413941,1378.62324714081,5841.17960275981,0.0196582535067474,0.0871252173972985,0.0146357276162373,0.0727172725727007,0.0267389062784906,0.113291832469783,4,4,10000,10000,"Joint 2.5% and 97.5% quantiles across synchronized WHO/Adam PIF draws; burden weights fixed","Joint 2.5% and 97.5% quantiles across synchronized Table 5 PUC PIF draws; burden weights fixed",TRUE,TRUE
2022,"Ischaemic Heart Disease","Men","combined_v30_h50","Combined 30/50: no shift",51558.7,51558.7,1074.23896274822,5038.12345708645,820.078333911938,4052.77328330057,1433.0690262082,6738.08663702484,0.0208352608337336,0.0977162623783464,0.0159057217096618,0.0786050323863978,0.0277949022416819,0.130687675155208,4,4,10000,10000,"Joint 2.5% and 97.5% quantiles across synchronized WHO/Adam PIF draws; burden weights fixed","Joint 2.5% and 97.5% quantiles across synchronized Table 5 PUC PIF draws; burden weights fixed",TRUE,TRUE
2022,"Ischaemic Heart Disease","Men","combined_v10_h25_mid","Combined 10/25: half shift",51558.7,51558.7,570.758552217805,3201.25197545879,435.456494832054,2526.72686076357,757.465574413793,4315.50494710471,0.0110700726010897,0.0620894626020204,0.00844583930223326,0.049006799255287,0.0146913241492472,0.0837008098944449,4,4,10000,10000,"Joint 2.5% and 97.5% quantiles across synchronized WHO/Adam PIF draws; burden weights fixed","Joint 2.5% and 97.5% quantiles across synchronized Table 5 PUC PIF draws; burden weights fixed",TRUE,TRUE
2022,"Ischaemic Heart Disease","Men","combined_v20_h50_mid","Combined 20/50: half shift",51558.7,51558.7,1038.31167070315,4662.52559018313,781.843021275136,3786.29278134906,1391.94639472852,6208.80769546676,0.0201384377554738,0.0904314032390873,0.0151641337208878,0.0734365447800092,0.0269973136391825,0.120422114899459,4,4,10000,10000,"Joint 2.5% and 97.5% quantiles across synchronized WHO/Adam PIF draws; burden weights fixed","Joint 2.5% and 97.5% quantiles across synchronized Table 5 PUC PIF draws; burden weights fixed",TRUE,TRUE
2022,"Ischaemic Heart Disease","Men","combined_v30_h50_mid","Combined 30/50: half shift",51558.7,51558.7,1063.46087830585,5069.64446139173,812.703492909003,3980.57450763283,1429.04831965296,6918.78504693382,0.0206262159112982,0.0983276238809694,0.0157626839487614,0.0772047105073019,0.0277169191553116,0.13419238745224,4,4,10000,10000,"Joint 2.5% and 97.5% quantiles across synchronized WHO/Adam PIF draws; burden weights fixed","Joint 2.5% and 97.5% quantiles across synchronized Table 5 PUC PIF draws; burden weights fixed",TRUE,TRUE
2022,"Ischaemic Heart Disease","Men","combined_v10_h25_rt","Combined 10/25: complete shift",51558.7,51558.7,606.747740048417,3421.34762609183,464.417020041521,2642.458987208,810.745853728191,4688.6109212191,0.0117680961709356,0.0663582989115674,0.00900753936855509,0.051251466526658,0.0157247148149234,0.0909373378541177,4,4,10000,10000,"Joint 2.5% and 97.5% quantiles across synchronized WHO/Adam PIF draws; burden weights fixed","Joint 2.5% and 97.5% quantiles across synchronized Table 5 PUC PIF draws; burden weights fixed",TRUE,TRUE
2022,"Ischaemic Heart Disease","Men","combined_v20_h50_rt","Combined 20/50: complete shift",51558.7,51558.7,1063.06934632796,4832.98823414417,801.383559572634,3812.89145525033,1437.10631888309,6583.7995022856,0.0206186220042003,0.0937375890808762,0.0155431296672072,0.0739524358692196,0.0278732070219593,0.127695219279881,4,4,10000,10000,"Joint 2.5% and 97.5% quantiles across synchronized WHO/Adam PIF draws; burden weights fixed","Joint 2.5% and 97.5% quantiles across synchronized Table 5 PUC PIF draws; burden weights fixed",TRUE,TRUE
2022,"Ischaemic Heart Disease","Men","combined_v30_h50_rt","Combined 30/50: complete shift",51558.7,51558.7,1052.68279386347,5101.16546569702,800.42297725835,3905.42971439191,1447.09594545432,7101.09357741821,0.0204171709888627,0.0989389853835923,0.015524498818984,0.0757472495309601,0.0280669595132212,0.137728328631603,4,4,10000,10000,"Joint 2.5% and 97.5% quantiles across synchronized WHO/Adam PIF draws; burden weights fixed","Joint 2.5% and 97.5% quantiles across synchronized Table 5 PUC PIF draws; burden weights fixed",TRUE,TRUE
2024,"Ischaemic Heart Disease","Men","baseline","Baseline",56399.63,56399.63,0,0,0,0,0,0,0,0,0,0,0,0,4,4,10000,10000,"Joint 2.5% and 97.5% quantiles across synchronized WHO/Adam PIF draws; burden weights fixed","Joint 2.5% and 97.5% quantiles across synchronized Table 5 PUC PIF draws; burden weights fixed",TRUE,TRUE
2024,"Ischaemic Heart Disease","Men","volume_reduction_10","Volume -10%",56399.63,56399.63,234.207806407013,3006.72328432266,138.925577276965,2035.53933135598,353.034960215695,4338.52476672149,0.00415264792352384,0.0533110462661309,0.00246323561478975,0.0360913596659407,0.00625952617447481,0.0769247026393877,4,4,10000,10000,"Joint 2.5% and 97.5% quantiles across synchronized WHO/Adam PIF draws; burden weights fixed","Joint 2.5% and 97.5% quantiles across synchronized Table 5 PUC PIF draws; burden weights fixed",TRUE,TRUE
2024,"Ischaemic Heart Disease","Men","volume_reduction_20","Volume -20%",56399.63,56399.63,375.820660843276,4332.92298661776,206.159398029113,2867.18812671208,586.761783410016,6328.94405889289,0.00666353060903549,0.076825379645536,0.00365533245571137,0.0508370024184925,0.0104036459709047,0.1122160563623,4,4,10000,10000,"Joint 2.5% and 97.5% quantiles across synchronized WHO/Adam PIF draws; burden weights fixed","Joint 2.5% and 97.5% quantiles across synchronized Table 5 PUC PIF draws; burden weights fixed",TRUE,TRUE
2024,"Ischaemic Heart Disease","Men","volume_reduction_30","Volume -30%",56399.63,56399.63,427.914902471134,4939.08498668234,205.117243376758,3170.97595544724,722.11147699082,7332.11578354331,0.00758719343497704,0.0875730033456309,0.0036368544151222,0.0562233467745665,0.012803478976561,0.130002905755646,4,4,10000,10000,"Joint 2.5% and 97.5% quantiles across synchronized WHO/Adam PIF draws; burden weights fixed","Joint 2.5% and 97.5% quantiles across synchronized Table 5 PUC PIF draws; burden weights fixed",TRUE,TRUE
2024,"Ischaemic Heart Disease","Men","hed_reduction_10","HED -10%: no shift",56399.63,56399.63,107.158734639614,103.938007762508,62.0684229145024,35.9106690499974,179.441081900031,205.927531574434,0.00189999002900576,0.00184288456790422,0.00110051117205029,0.000636718167299988,0.0031816003385134,0.0036512213213887,4,4,10000,10000,"Joint 2.5% and 97.5% quantiles across synchronized WHO/Adam PIF draws; burden weights fixed","Joint 2.5% and 97.5% quantiles across synchronized Table 5 PUC PIF draws; burden weights fixed",TRUE,TRUE
2024,"Ischaemic Heart Disease","Men","hed_reduction_25","HED -25%: no shift",56399.63,56399.63,267.896836599027,259.845019406278,155.171057286255,89.7766726249926,448.602704750073,514.81882893609,0.00474997507251426,0.00460721141976069,0.0027512779301257,0.00159179541824995,0.00795400084628343,0.00912805330347185,4,4,10000,10000,"Joint 2.5% and 97.5% quantiles across synchronized WHO/Adam PIF draws; burden weights fixed","Joint 2.5% and 97.5% quantiles across synchronized Table 5 PUC PIF draws; burden weights fixed",TRUE,TRUE
2024,"Ischaemic Heart Disease","Men","hed_reduction_50","HED -50%: no shift",56399.63,56399.63,535.793673198061,519.690038812549,310.342114572517,179.553345249995,897.205409500149,1029.63765787217,0.00949995014502862,0.00921442283952128,0.00550255586025152,0.00318359083650008,0.0159080016925669,0.0182561066069435,4,4,10000,10000,"Joint 2.5% and 97.5% quantiles across synchronized WHO/Adam PIF draws; burden weights fixed","Joint 2.5% and 97.5% quantiles across synchronized Table 5 PUC PIF draws; burden weights fixed",TRUE,TRUE
2024,"Ischaemic Heart Disease","Men","hed_reduction_10_mid","HED -10%: half shift",56399.63,56399.63,125.290441015095,292.854687370596,84.8044052804252,261.314488130656,187.525904453206,358.283043289001,0.00222147629364049,0.00519249306016007,0.00150363407136581,0.00463326600069284,0.00332494919653207,0.00635257790324158,4,4,10000,10000,"Joint 2.5% and 97.5% quantiles across synchronized WHO/Adam PIF draws; burden weights fixed","Joint 2.5% and 97.5% quantiles across synchronized Table 5 PUC PIF draws; burden weights fixed",TRUE,TRUE
2024,"Ischaemic Heart Disease","Men","hed_reduction_25_mid","HED -25%: half shift",56399.63,56399.63,313.226102537733,732.13671842649,212.011013201063,653.286220326645,468.814761133018,895.7076082225,0.00555369073410115,0.0129812326504002,0.00375908517841453,0.0115831650017322,0.00831237299133022,0.0158814447581039,4,4,10000,10000,"Joint 2.5% and 97.5% quantiles across synchronized WHO/Adam PIF draws; burden weights fixed","Joint 2.5% and 97.5% quantiles across synchronized Table 5 PUC PIF draws; burden weights fixed",TRUE,TRUE
2024,"Ischaemic Heart Disease","Men","hed_reduction_50_mid","HED -50%: half shift",56399.63,56399.63,626.452205075463,1464.27343685298,424.022026402125,1306.57244065329,937.629522266034,1791.415216445,0.0111073814682022,0.0259624653008004,0.00751817035682902,0.0231663300034644,0.0166247459826604,0.0317628895162078,4,4,10000,10000,"Joint 2.5% and 97.5% quantiles across synchronized WHO/Adam PIF draws; burden weights fixed","Joint 2.5% and 97.5% quantiles across synchronized Table 5 PUC PIF draws; burden weights fixed",TRUE,TRUE
2024,"Ischaemic Heart Disease","Men","hed_reduction_10_rt","HED -10%: complete shift",56399.63,56399.63,143.422147390575,481.771366978683,103.82427486015,398.918254954107,203.030150818317,652.822057025909,0.00254296255827521,0.00854210155241591,0.00184086801385311,0.0070730651061737,0.00359984898514967,0.011574935101984,4,4,10000,10000,"Joint 2.5% and 97.5% quantiles across synchronized WHO/Adam PIF draws; burden weights fixed","Joint 2.5% and 97.5% quantiles across synchronized Table 5 PUC PIF draws; burden weights fixed",TRUE,TRUE
2024,"Ischaemic Heart Disease","Men","hed_reduction_25_rt","HED -25%: complete shift",56399.63,56399.63,358.555368476439,1204.4284174467,259.560687150379,997.295637385262,507.575377045789,1632.05514256476,0.00635740639568804,0.0213552538810397,0.00460217003463283,0.0176826627654341,0.00899962246287412,0.0289373377549598,4,4,10000,10000,"Joint 2.5% and 97.5% quantiles across synchronized WHO/Adam PIF draws; burden weights fixed","Joint 2.5% and 97.5% quantiles across synchronized Table 5 PUC PIF draws; burden weights fixed",TRUE,TRUE
2024,"Ischaemic Heart Disease","Men","hed_reduction_50_rt","HED -50%: complete shift",56399.63,56399.63,717.110736952866,2408.85683489341,519.121374300751,1994.59127477053,1015.15075409157,3264.11028512953,0.0127148127913759,0.0427105077620796,0.00920434006926555,0.0353653255308683,0.0179992449257482,0.0578746755099197,4,4,10000,10000,"Joint 2.5% and 97.5% quantiles across synchronized WHO/Adam PIF draws; burden weights fixed","Joint 2.5% and 97.5% quantiles across synchronized Table 5 PUC PIF draws; burden weights fixed",TRUE,TRUE
2024,"Ischaemic Heart Disease","Men","combined_v10_h25","Combined 10/25: no shift",56399.63,56399.63,516.294153214181,3278.73336115403,388.841205940937,2518.41748893655,698.656186920215,4470.12936437772,0.00915421170695945,0.0581339516084419,0.00689439285223922,0.0446530852939381,0.01238760231087,0.0792581327994124,4,4,10000,10000,"Joint 2.5% and 97.5% quantiles across synchronized WHO/Adam PIF draws; burden weights fixed","Joint 2.5% and 97.5% quantiles across synchronized Table 5 PUC PIF draws; burden weights fixed",TRUE,TRUE
2024,"Ischaemic Heart Disease","Men","combined_v20_h50","Combined 20/50: no shift",56399.63,56399.63,970.853942025032,4902.7674920859,725.620656281435,3878.38804077882,1317.17012441066,6592.96626245004,0.0172138353039733,0.0869290719121013,0.0128656988757096,0.0687661965296371,0.0233542334304438,0.116897331816716,4,4,10000,10000,"Joint 2.5% and 97.5% quantiles across synchronized WHO/Adam PIF draws; burden weights fixed","Joint 2.5% and 97.5% quantiles across synchronized Table 5 PUC PIF draws; burden weights fixed",TRUE,TRUE
2024,"Ischaemic Heart Disease","Men","combined_v30_h50","Combined 30/50: no shift",56399.63,56399.63,1056.35704601112,5535.76160844105,797.157866125866,4223.72690924508,1416.20422583773,7609.36104888795,0.0187298577315334,0.0981524454759907,0.0141340974422326,0.0748892662814469,0.0251101687340454,0.134918634198273,4,4,10000,10000,"Joint 2.5% and 97.5% quantiles across synchronized WHO/Adam PIF draws; burden weights fixed","Joint 2.5% and 97.5% quantiles across synchronized Table 5 PUC PIF draws; burden weights fixed",TRUE,TRUE
2024,"Ischaemic Heart Disease","Men","combined_v10_h25_mid","Combined 10/25: half shift",56399.63,56399.63,533.551133981615,3473.64288117203,408.093959603547,2607.35570714318,711.33071440782,4803.3434900175,0.00946018855055635,0.0615898168334089,0.00723575597222087,0.0462300144015692,0.0126123294498177,0.0851662234312086,4,4,10000,10000,"Joint 2.5% and 97.5% quantiles across synchronized WHO/Adam PIF draws; burden weights fixed","Joint 2.5% and 97.5% quantiles across synchronized Table 5 PUC PIF draws; burden weights fixed",TRUE,TRUE
2024,"Ischaemic Heart Disease","Men","combined_v20_h50_mid","Combined 20/50: half shift",56399.63,56399.63,961.750231405359,5038.1968171974,729.370510308281,3866.83515517625,1290.39739968746,6924.09320483574,0.0170524209361898,0.0893303168335927,0.0129321860854102,0.0685613567886216,0.0228795366155321,0.122768415410451,4,4,10000,10000,"Joint 2.5% and 97.5% quantiles across synchronized WHO/Adam PIF draws; burden weights fixed","Joint 2.5% and 97.5% quantiles across synchronized Table 5 PUC PIF draws; burden weights fixed",TRUE,TRUE
2024,"Ischaemic Heart Disease","Men","combined_v30_h50_mid","Combined 30/50: half shift",56399.63,56399.63,1015.42985506707,5541.41866961525,773.394039166721,4124.35841037498,1378.9734853487,7752.30326578823,0.0180041935570688,0.0982527486370966,0.0137127502284451,0.073127401906271,0.0244500448912288,0.137453087294867,4,4,10000,10000,"Joint 2.5% and 97.5% quantiles across synchronized WHO/Adam PIF draws; burden weights fixed","Joint 2.5% and 97.5% quantiles across synchronized Table 5 PUC PIF draws; burden weights fixed",TRUE,TRUE
2024,"Ischaemic Heart Disease","Men","combined_v10_h25_rt","Combined 10/25: complete shift",56399.63,56399.63,550.808114749048,3668.55240119004,424.784727890116,2688.7803980454,742.129842824353,5147.61259189688,0.00976616539415326,0.065045682058376,0.00753169352157302,0.047673724066016,0.0131584168694786,0.0912703255659103,4,4,10000,10000,"Joint 2.5% and 97.5% quantiles across synchronized WHO/Adam PIF draws; burden weights fixed","Joint 2.5% and 97.5% quantiles across synchronized Table 5 PUC PIF draws; burden weights fixed",TRUE,TRUE
2024,"Ischaemic Heart Disease","Men","combined_v20_h50_rt","Combined 20/50: complete shift",56399.63,56399.63,952.646520785686,5173.62614230889,728.332951134263,3852.29461879098,1294.93856966024,7259.12307337648,0.0168910065684063,0.0917315617550841,0.0129137895254679,0.0683035441684809,0.0229600543418502,0.128708700276517,4,4,10000,10000,"Joint 2.5% and 97.5% quantiles across synchronized WHO/Adam PIF draws; burden weights fixed","Joint 2.5% and 97.5% quantiles across synchronized Table 5 PUC PIF draws; burden weights fixed",TRUE,TRUE
2024,"Ischaemic Heart Disease","Men","combined_v30_h50_rt","Combined 30/50: complete shift",56399.63,56399.63,974.50266412301,5547.07573078946,742.087357008345,4015.08154859282,1354.59079797855,7918.16261659659,0.0172785293826043,0.0983530517982026,0.0131576635699267,0.0711898561850995,0.0240177249031341,0.140393875218625,4,4,10000,10000,"Joint 2.5% and 97.5% quantiles across synchronized WHO/Adam PIF draws; burden weights fixed","Joint 2.5% and 97.5% quantiles across synchronized Table 5 PUC PIF draws; burden weights fixed",TRUE,TRUE
2012,"Ischaemic Heart Disease","Women","baseline","Baseline",13818.99,13818.99,0,0,0,0,0,0,0,0,0,0,0,0,4,4,10000,10000,"Joint 2.5% and 97.5% quantiles across synchronized WHO/Adam PIF draws; burden weights fixed","Joint 2.5% and 97.5% quantiles across synchronized Table 5 PUC PIF draws; burden weights fixed",TRUE,TRUE
2012,"Ischaemic Heart Disease","Women","volume_reduction_10","Volume -10%",13818.99,13818.99,41.3873659393243,252.391513045185,19.5357860569158,-30.0882547461962,83.4821422080856,9155.33342998075,0.00299496315861899,0.018264107076218,0.00141369130862066,-0.00217731214409998,0.00604111749180552,0.662518275936284,4,4,10000,10000,"Joint 2.5% and 97.5% quantiles across synchronized WHO/Adam PIF draws; burden weights fixed","Joint 2.5% and 97.5% quantiles across synchronized Table 5 PUC PIF draws; burden weights fixed",TRUE,TRUE
2012,"Ischaemic Heart Disease","Women","volume_reduction_20","Volume -20%",13818.99,13818.99,76.8518303738515,418.214945564663,33.3579263653729,-65.2116097675384,161.275823602817,11173.4669023024,0.0055613203550948,0.0302637852378982,0.00241391927813631,-0.00471898523463281,0.0116705941319023,0.808558867348657,4,4,10000,10000,"Joint 2.5% and 97.5% quantiles across synchronized WHO/Adam PIF draws; burden weights fixed","Joint 2.5% and 97.5% quantiles across synchronized Table 5 PUC PIF draws; burden weights fixed",TRUE,TRUE
2012,"Ischaemic Heart Disease","Women","volume_reduction_30","Volume -30%",13818.99,13818.99,106.030382336669,526.408518789163,40.6969404094283,-103.748963487222,233.017146372076,11704.459305489,0.00767280259531769,0.0380931253868165,0.00294500107529047,-0.00750770957119312,0.0168620967503468,0.846983701810983,4,4,10000,10000,"Joint 2.5% and 97.5% quantiles across synchronized WHO/Adam PIF draws; burden weights fixed","Joint 2.5% and 97.5% quantiles across synchronized Table 5 PUC PIF draws; burden weights fixed",TRUE,TRUE
2012,"Ischaemic Heart Disease","Women","hed_reduction_10","HED -10%: no shift",13818.99,13818.99,8.65622373591167,9.33341783814647,3.2897505464189,0.59940634880768,18.780534999008,60.0790526636759,0.000626400607852793,0.000675405209653272,0.000238060129316173,4.33755541329489e-05,0.00135903817855053,0.00434757190385664,4,4,10000,10000,"Joint 2.5% and 97.5% quantiles across synchronized WHO/Adam PIF draws; burden weights fixed","Joint 2.5% and 97.5% quantiles across synchronized Table 5 PUC PIF draws; burden weights fixed",TRUE,TRUE
2012,"Ischaemic Heart Disease","Women","hed_reduction_25","HED -25%: no shift",13818.99,13818.99,21.6405593397766,23.3335445953654,8.22437636604936,1.49851587201913,46.9513374975191,150.197631659187,0.00156600151963179,0.00168851302413312,0.000595150323290585,0.000108438885332368,0.00339759544637626,0.0108689297596414,4,4,10000,10000,"Joint 2.5% and 97.5% quantiles across synchronized WHO/Adam PIF draws; burden weights fixed","Joint 2.5% and 97.5% quantiles across synchronized Table 5 PUC PIF draws; burden weights fixed",TRUE,TRUE
2012,"Ischaemic Heart Disease","Women","hed_reduction_50","HED -50%: no shift",13818.99,13818.99,43.2811186795553,46.6670891907308,16.4487527321002,2.99703174403964,93.9026749950369,300.395263318374,0.00313200303926374,0.00337702604826625,0.00119030064658128,0.000216877770664834,0.00679519089275243,0.0217378595192828,4,4,10000,10000,"Joint 2.5% and 97.5% quantiles across synchronized WHO/Adam PIF draws; burden weights fixed","Joint 2.5% and 97.5% quantiles across synchronized Table 5 PUC PIF draws; burden weights fixed",TRUE,TRUE
2012,"Ischaemic Heart Disease","Women","hed_reduction_10_mid","HED -10%: half shift",13818.99,13818.99,15.8475297541457,37.5627860028872,11.7430461748049,32.4352561526515,24.7466359099393,544.458798109142,0.00114679363355395,0.00271820053440137,0.000849776009303491,0.0023471509967553,0.00179077023067093,0.0393993192056107,4,4,10000,10000,"Joint 2.5% and 97.5% quantiles across synchronized WHO/Adam PIF draws; burden weights fixed","Joint 2.5% and 97.5% quantiles across synchronized Table 5 PUC PIF draws; burden weights fixed",TRUE,TRUE
2012,"Ischaemic Heart Disease","Women","hed_reduction_25_mid","HED -25%: half shift",13818.99,13818.99,39.6188243853618,93.9069650072189,29.3576154370147,81.088140381629,61.8665897748495,1361.14699527286,0.0028669840838847,0.00679550133600349,0.00212444002325892,0.00586787749188827,0.00447692557667742,0.0984982980140267,4,4,10000,10000,"Joint 2.5% and 97.5% quantiles across synchronized WHO/Adam PIF draws; burden weights fixed","Joint 2.5% and 97.5% quantiles across synchronized Table 5 PUC PIF draws; burden weights fixed",TRUE,TRUE
2012,"Ischaemic Heart Disease","Women","hed_reduction_50_mid","HED -50%: half shift",13818.99,13818.99,79.2376487707264,187.813930014438,58.7152308740287,162.176280763257,123.733179549699,2722.29399054571,0.0057339681677696,0.013591002672007,0.00424888004651778,0.0117357549837765,0.00895385115335483,0.196996596028053,4,4,10000,10000,"Joint 2.5% and 97.5% quantiles across synchronized WHO/Adam PIF draws; burden weights fixed","Joint 2.5% and 97.5% quantiles across synchronized Table 5 PUC PIF draws; burden weights fixed",TRUE,TRUE
2012,"Ischaemic Heart Disease","Women","hed_reduction_10_rt","HED -10%: complete shift",13818.99,13818.99,23.0388357723797,65.792154167628,17.8492877294129,30.8014478292402,36.230968789058,1080.31254533689,0.0016671866592551,0.00476099585914948,0.00129164922540742,0.00222892178294073,0.00262182466222626,0.0781759408854692,4,4,10000,10000,"Joint 2.5% and 97.5% quantiles across synchronized WHO/Adam PIF draws; burden weights fixed","Joint 2.5% and 97.5% quantiles across synchronized Table 5 PUC PIF draws; burden weights fixed",TRUE,TRUE
2012,"Ischaemic Heart Disease","Women","hed_reduction_25_rt","HED -25%: complete shift",13818.99,13818.99,57.5970894309471,164.480385419072,44.6232193235337,77.0036195731005,90.5774219726462,2700.78136334222,0.00416796664813761,0.0119024896478739,0.00322912306351866,0.00557230445735184,0.00655456165556572,0.195439852213673,4,4,10000,10000,"Joint 2.5% and 97.5% quantiles across synchronized WHO/Adam PIF draws; burden weights fixed","Joint 2.5% and 97.5% quantiles across synchronized Table 5 PUC PIF draws; burden weights fixed",TRUE,TRUE
2012,"Ischaemic Heart Disease","Women","hed_reduction_50_rt","HED -50%: complete shift",13818.99,13818.99,115.194178861898,328.960770838146,89.2464386470695,154.007239146202,181.154843945295,5401.56272668445,0.00833593329627546,0.0238049792957478,0.00645824612703747,0.0111446089147037,0.0131091233111317,0.390879704427346,4,4,10000,10000,"Joint 2.5% and 97.5% quantiles across synchronized WHO/Adam PIF draws; burden weights fixed","Joint 2.5% and 97.5% quantiles across synchronized Table 5 PUC PIF draws; burden weights fixed",TRUE,TRUE
2012,"Ischaemic Heart Disease","Women","combined_v10_h25","Combined 10/25: no shift",13818.99,13818.99,63.7526893392214,276.431967401924,50.2764704340706,90.6052465791092,98.8873733389452,9158.82421768535,0.00461341164146015,0.0200037750517168,0.00363821599364864,0.00655657516063831,0.00715590454432235,0.66277088395645,4,4,10000,10000,"Joint 2.5% and 97.5% quantiles across synchronized WHO/Adam PIF draws; burden weights fixed","Joint 2.5% and 97.5% quantiles across synchronized Table 5 PUC PIF draws; burden weights fixed",TRUE,TRUE
2012,"Ischaemic Heart Disease","Women","combined_v20_h50","Combined 20/50: no shift",13818.99,13818.99,123.15041369321,467.785980253739,96.7615373547131,166.033596043734,192.99825258955,11212.5407816979,0.00891167977494811,0.0338509529461805,0.00700207014801466,0.0120148864746074,0.0139661619691128,0.811386416930462,4,4,10000,10000,"Joint 2.5% and 97.5% quantiles across synchronized WHO/Adam PIF draws; burden weights fixed","Joint 2.5% and 97.5% quantiles across synchronized Table 5 PUC PIF draws; burden weights fixed",TRUE,TRUE
2012,"Ischaemic Heart Disease","Women","combined_v30_h50","Combined 30/50: no shift",13818.99,13818.99,154.007303231533,577.517814725832,114.637890157429,122.164188957891,264.203601637935,11737.442342673,0.0111446135521867,0.0417916081222891,0.00829567791549373,0.00884031242210111,0.0191188792840819,0.849370492537664,4,4,10000,10000,"Joint 2.5% and 97.5% quantiles across synchronized WHO/Adam PIF draws; burden weights fixed","Joint 2.5% and 97.5% quantiles across synchronized Table 5 PUC PIF draws; burden weights fixed",TRUE,TRUE
2012,"Ischaemic Heart Disease","Women","combined_v10_h25_mid","Combined 10/25: half shift",13818.99,13818.99,78.0072519773324,321.231730478612,60.6268617092954,70.8583949779524,128.835040708144,9478.94114764684,0.00564493150203687,0.0232456735607025,0.00438721366100528,0.00512761026514618,0.00932304319694451,0.685935885882169,4,4,10000,10000,"Joint 2.5% and 97.5% quantiles across synchronized WHO/Adam PIF draws; burden weights fixed","Joint 2.5% and 97.5% quantiles across synchronized Table 5 PUC PIF draws; burden weights fixed",TRUE,TRUE
2012,"Ischaemic Heart Disease","Women","combined_v20_h50_mid","Combined 20/50: half shift",13818.99,13818.99,144.743188788781,523.156303667106,111.713397971468,126.150273381614,242.761650625185,11389.0966340919,0.0104742234265153,0.0378577814780317,0.00808404941109792,0.00912876218751252,0.0175672498949044,0.824162737949148,4,4,10000,10000,"Joint 2.5% and 97.5% quantiles across synchronized WHO/Adam PIF draws; burden weights fixed","Joint 2.5% and 97.5% quantiles across synchronized Table 5 PUC PIF draws; burden weights fixed",TRUE,TRUE
2012,"Ischaemic Heart Disease","Women","combined_v30_h50_mid","Combined 30/50: half shift",13818.99,13818.99,169.16824609496,609.669169479108,121.583272662676,77.1561189505828,304.689573152863,11779.0121823377,0.0122417228824219,0.0441182148246079,0.00879827488569541,0.00558333995108056,0.0220486137664809,0.852378660259373,4,4,10000,10000,"Joint 2.5% and 97.5% quantiles across synchronized WHO/Adam PIF draws; burden weights fixed","Joint 2.5% and 97.5% quantiles across synchronized Table 5 PUC PIF draws; burden weights fixed",TRUE,TRUE
2012,"Ischaemic Heart Disease","Women","combined_v10_h25_rt","Combined 10/25: complete shift",13818.99,13818.99,92.2618146154435,366.0314935553,69.1141864180116,48.7493347851919,158.337792463257,9770.09498372694,0.00667645136261358,0.0264875720696882,0.0050013920277829,0.00352770606138306,0.0114579858921135,0.707004997016926,4,4,10000,10000,"Joint 2.5% and 97.5% quantiles across synchronized WHO/Adam PIF draws; burden weights fixed","Joint 2.5% and 97.5% quantiles across synchronized Table 5 PUC PIF draws; burden weights fixed",TRUE,TRUE
2012,"Ischaemic Heart Disease","Women","combined_v20_h50_rt","Combined 20/50: complete shift",13818.99,13818.99,166.335963884352,578.526627080473,123.252931864953,82.0626725896734,291.148540717797,11559.6686551382,0.0120367670780825,0.041864610009883,0.00891909841927323,0.00593839872448518,0.0210687279401604,0.836506043867045,4,4,10000,10000,"Joint 2.5% and 97.5% quantiles across synchronized WHO/Adam PIF draws; burden weights fixed","Joint 2.5% and 97.5% quantiles across synchronized Table 5 PUC PIF draws; burden weights fixed",TRUE,TRUE
2012,"Ischaemic Heart Disease","Women","combined_v30_h50_rt","Combined 30/50: complete shift",13818.99,13818.99,184.329188958387,641.820524232384,126.663342881413,31.527081899058,344.587233656886,11810.0554388011,0.0133388322126571,0.0464448215269266,0.00916589004561211,0.002281431703696,0.0249357755998728,0.854625080327945,4,4,10000,10000,"Joint 2.5% and 97.5% quantiles across synchronized WHO/Adam PIF draws; burden weights fixed","Joint 2.5% and 97.5% quantiles across synchronized Table 5 PUC PIF draws; burden weights fixed",TRUE,TRUE
2014,"Ischaemic Heart Disease","Women","baseline","Baseline",15351.6,15351.6,0,0,0,0,0,0,0,0,0,0,0,0,4,4,10000,10000,"Joint 2.5% and 97.5% quantiles across synchronized WHO/Adam PIF draws; burden weights fixed","Joint 2.5% and 97.5% quantiles across synchronized Table 5 PUC PIF draws; burden weights fixed",TRUE,TRUE
2014,"Ischaemic Heart Disease","Women","volume_reduction_10","Volume -10%",15351.6,15351.6,40.4818045569049,223.530204484888,8.25022798930165,-49.9032553641181,100.034699580559,10593.0398914899,0.00263697624722537,0.0145607105764147,0.000537418118587095,-0.00325068757420191,0.00651623932232204,0.690028393880109,4,4,10000,10000,"Joint 2.5% and 97.5% quantiles across synchronized WHO/Adam PIF draws; burden weights fixed","Joint 2.5% and 97.5% quantiles across synchronized Table 5 PUC PIF draws; burden weights fixed",TRUE,TRUE
2014,"Ischaemic Heart Disease","Women","volume_reduction_20","Volume -20%",15351.6,15351.6,73.0542546777857,369.84370269832,8.28835694910295,-106.142857572372,193.166522206908,12992.1343175431,0.00475873880753704,0.02409154112264,0.000539901831021063,-0.0069141234511303,0.0125828266895247,0.846304900957758,4,4,10000,10000,"Joint 2.5% and 97.5% quantiles across synchronized WHO/Adam PIF draws; burden weights fixed","Joint 2.5% and 97.5% quantiles across synchronized Table 5 PUC PIF draws; burden weights fixed",TRUE,TRUE
2014,"Ischaemic Heart Disease","Women","volume_reduction_30","Volume -30%",15351.6,15351.6,96.9967680241556,462.490998575104,-1.01743314776542,-169.060554109227,278.416869567708,13638.0098678048,0.006318349098736,0.0301265665191318,-6.62753815736094e-05,-0.0110125689901526,0.0181360164131236,0.88837709866104,4,4,10000,10000,"Joint 2.5% and 97.5% quantiles across synchronized WHO/Adam PIF draws; burden weights fixed","Joint 2.5% and 97.5% quantiles across synchronized Table 5 PUC PIF draws; burden weights fixed",TRUE,TRUE
2014,"Ischaemic Heart Disease","Women","hed_reduction_10","HED -10%: no shift",15351.6,15351.6,15.1958636133821,16.6496553578764,5.06442448860053,0.925862841257993,35.5316098131433,101.872393364414,0.000989855364482017,0.00108455505340657,0.000329895547604193,6.03105110384581e-05,0.00231452160121051,0.00663594630946702,4,4,10000,10000,"Joint 2.5% and 97.5% quantiles across synchronized WHO/Adam PIF draws; burden weights fixed","Joint 2.5% and 97.5% quantiles across synchronized Table 5 PUC PIF draws; burden weights fixed",TRUE,TRUE
2014,"Ischaemic Heart Disease","Women","hed_reduction_25","HED -25%: no shift",15351.6,15351.6,37.9896590334582,41.6241383946918,12.6610612215008,2.31465710314368,88.8290245328598,254.680983411034,0.00247463841120523,0.00271138763351649,0.000824738869010451,0.00015077627759606,0.00578630400302638,0.0165898657736675,4,4,10000,10000,"Joint 2.5% and 97.5% quantiles across synchronized WHO/Adam PIF draws; burden weights fixed","Joint 2.5% and 97.5% quantiles across synchronized Table 5 PUC PIF draws; burden weights fixed",TRUE,TRUE
2014,"Ischaemic Heart Disease","Women","hed_reduction_50","HED -50%: no shift",15351.6,15351.6,75.9793180669178,83.2482767893827,25.3221224430031,4.62931420628769,177.658049065719,509.361966822069,0.00494927682241055,0.00542277526703293,0.001649477738021,0.000301552555192142,0.0115726080060528,0.0331797315473351,4,4,10000,10000,"Joint 2.5% and 97.5% quantiles across synchronized WHO/Adam PIF draws; burden weights fixed","Joint 2.5% and 97.5% quantiles across synchronized Table 5 PUC PIF draws; burden weights fixed",TRUE,TRUE
2014,"Ischaemic Heart Disease","Women","hed_reduction_10_mid","HED -10%: half shift",15351.6,15351.6,24.8055420022366,47.5027467884998,17.6389591493084,46.4278573523669,40.8954077937885,695.073875254523,0.00161582779659688,0.00309431894971858,0.00114899809461609,0.00302430087758715,0.00266391827521486,0.0452769662611404,4,4,10000,10000,"Joint 2.5% and 97.5% quantiles across synchronized WHO/Adam PIF draws; burden weights fixed","Joint 2.5% and 97.5% quantiles across synchronized Table 5 PUC PIF draws; burden weights fixed",TRUE,TRUE
2014,"Ischaemic Heart Disease","Women","hed_reduction_25_mid","HED -25%: half shift",15351.6,15351.6,62.0138550055928,118.75686697125,44.0973978732724,116.069643380919,102.238519484472,1737.68468813631,0.00403956949149227,0.00773579737429651,0.00287249523654032,0.00756075219396798,0.0066597956880372,0.113192415652851,4,4,10000,10000,"Joint 2.5% and 97.5% quantiles across synchronized WHO/Adam PIF draws; burden weights fixed","Joint 2.5% and 97.5% quantiles across synchronized Table 5 PUC PIF draws; burden weights fixed",TRUE,TRUE
2014,"Ischaemic Heart Disease","Women","hed_reduction_50_mid","HED -50%: half shift",15351.6,15351.6,124.027710011186,237.5137339425,88.1947957465453,232.139286761837,204.477038968944,3475.36937627261,0.00807913898298457,0.015471594748593,0.00574499047308067,0.0151215043879359,0.0133195913760744,0.226384831305702,4,4,10000,10000,"Joint 2.5% and 97.5% quantiles across synchronized WHO/Adam PIF draws; burden weights fixed","Joint 2.5% and 97.5% quantiles across synchronized Table 5 PUC PIF draws; burden weights fixed",TRUE,TRUE
2014,"Ischaemic Heart Disease","Women","hed_reduction_10_rt","HED -10%: complete shift",15351.6,15351.6,34.4152203910911,78.3558382191232,26.5531991544032,43.4476644195735,55.0150403063062,1381.61483794206,0.00224180022871174,0.00510408284603059,0.00172966981646234,0.00283017173581734,0.0035836681718066,0.0899981003896699,4,4,10000,10000,"Joint 2.5% and 97.5% quantiles across synchronized WHO/Adam PIF draws; burden weights fixed","Joint 2.5% and 97.5% quantiles across synchronized Table 5 PUC PIF draws; burden weights fixed",TRUE,TRUE
2014,"Ischaemic Heart Disease","Women","hed_reduction_25_rt","HED -25%: complete shift",15351.6,15351.6,86.0380509777274,195.889595547809,66.382997886005,108.619161048933,137.537600765761,3454.03709485514,0.00560450057177932,0.0127602071150765,0.00432417454115565,0.00707542933954331,0.00895917042951618,0.224995250974175,4,4,10000,10000,"Joint 2.5% and 97.5% quantiles across synchronized WHO/Adam PIF draws; burden weights fixed","Joint 2.5% and 97.5% quantiles across synchronized Table 5 PUC PIF draws; burden weights fixed",TRUE,TRUE
2014,"Ischaemic Heart Disease","Women","hed_reduction_50_rt","HED -50%: complete shift",15351.6,15351.6,172.076101955454,391.779191095618,132.76599577201,217.238322097864,275.075201531523,6908.07418971029,0.0112090011435586,0.0255204142301531,0.00864834908231126,0.0141508586790865,0.0179183408590325,0.44999050194835,4,4,10000,10000,"Joint 2.5% and 97.5% quantiles across synchronized WHO/Adam PIF draws; burden weights fixed","Joint 2.5% and 97.5% quantiles across synchronized Table 5 PUC PIF draws; burden weights fixed",TRUE,TRUE
2014,"Ischaemic Heart Disease","Women","combined_v10_h25","Combined 10/25: no shift",15351.6,15351.6,79.8420689943174,266.460080883989,63.0333134285374,133.268590808191,126.060955662842,10610.5320815006,0.0052008956066024,0.0173571537093195,0.00410597679906572,0.00868108801741782,0.00821158417773012,0.69116783146386,4,4,10000,10000,"Joint 2.5% and 97.5% quantiles across synchronized WHO/Adam PIF draws; burden weights fixed","Joint 2.5% and 97.5% quantiles across synchronized Table 5 PUC PIF draws; burden weights fixed",TRUE,TRUE
2014,"Ischaemic Heart Disease","Women","combined_v20_h50","Combined 20/50: no shift",15351.6,15351.6,154.676184083449,458.380116943258,121.235763889456,244.694540084415,246.822174343834,13024.2872522542,0.0100755741475448,0.0298587845529624,0.00789727219895361,0.0159393509526313,0.016077944601464,0.848399336372377,4,4,10000,10000,"Joint 2.5% and 97.5% quantiles across synchronized WHO/Adam PIF draws; burden weights fixed","Joint 2.5% and 97.5% quantiles across synchronized Table 5 PUC PIF draws; burden weights fixed",TRUE,TRUE
2014,"Ischaemic Heart Disease","Women","combined_v30_h50","Combined 30/50: no shift",15351.6,15351.6,181.633941173773,553.680691746712,138.616421859737,184.56469987766,327.041998344372,13673.027638429,0.0118315967829915,0.0360666439815206,0.00902944460901382,0.0120225057894721,0.021303447089839,0.890658148885395,4,4,10000,10000,"Joint 2.5% and 97.5% quantiles across synchronized WHO/Adam PIF draws; burden weights fixed","Joint 2.5% and 97.5% quantiles across synchronized Table 5 PUC PIF draws; burden weights fixed",TRUE,TRUE
2014,"Ischaemic Heart Disease","Women","combined_v10_h25_mid","Combined 10/25: half shift",15351.6,15351.6,98.3439798912385,315.530912874043,76.4345670670375,101.810046227141,170.885023378089,11005.3493355069,0.0064061061968289,0.0205536173997527,0.00497893164667119,0.00663188503003866,0.0111314145351682,0.716886144473991,4,4,10000,10000,"Joint 2.5% and 97.5% quantiles across synchronized WHO/Adam PIF draws; burden weights fixed","Joint 2.5% and 97.5% quantiles across synchronized Table 5 PUC PIF draws; burden weights fixed",TRUE,TRUE
2014,"Ischaemic Heart Disease","Women","combined_v20_h50_mid","Combined 20/50: half shift",15351.6,15351.6,181.286384026033,517.690205302655,139.520298235642,179.857579655544,320.240257078351,13262.7857191819,0.0118089569833785,0.0337222312529414,0.00908832292631663,0.011715884966749,0.0208603830922087,0.863935076420822,4,4,10000,10000,"Joint 2.5% and 97.5% quantiles across synchronized WHO/Adam PIF draws; burden weights fixed","Joint 2.5% and 97.5% quantiles across synchronized Table 5 PUC PIF draws; burden weights fixed",TRUE,TRUE
2014,"Ischaemic Heart Disease","Women","combined_v30_h50_mid","Combined 30/50: half shift",15351.6,15351.6,198.47141639134,585.595626486275,142.077166203286,108.103363247531,387.936116806102,13741.4479198437,0.0129283863826142,0.0381455761279785,0.00925487676875935,0.00704183037908302,0.0252700771780207,0.89511503164776,4,4,10000,10000,"Joint 2.5% and 97.5% quantiles across synchronized WHO/Adam PIF draws; burden weights fixed","Joint 2.5% and 97.5% quantiles across synchronized Table 5 PUC PIF draws; burden weights fixed",TRUE,TRUE
2014,"Ischaemic Heart Disease","Women","combined_v10_h25_rt","Combined 10/25: complete shift",15351.6,15351.6,116.84589078816,364.601744864098,86.7963874315779,62.4699102770311,218.586851403601,11420.8884398275,0.0076113167870554,0.0237500810901859,0.00565389844912438,0.00406927683609728,0.0142387015948566,0.743954274461783,4,4,10000,10000,"Joint 2.5% and 97.5% quantiles across synchronized WHO/Adam PIF draws; burden weights fixed","Joint 2.5% and 97.5% quantiles across synchronized Table 5 PUC PIF draws; burden weights fixed",TRUE,TRUE
2014,"Ischaemic Heart Disease","Women","combined_v20_h50_rt","Combined 20/50: complete shift",15351.6,15351.6,207.896583968618,577.000293662052,152.011646956935,101.64861458406,398.378713075413,13508.5640027562,0.0135423398192122,0.0375856779529203,0.00990200675870494,0.0066213694067107,0.0259503057059468,0.87994502219679,4,4,10000,10000,"Joint 2.5% and 97.5% quantiles across synchronized WHO/Adam PIF draws; burden weights fixed","Joint 2.5% and 97.5% quantiles across synchronized Table 5 PUC PIF draws; burden weights fixed",TRUE,TRUE
2014,"Ischaemic Heart Disease","Women","combined_v30_h50_rt","Combined 30/50: complete shift",15351.6,15351.6,215.308891608908,617.510561225838,141.152124464074,23.5555546130357,452.510745914133,13801.5766981072,0.0140251759822369,0.0402245082744364,0.00919461974413573,0.00153440388057503,0.0294764549567559,0.899031807636153,4,4,10000,10000,"Joint 2.5% and 97.5% quantiles across synchronized WHO/Adam PIF draws; burden weights fixed","Joint 2.5% and 97.5% quantiles across synchronized Table 5 PUC PIF draws; burden weights fixed",TRUE,TRUE
2016,"Ischaemic Heart Disease","Women","baseline","Baseline",14980.34,14980.34,0,0,0,0,0,0,0,0,0,0,0,0,4,4,10000,10000,"Joint 2.5% and 97.5% quantiles across synchronized WHO/Adam PIF draws; burden weights fixed","Joint 2.5% and 97.5% quantiles across synchronized Table 5 PUC PIF draws; burden weights fixed",TRUE,TRUE
2016,"Ischaemic Heart Disease","Women","volume_reduction_10","Volume -10%",14980.34,14980.34,30.0204858611508,106.286262680061,5.4642864335014,-37.4666661698993,82.3217394135264,8529.80703443363,0.00200399228997145,0.00709505009099002,0.000364763846047646,-0.00250105579512209,0.00549531849167151,0.569400096021427,4,4,10000,10000,"Joint 2.5% and 97.5% quantiles across synchronized WHO/Adam PIF draws; burden weights fixed","Joint 2.5% and 97.5% quantiles across synchronized Table 5 PUC PIF draws; burden weights fixed",TRUE,TRUE
2016,"Ischaemic Heart Disease","Women","volume_reduction_20","Volume -20%",14980.34,14980.34,53.7924804276551,177.138232917155,5.13826954425745,-79.9584697761805,158.713573010071,10236.3339121192,0.00359087179781334,0.0118247137860125,0.000343000862747938,-0.00533756041426166,0.0105947911068821,0.683317862753399,4,4,10000,10000,"Joint 2.5% and 97.5% quantiles across synchronized WHO/Adam PIF draws; burden weights fixed","Joint 2.5% and 97.5% quantiles across synchronized Table 5 PUC PIF draws; burden weights fixed",TRUE,TRUE
2016,"Ischaemic Heart Disease","Women","volume_reduction_30","Volume -30%",14980.34,14980.34,70.7471550339905,221.343850252913,-1.37329084716174,-128.257448252924,228.956996617761,10841.4023411765,0.0047226668442766,0.014775622599548,-9.16728757265685e-05,-0.00856171810872941,0.0152838317833748,0.723708696943896,4,4,10000,10000,"Joint 2.5% and 97.5% quantiles across synchronized WHO/Adam PIF draws; burden weights fixed","Joint 2.5% and 97.5% quantiles across synchronized Table 5 PUC PIF draws; burden weights fixed",TRUE,TRUE
2016,"Ischaemic Heart Disease","Women","hed_reduction_10","HED -10%: no shift",14980.34,14980.34,16.4476324049997,18.9089719287946,5.50049276415974,1.09022898837714,38.2447801765814,100.32335720165,0.00109794787067581,0.00126225252089036,0.000367180769205488,7.27773193650569e-05,0.002552998141336,0.00669700134987926,4,4,10000,10000,"Joint 2.5% and 97.5% quantiles across synchronized WHO/Adam PIF draws; burden weights fixed","Joint 2.5% and 97.5% quantiles across synchronized Table 5 PUC PIF draws; burden weights fixed",TRUE,TRUE
2016,"Ischaemic Heart Disease","Women","hed_reduction_25","HED -25%: no shift",14980.34,14980.34,41.1190810124993,47.2724298219878,13.7512319104005,2.72557247094454,95.6119504414555,250.808393004123,0.00274486967668954,0.00315563130222597,0.000917951923013795,0.000181943298412756,0.00638249535334014,0.016742503374698,4,4,10000,10000,"Joint 2.5% and 97.5% quantiles across synchronized WHO/Adam PIF draws; burden weights fixed","Joint 2.5% and 97.5% quantiles across synchronized Table 5 PUC PIF draws; burden weights fixed",TRUE,TRUE
2016,"Ischaemic Heart Disease","Women","hed_reduction_50","HED -50%: no shift",14980.34,14980.34,82.2381620249985,94.5448596439741,27.5024638208012,5.45114494189147,191.223900882911,501.616786008247,0.00548973935337906,0.00631126260445184,0.0018359038460276,0.000363886596825671,0.0127649907066803,0.033485006749396,4,4,10000,10000,"Joint 2.5% and 97.5% quantiles across synchronized WHO/Adam PIF draws; burden weights fixed","Joint 2.5% and 97.5% quantiles across synchronized Table 5 PUC PIF draws; burden weights fixed",TRUE,TRUE
2016,"Ischaemic Heart Disease","Women","hed_reduction_10_mid","HED -10%: half shift",14980.34,14980.34,19.1272830734991,24.3367732467457,11.7871515299536,-71.425416605176,36.1301733872635,431.653441491573,0.00127682569778117,0.00162458083372912,0.000786841388777129,-0.00476794362512306,0.00241183934325012,0.0288146625171107,4,4,10000,10000,"Joint 2.5% and 97.5% quantiles across synchronized WHO/Adam PIF draws; burden weights fixed","Joint 2.5% and 97.5% quantiles across synchronized Table 5 PUC PIF draws; burden weights fixed",TRUE,TRUE
2016,"Ischaemic Heart Disease","Women","hed_reduction_25_mid","HED -25%: half shift",14980.34,14980.34,47.8182076837459,60.8419331168655,29.4678788248839,-178.563541512939,90.3254334681596,1079.13360372893,0.00319206424445279,0.00406145208432289,0.00196710347194282,-0.0119198590628076,0.00602959835812535,0.0720366562927766,4,4,10000,10000,"Joint 2.5% and 97.5% quantiles across synchronized WHO/Adam PIF draws; burden weights fixed","Joint 2.5% and 97.5% quantiles across synchronized Table 5 PUC PIF draws; burden weights fixed",TRUE,TRUE
2016,"Ischaemic Heart Disease","Women","hed_reduction_50_mid","HED -50%: half shift",14980.34,14980.34,95.6364153674917,121.683866233731,58.9357576497685,-357.12708302588,180.650866936318,2158.26720745787,0.00638412848890557,0.00812290416864575,0.00393420694388569,-0.0238397181256153,0.0120591967162506,0.144073312585553,4,4,10000,10000,"Joint 2.5% and 97.5% quantiles across synchronized WHO/Adam PIF draws; burden weights fixed","Joint 2.5% and 97.5% quantiles across synchronized Table 5 PUC PIF draws; burden weights fixed",TRUE,TRUE
2016,"Ischaemic Heart Disease","Women","hed_reduction_10_rt","HED -10%: complete shift",14980.34,14980.34,21.8069337419985,29.7645745646968,15.1545231328376,-181.461038583485,38.4667049460624,839.442553841133,0.00145570352488652,0.00198690914656789,0.00101162744856509,-0.0121132790432984,0.00256781254271014,0.0560362818094338,4,4,10000,10000,"Joint 2.5% and 97.5% quantiles across synchronized WHO/Adam PIF draws; burden weights fixed","Joint 2.5% and 97.5% quantiles across synchronized Table 5 PUC PIF draws; burden weights fixed",TRUE,TRUE
2016,"Ischaemic Heart Disease","Women","hed_reduction_25_rt","HED -25%: complete shift",14980.34,14980.34,54.5173343549924,74.4114364117432,37.886307832093,-453.652596458714,96.1667623651588,2098.60638460283,0.00363925881221604,0.0049672728664198,0.00252906862141267,-0.0302831976082462,0.00641953135677554,0.140090704523584,4,4,10000,10000,"Joint 2.5% and 97.5% quantiles across synchronized WHO/Adam PIF draws; burden weights fixed","Joint 2.5% and 97.5% quantiles across synchronized Table 5 PUC PIF draws; burden weights fixed",TRUE,TRUE
2016,"Ischaemic Heart Disease","Women","hed_reduction_50_rt","HED -50%: complete shift",14980.34,14980.34,109.034668709985,148.822872823487,75.772615664184,-907.305192917427,192.333524730318,4197.21276920566,0.00727851762443208,0.00993454573283966,0.0050581372428252,-0.0605663952164922,0.0128390627135511,0.280181409047169,4,4,10000,10000,"Joint 2.5% and 97.5% quantiles across synchronized WHO/Adam PIF draws; burden weights fixed","Joint 2.5% and 97.5% quantiles across synchronized Table 5 PUC PIF draws; burden weights fixed",TRUE,TRUE
2016,"Ischaemic Heart Disease","Women","combined_v10_h25","Combined 10/25: no shift",14980.34,14980.34,73.5465922503482,155.76884768808,56.294728324593,134.585135334277,119.621333708612,8582.61638589859,0.00490954092165787,0.0103982184441795,0.00375790725207792,0.00898411753900625,0.00798522154427818,0.572925339872031,4,4,10000,10000,"Joint 2.5% and 97.5% quantiles across synchronized WHO/Adam PIF draws; burden weights fixed","Joint 2.5% and 97.5% quantiles across synchronized Table 5 PUC PIF draws; burden weights fixed",TRUE,TRUE
2016,"Ischaemic Heart Disease","Women","combined_v20_h50","Combined 20/50: no shift",14980.34,14980.34,145.766378145564,280.360945958947,110.151968899552,248.239198175106,236.730069443926,10244.7246962498,0.00973051200076662,0.018715259196984,0.0073531020590689,0.0165709989342769,0.0158027167236475,0.683877982492372,4,4,10000,10000,"Joint 2.5% and 97.5% quantiles across synchronized WHO/Adam PIF draws; burden weights fixed","Joint 2.5% and 97.5% quantiles across synchronized Table 5 PUC PIF draws; burden weights fixed",TRUE,TRUE
2016,"Ischaemic Heart Disease","Women","combined_v30_h50","Combined 30/50: no shift",14980.34,14980.34,167.536795964816,328.369675738342,128.52057322738,213.015285486988,290.996180540519,10875.8656560332,0.0111837779359358,0.0219200415837252,0.00857928279514219,0.0142196562619398,0.0194252053384982,0.726009266547565,4,4,10000,10000,"Joint 2.5% and 97.5% quantiles across synchronized WHO/Adam PIF draws; burden weights fixed","Joint 2.5% and 97.5% quantiles across synchronized Table 5 PUC PIF draws; burden weights fixed",TRUE,TRUE
2016,"Ischaemic Heart Disease","Women","combined_v10_h25_mid","Combined 10/25: half shift",14980.34,14980.34,76.9310421471326,162.070238393956,60.1186764655624,107.039994274903,133.812009533292,8708.69074809766,0.00513546702859432,0.0108188624820235,0.00401317169473873,0.00714536480980423,0.00893250817626916,0.581341327906954,4,4,10000,10000,"Joint 2.5% and 97.5% quantiles across synchronized WHO/Adam PIF draws; burden weights fixed","Joint 2.5% and 97.5% quantiles across synchronized Table 5 PUC PIF draws; burden weights fixed",TRUE,TRUE
2016,"Ischaemic Heart Disease","Women","combined_v20_h50_mid","Combined 20/50: half shift",14980.34,14980.34,146.258566226219,281.738996631922,113.076254609231,195.104661805379,254.016262725963,10388.4326748782,0.00976336760221856,0.0188072498108803,0.00754831029263893,0.0130240476387972,0.0169566420205391,0.69347108776424,4,4,10000,10000,"Joint 2.5% and 97.5% quantiles across synchronized WHO/Adam PIF draws; burden weights fixed","Joint 2.5% and 97.5% quantiles across synchronized Table 5 PUC PIF draws; burden weights fixed",TRUE,TRUE
2016,"Ischaemic Heart Disease","Women","combined_v30_h50_mid","Combined 30/50: half shift",14980.34,14980.34,162.172262407027,321.105601860911,122.435552945885,142.431702760629,312.867032894385,10907.9827397833,0.0108256730092259,0.0214351344402671,0.00817308238303571,0.00950790854951418,0.020885175696572,0.728153215466625,4,4,10000,10000,"Joint 2.5% and 97.5% quantiles across synchronized WHO/Adam PIF draws; burden weights fixed","Joint 2.5% and 97.5% quantiles across synchronized Table 5 PUC PIF draws; burden weights fixed",TRUE,TRUE
2016,"Ischaemic Heart Disease","Women","combined_v10_h25_rt","Combined 10/25: complete shift",14980.34,14980.34,80.3154920439171,168.371629099832,60.9424983668149,69.1666788885787,157.039845293505,8872.5697713138,0.00536139313553077,0.0112395065198675,0.00406816523301974,0.00461716348818376,0.0104830628205705,0.592280934298808,4,4,10000,10000,"Joint 2.5% and 97.5% quantiles across synchronized WHO/Adam PIF draws; burden weights fixed","Joint 2.5% and 97.5% quantiles across synchronized Table 5 PUC PIF draws; burden weights fixed",TRUE,TRUE
2016,"Ischaemic Heart Disease","Women","combined_v20_h50_rt","Combined 20/50: complete shift",14980.34,14980.34,146.750754306873,283.117047304898,110.402798601285,120.150083720837,289.908907696361,10458.8411038312,0.0097962232036705,0.0188992404247766,0.00736984598488985,0.00802051780672784,0.0193526253540548,0.698171143233813,4,4,10000,10000,"Joint 2.5% and 97.5% quantiles across synchronized WHO/Adam PIF draws; burden weights fixed","Joint 2.5% and 97.5% quantiles across synchronized Table 5 PUC PIF draws; burden weights fixed",TRUE,TRUE
2016,"Ischaemic Heart Disease","Women","combined_v30_h50_rt","Combined 30/50: complete shift",14980.34,14980.34,156.807728849239,313.84152798348,109.957464523682,64.2683454197679,340.335651181297,11002.6704308487,0.0104675680825161,0.020950227296809,0.00734011808301294,0.00429017935639431,0.0227188202124449,0.73447401266251,4,4,10000,10000,"Joint 2.5% and 97.5% quantiles across synchronized WHO/Adam PIF draws; burden weights fixed","Joint 2.5% and 97.5% quantiles across synchronized Table 5 PUC PIF draws; burden weights fixed",TRUE,TRUE
2018,"Ischaemic Heart Disease","Women","baseline","Baseline",15418.57,15418.57,0,0,0,0,0,0,0,0,0,0,0,0,4,4,10000,10000,"Joint 2.5% and 97.5% quantiles across synchronized WHO/Adam PIF draws; burden weights fixed","Joint 2.5% and 97.5% quantiles across synchronized Table 5 PUC PIF draws; burden weights fixed",TRUE,TRUE
2018,"Ischaemic Heart Disease","Women","volume_reduction_10","Volume -10%",15418.57,15418.57,23.8374978379112,90.7921496187235,4.53524334144248,-26.6015521902455,67.4450645433067,8997.66327747742,0.00154602520453656,0.00588849352558139,0.000294141631905065,-0.00172529308426433,0.0043742749517826,0.583560166570403,4,4,10000,10000,"Joint 2.5% and 97.5% quantiles across synchronized WHO/Adam PIF draws; burden weights fixed","Joint 2.5% and 97.5% quantiles across synchronized Table 5 PUC PIF draws; burden weights fixed",TRUE,TRUE
2018,"Ischaemic Heart Disease","Women","volume_reduction_20","Volume -20%",15418.57,15418.57,42.4646989631173,151.310671075834,4.45721973291019,-56.7600493163624,129.952249847334,11125.2198472717,0.00275412693674688,0.00981353465826169,0.000289081265831409,-0.00368127843998259,0.00842829457254038,0.721546800207265,4,4,10000,10000,"Joint 2.5% and 97.5% quantiles across synchronized WHO/Adam PIF draws; burden weights fixed","Joint 2.5% and 97.5% quantiles across synchronized Table 5 PUC PIF draws; burden weights fixed",TRUE,TRUE
2018,"Ischaemic Heart Disease","Women","volume_reduction_30","Volume -30%",15418.57,15418.57,55.4233212276422,189.015691259745,-0.597533166663614,-90.4485798608108,187.462457784522,11808.9551492751,0.00359458245658594,0.0122589637858599,-3.87541235447654e-05,-0.00586621067069195,0.0121582259434255,0.765891723374807,4,4,10000,10000,"Joint 2.5% and 97.5% quantiles across synchronized WHO/Adam PIF draws; burden weights fixed","Joint 2.5% and 97.5% quantiles across synchronized Table 5 PUC PIF draws; burden weights fixed",TRUE,TRUE
2018,"Ischaemic Heart Disease","Women","hed_reduction_10","HED -10%: no shift",15418.57,15418.57,17.0250567427114,19.2434210369816,6.35526037818126,1.38028213992089,36.2978121633189,96.7081727839638,0.00110419168202443,0.00124806781932317,0.000412182217817947,8.95207622964314e-05,0.00235416203729133,0.00627218819799526,4,4,10000,10000,"Joint 2.5% and 97.5% quantiles across synchronized WHO/Adam PIF draws; burden weights fixed","Joint 2.5% and 97.5% quantiles across synchronized Table 5 PUC PIF draws; burden weights fixed",TRUE,TRUE
2018,"Ischaemic Heart Disease","Women","hed_reduction_25","HED -25%: no shift",15418.57,15418.57,42.5626418567779,48.1085525924529,15.8881509454549,3.45070534980541,90.7445304082965,241.770431959907,0.00276047920506103,0.00312016954830785,0.00103045554454498,0.000223801905741285,0.00588540509322826,0.015680470494988,4,4,10000,10000,"Joint 2.5% and 97.5% quantiles across synchronized WHO/Adam PIF draws; burden weights fixed","Joint 2.5% and 97.5% quantiles across synchronized Table 5 PUC PIF draws; burden weights fixed",TRUE,TRUE
2018,"Ischaemic Heart Disease","Women","hed_reduction_50","HED -50%: no shift",15418.57,15418.57,85.1252837135541,96.2171051849067,31.7763018909083,6.90141069960965,181.489060816593,483.540863919813,0.00552095841012195,0.00624033909661575,0.00206091108908987,0.000447603811482495,0.0117708101864565,0.0313609409899759,4,4,10000,10000,"Joint 2.5% and 97.5% quantiles across synchronized WHO/Adam PIF draws; burden weights fixed","Joint 2.5% and 97.5% quantiles across synchronized Table 5 PUC PIF draws; burden weights fixed",TRUE,TRUE
2018,"Ischaemic Heart Disease","Women","hed_reduction_10_mid","HED -10%: half shift",15418.57,15418.57,21.6282921542176,30.6553630362865,14.7541621497335,41.1803196218727,36.8840950635148,549.9603922831,0.00140274306594046,0.00198821051733634,0.000956908594618926,0.00267082612861457,0.00239218650390502,0.0356687028876932,4,4,10000,10000,"Joint 2.5% and 97.5% quantiles across synchronized WHO/Adam PIF draws; burden weights fixed","Joint 2.5% and 97.5% quantiles across synchronized Table 5 PUC PIF draws; burden weights fixed",TRUE,FALSE
2018,"Ischaemic Heart Disease","Women","hed_reduction_25_mid","HED -25%: half shift",15418.57,15418.57,54.0707303855426,76.6384075907163,36.8854053743346,102.950799054682,92.2102376587877,1374.90098070775,0.00350685766485106,0.00497052629334084,0.00239227148654737,0.00667706532153641,0.00598046625976259,0.089171757219233,4,4,10000,10000,"Joint 2.5% and 97.5% quantiles across synchronized WHO/Adam PIF draws; burden weights fixed","Joint 2.5% and 97.5% quantiles across synchronized Table 5 PUC PIF draws; burden weights fixed",TRUE,FALSE
2018,"Ischaemic Heart Disease","Women","hed_reduction_50_mid","HED -50%: half shift",15418.57,15418.57,108.141460771085,153.276815181433,73.7708107486687,205.901598109363,184.420475317576,2749.8019614155,0.00701371532970211,0.00994105258668171,0.00478454297309469,0.0133541306430728,0.0119609325195252,0.178343514438466,4,4,10000,10000,"Joint 2.5% and 97.5% quantiles across synchronized WHO/Adam PIF draws; burden weights fixed","Joint 2.5% and 97.5% quantiles across synchronized Table 5 PUC PIF draws; burden weights fixed",TRUE,FALSE
2018,"Ischaemic Heart Disease","Women","hed_reduction_10_rt","HED -10%: complete shift",15418.57,15418.57,26.2315275657238,42.0673050355914,19.8464915043698,36.6697791395921,42.5651863465334,1094.30058577508,0.00170129444985649,0.00272835321534951,0.00128718107479292,0.00237828664653026,0.00276064423267096,0.0709728973423009,4,4,10000,10000,"Joint 2.5% and 97.5% quantiles across synchronized WHO/Adam PIF draws; burden weights fixed","Joint 2.5% and 97.5% quantiles across synchronized Table 5 PUC PIF draws; burden weights fixed",TRUE,TRUE
2018,"Ischaemic Heart Disease","Women","hed_reduction_25_rt","HED -25%: complete shift",15418.57,15418.57,65.5788189143072,105.16826258898,49.6162287609229,91.6744478489789,106.412965866332,2735.7514644377,0.00425323612464108,0.00682088303837384,0.00321795268698219,0.00594571661632557,0.00690161058167726,0.177432243355752,4,4,10000,10000,"Joint 2.5% and 97.5% quantiles across synchronized WHO/Adam PIF draws; burden weights fixed","Joint 2.5% and 97.5% quantiles across synchronized Table 5 PUC PIF draws; burden weights fixed",TRUE,TRUE
2018,"Ischaemic Heart Disease","Women","hed_reduction_50_rt","HED -50%: complete shift",15418.57,15418.57,131.157637828616,210.33652517796,99.232457521845,183.348895697955,212.825931732664,5471.50292887541,0.00850647224928226,0.0136417660767477,0.00643590537396432,0.0118914332326509,0.0138032211633546,0.354864486711505,4,4,10000,10000,"Joint 2.5% and 97.5% quantiles across synchronized WHO/Adam PIF draws; burden weights fixed","Joint 2.5% and 97.5% quantiles across synchronized Table 5 PUC PIF draws; burden weights fixed",TRUE,TRUE
2018,"Ischaemic Heart Disease","Women","combined_v10_h25","Combined 10/25: no shift",15418.57,15418.57,68.3159198249499,140.657073402857,52.6077892641192,138.76244758617,109.351659793451,9009.68227944452,0.00443075588883728,0.00912257579028774,0.00341197590075598,0.00899969631335265,0.0070922050354508,0.584339681270346,4,4,10000,10000,"Joint 2.5% and 97.5% quantiles across synchronized WHO/Adam PIF draws; burden weights fixed","Joint 2.5% and 97.5% quantiles across synchronized Table 5 PUC PIF draws; burden weights fixed",TRUE,TRUE
2018,"Ischaemic Heart Disease","Women","combined_v20_h50","Combined 20/50: no shift",15418.57,15418.57,135.321824824262,254.420890813424,103.097174639414,256.541311032419,216.698094447585,11169.543027393,0.00877654833257958,0.0165009395043395,0.00668655878200208,0.0166384632966883,0.0140543574694401,0.724421462391974,4,4,10000,10000,"Joint 2.5% and 97.5% quantiles across synchronized WHO/Adam PIF draws; burden weights fixed","Joint 2.5% and 97.5% quantiles across synchronized Table 5 PUC PIF draws; burden weights fixed",TRUE,FALSE
2018,"Ischaemic Heart Disease","Women","combined_v30_h50","Combined 30/50: no shift",15418.57,15418.57,152.08683017768,295.143727302462,119.113969714132,233.742152633719,255.589730552899,11824.9372680641,0.00986387389866118,0.0191420947145204,0.00772535778052905,0.0151597815253762,0.0165767467769644,0.766928273378406,4,4,10000,10000,"Joint 2.5% and 97.5% quantiles across synchronized WHO/Adam PIF draws; burden weights fixed","Joint 2.5% and 97.5% quantiles across synchronized Table 5 PUC PIF draws; burden weights fixed",TRUE,TRUE
2018,"Ischaemic Heart Disease","Women","combined_v10_h25_mid","Combined 10/25: half shift",15418.57,15418.57,75.782275268133,157.073376056472,59.6225476376373,111.596629272415,128.215353923399,9406.56149623386,0.00491500024114642,0.0101872855949982,0.00386693108619264,0.0072378067014266,0.00831564496081016,0.610080020146736,4,4,10000,10000,"Joint 2.5% and 97.5% quantiles across synchronized WHO/Adam PIF draws; burden weights fixed","Joint 2.5% and 97.5% quantiles across synchronized Table 5 PUC PIF draws; burden weights fixed",TRUE,TRUE
2018,"Ischaemic Heart Disease","Women","combined_v20_h50_mid","Combined 20/50: half shift",15418.57,15418.57,142.597397370254,269.323782952902,110.903283651209,203.390814405664,242.15330159454,11429.0340015324,0.00924841910567933,0.0174674942587349,0.00719283848315437,0.0131912891017561,0.0157053022163884,0.74125123156897,4,4,10000,10000,"Joint 2.5% and 97.5% quantiles across synchronized WHO/Adam PIF draws; burden weights fixed","Joint 2.5% and 97.5% quantiles across synchronized Table 5 PUC PIF draws; burden weights fixed",TRUE,TRUE
2018,"Ischaemic Heart Disease","Women","combined_v30_h50_mid","Combined 30/50: half shift",15418.57,15418.57,152.176153780337,296.663519994736,117.313036682105,164.779535123363,282.9357213834,11952.1178016969,0.00986966714684547,0.0192406636928545,0.00760855492319358,0.0106870828567995,0.0183503218121655,0.775176803146914,4,4,10000,10000,"Joint 2.5% and 97.5% quantiles across synchronized WHO/Adam PIF draws; burden weights fixed","Joint 2.5% and 97.5% quantiles across synchronized Table 5 PUC PIF draws; burden weights fixed",TRUE,TRUE
2018,"Ischaemic Heart Disease","Women","combined_v10_h25_rt","Combined 10/25: complete shift",15418.57,15418.57,83.2486307113162,173.489678710087,63.6383097002329,73.8434062662892,154.994314113201,9778.31424880681,0.00539924459345557,0.0112519953997087,0.00412738079473212,0.00478925129024866,0.0100524441704517,0.634190735509636,4,4,10000,10000,"Joint 2.5% and 97.5% quantiles across synchronized WHO/Adam PIF draws; burden weights fixed","Joint 2.5% and 97.5% quantiles across synchronized Table 5 PUC PIF draws; burden weights fixed",TRUE,TRUE
2018,"Ischaemic Heart Disease","Women","combined_v20_h50_rt","Combined 20/50: complete shift",15418.57,15418.57,149.872969916247,284.226675092381,113.781222305193,129.299566036539,283.789006329776,11657.1278234353,0.00972028987877908,0.0184340490131303,0.00737949254082529,0.00838596355151869,0.0184056631924865,0.756044680112052,4,4,10000,10000,"Joint 2.5% and 97.5% quantiles across synchronized WHO/Adam PIF draws; burden weights fixed","Joint 2.5% and 97.5% quantiles across synchronized Table 5 PUC PIF draws; burden weights fixed",TRUE,TRUE
2018,"Ischaemic Heart Disease","Women","combined_v30_h50_rt","Combined 30/50: complete shift",15418.57,15418.57,152.265477382994,298.18331268701,109.845667448414,85.2075070889811,316.811190234486,12059.527628517,0.00987546039502976,0.0193392326711887,0.00712424481961779,0.00552629115987936,0.0205473782740219,0.78214306699759,4,4,10000,10000,"Joint 2.5% and 97.5% quantiles across synchronized WHO/Adam PIF draws; burden weights fixed","Joint 2.5% and 97.5% quantiles across synchronized Table 5 PUC PIF draws; burden weights fixed",TRUE,TRUE
2020,"Ischaemic Heart Disease","Women","baseline","Baseline",14932.67,14932.67,0,0,0,0,0,0,0,0,0,0,0,0,4,4,10000,10000,"Joint 2.5% and 97.5% quantiles across synchronized WHO/Adam PIF draws; burden weights fixed","Joint 2.5% and 97.5% quantiles across synchronized Table 5 PUC PIF draws; burden weights fixed",TRUE,TRUE
2020,"Ischaemic Heart Disease","Women","volume_reduction_10","Volume -10%",14932.67,14932.67,45.9488926101678,231.52929426888,17.4721411304548,-41.2522986585345,100.997894270725,9836.94686598133,0.00307707145541741,0.0155048825339929,0.00117006142441069,-0.00276255342537768,0.00676355228306294,0.658753382079784,4,4,10000,10000,"Joint 2.5% and 97.5% quantiles across synchronized WHO/Adam PIF draws; burden weights fixed","Joint 2.5% and 97.5% quantiles across synchronized Table 5 PUC PIF draws; burden weights fixed",TRUE,TRUE
2020,"Ischaemic Heart Disease","Women","volume_reduction_20","Volume -20%",14932.67,14932.67,84.4914727689556,385.76635375767,27.4109425376952,-87.524835511251,194.863866398499,12142.4392541194,0.00565816245647668,0.0258337158564189,0.00183563572607546,-0.00586129844905506,0.0130494992789969,0.813145891131284,4,4,10000,10000,"Joint 2.5% and 97.5% quantiles across synchronized WHO/Adam PIF draws; burden weights fixed","Joint 2.5% and 97.5% quantiles across synchronized Table 5 PUC PIF draws; burden weights fixed",TRUE,TRUE
2020,"Ischaemic Heart Disease","Women","volume_reduction_30","Volume -30%",14932.67,14932.67,114.990293820107,486.310827192663,29.5615226225369,-139.971617831543,282.189980300669,12755.5370154902,0.00770058494697241,0.0325669037883153,0.00197965418257666,-0.00937351577658536,0.0188974898863143,0.854203368552993,4,4,10000,10000,"Joint 2.5% and 97.5% quantiles across synchronized WHO/Adam PIF draws; burden weights fixed","Joint 2.5% and 97.5% quantiles across synchronized Table 5 PUC PIF draws; burden weights fixed",TRUE,TRUE
2020,"Ischaemic Heart Disease","Women","hed_reduction_10","HED -10%: no shift",14932.67,14932.67,12.8243338426428,14.292286053612,4.61001581715121,0.751113658265243,29.426706001591,93.2003118358831,0.000858810503589969,0.00095711524152158,0.000308720129564988,5.03000239250745e-05,0.00197062588281874,0.00624136954984495,4,4,10000,10000,"Joint 2.5% and 97.5% quantiles across synchronized WHO/Adam PIF draws; burden weights fixed","Joint 2.5% and 97.5% quantiles across synchronized Table 5 PUC PIF draws; burden weights fixed",TRUE,TRUE
2020,"Ischaemic Heart Disease","Women","hed_reduction_25","HED -25%: no shift",14932.67,14932.67,32.060834606606,35.7307151340307,11.5250395428812,1.87778414566415,73.5667650039783,233.00077958971,0.00214702625897485,0.00239278810380399,0.000771800323912681,0.000125750059812756,0.00492656470704692,0.0156034238746125,4,4,10000,10000,"Joint 2.5% and 97.5% quantiles across synchronized WHO/Adam PIF draws; burden weights fixed","Joint 2.5% and 97.5% quantiles across synchronized Table 5 PUC PIF draws; burden weights fixed",TRUE,TRUE
2020,"Ischaemic Heart Disease","Women","hed_reduction_50","HED -50%: no shift",14932.67,14932.67,64.1216692132119,71.4614302680621,23.0500790857632,3.75556829132826,147.133530007957,466.001559179419,0.0042940525179497,0.00478557620760802,0.00154360064782542,0.00025150011962551,0.00985312941409384,0.031206847749225,4,4,10000,10000,"Joint 2.5% and 97.5% quantiles across synchronized WHO/Adam PIF draws; burden weights fixed","Joint 2.5% and 97.5% quantiles across synchronized Table 5 PUC PIF draws; burden weights fixed",TRUE,TRUE
2020,"Ischaemic Heart Disease","Women","hed_reduction_10_mid","HED -10%: half shift",14932.67,14932.67,22.0190406027895,43.1374911645807,15.8614200026987,42.8925008416518,35.9386751718272,584.317515478714,0.00147455482527836,0.0028887996027891,0.00106219584325501,0.0028723932720439,0.00240671461780292,0.0391301432013642,4,4,10000,10000,"Joint 2.5% and 97.5% quantiles across synchronized WHO/Adam PIF draws; burden weights fixed","Joint 2.5% and 97.5% quantiles across synchronized Table 5 PUC PIF draws; burden weights fixed",TRUE,TRUE
2020,"Ischaemic Heart Disease","Women","hed_reduction_25_mid","HED -25%: half shift",14932.67,14932.67,55.0476015069739,107.843727911451,39.6535500067481,107.231252104133,89.8466879295695,1460.79378869678,0.00368638706319592,0.00722199900697268,0.0026554896081376,0.00718098318010996,0.00601678654450741,0.0978253580034101,4,4,10000,10000,"Joint 2.5% and 97.5% quantiles across synchronized WHO/Adam PIF draws; burden weights fixed","Joint 2.5% and 97.5% quantiles across synchronized Table 5 PUC PIF draws; burden weights fixed",TRUE,TRUE
2020,"Ischaemic Heart Disease","Women","hed_reduction_50_mid","HED -50%: half shift",14932.67,14932.67,110.095203013949,215.687455822903,79.3071000134943,214.462504208266,179.69337585914,2921.58757739357,0.00737277412639191,0.0144439980139454,0.00531097921627507,0.01436196636022,0.0120335730890149,0.19565071600682,4,4,10000,10000,"Joint 2.5% and 97.5% quantiles across synchronized WHO/Adam PIF draws; burden weights fixed","Joint 2.5% and 97.5% quantiles across synchronized Table 5 PUC PIF draws; burden weights fixed",TRUE,TRUE
2020,"Ischaemic Heart Disease","Women","hed_reduction_10_rt","HED -10%: complete shift",14932.67,14932.67,31.2137473629361,71.9826962755493,23.6615277661371,41.158694840862,50.7998855106059,1162.5177772172,0.00209029914696676,0.00482048396405661,0.00158454769081062,0.00275628503414741,0.00340192916006353,0.0778506306787201,4,4,10000,10000,"Joint 2.5% and 97.5% quantiles across synchronized WHO/Adam PIF draws; burden weights fixed","Joint 2.5% and 97.5% quantiles across synchronized Table 5 PUC PIF draws; burden weights fixed",TRUE,TRUE
2020,"Ischaemic Heart Disease","Women","hed_reduction_25_rt","HED -25%: complete shift",14932.67,14932.67,78.0343684073418,179.956740688871,59.1538194153456,102.896737102156,126.999713776515,2906.29444304301,0.005225747867417,0.0120512099101414,0.00396136922702676,0.0068907125853686,0.00850482290015887,0.194626576696801,4,4,10000,10000,"Joint 2.5% and 97.5% quantiles across synchronized WHO/Adam PIF draws; burden weights fixed","Joint 2.5% and 97.5% quantiles across synchronized Table 5 PUC PIF draws; burden weights fixed",TRUE,TRUE
2020,"Ischaemic Heart Disease","Women","hed_reduction_50_rt","HED -50%: complete shift",14932.67,14932.67,156.068736814685,359.913481377743,118.30763883069,205.793474204312,253.999427553031,5812.58888608603,0.0104514957348341,0.0241024198202828,0.00792273845405344,0.0137814251707372,0.0170096458003177,0.389253153393601,4,4,10000,10000,"Joint 2.5% and 97.5% quantiles across synchronized WHO/Adam PIF draws; burden weights fixed","Joint 2.5% and 97.5% quantiles across synchronized Table 5 PUC PIF draws; burden weights fixed",TRUE,TRUE
2020,"Ischaemic Heart Disease","Women","combined_v10_h25","Combined 10/25: no shift",14932.67,14932.67,79.5656371457153,268.7863193189,63.3581427301596,136.039905808469,125.095007390087,9845.49303705641,0.0053282927397254,0.0179998834313555,0.00424292124115511,0.00911021979381241,0.00837726993163894,0.659325695743387,4,4,10000,10000,"Joint 2.5% and 97.5% quantiles across synchronized WHO/Adam PIF draws; burden weights fixed","Joint 2.5% and 97.5% quantiles across synchronized Table 5 PUC PIF draws; burden weights fixed",TRUE,TRUE
2020,"Ischaemic Heart Disease","Women","combined_v20_h50","Combined 20/50: no shift",14932.67,14932.67,155.081410763881,463.476799461306,122.691355147899,248.145517064787,245.562905058103,12181.4042061703,0.0103853772141138,0.0310377715077951,0.00821630392608284,0.0166176254524333,0.0164446750017313,0.81575526722082,4,4,10000,10000,"Joint 2.5% and 97.5% quantiles across synchronized WHO/Adam PIF draws; burden weights fixed","Joint 2.5% and 97.5% quantiles across synchronized Table 5 PUC PIF draws; burden weights fixed",TRUE,TRUE
2020,"Ischaemic Heart Disease","Women","combined_v30_h50","Combined 30/50: no shift",14932.67,14932.67,189.14929484395,567.281669549718,144.732707232627,198.275468826825,328.832514493506,12783.1959314285,0.0126668100777657,0.0379892992713103,0.00969235289018151,0.0132779649471143,0.022021012618206,0.856055610378349,4,4,10000,10000,"Joint 2.5% and 97.5% quantiles across synchronized WHO/Adam PIF draws; burden weights fixed","Joint 2.5% and 97.5% quantiles across synchronized Table 5 PUC PIF draws; burden weights fixed",TRUE,TRUE
2020,"Ischaemic Heart Disease","Women","combined_v10_h25_mid","Combined 10/25: half shift",14932.67,14932.67,97.5215046462375,315.029291932832,75.6056654841688,107.253307134188,165.437909029643,10220.4411705482,0.00653074799391117,0.0210966486189565,0.00506310428638474,0.00718246014505029,0.0110789235300614,0.684434945026454,4,4,10000,10000,"Joint 2.5% and 97.5% quantiles across synchronized WHO/Adam PIF draws; burden weights fixed","Joint 2.5% and 97.5% quantiles across synchronized Table 5 PUC PIF draws; burden weights fixed",TRUE,TRUE
2020,"Ischaemic Heart Disease","Women","combined_v20_h50_mid","Combined 20/50: half shift",14932.67,14932.67,181.505234464115,520.179437291164,139.794917995333,192.076183080157,311.807526860331,12374.489368547,0.0121549082959789,0.0348349918193574,0.00936168267264548,0.0128628157643715,0.0208808958384757,0.828685651564456,4,4,10000,10000,"Joint 2.5% and 97.5% quantiles across synchronized WHO/Adam PIF draws; burden weights fixed","Joint 2.5% and 97.5% quantiles across synchronized Table 5 PUC PIF draws; burden weights fixed",TRUE,TRUE
2020,"Ischaemic Heart Disease","Women","combined_v30_h50_mid","Combined 30/50: half shift",14932.67,14932.67,206.625188476399,598.734146149864,150.129737043499,129.264849338712,384.861845553319,12853.3623043329,0.0138371227969546,0.0400955854612647,0.0100537771907836,0.00865651282313959,0.0257731434199858,0.860754460142287,4,4,10000,10000,"Joint 2.5% and 97.5% quantiles across synchronized WHO/Adam PIF draws; burden weights fixed","Joint 2.5% and 97.5% quantiles across synchronized Table 5 PUC PIF draws; burden weights fixed",TRUE,TRUE
2020,"Ischaemic Heart Disease","Women","combined_v10_h25_rt","Combined 10/25: complete shift",14932.67,14932.67,115.47737214676,361.272264546765,85.6818155560736,72.7130454967948,208.619363354094,10568.5418020415,0.00773320324809693,0.0241934138065574,0.00573787645183839,0.00486939345052123,0.0139706672252246,0.707746290652742,4,4,10000,10000,"Joint 2.5% and 97.5% quantiles across synchronized WHO/Adam PIF draws; burden weights fixed","Joint 2.5% and 97.5% quantiles across synchronized Table 5 PUC PIF draws; burden weights fixed",TRUE,TRUE
2020,"Ischaemic Heart Disease","Women","combined_v20_h50_rt","Combined 20/50: complete shift",14932.67,14932.67,207.929058164349,576.882075121022,152.878207736159,123.793912575514,382.610970620468,12576.6001550857,0.0139244393778439,0.0386322121309198,0.010237834743295,0.00829013917641745,0.0256224084922835,0.842220457231404,4,4,10000,10000,"Joint 2.5% and 97.5% quantiles across synchronized WHO/Adam PIF draws; burden weights fixed","Joint 2.5% and 97.5% quantiles across synchronized Table 5 PUC PIF draws; burden weights fixed",TRUE,TRUE
2020,"Ischaemic Heart Disease","Women","combined_v30_h50_rt","Combined 30/50: complete shift",14932.67,14932.67,224.101082108849,630.18662275001,152.547113602502,57.1263189893467,441.577252738887,12913.1748813435,0.0150074355161434,0.0422018716512191,0.0102156622762374,0.00382559307808628,0.0295712188603168,0.864759944560717,4,4,10000,10000,"Joint 2.5% and 97.5% quantiles across synchronized WHO/Adam PIF draws; burden weights fixed","Joint 2.5% and 97.5% quantiles across synchronized Table 5 PUC PIF draws; burden weights fixed",TRUE,TRUE
2022,"Ischaemic Heart Disease","Women","baseline","Baseline",16742.25,16742.25,0,0,0,0,0,0,0,0,0,0,0,0,4,4,10000,10000,"Joint 2.5% and 97.5% quantiles across synchronized WHO/Adam PIF draws; burden weights fixed","Joint 2.5% and 97.5% quantiles across synchronized Table 5 PUC PIF draws; burden weights fixed",TRUE,TRUE
2022,"Ischaemic Heart Disease","Women","volume_reduction_10","Volume -10%",16742.25,16742.25,54.6209278581543,287.590888427453,28.6525314674628,-28.4207766116924,106.942196966602,10842.1830054608,0.00326246041351397,0.0171775531023281,0.00171139073108231,-0.00169754821554405,0.00638756421428436,0.64759414089867,4,4,10000,10000,"Joint 2.5% and 97.5% quantiles across synchronized WHO/Adam PIF draws; burden weights fixed","Joint 2.5% and 97.5% quantiles across synchronized Table 5 PUC PIF draws; burden weights fixed",TRUE,TRUE
2022,"Ischaemic Heart Disease","Women","volume_reduction_20","Volume -20%",16742.25,16742.25,101.75455900709,480.396767637341,50.15819004888,-61.4150098382523,206.221785839666,13381.709812068,0.00607771112049396,0.0286936802184498,0.00299590497387627,-0.00366826500848167,0.0123174475258502,0.799277863612596,4,4,10000,10000,"Joint 2.5% and 97.5% quantiles across synchronized WHO/Adam PIF draws; burden weights fixed","Joint 2.5% and 97.5% quantiles across synchronized Table 5 PUC PIF draws; burden weights fixed",TRUE,TRUE
2022,"Ischaemic Heart Disease","Women","volume_reduction_30","Volume -30%",16742.25,16742.25,140.911123761345,608.411987018558,63.4621946425404,-99.3013377012053,298.872875981719,14051.2146155091,0.00841649860450924,0.0363399176943695,0.00379054157252104,-0.00593118235011455,0.0178514163855945,0.839266801983553,4,4,10000,10000,"Joint 2.5% and 97.5% quantiles across synchronized WHO/Adam PIF draws; burden weights fixed","Joint 2.5% and 97.5% quantiles across synchronized Table 5 PUC PIF draws; burden weights fixed",TRUE,TRUE
2022,"Ischaemic Heart Disease","Women","hed_reduction_10","HED -10%: no shift",16742.25,16742.25,12.8227305044928,14.2032465039062,4.75300898542814,0.798388576076704,28.408964853526,92.7712361731153,0.000765890516775989,0.000848347534166923,0.000283893083989794,4.76870537757293e-05,0.00169684270952387,0.00554114507746063,4,4,10000,10000,"Joint 2.5% and 97.5% quantiles across synchronized WHO/Adam PIF draws; burden weights fixed","Joint 2.5% and 97.5% quantiles across synchronized Table 5 PUC PIF draws; burden weights fixed",TRUE,TRUE
2022,"Ischaemic Heart Disease","Women","hed_reduction_25","HED -25%: no shift",16742.25,16742.25,32.0568262612329,35.5081162597642,11.8825224635719,1.99597144019281,71.0224121338155,231.928090432789,0.00191472629194003,0.00212086883541723,0.000709732709974581,0.000119217634439386,0.0042421067738097,0.0138528626936517,4,4,10000,10000,"Joint 2.5% and 97.5% quantiles across synchronized WHO/Adam PIF draws; burden weights fixed","Joint 2.5% and 97.5% quantiles across synchronized Table 5 PUC PIF draws; burden weights fixed",TRUE,TRUE
2022,"Ischaemic Heart Disease","Women","hed_reduction_50","HED -50%: no shift",16742.25,16742.25,64.1136525224654,71.0162325195269,23.7650449271461,3.99194288038528,142.044824267628,463.85618086558,0.00382945258388003,0.00424173767083438,0.0014194654199493,0.000238435268878752,0.00848421354761924,0.0277057253873034,4,4,10000,10000,"Joint 2.5% and 97.5% quantiles across synchronized WHO/Adam PIF draws; burden weights fixed","Joint 2.5% and 97.5% quantiles across synchronized Table 5 PUC PIF draws; burden weights fixed",TRUE,TRUE
2022,"Ischaemic Heart Disease","Women","hed_reduction_10_mid","HED -10%: half shift",16742.25,16742.25,21.8398526959452,44.7482924034375,16.5369204054278,49.8429550924976,34.5768334185664,635.406470784435,0.00130447536597203,0.00267277650276621,0.000987735842280926,0.00297707626468949,0.0020652441230161,0.037952274681386,4,4,10000,10000,"Joint 2.5% and 97.5% quantiles across synchronized WHO/Adam PIF draws; burden weights fixed","Joint 2.5% and 97.5% quantiles across synchronized Table 5 PUC PIF draws; burden weights fixed",TRUE,FALSE
2022,"Ischaemic Heart Disease","Women","hed_reduction_25_mid","HED -25%: half shift",16742.25,16742.25,54.5996317398644,111.870731008595,41.3423010135692,124.607387731245,86.4420835464191,1588.51617696109,0.00326118841493015,0.00668194125691559,0.00246933960570229,0.00744269066172376,0.00516311030754045,0.094880686703465,4,4,10000,10000,"Joint 2.5% and 97.5% quantiles across synchronized WHO/Adam PIF draws; burden weights fixed","Joint 2.5% and 97.5% quantiles across synchronized Table 5 PUC PIF draws; burden weights fixed",TRUE,FALSE
2022,"Ischaemic Heart Disease","Women","hed_reduction_50_mid","HED -50%: half shift",16742.25,16742.25,109.199263479728,223.741462017189,82.6846020271385,249.214775462487,172.884167092837,3177.03235392217,0.00652237682986028,0.0133638825138311,0.00493867921140459,0.0148853813234474,0.0103262206150809,0.18976137340693,4,4,10000,10000,"Joint 2.5% and 97.5% quantiles across synchronized WHO/Adam PIF draws; burden weights fixed","Joint 2.5% and 97.5% quantiles across synchronized Table 5 PUC PIF draws; burden weights fixed",TRUE,FALSE
2022,"Ischaemic Heart Disease","Women","hed_reduction_10_rt","HED -10%: complete shift",16742.25,16742.25,30.8569748873976,75.2933383029689,24.6087491736684,45.4586426810407,49.5020314447139,1260.56880777599,0.00184306021516807,0.00449720547136549,0.00146985913922372,0.00271520510570805,0.0029567131923555,0.0752926761800826,4,4,10000,10000,"Joint 2.5% and 97.5% quantiles across synchronized WHO/Adam PIF draws; burden weights fixed","Joint 2.5% and 97.5% quantiles across synchronized Table 5 PUC PIF draws; burden weights fixed",TRUE,TRUE
2022,"Ischaemic Heart Disease","Women","hed_reduction_25_rt","HED -25%: complete shift",16742.25,16742.25,77.1424372184958,188.233345757426,61.5218729341677,113.646606702603,123.755078611784,3151.42201943997,0.00460765053792028,0.0112430136784139,0.00367464784805912,0.00678801276427023,0.00739178298088873,0.188231690450207,4,4,10000,10000,"Joint 2.5% and 97.5% quantiles across synchronized WHO/Adam PIF draws; burden weights fixed","Joint 2.5% and 97.5% quantiles across synchronized Table 5 PUC PIF draws; burden weights fixed",TRUE,TRUE
2022,"Ischaemic Heart Disease","Women","hed_reduction_50_rt","HED -50%: complete shift",16742.25,16742.25,154.284874436991,376.466691514851,123.043745868336,227.293213405208,247.510157223569,6302.84403887995,0.00921530107584053,0.0224860273568278,0.00734929569611826,0.0135760255285405,0.0147835659617775,0.376463380900414,4,4,10000,10000,"Joint 2.5% and 97.5% quantiles across synchronized WHO/Adam PIF draws; burden weights fixed","Joint 2.5% and 97.5% quantiles across synchronized Table 5 PUC PIF draws; burden weights fixed",TRUE,TRUE
2022,"Ischaemic Heart Disease","Women","combined_v10_h25","Combined 10/25: no shift",16742.25,16742.25,88.2559818715215,324.657637724749,73.062235945289,160.422138443309,131.2604464761,10853.0307266561,0.00527145287350992,0.0193915177305768,0.00436394367216407,0.00958187450571514,0.00784007206176587,0.648242065830824,4,4,10000,10000,"Joint 2.5% and 97.5% quantiles across synchronized WHO/Adam PIF draws; burden weights fixed","Joint 2.5% and 97.5% quantiles across synchronized Table 5 PUC PIF draws; burden weights fixed",TRUE,TRUE
2022,"Ischaemic Heart Disease","Women","combined_v20_h50","Combined 20/50: no shift",16742.25,16742.25,172.46086737299,557.83802025737,142.018543102744,296.795319750138,258.108513642561,13419.8270864442,0.0103009372917613,0.033319178739857,0.0084826437965473,0.0177273257626746,0.015416596553185,0.801554575188176,4,4,10000,10000,"Joint 2.5% and 97.5% quantiles across synchronized WHO/Adam PIF draws; burden weights fixed","Joint 2.5% and 97.5% quantiles across synchronized Table 5 PUC PIF draws; burden weights fixed",TRUE,TRUE
2022,"Ischaemic Heart Disease","Women","combined_v30_h50","Combined 30/50: no shift",16742.25,16742.25,215.321792393817,689.294496172605,174.683574421049,252.291111659249,349.616084477322,14095.8903108583,0.0128609829857885,0.0411709594691636,0.0104336976464363,0.0150691282031536,0.020882264001393,0.841935242327542,4,4,10000,10000,"Joint 2.5% and 97.5% quantiles across synchronized WHO/Adam PIF draws; burden weights fixed","Joint 2.5% and 97.5% quantiles across synchronized Table 5 PUC PIF draws; burden weights fixed",TRUE,TRUE
2022,"Ischaemic Heart Disease","Women","combined_v10_h25_mid","Combined 10/25: half shift",16742.25,16742.25,105.63260418221,373.114198081115,86.0221387659363,126.139337580104,171.041674611146,11245.1618596827,0.00630934337871015,0.022285785846055,0.00513802737182495,0.0075341926909528,0.0102161701450609,0.671663716626065,4,4,10000,10000,"Joint 2.5% and 97.5% quantiles across synchronized WHO/Adam PIF draws; burden weights fixed","Joint 2.5% and 97.5% quantiles across synchronized Table 5 PUC PIF draws; burden weights fixed",TRUE,TRUE
2022,"Ischaemic Heart Disease","Women","combined_v20_h50_mid","Combined 20/50: half shift",16742.25,16742.25,197.533848434325,616.470687885966,160.052906098442,230.133803926835,322.844487702291,13649.7336407732,0.011798524597012,0.0368212568732378,0.00955982057957813,0.0137456915245463,0.019283219860072,0.81528669329231,4,4,10000,10000,"Joint 2.5% and 97.5% quantiles across synchronized WHO/Adam PIF draws; burden weights fixed","Joint 2.5% and 97.5% quantiles across synchronized Table 5 PUC PIF draws; burden weights fixed",TRUE,TRUE
2022,"Ischaemic Heart Disease","Women","combined_v30_h50_mid","Combined 30/50: half shift",16742.25,16742.25,231.330075642606,721.15314217556,180.612980757707,179.311668036391,402.275281340408,14139.7608350764,0.0138171437914621,0.0430738486270101,0.0107878559188703,0.0107101296442468,0.024027551932411,0.844555590501661,4,4,10000,10000,"Joint 2.5% and 97.5% quantiles across synchronized WHO/Adam PIF draws; burden weights fixed","Joint 2.5% and 97.5% quantiles across synchronized Table 5 PUC PIF draws; burden weights fixed",TRUE,TRUE
2022,"Ischaemic Heart Disease","Women","combined_v10_h25_rt","Combined 10/25: complete shift",16742.25,16742.25,123.009226492898,421.57075843748,96.2553208144706,88.7465063299281,212.437842484941,11631.0256675252,0.00734723388391037,0.0251800539615332,0.00574924641637,0.00530075147187075,0.0126887271713743,0.694711025550638,4,4,10000,10000,"Joint 2.5% and 97.5% quantiles across synchronized WHO/Adam PIF draws; burden weights fixed","Joint 2.5% and 97.5% quantiles across synchronized Table 5 PUC PIF draws; burden weights fixed",TRUE,TRUE
2022,"Ischaemic Heart Disease","Women","combined_v20_h50_rt","Combined 20/50: complete shift",16742.25,16742.25,222.60682949566,675.10335551456,172.986142305154,156.22347814828,391.152155551563,13871.4709410268,0.0132961119022628,0.0403233350066186,0.0103323115056312,0.00933109218583403,0.0233631773239297,0.828530868970824,4,4,10000,10000,"Joint 2.5% and 97.5% quantiles across synchronized WHO/Adam PIF draws; burden weights fixed","Joint 2.5% and 97.5% quantiles across synchronized Table 5 PUC PIF draws; burden weights fixed",TRUE,TRUE
2022,"Ischaemic Heart Disease","Women","combined_v30_h50_rt","Combined 30/50: complete shift",16742.25,16742.25,247.338358891395,753.011788178515,182.769482866544,102.054629073148,458.150108739531,14214.0467550271,0.0147733045971357,0.0449767377848566,0.0109166619102297,0.00609563404399936,0.0273649066726116,0.848992623752906,4,4,10000,10000,"Joint 2.5% and 97.5% quantiles across synchronized WHO/Adam PIF draws; burden weights fixed","Joint 2.5% and 97.5% quantiles across synchronized Table 5 PUC PIF draws; burden weights fixed",TRUE,TRUE
2024,"Ischaemic Heart Disease","Women","baseline","Baseline",18502.29,18502.29,0,0,0,0,0,0,0,0,0,0,0,0,4,4,10000,10000,"Joint 2.5% and 97.5% quantiles across synchronized WHO/Adam PIF draws; burden weights fixed","Joint 2.5% and 97.5% quantiles across synchronized Table 5 PUC PIF draws; burden weights fixed",TRUE,TRUE
2024,"Ischaemic Heart Disease","Women","volume_reduction_10","Volume -10%",18502.29,18502.29,55.864057536497,338.064856706802,29.5059585800716,-24.9511201537835,106.853612149693,12176.6722694176,0.00301930504475375,0.0182715143210274,0.00159471927961737,-0.00134854226983706,0.00577515605634183,0.658117036832611,4,4,10000,10000,"Joint 2.5% and 97.5% quantiles across synchronized WHO/Adam PIF draws; burden weights fixed","Joint 2.5% and 97.5% quantiles across synchronized Table 5 PUC PIF draws; burden weights fixed",TRUE,TRUE
2024,"Ischaemic Heart Disease","Women","volume_reduction_20","Volume -20%",18502.29,18502.29,103.966925305619,561.183087932383,51.4608235084103,-55.2351968108358,206.133842603042,14939.3436467272,0.00561913824211052,0.0303304665494046,0.00278132185304686,-0.00298531678029237,0.0111409907964388,0.807432142006593,4,4,10000,10000,"Joint 2.5% and 97.5% quantiles across synchronized WHO/Adam PIF draws; burden weights fixed","Joint 2.5% and 97.5% quantiles across synchronized Table 5 PUC PIF draws; burden weights fixed",TRUE,TRUE
2024,"Ischaemic Heart Disease","Women","volume_reduction_30","Volume -30%",18502.29,18502.29,143.846148151393,707.636194989937,64.8827277399599,-90.3660923224704,297.938441238274,15645.8451496285,0.0077745051099833,0.0382458709159751,0.00350674039483544,-0.00488404907297802,0.0161027873435274,0.845616685806377,4,4,10000,10000,"Joint 2.5% and 97.5% quantiles across synchronized WHO/Adam PIF draws; burden weights fixed","Joint 2.5% and 97.5% quantiles across synchronized Table 5 PUC PIF draws; burden weights fixed",TRUE,TRUE
2024,"Ischaemic Heart Disease","Women","hed_reduction_10","HED -10%: no shift",18502.29,18502.29,10.4561228719315,11.559907883877,3.86642563459978,0.610210067293769,24.3000676713418,85.5711338839303,0.000565125877495787,0.000624782547667182,0.000208970113137335,3.2980245542242e-05,0.00131335459942211,0.00462489420952381,4,4,10000,10000,"Joint 2.5% and 97.5% quantiles across synchronized WHO/Adam PIF draws; burden weights fixed","Joint 2.5% and 97.5% quantiles across synchronized Table 5 PUC PIF draws; burden weights fixed",TRUE,TRUE
2024,"Ischaemic Heart Disease","Women","hed_reduction_25","HED -25%: no shift",18502.29,18502.29,26.1403071798289,28.8997697096948,9.66606408649948,1.52552516823185,60.750169178357,213.927834709825,0.00141281469373947,0.00156195636916808,0.000522425282843339,8.24506138554658e-05,0.00328338649855542,0.0115622355238095,4,4,10000,10000,"Joint 2.5% and 97.5% quantiles across synchronized WHO/Adam PIF draws; burden weights fixed","Joint 2.5% and 97.5% quantiles across synchronized Table 5 PUC PIF draws; burden weights fixed",TRUE,TRUE
2024,"Ischaemic Heart Disease","Women","hed_reduction_50","HED -50%: no shift",18502.29,18502.29,52.2806143596578,57.7995394193908,19.3321281730006,3.05105033646322,121.500338356714,427.855669419651,0.00282562938747895,0.00312391273833622,0.00104485056568676,0.000164901227710906,0.00656677299711083,0.023124471047619,4,4,10000,10000,"Joint 2.5% and 97.5% quantiles across synchronized WHO/Adam PIF draws; burden weights fixed","Joint 2.5% and 97.5% quantiles across synchronized Table 5 PUC PIF draws; burden weights fixed",TRUE,TRUE
2024,"Ischaemic Heart Disease","Women","hed_reduction_10_mid","HED -10%: half shift",18502.29,18502.29,23.2063288749765,56.5872994761059,18.2570671201109,48.5681459670487,35.6421226495988,792.098557528506,0.00125424090071967,0.00305839436502757,0.000986746349782155,0.00262498025741942,0.0019263627718298,0.042810838957151,4,4,10000,10000,"Joint 2.5% and 97.5% quantiles across synchronized WHO/Adam PIF draws; burden weights fixed","Joint 2.5% and 97.5% quantiles across synchronized Table 5 PUC PIF draws; burden weights fixed",TRUE,TRUE
2024,"Ischaemic Heart Disease","Women","hed_reduction_25_mid","HED -25%: half shift",18502.29,18502.29,58.015822187441,141.468248690266,45.6426678002776,121.420364917621,89.1053066239967,1980.24639382127,0.00313560225179916,0.007645985912569,0.00246686587445541,0.00656245064354851,0.00481590692957448,0.107027097392878,4,4,10000,10000,"Joint 2.5% and 97.5% quantiles across synchronized WHO/Adam PIF draws; burden weights fixed","Joint 2.5% and 97.5% quantiles across synchronized Table 5 PUC PIF draws; burden weights fixed",TRUE,TRUE
2024,"Ischaemic Heart Disease","Women","hed_reduction_50_mid","HED -50%: half shift",18502.29,18502.29,116.031644374882,282.936497380533,91.2853356005544,242.840729835243,178.210613247994,3960.49278764253,0.00627120450359831,0.015291971825138,0.00493373174891078,0.013124901287097,0.00963181385914903,0.214054194785755,4,4,10000,10000,"Joint 2.5% and 97.5% quantiles across synchronized WHO/Adam PIF draws; burden weights fixed","Joint 2.5% and 97.5% quantiles across synchronized Table 5 PUC PIF draws; burden weights fixed",TRUE,TRUE
2024,"Ischaemic Heart Disease","Women","hed_reduction_10_rt","HED -10%: complete shift",18502.29,18502.29,35.9565348780215,101.614691068335,29.117448501201,45.1026141779675,56.2975643868246,1578.04510008638,0.00194335592394355,0.00549200618238795,0.00157372133401871,0.00243767739982281,0.00304273494723219,0.0852891777226698,4,4,10000,10000,"Joint 2.5% and 97.5% quantiles across synchronized WHO/Adam PIF draws; burden weights fixed","Joint 2.5% and 97.5% quantiles across synchronized Table 5 PUC PIF draws; burden weights fixed",TRUE,TRUE
2024,"Ischaemic Heart Disease","Women","hed_reduction_25_rt","HED -25%: complete shift",18502.29,18502.29,89.8913371950532,254.036727670838,72.7936212529983,112.756535444917,140.743910967061,3945.11275021594,0.00485838980985884,0.0137300154559699,0.00393430333504654,0.00609419349955692,0.00760683736808041,0.213222944306675,4,4,10000,10000,"Joint 2.5% and 97.5% quantiles across synchronized WHO/Adam PIF draws; burden weights fixed","Joint 2.5% and 97.5% quantiles across synchronized Table 5 PUC PIF draws; burden weights fixed",TRUE,TRUE
2024,"Ischaemic Heart Disease","Women","hed_reduction_50_rt","HED -50%: complete shift",18502.29,18502.29,179.782674390106,508.073455341676,145.587242505995,225.513070889834,281.487821934123,7890.22550043189,0.00971677961971767,0.0274600309119399,0.00786860667009299,0.0121883869991138,0.0152136747361609,0.426445888613349,4,4,10000,10000,"Joint 2.5% and 97.5% quantiles across synchronized WHO/Adam PIF draws; burden weights fixed","Joint 2.5% and 97.5% quantiles across synchronized Table 5 PUC PIF draws; burden weights fixed",TRUE,TRUE
2024,"Ischaemic Heart Disease","Women","combined_v10_h25","Combined 10/25: no shift",18502.29,18502.29,83.3484210322015,368.32493777285,69.4012777913222,149.012214972607,126.052188769078,12184.0971414292,0.0045047624392549,0.0199069919330445,0.003750956113612,0.0080537174032299,0.00681278851261538,0.658518331591885,4,4,10000,10000,"Joint 2.5% and 97.5% quantiles across synchronized WHO/Adam PIF draws; burden weights fixed","Joint 2.5% and 97.5% quantiles across synchronized Table 5 PUC PIF draws; burden weights fixed",TRUE,TRUE
2024,"Ischaemic Heart Disease","Women","combined_v20_h50","Combined 20/50: no shift",18502.29,18502.29,161.931493599187,624.678616100495,134.460080349676,276.272069499838,246.475972565125,14981.6203172009,0.00875197035605791,0.0337622324642245,0.00726721288822498,0.0149317770665057,0.0133213765736633,0.809717084598766,4,4,10000,10000,"Joint 2.5% and 97.5% quantiles across synchronized WHO/Adam PIF draws; burden weights fixed","Joint 2.5% and 97.5% quantiles across synchronized Table 5 PUC PIF draws; burden weights fixed",TRUE,TRUE
2024,"Ischaemic Heart Disease","Women","combined_v30_h50","Combined 30/50: no shift",18502.29,18502.29,205.144977246619,774.360161433101,164.915706999471,233.354835876481,338.53556563292,15689.3476374786,0.0110875452307049,0.0418521254089683,0.00891325922355941,0.0126122137247055,0.0182969548976327,0.847967880596328,4,4,10000,10000,"Joint 2.5% and 97.5% quantiles across synchronized WHO/Adam PIF draws; burden weights fixed","Joint 2.5% and 97.5% quantiles across synchronized Table 5 PUC PIF draws; burden weights fixed",TRUE,TRUE
2024,"Ischaemic Heart Disease","Women","combined_v10_h25_mid","Combined 10/25: half shift",18502.29,18502.29,108.92658577371,440.833113573641,87.9182881092423,118.263248662348,177.406201808549,12658.9858339357,0.00588719481608548,0.0238258676938714,0.00475175170799087,0.00639181683252982,0.00958833754138265,0.684184813552036,4,4,10000,10000,"Joint 2.5% and 97.5% quantiles across synchronized WHO/Adam PIF draws; burden weights fixed","Joint 2.5% and 97.5% quantiles across synchronized Table 5 PUC PIF draws; burden weights fixed",TRUE,TRUE
2024,"Ischaemic Heart Disease","Women","combined_v20_h50_mid","Combined 20/50: half shift",18502.29,18502.29,201.306572359203,715.709727228369,161.959514249451,215.339116921568,331.362627585377,15243.4476291252,0.0108800895650864,0.0386822240505564,0.00875348479833854,0.0116385116070264,0.0179092765049828,0.823868160596619,4,4,10000,10000,"Joint 2.5% and 97.5% quantiles across synchronized WHO/Adam PIF draws; burden weights fixed","Joint 2.5% and 97.5% quantiles across synchronized Table 5 PUC PIF draws; burden weights fixed",TRUE,TRUE
2024,"Ischaemic Heart Disease","Women","combined_v30_h50_mid","Combined 30/50: half shift",18502.29,18502.29,233.469204196297,828.223719102024,179.1671454067,164.305820832812,407.372300026982,15783.5116865349,0.0126183950309014,0.0447633087094638,0.0096835119007809,0.00888029648399261,0.0220173989288343,0.853057199218849,4,4,10000,10000,"Joint 2.5% and 97.5% quantiles across synchronized WHO/Adam PIF draws; burden weights fixed","Joint 2.5% and 97.5% quantiles across synchronized Table 5 PUC PIF draws; burden weights fixed",TRUE,TRUE
2024,"Ischaemic Heart Disease","Women","combined_v10_h25_rt","Combined 10/25: complete shift",18502.29,18502.29,134.504750515219,513.341289374431,104.154118148425,83.2345660869382,229.365387257335,13134.7206383591,0.00726962719291606,0.0277447434546984,0.00562925552179894,0.00449860887960021,0.0123965945435584,0.709897025630831,4,4,10000,10000,"Joint 2.5% and 97.5% quantiles across synchronized WHO/Adam PIF draws; burden weights fixed","Joint 2.5% and 97.5% quantiles across synchronized Table 5 PUC PIF draws; burden weights fixed",TRUE,TRUE
2024,"Ischaemic Heart Disease","Women","combined_v20_h50_rt","Combined 20/50: complete shift",18502.29,18502.29,240.68165111922,806.740838356242,185.488350583799,145.345848456093,419.147115769448,15487.7427745509,0.013008208774115,0.0436022156368883,0.0100251563770646,0.00785555995804267,0.0226537966797325,0.837071669212347,4,4,10000,10000,"Joint 2.5% and 97.5% quantiles across synchronized WHO/Adam PIF draws; burden weights fixed","Joint 2.5% and 97.5% quantiles across synchronized Table 5 PUC PIF draws; burden weights fixed",TRUE,TRUE
2024,"Ischaemic Heart Disease","Women","combined_v30_h50_rt","Combined 30/50: complete shift",18502.29,18502.29,261.793431145976,882.087276770947,190.962629092917,88.3796120461889,477.662598134469,15901.7371807186,0.014149244831098,0.0476744920099592,0.0103210266995554,0.0047766850506715,0.0258164042469591,0.85944697552133,4,4,10000,10000,"Joint 2.5% and 97.5% quantiles across synchronized WHO/Adam PIF draws; burden weights fixed","Joint 2.5% and 97.5% quantiles across synchronized Table 5 PUC PIF draws; burden weights fixed",TRUE,TRUE
2012,"Ischaemic Stroke","Men","baseline","Baseline",6100.08,6100.08,0,0,0,0,0,0,0,0,0,0,0,0,4,4,10000,10000,"Joint 2.5% and 97.5% quantiles across synchronized WHO/Adam PIF draws; burden weights fixed","Joint 2.5% and 97.5% quantiles across synchronized Table 5 PUC PIF draws; burden weights fixed",TRUE,TRUE
2012,"Ischaemic Stroke","Men","volume_reduction_10","Volume -10%",6100.08,6100.08,56.1204625071569,55.1969439098348,30.7511903354518,31.5010204672307,95.4578618919808,82.8418087918713,0.00919995516569568,0.00904856065983312,0.00504111263056416,0.00516403399090351,0.015648624590494,0.0135804462878964,4,4,10000,10000,"Joint 2.5% and 97.5% quantiles across synchronized WHO/Adam PIF draws; burden weights fixed","Joint 2.5% and 97.5% quantiles across synchronized Table 5 PUC PIF draws; burden weights fixed",TRUE,TRUE
2012,"Ischaemic Stroke","Men","volume_reduction_20","Volume -20%",6100.08,6100.08,107.904165519474,106.270452128358,59.1978068603084,59.2801616630151,181.1381962622,160.879649840259,0.0176889754756452,0.017421157120621,0.00970443123046065,0.00971793184073244,0.0296943968377792,0.0263733672083414,4,4,10000,10000,"Joint 2.5% and 97.5% quantiles across synchronized WHO/Adam PIF draws; burden weights fixed","Joint 2.5% and 97.5% quantiles across synchronized Table 5 PUC PIF draws; burden weights fixed",TRUE,TRUE
2012,"Ischaemic Stroke","Men","volume_reduction_30","Volume -30%",6100.08,6100.08,154.803935734432,152.696691263236,85.1614868881197,82.8485878487852,257.278147663285,233.340477079802,0.0253773615648371,0.0250319161819576,0.0139607163984931,0.0135815575941275,0.0421761923881793,0.0382520355601569,4,4,10000,10000,"Joint 2.5% and 97.5% quantiles across synchronized WHO/Adam PIF draws; burden weights fixed","Joint 2.5% and 97.5% quantiles across synchronized Table 5 PUC PIF draws; burden weights fixed",TRUE,TRUE
2012,"Ischaemic Stroke","Men","hed_reduction_10","HED -10%: no shift",6100.08,6100.08,10.08351148526,10.4995511295679,5.55350209947258,6.60887860669435,15.5743666443647,18.1751082020713,0.00165301299085585,0.00172121531677746,0.00091039824059235,0.00108340851377266,0.00255314137591059,0.00297948685952829,4,4,10000,10000,"Joint 2.5% and 97.5% quantiles across synchronized WHO/Adam PIF draws; burden weights fixed","Joint 2.5% and 97.5% quantiles across synchronized Table 5 PUC PIF draws; burden weights fixed",TRUE,TRUE
2012,"Ischaemic Stroke","Men","hed_reduction_25","HED -25%: no shift",6100.08,6100.08,25.2087787131497,26.2488778239198,13.8837552486816,16.5221965167356,38.9359166109126,45.4377705051769,0.00413253247713959,0.00430303829194368,0.00227599560148089,0.00270852128443162,0.00638285343977663,0.00744871714882049,4,4,10000,10000,"Joint 2.5% and 97.5% quantiles across synchronized WHO/Adam PIF draws; burden weights fixed","Joint 2.5% and 97.5% quantiles across synchronized Table 5 PUC PIF draws; burden weights fixed",TRUE,TRUE
2012,"Ischaemic Stroke","Men","hed_reduction_50","HED -50%: no shift",6100.08,6100.08,50.4175574263003,52.497755647839,27.7675104973635,33.0443930334719,77.8718332218259,90.8755410103537,0.00826506495427934,0.00860607658388726,0.00455199120296184,0.00541704256886334,0.0127657068795534,0.014897434297641,4,4,10000,10000,"Joint 2.5% and 97.5% quantiles across synchronized WHO/Adam PIF draws; burden weights fixed","Joint 2.5% and 97.5% quantiles across synchronized Table 5 PUC PIF draws; burden weights fixed",TRUE,TRUE
2012,"Ischaemic Stroke","Men","hed_reduction_10_mid","HED -10%: half shift",6100.08,6100.08,21.7673685536322,22.2317883760663,12.5689208650486,20.4050696865206,32.9647345070211,26.721941075884,0.00356837427601478,0.00364450767466431,0.00206045180801705,0.00334504952173097,0.00540398396529572,0.00438058862767111,4,4,10000,10000,"Joint 2.5% and 97.5% quantiles across synchronized WHO/Adam PIF draws; burden weights fixed","Joint 2.5% and 97.5% quantiles across synchronized Table 5 PUC PIF draws; burden weights fixed",TRUE,TRUE
2012,"Ischaemic Stroke","Men","hed_reduction_25_mid","HED -25%: half shift",6100.08,6100.08,54.4184213840801,55.5794709401668,31.4223021626229,51.0126742163011,82.4118362675524,66.8048526897095,0.00892093569003687,0.00911126918666097,0.00515112952004284,0.00836262380432734,0.0135099599132392,0.0109514715691777,4,4,10000,10000,"Joint 2.5% and 97.5% quantiles across synchronized WHO/Adam PIF draws; burden weights fixed","Joint 2.5% and 97.5% quantiles across synchronized Table 5 PUC PIF draws; burden weights fixed",TRUE,TRUE
2012,"Ischaemic Stroke","Men","hed_reduction_50_mid","HED -50%: half shift",6100.08,6100.08,108.836842768161,111.158941880333,62.8446043252463,102.025348432602,164.823672535104,133.609705379419,0.0178418713800739,0.0182225383733218,0.0103022590400858,0.0167252476086546,0.0270199198264783,0.0219029431383553,4,4,10000,10000,"Joint 2.5% and 97.5% quantiles across synchronized WHO/Adam PIF draws; burden weights fixed","Joint 2.5% and 97.5% quantiles across synchronized Table 5 PUC PIF draws; burden weights fixed",TRUE,TRUE
2012,"Ischaemic Stroke","Men","hed_reduction_10_rt","HED -10%: complete shift",6100.08,6100.08,33.4512256220045,33.9640256225647,19.3533343582359,30.1889191361765,51.2599765235306,41.8620160157594,0.00548373556117371,0.00556780003255116,0.00317263615530222,0.00494893823297014,0.00840316463448522,0.00686253557588744,4,4,10000,10000,"Joint 2.5% and 97.5% quantiles across synchronized WHO/Adam PIF draws; burden weights fixed","Joint 2.5% and 97.5% quantiles across synchronized Table 5 PUC PIF draws; burden weights fixed",TRUE,TRUE
2012,"Ischaemic Stroke","Men","hed_reduction_25_rt","HED -25%: complete shift",6100.08,6100.08,83.6280640550106,84.9100640564139,48.3833358955896,75.4722978404402,128.149941308826,104.655040039398,0.0137093389029342,0.0139195000813783,0.0079315903882555,0.0123723455824252,0.021007911586213,0.0171563389397186,4,4,10000,10000,"Joint 2.5% and 97.5% quantiles across synchronized WHO/Adam PIF draws; burden weights fixed","Joint 2.5% and 97.5% quantiles across synchronized Table 5 PUC PIF draws; burden weights fixed",TRUE,TRUE
2012,"Ischaemic Stroke","Men","hed_reduction_50_rt","HED -50%: complete shift",6100.08,6100.08,167.256128110022,169.820128112827,96.7666717911785,150.944595680882,256.299882617652,209.310080078796,0.0274186778058684,0.0278390001627563,0.0158631807765109,0.0247446911648506,0.0420158231724259,0.034312677879437,4,4,10000,10000,"Joint 2.5% and 97.5% quantiles across synchronized WHO/Adam PIF draws; burden weights fixed","Joint 2.5% and 97.5% quantiles across synchronized Table 5 PUC PIF draws; burden weights fixed",TRUE,TRUE
2012,"Ischaemic Stroke","Men","combined_v10_h25","Combined 10/25: no shift",6100.08,6100.08,83.0527123085905,83.2534507086149,47.3326846881493,74.0358552502718,132.519522488857,102.684713292706,0.0136150201814715,0.0136479276843279,0.00775935474422455,0.0121368662788475,0.0217242269755243,0.0168333387910824,4,4,10000,10000,"Joint 2.5% and 97.5% quantiles across synchronized WHO/Adam PIF draws; burden weights fixed","Joint 2.5% and 97.5% quantiles across synchronized Table 5 PUC PIF draws; burden weights fixed",TRUE,TRUE
2012,"Ischaemic Stroke","Men","combined_v20_h50","Combined 20/50: no shift",6100.08,6100.08,165.776351500524,166.588822491083,94.8832726872112,149.032291823541,260.831605326081,203.55675922375,0.0271760946578608,0.0273092848767693,0.0155544308742199,0.0244312028405433,0.04275871879157,0.0333695228953965,4,4,10000,10000,"Joint 2.5% and 97.5% quantiles across synchronized WHO/Adam PIF draws; burden weights fixed","Joint 2.5% and 97.5% quantiles across synchronized Table 5 PUC PIF draws; burden weights fixed",TRUE,TRUE
2012,"Ischaemic Stroke","Men","combined_v30_h50","Combined 30/50: no shift",6100.08,6100.08,217.391165607995,217.964023371457,123.869603722481,182.980613858565,343.068938501018,279.40989455153,0.0356374286251975,0.0357313385023569,0.0203062261023595,0.0299964285482429,0.0562400720156159,0.0458043000340209,4,4,10000,10000,"Joint 2.5% and 97.5% quantiles across synchronized WHO/Adam PIF draws; burden weights fixed","Joint 2.5% and 97.5% quantiles across synchronized Table 5 PUC PIF draws; burden weights fixed",TRUE,TRUE
2012,"Ischaemic Stroke","Men","combined_v10_h25_mid","Combined 10/25: half shift",6100.08,6100.08,107.874252134789,108.364660519128,61.7571069657469,91.5192102328217,171.204336691079,138.910885295522,0.0176840717064021,0.0177644654691624,0.0101239831224749,0.0150029524584631,0.0280659166258604,0.0227719776290676,4,4,10000,10000,"Joint 2.5% and 97.5% quantiles across synchronized WHO/Adam PIF draws; burden weights fixed","Joint 2.5% and 97.5% quantiles across synchronized Table 5 PUC PIF draws; burden weights fixed",TRUE,TRUE
2012,"Ischaemic Stroke","Men","combined_v20_h50_mid","Combined 20/50: half shift",6100.08,6100.08,206.933280231252,208.666711597775,119.202220725011,178.249078147254,323.441192992178,265.233673269564,0.0339230436701244,0.0342072090198449,0.0195410913832295,0.0292207771287023,0.0530224510157535,0.0434803598099638,4,4,10000,10000,"Joint 2.5% and 97.5% quantiles across synchronized WHO/Adam PIF draws; burden weights fixed","Joint 2.5% and 97.5% quantiles across synchronized Table 5 PUC PIF draws; burden weights fixed",TRUE,TRUE
2012,"Ischaemic Stroke","Men","combined_v30_h50_mid","Combined 30/50: half shift",6100.08,6100.08,250.32765889738,252.173070274302,143.566822613829,203.635911058313,393.035996408764,330.647317883013,0.0410367829434008,0.0413393054311258,0.0235352360319584,0.0333824984358096,0.0644312855583474,0.0542037674723959,4,4,10000,10000,"Joint 2.5% and 97.5% quantiles across synchronized WHO/Adam PIF draws; burden weights fixed","Joint 2.5% and 97.5% quantiles across synchronized Table 5 PUC PIF draws; burden weights fixed",TRUE,TRUE
2012,"Ischaemic Stroke","Men","combined_v10_h25_rt","Combined 10/25: complete shift",6100.08,6100.08,132.695791960988,133.475870329642,76.0550929073392,107.229067375173,209.949591062662,175.786924857238,0.0217531232313327,0.021881003253997,0.0124678845043572,0.0175783051001254,0.0344175143707398,0.0288171507352753,4,4,10000,10000,"Joint 2.5% and 97.5% quantiles across synchronized WHO/Adam PIF draws; burden weights fixed","Joint 2.5% and 97.5% quantiles across synchronized Table 5 PUC PIF draws; burden weights fixed",TRUE,TRUE
2012,"Ischaemic Stroke","Men","combined_v20_h50_rt","Combined 20/50: complete shift",6100.08,6100.08,248.090208961981,250.744600704467,143.236773845147,204.250733053526,386.967892727949,327.419474659841,0.040669992682388,0.0411051331629204,0.023481130386019,0.0334832876050029,0.0634365275091391,0.0536746197852882,4,4,10000,10000,"Joint 2.5% and 97.5% quantiles across synchronized WHO/Adam PIF draws; burden weights fixed","Joint 2.5% and 97.5% quantiles across synchronized Table 5 PUC PIF draws; burden weights fixed",TRUE,TRUE
2012,"Ischaemic Stroke","Men","combined_v30_h50_rt","Combined 30/50: complete shift",6100.08,6100.08,283.264152186766,286.382117177147,163.125435055745,223.46870984245,442.473000618166,381.75088964307,0.0464361372616041,0.0469472723598948,0.0267415238907924,0.0366337342858536,0.0725356061917493,0.0625812923179811,4,4,10000,10000,"Joint 2.5% and 97.5% quantiles across synchronized WHO/Adam PIF draws; burden weights fixed","Joint 2.5% and 97.5% quantiles across synchronized Table 5 PUC PIF draws; burden weights fixed",TRUE,TRUE
2014,"Ischaemic Stroke","Men","baseline","Baseline",6301.86,6301.86,0,0,0,0,0,0,0,0,0,0,0,0,4,4,10000,10000,"Joint 2.5% and 97.5% quantiles across synchronized WHO/Adam PIF draws; burden weights fixed","Joint 2.5% and 97.5% quantiles across synchronized Table 5 PUC PIF draws; burden weights fixed",TRUE,TRUE
2014,"Ischaemic Stroke","Men","volume_reduction_10","Volume -10%",6301.86,6301.86,55.3214475376863,55.2462207762755,29.1178556969334,31.0598065856715,94.5539213474118,85.4072579033774,0.00877859037453804,0.00876665314308403,0.00462051770381021,0.00492867289747337,0.0150041291535216,0.0135527063285089,4,4,10000,10000,"Joint 2.5% and 97.5% quantiles across synchronized WHO/Adam PIF draws; burden weights fixed","Joint 2.5% and 97.5% quantiles across synchronized Table 5 PUC PIF draws; burden weights fixed",TRUE,TRUE
2014,"Ischaemic Stroke","Men","volume_reduction_20","Volume -20%",6301.86,6301.86,106.156178075212,106.274954014447,56.0238148638399,58.2684617414302,179.42612678551,165.669167767642,0.0168452136472743,0.0168640614063859,0.00889004434624697,0.00924623234115486,0.0284719315861523,0.0262889318022999,4,4,10000,10000,"Joint 2.5% and 97.5% quantiles across synchronized WHO/Adam PIF draws; burden weights fixed","Joint 2.5% and 97.5% quantiles across synchronized Table 5 PUC PIF draws; burden weights fixed",TRUE,TRUE
2014,"Ischaemic Stroke","Men","volume_reduction_30","Volume -30%",6301.86,6301.86,151.955782786756,152.566076041855,80.5359792617417,81.4057779601662,254.320555574942,240.48915703401,0.0241128464908386,0.0242096898442452,0.0127797157127803,0.0129177382487339,0.0403564273999966,0.0381616153062763,4,4,10000,10000,"Joint 2.5% and 97.5% quantiles across synchronized WHO/Adam PIF draws; burden weights fixed","Joint 2.5% and 97.5% quantiles across synchronized Table 5 PUC PIF draws; burden weights fixed",TRUE,TRUE
2014,"Ischaemic Stroke","Men","hed_reduction_10","HED -10%: no shift",6301.86,6301.86,11.5043920582851,12.1046131821113,6.2092862926538,7.64058494307875,17.7090038944814,19.9462585902205,0.0018255550041234,0.00192080007840721,0.000985310097757456,0.00121243330430678,0.00281012334366067,0.00316513832268894,4,4,10000,10000,"Joint 2.5% and 97.5% quantiles across synchronized WHO/Adam PIF draws; burden weights fixed","Joint 2.5% and 97.5% quantiles across synchronized Table 5 PUC PIF draws; burden weights fixed",TRUE,TRUE
2014,"Ischaemic Stroke","Men","hed_reduction_25","HED -25%: no shift",6301.86,6301.86,28.7609801457125,30.261532955279,15.5232157316353,19.1014623576957,44.2725097362043,49.8656464755519,0.00456388751030846,0.00480200019601817,0.00246327524439377,0.00303108326076678,0.00702530835915178,0.00791284580672245,4,4,10000,10000,"Joint 2.5% and 97.5% quantiles across synchronized WHO/Adam PIF draws; burden weights fixed","Joint 2.5% and 97.5% quantiles across synchronized Table 5 PUC PIF draws; burden weights fixed",TRUE,TRUE
2014,"Ischaemic Stroke","Men","hed_reduction_50","HED -50%: no shift",6301.86,6301.86,57.5219602914261,60.5230659105568,31.0464314632696,38.2029247153902,88.545019472409,99.7312929511032,0.0091277750206171,0.00960400039203613,0.00492655048878738,0.00606216652153336,0.0140506167183036,0.0158256916134448,4,4,10000,10000,"Joint 2.5% and 97.5% quantiles across synchronized WHO/Adam PIF draws; burden weights fixed","Joint 2.5% and 97.5% quantiles across synchronized Table 5 PUC PIF draws; burden weights fixed",TRUE,TRUE
2014,"Ischaemic Stroke","Men","hed_reduction_10_mid","HED -10%: half shift",6301.86,6301.86,21.6411150851719,22.5855975261258,12.3558957331456,20.4116614743147,32.5859213308875,27.4824378826114,0.00343408376021871,0.00358395735959317,0.00196067442519281,0.00323898999252835,0.00517084183572587,0.00436100419282742,4,4,10000,10000,"Joint 2.5% and 97.5% quantiles across synchronized WHO/Adam PIF draws; burden weights fixed","Joint 2.5% and 97.5% quantiles across synchronized Table 5 PUC PIF draws; burden weights fixed",TRUE,TRUE
2014,"Ischaemic Stroke","Men","hed_reduction_25_mid","HED -25%: half shift",6301.86,6301.86,54.1027877129304,56.4639938153146,30.8897393328645,51.0291536857871,81.4648033272187,68.7060947065301,0.00858520940054688,0.00895989339898293,0.00490168606298212,0.00809747498132092,0.0129271045893147,0.0109025104820688,4,4,10000,10000,"Joint 2.5% and 97.5% quantiles across synchronized WHO/Adam PIF draws; burden weights fixed","Joint 2.5% and 97.5% quantiles across synchronized Table 5 PUC PIF draws; burden weights fixed",TRUE,TRUE
2014,"Ischaemic Stroke","Men","hed_reduction_50_mid","HED -50%: half shift",6301.86,6301.86,108.205575425862,112.927987630628,61.7794786657282,102.058307371574,162.929606654437,137.41218941306,0.0171704188010939,0.0179197867979657,0.00980337212596412,0.0161949499626418,0.0258542091786292,0.0218050209641375,4,4,10000,10000,"Joint 2.5% and 97.5% quantiles across synchronized WHO/Adam PIF draws; burden weights fixed","Joint 2.5% and 97.5% quantiles across synchronized Table 5 PUC PIF draws; burden weights fixed",TRUE,TRUE
2014,"Ischaemic Stroke","Men","hed_reduction_10_rt","HED -10%: complete shift",6301.86,6301.86,31.7778381120587,33.0665818701403,18.1205629995821,29.1070783918736,48.3879878821242,41.0483992408043,0.00504261251631402,0.00524711464077912,0.00287543090446029,0.00461880752537721,0.00767836605099514,0.00651369583596022,4,4,10000,10000,"Joint 2.5% and 97.5% quantiles across synchronized WHO/Adam PIF draws; burden weights fixed","Joint 2.5% and 97.5% quantiles across synchronized Table 5 PUC PIF draws; burden weights fixed",TRUE,TRUE
2014,"Ischaemic Stroke","Men","hed_reduction_25_rt","HED -25%: complete shift",6301.86,6301.86,79.4445952801483,82.6664546753501,45.3014074989559,72.7676959796845,120.969969705312,102.62099810201,0.0126065312907853,0.0131177866019477,0.00718857726115082,0.0115470188134431,0.019195915127488,0.0162842395899005,4,4,10000,10000,"Joint 2.5% and 97.5% quantiles across synchronized WHO/Adam PIF draws; burden weights fixed","Joint 2.5% and 97.5% quantiles across synchronized Table 5 PUC PIF draws; burden weights fixed",TRUE,TRUE
2014,"Ischaemic Stroke","Men","hed_reduction_50_rt","HED -50%: complete shift",6301.86,6301.86,158.889190560298,165.3329093507,90.6028149979118,145.535391959369,241.939939410622,205.241996204019,0.0252130625815708,0.0262355732038953,0.0143771545223016,0.0230940376268861,0.0383918302549758,0.0325684791798007,4,4,10000,10000,"Joint 2.5% and 97.5% quantiles across synchronized WHO/Adam PIF draws; burden weights fixed","Joint 2.5% and 97.5% quantiles across synchronized Table 5 PUC PIF draws; burden weights fixed",TRUE,TRUE
2014,"Ischaemic Stroke","Men","combined_v10_h25","Combined 10/25: no shift",6301.86,6301.86,85.6881826316424,87.2330767681674,47.0723368678845,76.5101894638999,136.624790915578,107.794044552836,0.0135972843940745,0.0138424333082879,0.00746959419407675,0.0121408900648221,0.0216800739647625,0.0171051157202534,4,4,10000,10000,"Joint 2.5% and 97.5% quantiles across synchronized WHO/Adam PIF draws; burden weights fixed","Joint 2.5% and 97.5% quantiles across synchronized Table 5 PUC PIF draws; burden weights fixed",TRUE,TRUE
2014,"Ischaemic Stroke","Men","combined_v20_h50","Combined 20/50: no shift",6301.86,6301.86,170.571941795836,174.211673812059,94.3622833731129,153.593723077135,268.631222903051,213.784512539997,0.0270669202101976,0.0276444849317596,0.0149737194055585,0.0243727602766699,0.0426272914509448,0.0339240339423595,4,4,10000,10000,"Joint 2.5% and 97.5% quantiles across synchronized WHO/Adam PIF draws; burden weights fixed","Joint 2.5% and 97.5% quantiles across synchronized Table 5 PUC PIF draws; burden weights fixed",TRUE,TRUE
2014,"Ischaemic Stroke","Men","combined_v30_h50","Combined 30/50: no shift",6301.86,6301.86,220.640635090375,225.103982861526,121.676986503791,186.842948951548,348.533052715718,291.203939644391,0.0350119861581144,0.0357202449533195,0.0193081068928523,0.029648857472484,0.0553063782305095,0.0462092048449808,4,4,10000,10000,"Joint 2.5% and 97.5% quantiles across synchronized WHO/Adam PIF draws; burden weights fixed","Joint 2.5% and 97.5% quantiles across synchronized Table 5 PUC PIF draws; burden weights fixed",TRUE,TRUE
2014,"Ischaemic Stroke","Men","combined_v10_h25_mid","Combined 10/25: half shift",6301.86,6301.86,106.863371579365,109.445881339669,59.6441643157016,91.9386473631859,168.703014597485,140.832068347436,0.0169574334528798,0.0173672346481307,0.00946453337835204,0.0145891288227898,0.0267703526573877,0.0223476986710965,4,4,10000,10000,"Joint 2.5% and 97.5% quantiles across synchronized WHO/Adam PIF draws; burden weights fixed","Joint 2.5% and 97.5% quantiles across synchronized Table 5 PUC PIF draws; burden weights fixed",TRUE,TRUE
2014,"Ischaemic Stroke","Men","combined_v20_h50_mid","Combined 20/50: half shift",6301.86,6301.86,204.845961552123,210.923405623632,114.71190134462,178.721745929271,319.475413121407,269.189903030629,0.0325056350906117,0.0334700240284031,0.0182028641297363,0.028360158100826,0.0506954158171408,0.0427159446624694,4,4,10000,10000,"Joint 2.5% and 97.5% quantiles across synchronized WHO/Adam PIF draws; burden weights fixed","Joint 2.5% and 97.5% quantiles across synchronized Table 5 PUC PIF draws; burden weights fixed",TRUE,TRUE
2014,"Ischaemic Stroke","Men","combined_v30_h50_mid","Combined 30/50: half shift",6301.86,6301.86,247.075950266503,254.352300599519,137.365569324592,203.712462417432,387.56025549266,336.726071114137,0.0392068294545583,0.0403614648055525,0.0217976231342163,0.0323257676967486,0.0614993439226927,0.0534328073162743,4,4,10000,10000,"Joint 2.5% and 97.5% quantiles across synchronized WHO/Adam PIF draws; burden weights fixed","Joint 2.5% and 97.5% quantiles across synchronized Table 5 PUC PIF draws; burden weights fixed",TRUE,TRUE
2014,"Ischaemic Stroke","Men","combined_v10_h25_rt","Combined 10/25: complete shift",6301.86,6301.86,128.038560527087,131.658685911171,71.8356832634961,105.455215787984,201.537115744922,174.414253262504,0.020317582511685,0.0208920359879736,0.0113991239512614,0.0167339826317918,0.031980576487723,0.0276766309093671,4,4,10000,10000,"Joint 2.5% and 97.5% quantiles across synchronized WHO/Adam PIF draws; burden weights fixed","Joint 2.5% and 97.5% quantiles across synchronized Table 5 PUC PIF draws; burden weights fixed",TRUE,TRUE
2014,"Ischaemic Stroke","Men","combined_v20_h50_rt","Combined 20/50: complete shift",6301.86,6301.86,239.119981308409,247.635137435205,135.1668439588,200.576060761423,371.814087921893,325.73493739035,0.0379443499710259,0.0392955631250465,0.0214487221167719,0.0318280731024527,0.0590006899426349,0.0516886978432321,4,4,10000,10000,"Joint 2.5% and 97.5% quantiles across synchronized WHO/Adam PIF draws; burden weights fixed","Joint 2.5% and 97.5% quantiles across synchronized Table 5 PUC PIF draws; burden weights fixed",TRUE,TRUE
2014,"Ischaemic Stroke","Men","combined_v30_h50_rt","Combined 30/50: complete shift",6301.86,6301.86,273.51126544263,283.600618337512,152.896551010043,219.343317922103,427.599170752607,383.59412041782,0.0434016727510021,0.0450026846577855,0.0242621307058618,0.0348061235765477,0.0678528514998123,0.0608699844836,4,4,10000,10000,"Joint 2.5% and 97.5% quantiles across synchronized WHO/Adam PIF draws; burden weights fixed","Joint 2.5% and 97.5% quantiles across synchronized Table 5 PUC PIF draws; burden weights fixed",TRUE,TRUE
2016,"Ischaemic Stroke","Men","baseline","Baseline",6232.79,6232.79,0,0,0,0,0,0,0,0,0,0,0,0,4,4,10000,10000,"Joint 2.5% and 97.5% quantiles across synchronized WHO/Adam PIF draws; burden weights fixed","Joint 2.5% and 97.5% quantiles across synchronized Table 5 PUC PIF draws; burden weights fixed",TRUE,TRUE
2016,"Ischaemic Stroke","Men","volume_reduction_10","Volume -10%",6232.79,6232.79,49.9363013867541,49.7098331243049,25.9626244807188,27.3658331939012,85.301635123792,77.1788277769913,0.00801186970630393,0.00797553473232771,0.00416549001020711,0.00439062333142962,0.0136859472441382,0.0123827094731238,4,4,10000,10000,"Joint 2.5% and 97.5% quantiles across synchronized WHO/Adam PIF draws; burden weights fixed","Joint 2.5% and 97.5% quantiles across synchronized Table 5 PUC PIF draws; burden weights fixed",TRUE,TRUE
2016,"Ischaemic Stroke","Men","volume_reduction_20","Volume -20%",6232.79,6232.79,95.9575159221697,95.7212903837557,50.0895311080548,51.5756807451166,161.821312661172,149.864801531866,0.0153955958603081,0.015357695411486,0.00803645415745675,0.0082748946691797,0.0259629014712788,0.0240445773934091,4,4,10000,10000,"Joint 2.5% and 97.5% quantiles across synchronized WHO/Adam PIF draws; burden weights fixed","Joint 2.5% and 97.5% quantiles across synchronized Table 5 PUC PIF draws; burden weights fixed",TRUE,TRUE
2016,"Ischaemic Stroke","Men","volume_reduction_30","Volume -30%",6232.79,6232.79,137.56197958972,137.563473924154,71.8207196778285,71.7788435799541,230.217098328497,217.815090160822,0.0220706905879581,0.0220709303416535,0.0115230450051788,0.0115163263289721,0.0369364439245502,0.0349466435032822,4,4,10000,10000,"Joint 2.5% and 97.5% quantiles across synchronized WHO/Adam PIF draws; burden weights fixed","Joint 2.5% and 97.5% quantiles across synchronized Table 5 PUC PIF draws; burden weights fixed",TRUE,TRUE
2016,"Ischaemic Stroke","Men","hed_reduction_10","HED -10%: no shift",6232.79,6232.79,10.0885915297625,10.6513102517847,5.35226282437995,6.67996646184646,15.9629921837801,17.5764781333388,0.001618631709036,0.00170891530948174,0.00085872664158105,0.00107174579311135,0.00256113107994655,0.0028200016578994,4,4,10000,10000,"Joint 2.5% and 97.5% quantiles across synchronized WHO/Adam PIF draws; burden weights fixed","Joint 2.5% and 97.5% quantiles across synchronized Table 5 PUC PIF draws; burden weights fixed",TRUE,TRUE
2016,"Ischaemic Stroke","Men","hed_reduction_25","HED -25%: no shift",6232.79,6232.79,25.2214788244054,26.6282756294602,13.380657060951,16.6999161546151,39.9074804594503,43.9411953333475,0.00404657927258987,0.0042722882737041,0.0021468166039528,0.00267936448277819,0.0064028276998664,0.00705000414474857,4,4,10000,10000,"Joint 2.5% and 97.5% quantiles across synchronized WHO/Adam PIF draws; burden weights fixed","Joint 2.5% and 97.5% quantiles across synchronized Table 5 PUC PIF draws; burden weights fixed",TRUE,TRUE
2016,"Ischaemic Stroke","Men","hed_reduction_50","HED -50%: no shift",6232.79,6232.79,50.4429576488097,53.2565512589211,26.7613141219013,33.399832309231,79.8149609189015,87.8823906666941,0.00809315854517955,0.00854457654740833,0.0042936332079055,0.00535872896555652,0.0128056553997329,0.014100008289497,4,4,10000,10000,"Joint 2.5% and 97.5% quantiles across synchronized WHO/Adam PIF draws; burden weights fixed","Joint 2.5% and 97.5% quantiles across synchronized Table 5 PUC PIF draws; burden weights fixed",TRUE,TRUE
2016,"Ischaemic Stroke","Men","hed_reduction_10_mid","HED -10%: half shift",6232.79,6232.79,19.5503498689604,20.1767935481393,10.9072776686504,18.1244646265574,30.0774650870712,24.5966948768609,0.00313669317736686,0.00323720092416707,0.00174998318067035,0.00290792159314808,0.00482568241302389,0.00394633781610819,4,4,10000,10000,"Joint 2.5% and 97.5% quantiles across synchronized WHO/Adam PIF draws; burden weights fixed","Joint 2.5% and 97.5% quantiles across synchronized Table 5 PUC PIF draws; burden weights fixed",TRUE,TRUE
2016,"Ischaemic Stroke","Men","hed_reduction_25_mid","HED -25%: half shift",6232.79,6232.79,48.8758746724006,50.4419838703479,27.2681941716253,45.3111615663937,75.1936627176787,61.4917371921527,0.00784173294341709,0.00809300231041762,0.00437495795167578,0.00726980398287022,0.0120642060325598,0.00986584454027052,4,4,10000,10000,"Joint 2.5% and 97.5% quantiles across synchronized WHO/Adam PIF draws; burden weights fixed","Joint 2.5% and 97.5% quantiles across synchronized Table 5 PUC PIF draws; burden weights fixed",TRUE,TRUE
2016,"Ischaemic Stroke","Men","hed_reduction_50_mid","HED -50%: half shift",6232.79,6232.79,97.7517493448005,100.883967740696,54.5363883432511,90.6223231327874,150.387325435357,122.983474384306,0.0156834658868341,0.0161860046208353,0.00874991590335164,0.0145396079657405,0.0241284120651196,0.0197316890805411,4,4,10000,10000,"Joint 2.5% and 97.5% quantiles across synchronized WHO/Adam PIF draws; burden weights fixed","Joint 2.5% and 97.5% quantiles across synchronized Table 5 PUC PIF draws; burden weights fixed",TRUE,TRUE
2016,"Ischaemic Stroke","Men","hed_reduction_10_rt","HED -10%: complete shift",6232.79,6232.79,29.0121082081584,29.7022768444938,16.1521295025163,26.3540744264331,45.0856028645235,36.5209495812574,0.00465475464569773,0.00476548653885239,0.00259147661039699,0.00422829494117933,0.00723361494042371,0.00585948661534519,4,4,10000,10000,"Joint 2.5% and 97.5% quantiles across synchronized WHO/Adam PIF draws; burden weights fixed","Joint 2.5% and 97.5% quantiles across synchronized Table 5 PUC PIF draws; burden weights fixed",TRUE,TRUE
2016,"Ischaemic Stroke","Men","hed_reduction_25_rt","HED -25%: complete shift",6232.79,6232.79,72.5302705203958,74.2556921112355,40.3803237562909,65.8851860660829,112.714007161308,91.3023739531443,0.0116368866142443,0.0119137163471311,0.00647869152599252,0.0105707373529483,0.0180840373510592,0.0146487165383631,4,4,10000,10000,"Joint 2.5% and 97.5% quantiles across synchronized WHO/Adam PIF draws; burden weights fixed","Joint 2.5% and 97.5% quantiles across synchronized Table 5 PUC PIF draws; burden weights fixed",TRUE,TRUE
2016,"Ischaemic Stroke","Men","hed_reduction_50_rt","HED -50%: complete shift",6232.79,6232.79,145.060541040791,148.511384222471,80.7606475125825,131.770372132167,225.428014322616,182.604747906288,0.0232737732284886,0.0238274326942622,0.0129573830519851,0.0211414747058969,0.0361680747021184,0.0292974330767262,4,4,10000,10000,"Joint 2.5% and 97.5% quantiles across synchronized WHO/Adam PIF draws; burden weights fixed","Joint 2.5% and 97.5% quantiles across synchronized Table 5 PUC PIF draws; burden weights fixed",TRUE,TRUE
2016,"Ischaemic Stroke","Men","combined_v10_h25","Combined 10/25: no shift",6232.79,6232.79,76.5514606353197,77.8411729403593,41.7847230406364,68.4768953698048,122.623169576023,97.0624674600057,0.0122820535643459,0.0124889773184014,0.00670401586458655,0.0109865558393279,0.0196738811312468,0.0155728762656861,4,4,10000,10000,"Joint 2.5% and 97.5% quantiles across synchronized WHO/Adam PIF draws; burden weights fixed","Joint 2.5% and 97.5% quantiles across synchronized Table 5 PUC PIF draws; burden weights fixed",TRUE,TRUE
2016,"Ischaemic Stroke","Men","combined_v20_h50","Combined 20/50: no shift",6232.79,6232.79,152.384162410747,155.436418354486,83.5780279550198,137.437097620733,241.289828907359,192.373938145116,0.0244487881688212,0.0249384975836642,0.0134094086203803,0.0220506543010004,0.0387129726667125,0.0308648194701115,4,4,10000,10000,"Joint 2.5% and 97.5% quantiles across synchronized WHO/Adam PIF draws; burden weights fixed","Joint 2.5% and 97.5% quantiles across synchronized Table 5 PUC PIF draws; burden weights fixed",TRUE,TRUE
2016,"Ischaemic Stroke","Men","combined_v30_h50","Combined 30/50: no shift",6232.79,6232.79,197.694723982665,201.286861922694,108.743565076134,166.15862330914,312.961611120563,262.68876281118,0.0317184958875022,0.0322948249375792,0.0174470125058175,0.0266587873663544,0.0502121218780936,0.0421462559802561,4,4,10000,10000,"Joint 2.5% and 97.5% quantiles across synchronized WHO/Adam PIF draws; burden weights fixed","Joint 2.5% and 97.5% quantiles across synchronized Table 5 PUC PIF draws; burden weights fixed",TRUE,TRUE
2016,"Ischaemic Stroke","Men","combined_v10_h25_mid","Combined 10/25: half shift",6232.79,6232.79,96.6821159496062,98.2456060873113,53.3392277526871,82.7691615854845,154.020975494438,126.725295524961,0.01551185198757,0.0157627011478505,0.0085578413122674,0.013279632650143,0.0247114013939886,0.0203320335716366,4,4,10000,10000,"Joint 2.5% and 97.5% quantiles across synchronized WHO/Adam PIF draws; burden weights fixed","Joint 2.5% and 97.5% quantiles across synchronized Table 5 PUC PIF draws; burden weights fixed",TRUE,TRUE
2016,"Ischaemic Stroke","Men","combined_v20_h50_mid","Combined 20/50: half shift",6232.79,6232.79,185.833468802425,189.667442103698,103.015965605191,161.292526571336,292.168985572929,242.593676757015,0.0298154548448488,0.0304305843937783,0.0165280661798634,0.025878062083166,0.0468761157640364,0.0389221643528845,4,4,10000,10000,"Joint 2.5% and 97.5% quantiles across synchronized WHO/Adam PIF draws; burden weights fixed","Joint 2.5% and 97.5% quantiles across synchronized Table 5 PUC PIF draws; burden weights fixed",TRUE,TRUE
2016,"Ischaemic Stroke","Men","combined_v30_h50_mid","Combined 30/50: half shift",6232.79,6232.79,224.547583063828,229.165458866189,123.721564513218,183.66565496934,353.539562677668,304.250780255229,0.0360268167327678,0.0367677170041328,0.0198501095838651,0.0294676469076192,0.0567225211627005,0.0488145405597219,4,4,10000,10000,"Joint 2.5% and 97.5% quantiles across synchronized WHO/Adam PIF draws; burden weights fixed","Joint 2.5% and 97.5% quantiles across synchronized Table 5 PUC PIF draws; burden weights fixed",TRUE,TRUE
2016,"Ischaemic Stroke","Men","combined_v10_h25_rt","Combined 10/25: complete shift",6232.79,6232.79,116.812771263893,118.650039234263,64.4469213323557,95.9988918328208,185.936559816148,156.897306391713,0.018741650410794,0.0190364249772996,0.010339979580951,0.0154022342855801,0.0298319949518832,0.0251728850790278,4,4,10000,10000,"Joint 2.5% and 97.5% quantiles across synchronized WHO/Adam PIF draws; burden weights fixed","Joint 2.5% and 97.5% quantiles across synchronized Table 5 PUC PIF draws; burden weights fixed",TRUE,TRUE
2016,"Ischaemic Stroke","Men","combined_v20_h50_rt","Combined 20/50: complete shift",6232.79,6232.79,219.282775194103,223.898465852909,121.827259904757,183.16447139107,344.168923859426,293.874671091372,0.0351821215208764,0.0359226712038924,0.0195461839569048,0.02938723611594,0.0552190790736454,0.0471497790060906,4,4,10000,10000,"Joint 2.5% and 97.5% quantiles across synchronized WHO/Adam PIF draws; burden weights fixed","Joint 2.5% and 97.5% quantiles across synchronized Table 5 PUC PIF draws; burden weights fixed",TRUE,TRUE
2016,"Ischaemic Stroke","Men","combined_v30_h50_rt","Combined 30/50: complete shift",6232.79,6232.79,251.400442144991,257.044055809684,138.609674862811,200.10355630998,395.219734844355,346.673770078542,0.0403351375780334,0.0412406090706864,0.0222387846955876,0.0321049732639764,0.0634097626976611,0.055620961091027,4,4,10000,10000,"Joint 2.5% and 97.5% quantiles across synchronized WHO/Adam PIF draws; burden weights fixed","Joint 2.5% and 97.5% quantiles across synchronized Table 5 PUC PIF draws; burden weights fixed",TRUE,TRUE
2018,"Ischaemic Stroke","Men","baseline","Baseline",5694.14,5694.14,0,0,0,0,0,0,0,0,0,0,0,0,4,4,10000,10000,"Joint 2.5% and 97.5% quantiles across synchronized WHO/Adam PIF draws; burden weights fixed","Joint 2.5% and 97.5% quantiles across synchronized Table 5 PUC PIF draws; burden weights fixed",TRUE,TRUE
2018,"Ischaemic Stroke","Men","volume_reduction_10","Volume -10%",5694.14,5694.14,47.7229911021393,47.1953572686581,25.9072478201952,26.1184097769792,81.7557677579472,72.3641482114475,0.00838107090836181,0.0082884083054962,0.00454980871917361,0.0045868928015432,0.0143578780567298,0.0127085298590213,4,4,10000,10000,"Joint 2.5% and 97.5% quantiles across synchronized WHO/Adam PIF draws; burden weights fixed","Joint 2.5% and 97.5% quantiles across synchronized Table 5 PUC PIF draws; burden weights fixed",TRUE,TRUE
2018,"Ischaemic Stroke","Men","volume_reduction_20","Volume -20%",5694.14,5694.14,91.5396779891587,90.6789538596345,49.9276172451024,48.9127001413075,155.235581704877,140.279486160013,0.0160761200091952,0.0159249603732319,0.00876824546728784,0.00859000659297234,0.0272623401786533,0.0246357634620879,4,4,10000,10000,"Joint 2.5% and 97.5% quantiles across synchronized WHO/Adam PIF draws; burden weights fixed","Joint 2.5% and 97.5% quantiles across synchronized Table 5 PUC PIF draws; burden weights fixed",TRUE,TRUE
2018,"Ischaemic Stroke","Men","volume_reduction_30","Volume -30%",5694.14,5694.14,130.945658034154,129.972871719082,71.9936910993207,67.9987259534951,219.673021700918,203.428464637535,0.0229965645442778,0.0228257246430684,0.0126434704976205,0.0119418781332203,0.0385787883158682,0.0357259330886728,4,4,10000,10000,"Joint 2.5% and 97.5% quantiles across synchronized WHO/Adam PIF draws; burden weights fixed","Joint 2.5% and 97.5% quantiles across synchronized Table 5 PUC PIF draws; burden weights fixed",TRUE,TRUE
2018,"Ischaemic Stroke","Men","hed_reduction_10","HED -10%: no shift",5694.14,5694.14,11.6218954445776,12.2608689450765,6.38610891147712,7.89483193150599,17.8357434514579,20.1929691095463,0.00204102734470484,0.00215324332472972,0.00112152298880553,0.00138648363607252,0.00313229802067703,0.00354627197602207,4,4,10000,10000,"Joint 2.5% and 97.5% quantiles across synchronized WHO/Adam PIF draws; burden weights fixed","Joint 2.5% and 97.5% quantiles across synchronized Table 5 PUC PIF draws; burden weights fixed",TRUE,TRUE
2018,"Ischaemic Stroke","Men","hed_reduction_25","HED -25%: no shift",5694.14,5694.14,29.0547386114446,30.6521723626902,15.965272278694,19.7370798287658,44.589358628645,50.4824227738663,0.0051025683617622,0.00538310831182411,0.00280380747201403,0.00346620909018144,0.00783074505169262,0.00886567994005526,4,4,10000,10000,"Joint 2.5% and 97.5% quantiles across synchronized WHO/Adam PIF draws; burden weights fixed","Joint 2.5% and 97.5% quantiles across synchronized Table 5 PUC PIF draws; burden weights fixed",TRUE,TRUE
2018,"Ischaemic Stroke","Men","hed_reduction_50","HED -50%: no shift",5694.14,5694.14,58.1094772228886,61.3043447253806,31.9305445573866,39.474159657532,89.1787172572899,100.964845547733,0.0102051367235243,0.0107662166236483,0.00560761494402782,0.00693241818036297,0.0156614901033852,0.0177313598801107,4,4,10000,10000,"Joint 2.5% and 97.5% quantiles across synchronized WHO/Adam PIF draws; burden weights fixed","Joint 2.5% and 97.5% quantiles across synchronized Table 5 PUC PIF draws; burden weights fixed",TRUE,TRUE
2018,"Ischaemic Stroke","Men","hed_reduction_10_mid","HED -10%: half shift",5694.14,5694.14,22.9518884956539,23.5984248588528,13.5408741051564,21.6143929781474,34.2236527036053,28.3215417092527,0.0040307910405529,0.00414433520406116,0.00237803673691837,0.00379590122093018,0.00601032863673976,0.00497380494846503,4,4,10000,10000,"Joint 2.5% and 97.5% quantiles across synchronized WHO/Adam PIF draws; burden weights fixed","Joint 2.5% and 97.5% quantiles across synchronized Table 5 PUC PIF draws; burden weights fixed",TRUE,TRUE
2018,"Ischaemic Stroke","Men","hed_reduction_25_mid","HED -25%: half shift",5694.14,5694.14,57.3797212391343,58.9960621471323,33.8521852628908,54.0359824453688,85.5591317590143,70.8038542731321,0.0100769776013822,0.0103608380101529,0.0059450918422959,0.00948975305232552,0.0150258215918496,0.0124345123711627,4,4,10000,10000,"Joint 2.5% and 97.5% quantiles across synchronized WHO/Adam PIF draws; burden weights fixed","Joint 2.5% and 97.5% quantiles across synchronized Table 5 PUC PIF draws; burden weights fixed",TRUE,TRUE
2018,"Ischaemic Stroke","Men","hed_reduction_50_mid","HED -50%: half shift",5694.14,5694.14,114.759442478268,117.992124294264,67.704370525782,108.071964890738,171.118263518028,141.607708546264,0.0201539552027643,0.0207216760203059,0.0118901836845919,0.0189795061046511,0.0300516431836991,0.0248690247423253,4,4,10000,10000,"Joint 2.5% and 97.5% quantiles across synchronized WHO/Adam PIF draws; burden weights fixed","Joint 2.5% and 97.5% quantiles across synchronized Table 5 PUC PIF draws; burden weights fixed",TRUE,TRUE
2018,"Ischaemic Stroke","Men","hed_reduction_10_rt","HED -10%: complete shift",5694.14,5694.14,34.2818815467302,34.9359807726292,20.3096768671749,31.527868504714,51.5826192684872,41.7573227683902,0.00602055473640097,0.00613542708339261,0.0035667680926663,0.00553689731982599,0.00905889550809907,0.00733338533446493,4,4,10000,10000,"Joint 2.5% and 97.5% quantiles across synchronized WHO/Adam PIF draws; burden weights fixed","Joint 2.5% and 97.5% quantiles across synchronized Table 5 PUC PIF draws; burden weights fixed",TRUE,TRUE
2018,"Ischaemic Stroke","Men","hed_reduction_25_rt","HED -25%: complete shift",5694.14,5694.14,85.704703866824,87.3399519315744,50.7741921679355,78.8196712617868,128.956548171217,104.393306920975,0.0150513868410021,0.0153385677084818,0.00891692023166545,0.0138422432995653,0.0226472387702475,0.0183334633361623,4,4,10000,10000,"Joint 2.5% and 97.5% quantiles across synchronized WHO/Adam PIF draws; burden weights fixed","Joint 2.5% and 97.5% quantiles across synchronized Table 5 PUC PIF draws; burden weights fixed",TRUE,TRUE
2018,"Ischaemic Stroke","Men","hed_reduction_50_rt","HED -50%: complete shift",5694.14,5694.14,171.409407733648,174.679903863148,101.548384335871,157.639342523573,257.913096342433,208.78661384195,0.0301027736820042,0.0306771354169635,0.017833840463331,0.0276844865991305,0.0452944775404948,0.0366669266723245,4,4,10000,10000,"Joint 2.5% and 97.5% quantiles across synchronized WHO/Adam PIF draws; burden weights fixed","Joint 2.5% and 97.5% quantiles across synchronized Table 5 PUC PIF draws; burden weights fixed",TRUE,TRUE
2018,"Ischaemic Stroke","Men","combined_v10_h25","Combined 10/25: no shift",5694.14,5694.14,78.3589981228388,79.5532707620846,44.9467893842447,72.6187891993127,124.233192138477,95.1988370032593,0.0137613402766421,0.0139710774167977,0.00789351673549381,0.0127532496916677,0.0218177270208455,0.0167187383877564,4,4,10000,10000,"Joint 2.5% and 97.5% quantiles across synchronized WHO/Adam PIF draws; burden weights fixed","Joint 2.5% and 97.5% quantiles across synchronized Table 5 PUC PIF draws; burden weights fixed",TRUE,TRUE
2018,"Ischaemic Stroke","Men","combined_v20_h50","Combined 20/50: no shift",5694.14,5694.14,156.434254840204,159.308690134745,90.0786619921296,145.954059607683,244.647270590118,189.199947402486,0.0274728501301696,0.0279776559998077,0.0158195376285321,0.0256323272008914,0.0429647445602177,0.0332271330530134,4,4,10000,10000,"Joint 2.5% and 97.5% quantiles across synchronized WHO/Adam PIF draws; burden weights fixed","Joint 2.5% and 97.5% quantiles across synchronized Table 5 PUC PIF draws; burden weights fixed",TRUE,TRUE
2018,"Ischaemic Stroke","Men","combined_v30_h50","Combined 30/50: no shift",5694.14,5694.14,200.034914875238,203.140792584645,114.926527506387,176.235132895873,315.12884195261,254.921893279987,0.0351299607798963,0.0356754123686184,0.0201832985325944,0.0309502634104313,0.05534265788207,0.0447691650152591,4,4,10000,10000,"Joint 2.5% and 97.5% quantiles across synchronized WHO/Adam PIF draws; burden weights fixed","Joint 2.5% and 97.5% quantiles across synchronized Table 5 PUC PIF draws; burden weights fixed",TRUE,TRUE
2018,"Ischaemic Stroke","Men","combined_v10_h25_mid","Combined 10/25: half shift",5694.14,5694.14,102.522241597579,103.873123543823,59.1595737027709,90.2635893585772,160.899602356911,129.904002662913,0.018004868443273,0.0182421091760692,0.0103895537698003,0.0158520144145696,0.0282570506445067,0.0228136299182867,4,4,10000,10000,"Joint 2.5% and 97.5% quantiles across synchronized WHO/Adam PIF draws; burden weights fixed","Joint 2.5% and 97.5% quantiles across synchronized Table 5 PUC PIF draws; burden weights fixed",TRUE,TRUE
2018,"Ischaemic Stroke","Men","combined_v20_h50_mid","Combined 20/50: half shift",5694.14,5694.14,196.710554916236,200.178686752118,113.950338161064,175.788675316343,305.554756573646,247.997610392692,0.0345461395252376,0.0351552098740315,0.0200118609941209,0.0308718569119029,0.0536612651908183,0.0435531283727995,4,4,10000,10000,"Joint 2.5% and 97.5% quantiles across synchronized WHO/Adam PIF draws; burden weights fixed","Joint 2.5% and 97.5% quantiles across synchronized Table 5 PUC PIF draws; burden weights fixed",TRUE,TRUE
2018,"Ischaemic Stroke","Men","combined_v30_h50_mid","Combined 30/50: half shift",5694.14,5694.14,232.510259633252,236.501338003362,134.443213037167,197.132320510983,362.461362111199,304.06740252404,0.0408332530695157,0.0415341628416867,0.0236108021645352,0.0346202096385026,0.0636551546170623,0.0534000573438729,4,4,10000,10000,"Joint 2.5% and 97.5% quantiles across synchronized WHO/Adam PIF draws; burden weights fixed","Joint 2.5% and 97.5% quantiles across synchronized Table 5 PUC PIF draws; burden weights fixed",TRUE,TRUE
2018,"Ischaemic Stroke","Men","combined_v10_h25_rt","Combined 10/25: complete shift",5694.14,5694.14,126.685485072318,128.192976325561,73.5299939109873,106.22634365109,197.425613967222,164.778788445597,0.0222483966099039,0.0225131409353408,0.0129132746843223,0.0186553796800026,0.0346717175846084,0.0289383099898486,4,4,10000,10000,"Joint 2.5% and 97.5% quantiles across synchronized WHO/Adam PIF draws; burden weights fixed","Joint 2.5% and 97.5% quantiles across synchronized Table 5 PUC PIF draws; burden weights fixed",TRUE,TRUE
2018,"Ischaemic Stroke","Men","combined_v20_h50_rt","Combined 20/50: complete shift",5694.14,5694.14,236.986854992269,241.048683369491,138.248613891756,202.478619108351,364.203282258292,307.101597951338,0.0416194289203056,0.0423327637482554,0.0242791034101297,0.0355591220286735,0.06396106914447,0.0539329201514781,4,4,10000,10000,"Joint 2.5% and 97.5% quantiles across synchronized WHO/Adam PIF draws; burden weights fixed","Joint 2.5% and 97.5% quantiles across synchronized Table 5 PUC PIF draws; burden weights fixed",TRUE,TRUE
2018,"Ischaemic Stroke","Men","combined_v30_h50_rt","Combined 30/50: complete shift",5694.14,5694.14,264.985604391265,269.861883422079,153.726344216919,216.924658085299,408.899385302637,352.733252570778,0.0465365453591351,0.047392913314755,0.0269972891809683,0.0380961230467286,0.0718105605592129,0.0619467123342204,4,4,10000,10000,"Joint 2.5% and 97.5% quantiles across synchronized WHO/Adam PIF draws; burden weights fixed","Joint 2.5% and 97.5% quantiles across synchronized Table 5 PUC PIF draws; burden weights fixed",TRUE,TRUE
2020,"Ischaemic Stroke","Men","baseline","Baseline",5318.34,5318.34,0,0,0,0,0,0,0,0,0,0,0,0,4,4,10000,10000,"Joint 2.5% and 97.5% quantiles across synchronized WHO/Adam PIF draws; burden weights fixed","Joint 2.5% and 97.5% quantiles across synchronized Table 5 PUC PIF draws; burden weights fixed",TRUE,TRUE
2020,"Ischaemic Stroke","Men","volume_reduction_10","Volume -10%",5318.34,5318.34,47.7312001022435,47.3120682873375,26.3490718817387,27.168410315141,80.1842254272895,70.475599046931,0.00897483051144595,0.00889602174500644,0.0049543789757215,0.0051084380305022,0.0150769272794311,0.0132514278979777,4,4,10000,10000,"Joint 2.5% and 97.5% quantiles across synchronized WHO/Adam PIF draws; burden weights fixed","Joint 2.5% and 97.5% quantiles across synchronized Table 5 PUC PIF draws; burden weights fixed",TRUE,TRUE
2020,"Ischaemic Stroke","Men","volume_reduction_20","Volume -20%",5318.34,5318.34,91.7468646624453,91.0919792270099,50.8775593138849,51.3297089488846,152.223671362585,136.717018822273,0.0172510340938047,0.0171278969052392,0.00956643601459945,0.00965145307537402,0.0286224031112311,0.0257067090148944,4,4,10000,10000,"Joint 2.5% and 97.5% quantiles across synchronized WHO/Adam PIF draws; burden weights fixed","Joint 2.5% and 97.5% quantiles across synchronized Table 5 PUC PIF draws; burden weights fixed",TRUE,TRUE
2020,"Ischaemic Stroke","Men","volume_reduction_30","Volume -30%",5318.34,5318.34,131.57522915995,130.888371970864,73.2386996109971,71.7136858669056,216.343462111923,198.520773137459,0.0247399055269032,0.0246107567344065,0.0137709698159571,0.013484223623707,0.0406787573024521,0.0373275821285324,4,4,10000,10000,"Joint 2.5% and 97.5% quantiles across synchronized WHO/Adam PIF draws; burden weights fixed","Joint 2.5% and 97.5% quantiles across synchronized Table 5 PUC PIF draws; burden weights fixed",TRUE,TRUE
2020,"Ischaemic Stroke","Men","hed_reduction_10","HED -10%: no shift",5318.34,5318.34,8.62184388602075,9.14219139537804,4.76442557180619,5.9382639718915,13.1378052089101,15.1622431125654,0.00162115319554988,0.00171899340684838,0.000895848248101135,0.0011165634336826,0.00247028305992285,0.00285093527539898,4,4,10000,10000,"Joint 2.5% and 97.5% quantiles across synchronized WHO/Adam PIF draws; burden weights fixed","Joint 2.5% and 97.5% quantiles across synchronized Table 5 PUC PIF draws; burden weights fixed",TRUE,TRUE
2020,"Ischaemic Stroke","Men","hed_reduction_25","HED -25%: no shift",5318.34,5318.34,21.5546097150524,22.8554784884446,11.9110639295155,14.8456599297301,32.8445130222744,37.905607781414,0.0040528829888748,0.00429748351712088,0.00223962062025283,0.00279140858420674,0.00617570764980696,0.00712733818849753,4,4,10000,10000,"Joint 2.5% and 97.5% quantiles across synchronized WHO/Adam PIF draws; burden weights fixed","Joint 2.5% and 97.5% quantiles across synchronized Table 5 PUC PIF draws; burden weights fixed",TRUE,TRUE
2020,"Ischaemic Stroke","Men","hed_reduction_50","HED -50%: no shift",5318.34,5318.34,43.1092194301039,45.7109569768893,23.8221278590297,29.6913198594596,65.6890260445494,75.8112155628275,0.00810576597774943,0.00859496703424175,0.00447924124050543,0.00558281716841338,0.0123514152996141,0.014254676376995,4,4,10000,10000,"Joint 2.5% and 97.5% quantiles across synchronized WHO/Adam PIF draws; burden weights fixed","Joint 2.5% and 97.5% quantiles across synchronized Table 5 PUC PIF draws; burden weights fixed",TRUE,TRUE
2020,"Ischaemic Stroke","Men","hed_reduction_10_mid","HED -10%: half shift",5318.34,5318.34,18.1019105665853,18.7029154182576,10.818662736159,16.8474273468758,26.9636545758766,22.7237359601621,0.00340367681768847,0.00351668291577027,0.00203421795826499,0.00316779809994768,0.00506993809645051,0.00427271215457494,4,4,10000,10000,"Joint 2.5% and 97.5% quantiles across synchronized WHO/Adam PIF draws; burden weights fixed","Joint 2.5% and 97.5% quantiles across synchronized Table 5 PUC PIF draws; burden weights fixed",TRUE,TRUE
2020,"Ischaemic Stroke","Men","hed_reduction_25_mid","HED -25%: half shift",5318.34,5318.34,45.2547764164631,46.7572885456434,27.046656840397,42.1185683671893,67.4091364396922,56.8093399004053,0.00850919204422114,0.00879170728942553,0.00508554489566238,0.00791949524986919,0.0126748452411264,0.0106817803864374,4,4,10000,10000,"Joint 2.5% and 97.5% quantiles across synchronized WHO/Adam PIF draws; burden weights fixed","Joint 2.5% and 97.5% quantiles across synchronized Table 5 PUC PIF draws; burden weights fixed",TRUE,TRUE
2020,"Ischaemic Stroke","Men","hed_reduction_50_mid","HED -50%: half shift",5318.34,5318.34,90.5095528329258,93.5145770912867,54.0933136807937,84.2371367343787,134.818272879384,113.618679800811,0.0170183840884422,0.017583414578851,0.0101710897913247,0.0158389904997384,0.0253496904822528,0.0213635607728748,4,4,10000,10000,"Joint 2.5% and 97.5% quantiles across synchronized WHO/Adam PIF draws; burden weights fixed","Joint 2.5% and 97.5% quantiles across synchronized Table 5 PUC PIF draws; burden weights fixed",TRUE,TRUE
2020,"Ischaemic Stroke","Men","hed_reduction_10_rt","HED -10%: complete shift",5318.34,5318.34,27.5819772471499,28.2636394411373,16.4915270984984,24.7967153991505,41.6735852952465,35.1790308590315,0.00518620043982707,0.00531437242469215,0.00310087867614676,0.00466249156675776,0.00783582570787999,0.00661466375956248,4,4,10000,10000,"Joint 2.5% and 97.5% quantiles across synchronized WHO/Adam PIF draws; burden weights fixed","Joint 2.5% and 97.5% quantiles across synchronized Table 5 PUC PIF draws; burden weights fixed",TRUE,TRUE
2020,"Ischaemic Stroke","Men","hed_reduction_25_rt","HED -25%: complete shift",5318.34,5318.34,68.9549431178737,70.6590986028421,41.2288177462455,61.9917884978763,104.183963238116,87.9475771475786,0.0129655010995675,0.0132859310617302,0.00775219669036682,0.0116562289168944,0.0195895642697,0.0165366593989062,4,4,10000,10000,"Joint 2.5% and 97.5% quantiles across synchronized WHO/Adam PIF draws; burden weights fixed","Joint 2.5% and 97.5% quantiles across synchronized Table 5 PUC PIF draws; burden weights fixed",TRUE,TRUE
2020,"Ischaemic Stroke","Men","hed_reduction_50_rt","HED -50%: complete shift",5318.34,5318.34,137.909886235748,141.318197205684,82.4576354924914,123.983576995753,208.367926476233,175.895154295158,0.025931002199135,0.0265718621234604,0.0155043933807337,0.0233124578337889,0.0391791285394,0.0330733187978124,4,4,10000,10000,"Joint 2.5% and 97.5% quantiles across synchronized WHO/Adam PIF draws; burden weights fixed","Joint 2.5% and 97.5% quantiles across synchronized Table 5 PUC PIF draws; burden weights fixed",TRUE,TRUE
2020,"Ischaemic Stroke","Men","combined_v10_h25","Combined 10/25: no shift",5318.34,5318.34,70.6371751106081,71.6165192957278,41.0693378686154,62.7751583469174,110.553570315519,88.7410216702919,0.0132818088182794,0.0134659535298096,0.00772220991298327,0.0118035248492795,0.0207872325416426,0.0166858496580309,4,4,10000,10000,"Joint 2.5% and 97.5% quantiles across synchronized WHO/Adam PIF draws; burden weights fixed","Joint 2.5% and 97.5% quantiles across synchronized Table 5 PUC PIF draws; burden weights fixed",TRUE,TRUE
2020,"Ischaemic Stroke","Men","combined_v20_h50","Combined 20/50: no shift",5318.34,5318.34,140.714121778425,143.082321615304,82.1352528978492,126.246550246446,217.717216351428,175.92429897451,0.026458278669364,0.0269035679582923,0.0154437762342854,0.0237379615155192,0.0409370623825157,0.033078798830934,4,4,10000,10000,"Joint 2.5% and 97.5% quantiles across synchronized WHO/Adam PIF draws; burden weights fixed","Joint 2.5% and 97.5% quantiles across synchronized Table 5 PUC PIF draws; burden weights fixed",TRUE,TRUE
2020,"Ischaemic Stroke","Men","combined_v30_h50","Combined 30/50: no shift",5318.34,5318.34,184.271920137721,186.871583013402,106.731222486169,154.902267069457,285.652943354795,239.987001088344,0.0346483903130903,0.035137201272089,0.0200685218482025,0.0291260556996087,0.0537109217076747,0.0451244187262085,4,4,10000,10000,"Joint 2.5% and 97.5% quantiles across synchronized WHO/Adam PIF draws; burden weights fixed","Joint 2.5% and 97.5% quantiles across synchronized Table 5 PUC PIF draws; burden weights fixed",TRUE,TRUE
2020,"Ischaemic Stroke","Men","combined_v10_h25_mid","Combined 10/25: half shift",5318.34,5318.34,90.7633497952569,92.0694861903378,53.0342696923408,77.0497580187087,141.48567602146,117.53840120366,0.0170661051747833,0.0173116961665365,0.00997195923772093,0.0144875577753037,0.026603352929948,0.0221005804825679,4,4,10000,10000,"Joint 2.5% and 97.5% quantiles across synchronized WHO/Adam PIF draws; burden weights fixed","Joint 2.5% and 97.5% quantiles across synchronized Table 5 PUC PIF draws; burden weights fixed",TRUE,TRUE
2020,"Ischaemic Stroke","Men","combined_v20_h50_mid","Combined 20/50: half shift",5318.34,5318.34,174.049160882332,177.327384386422,102.591792132047,150.108286037542,267.448064739675,224.686727414667,0.0327262192493018,0.0333426190101464,0.0192901905730071,0.0282246501798572,0.0502878839524504,0.0422475297582831,4,4,10000,10000,"Joint 2.5% and 97.5% quantiles across synchronized WHO/Adam PIF draws; burden weights fixed","Joint 2.5% and 97.5% quantiles across synchronized Table 5 PUC PIF draws; burden weights fixed",TRUE,TRUE
2020,"Ischaemic Stroke","Men","combined_v30_h50_mid","Combined 30/50: half shift",5318.34,5318.34,210.900458513272,214.677662188441,123.286122983336,172.298055796909,325.367946285993,280.640778550872,0.0396553169811017,0.040365539282641,0.0231813165354859,0.0323969614197116,0.0611784779246896,0.0527684913997361,4,4,10000,10000,"Joint 2.5% and 97.5% quantiles across synchronized WHO/Adam PIF draws; burden weights fixed","Joint 2.5% and 97.5% quantiles across synchronized Table 5 PUC PIF draws; burden weights fixed",TRUE,TRUE
2020,"Ischaemic Stroke","Men","combined_v10_h25_rt","Combined 10/25: complete shift",5318.34,5318.34,110.889524479906,112.522453084948,64.7573822424276,90.2816451940528,172.40429106956,147.312778659548,0.0208504015312872,0.0211574388032634,0.0121762396240984,0.0169755309352266,0.0324169366888089,0.0276990148541741,4,4,10000,10000,"Joint 2.5% and 97.5% quantiles across synchronized WHO/Adam PIF draws; burden weights fixed","Joint 2.5% and 97.5% quantiles across synchronized Table 5 PUC PIF draws; burden weights fixed",TRUE,TRUE
2020,"Ischaemic Stroke","Men","combined_v20_h50_rt","Combined 20/50: complete shift",5318.34,5318.34,207.384199986238,211.572447157539,121.735582889054,171.980881021592,318.067399812348,275.159156340867,0.0389941598292396,0.0397816700620004,0.0228897706594641,0.0323373234922159,0.0598057664256794,0.0517377896751367,4,4,10000,10000,"Joint 2.5% and 97.5% quantiles across synchronized WHO/Adam PIF draws; burden weights fixed","Joint 2.5% and 97.5% quantiles across synchronized Table 5 PUC PIF draws; burden weights fixed",TRUE,TRUE
2020,"Ischaemic Stroke","Men","combined_v30_h50_rt","Combined 30/50: complete shift",5318.34,5318.34,237.528996888824,242.48374136348,139.724694150662,188.890809472009,365.109449656515,322.191729449194,0.044662243649113,0.045593877293193,0.0262722379822768,0.0355168735868728,0.0686510169820874,0.060581258334216,4,4,10000,10000,"Joint 2.5% and 97.5% quantiles across synchronized WHO/Adam PIF draws; burden weights fixed","Joint 2.5% and 97.5% quantiles across synchronized Table 5 PUC PIF draws; burden weights fixed",TRUE,TRUE
2022,"Ischaemic Stroke","Men","baseline","Baseline",6708.09,6708.09,0,0,0,0,0,0,0,0,0,0,0,0,4,4,10000,10000,"Joint 2.5% and 97.5% quantiles across synchronized WHO/Adam PIF draws; burden weights fixed","Joint 2.5% and 97.5% quantiles across synchronized Table 5 PUC PIF draws; burden weights fixed",TRUE,TRUE
2022,"Ischaemic Stroke","Men","volume_reduction_10","Volume -10%",6708.09,6708.09,57.275242537618,56.495780614361,30.1721487448002,33.2601740562292,97.0452532459149,86.5707613490816,0.00853823406329045,0.00842203676670423,0.00449787476685617,0.00495821821952735,0.0144668979166819,0.0129054263358246,4,4,10000,10000,"Joint 2.5% and 97.5% quantiles across synchronized WHO/Adam PIF draws; burden weights fixed","Joint 2.5% and 97.5% quantiles across synchronized Table 5 PUC PIF draws; burden weights fixed",TRUE,TRUE
2022,"Ischaemic Stroke","Men","volume_reduction_20","Volume -20%",6708.09,6708.09,110.337969198945,108.961588987932,58.3882934645578,62.8199064735406,184.991469404836,168.337409204517,0.0164484926706327,0.016243310538161,0.00870416071706817,0.00936479779990141,0.0275773684319733,0.0250946855520002,4,4,10000,10000,"Joint 2.5% and 97.5% quantiles across synchronized WHO/Adam PIF draws; burden weights fixed","Joint 2.5% and 97.5% quantiles across synchronized Table 5 PUC PIF draws; burden weights fixed",TRUE,TRUE
2022,"Ischaemic Stroke","Men","volume_reduction_30","Volume -30%",6708.09,6708.09,158.676249512933,156.905179912974,84.2694731990551,88.1060399732912,263.285151202485,244.924660914659,0.0236544604370146,0.0233904404849927,0.0125623647266293,0.0131342960475025,0.0392488996424445,0.0365118328637003,4,4,10000,10000,"Joint 2.5% and 97.5% quantiles across synchronized WHO/Adam PIF draws; burden weights fixed","Joint 2.5% and 97.5% quantiles across synchronized Table 5 PUC PIF draws; burden weights fixed",TRUE,TRUE
2022,"Ischaemic Stroke","Men","hed_reduction_10","HED -10%: no shift",6708.09,6708.09,9.721952064156,10.1976516195597,5.14589834764005,6.22235406962235,14.8918180960869,17.2494064333292,0.00144928766074337,0.00152020196800574,0.000767118262819976,0.000927589532880797,0.00221997887566906,0.00257143336379345,4,4,10000,10000,"Joint 2.5% and 97.5% quantiles across synchronized WHO/Adam PIF draws; burden weights fixed","Joint 2.5% and 97.5% quantiles across synchronized Table 5 PUC PIF draws; burden weights fixed",TRUE,TRUE
2022,"Ischaemic Stroke","Men","hed_reduction_25","HED -25%: no shift",6708.09,6708.09,24.3048801603905,25.4941290488986,12.8647458691008,15.5558851740538,37.2295452402177,43.123516083324,0.00362321915185851,0.00380050492001428,0.00191779565705004,0.00231897383220169,0.00554994718917273,0.00642858340948377,4,4,10000,10000,"Joint 2.5% and 97.5% quantiles across synchronized WHO/Adam PIF draws; burden weights fixed","Joint 2.5% and 97.5% quantiles across synchronized Table 5 PUC PIF draws; burden weights fixed",TRUE,TRUE
2022,"Ischaemic Stroke","Men","hed_reduction_50","HED -50%: no shift",6708.09,6708.09,48.6097603207812,50.9882580977971,25.7294917382021,31.1117703481068,74.4590904804363,86.2470321666479,0.00724643830371704,0.00760100984002855,0.00383559131410015,0.00463794766440325,0.0110998943783456,0.0128571668189675,4,4,10000,10000,"Joint 2.5% and 97.5% quantiles across synchronized WHO/Adam PIF draws; burden weights fixed","Joint 2.5% and 97.5% quantiles across synchronized Table 5 PUC PIF draws; burden weights fixed",TRUE,TRUE
2022,"Ischaemic Stroke","Men","hed_reduction_10_mid","HED -10%: half shift",6708.09,6708.09,21.7076452557401,22.1240712892115,12.0768348706449,20.4107405128204,32.8655585735774,26.3231790694233,0.00323603965595872,0.0032981178381941,0.0018003388253057,0.00304270522798895,0.00489939141746419,0.00392409449924245,4,4,10000,10000,"Joint 2.5% and 97.5% quantiles across synchronized WHO/Adam PIF draws; burden weights fixed","Joint 2.5% and 97.5% quantiles across synchronized Table 5 PUC PIF draws; burden weights fixed",TRUE,TRUE
2022,"Ischaemic Stroke","Men","hed_reduction_25_mid","HED -25%: half shift",6708.09,6708.09,54.2691131393503,55.3101782230283,30.1920871766124,51.0268512820525,82.163896433943,65.8079476735579,0.00809009913989679,0.0082452945954852,0.00450084706326426,0.00760676306997259,0.0122484785436604,0.00981023624810608,4,4,10000,10000,"Joint 2.5% and 97.5% quantiles across synchronized WHO/Adam PIF draws; burden weights fixed","Joint 2.5% and 97.5% quantiles across synchronized Table 5 PUC PIF draws; burden weights fixed",TRUE,TRUE
2022,"Ischaemic Stroke","Men","hed_reduction_50_mid","HED -50%: half shift",6708.09,6708.09,108.5382262787,110.620356446057,60.384174353225,102.053702564106,164.327792867886,131.615895347116,0.0161801982797936,0.0164905891909705,0.00900169412652857,0.0152135261399453,0.0244969570873208,0.0196204724962122,4,4,10000,10000,"Joint 2.5% and 97.5% quantiles across synchronized WHO/Adam PIF draws; burden weights fixed","Joint 2.5% and 97.5% quantiles across synchronized Table 5 PUC PIF draws; burden weights fixed",TRUE,TRUE
2022,"Ischaemic Stroke","Men","hed_reduction_10_rt","HED -10%: complete shift",6708.09,6708.09,33.6933384473242,34.0504909588633,18.5120423710618,30.1134105721429,51.9067617573369,42.4622157495329,0.00502279165117406,0.00507603370838247,0.00275965921313843,0.00448911844834266,0.00773793460692043,0.00633000090182644,4,4,10000,10000,"Joint 2.5% and 97.5% quantiles across synchronized WHO/Adam PIF draws; burden weights fixed","Joint 2.5% and 97.5% quantiles across synchronized Table 5 PUC PIF draws; burden weights fixed",TRUE,TRUE
2022,"Ischaemic Stroke","Men","hed_reduction_25_rt","HED -25%: complete shift",6708.09,6708.09,84.23334611831,85.1262273971581,46.2801059276548,75.283526430357,129.766904393343,106.155539373831,0.0125569791279351,0.0126900842709561,0.00689914803284613,0.0112227961208566,0.0193448365173011,0.0158250022545659,4,4,10000,10000,"Joint 2.5% and 97.5% quantiles across synchronized WHO/Adam PIF draws; burden weights fixed","Joint 2.5% and 97.5% quantiles across synchronized Table 5 PUC PIF draws; burden weights fixed",TRUE,TRUE
2022,"Ischaemic Stroke","Men","hed_reduction_50_rt","HED -50%: complete shift",6708.09,6708.09,168.466692236619,170.252454794317,92.5602118553096,150.567052860714,259.533808786683,212.311078747662,0.0251139582558701,0.0253801685419124,0.0137982960656923,0.0224455922417132,0.038689673034602,0.0316500045091318,4,4,10000,10000,"Joint 2.5% and 97.5% quantiles across synchronized WHO/Adam PIF draws; burden weights fixed","Joint 2.5% and 97.5% quantiles across synchronized Table 5 PUC PIF draws; burden weights fixed",TRUE,TRUE
2022,"Ischaemic Stroke","Men","combined_v10_h25","Combined 10/25: no shift",6708.09,6708.09,83.1025223028165,83.6090905142696,45.5422097445853,73.9049945544771,132.035872717638,104.756333981473,0.0123884030033611,0.0124639190163325,0.00678914709620552,0.0110172932316765,0.0196830800895096,0.0156164174871645,4,4,10000,10000,"Joint 2.5% and 97.5% quantiles across synchronized WHO/Adam PIF draws; burden weights fixed","Joint 2.5% and 97.5% quantiles across synchronized Table 5 PUC PIF draws; burden weights fixed",TRUE,TRUE
2022,"Ischaemic Stroke","Men","combined_v20_h50","Combined 20/50: no shift",6708.09,6708.09,165.525444830429,166.949212964051,91.359848995388,148.693254086212,259.425828606381,207.562961247477,0.0246754955330697,0.0248877419599395,0.0136193534963586,0.0221662580684237,0.0386735760263176,0.0309421849211142,4,4,10000,10000,"Joint 2.5% and 97.5% quantiles across synchronized WHO/Adam PIF draws; burden weights fixed","Joint 2.5% and 97.5% quantiles across synchronized Table 5 PUC PIF draws; burden weights fixed",TRUE,TRUE
2022,"Ischaemic Stroke","Men","combined_v30_h50","Combined 30/50: no shift",6708.09,6708.09,218.017838034274,219.318031320447,120.559083313025,182.46112532121,342.718419015386,286.317294106098,0.0325007324043467,0.0326945570677267,0.0179721922802206,0.0272001606002917,0.0510903131912938,0.0426823871036462,4,4,10000,10000,"Joint 2.5% and 97.5% quantiles across synchronized WHO/Adam PIF draws; burden weights fixed","Joint 2.5% and 97.5% quantiles across synchronized Table 5 PUC PIF draws; burden weights fixed",TRUE,TRUE
2022,"Ischaemic Stroke","Men","combined_v10_h25_mid","Combined 10/25: half shift",6708.09,6708.09,108.806041604115,109.286590515971,59.8930707808946,91.6147319433971,172.01858192684,142.511123265451,0.016220122509405,0.0162917597283237,0.00892848348500014,0.0136573498482276,0.0256434517018763,0.0212446647652985,4,4,10000,10000,"Joint 2.5% and 97.5% quantiles across synchronized WHO/Adam PIF draws; burden weights fixed","Joint 2.5% and 97.5% quantiles across synchronized Table 5 PUC PIF draws; burden weights fixed",TRUE,TRUE
2022,"Ischaemic Stroke","Men","combined_v20_h50_mid","Combined 20/50: half shift",6708.09,6708.09,208.720748877145,210.335932955668,115.428607742436,178.533834479502,325.198171954318,271.87260438687,0.0311147806420523,0.0313555621578822,0.0172073731483084,0.0266147047042454,0.0484785046047859,0.0405290633230726,4,4,10000,10000,"Joint 2.5% and 97.5% quantiles across synchronized WHO/Adam PIF draws; burden weights fixed","Joint 2.5% and 97.5% quantiles across synchronized Table 5 PUC PIF draws; burden weights fixed",TRUE,TRUE
2022,"Ischaemic Stroke","Men","combined_v30_h50_mid","Combined 30/50: half shift",6708.09,6708.09,253.285527731012,255.02487329611,140.538395403726,205.683653944971,396.093651498191,339.749182072643,0.0377582184691935,0.0380175092009961,0.0209505828639338,0.0306620295710062,0.0590471582072081,0.050647677963868,4,4,10000,10000,"Joint 2.5% and 97.5% quantiles across synchronized WHO/Adam PIF draws; burden weights fixed","Joint 2.5% and 97.5% quantiles across synchronized Table 5 PUC PIF draws; burden weights fixed",TRUE,TRUE
2022,"Ischaemic Stroke","Men","combined_v10_h25_rt","Combined 10/25: complete shift",6708.09,6708.09,134.509560905413,134.964090517672,73.9214028575172,108.361469549283,212.027885071958,180.448634538024,0.020051842015449,0.0201196004403149,0.0110197392786199,0.0161538484947703,0.0316077877714756,0.0269001510918941,4,4,10000,10000,"Joint 2.5% and 97.5% quantiles across synchronized WHO/Adam PIF draws; burden weights fixed","Joint 2.5% and 97.5% quantiles across synchronized Table 5 PUC PIF draws; burden weights fixed",TRUE,TRUE
2022,"Ischaemic Stroke","Men","combined_v20_h50_rt","Combined 20/50: complete shift",6708.09,6708.09,251.91605292386,253.722652947285,139.636324486153,206.425143674371,391.518305609023,336.165679077894,0.0375540657510349,0.0378233823558248,0.0208161077871873,0.0307725662110036,0.0583650943277481,0.0501134718046261,4,4,10000,10000,"Joint 2.5% and 97.5% quantiles across synchronized WHO/Adam PIF draws; burden weights fixed","Joint 2.5% and 97.5% quantiles across synchronized Table 5 PUC PIF draws; burden weights fixed",TRUE,TRUE
2022,"Ischaemic Stroke","Men","combined_v30_h50_rt","Combined 30/50: complete shift",6708.09,6708.09,288.553217427751,290.731715271772,160.164770959244,227.151383838892,448.314320471447,393.740896331662,0.0430157045340404,0.0433404613342654,0.0238763598817613,0.033862304149004,0.0668318881337977,0.0586964242178715,4,4,10000,10000,"Joint 2.5% and 97.5% quantiles across synchronized WHO/Adam PIF draws; burden weights fixed","Joint 2.5% and 97.5% quantiles across synchronized Table 5 PUC PIF draws; burden weights fixed",TRUE,TRUE
2024,"Ischaemic Stroke","Men","baseline","Baseline",6555.87,6555.87,0,0,0,0,0,0,0,0,0,0,0,0,4,4,10000,10000,"Joint 2.5% and 97.5% quantiles across synchronized WHO/Adam PIF draws; burden weights fixed","Joint 2.5% and 97.5% quantiles across synchronized Table 5 PUC PIF draws; burden weights fixed",TRUE,TRUE
2024,"Ischaemic Stroke","Men","volume_reduction_10","Volume -10%",6555.87,6555.87,53.6788855863752,53.2164730704582,28.8514853577629,31.0977305500382,92.2279760247652,80.5852214320983,0.00818791183876056,0.00811737771957927,0.00440086294538527,0.00474349408240832,0.0140679995217668,0.0122920712936801,4,4,10000,10000,"Joint 2.5% and 97.5% quantiles across synchronized WHO/Adam PIF draws; burden weights fixed","Joint 2.5% and 97.5% quantiles across synchronized Table 5 PUC PIF draws; burden weights fixed",TRUE,TRUE
2024,"Ischaemic Stroke","Men","volume_reduction_20","Volume -20%",6555.87,6555.87,103.498608724888,102.769702180225,55.8132905639503,58.9532685729837,176.152498184958,156.512315515606,0.015787166115998,0.0156759823151199,0.00851348342232996,0.00899244014493632,0.0268694312402408,0.0238736148696673,4,4,10000,10000,"Joint 2.5% and 97.5% quantiles across synchronized WHO/Adam PIF draws; burden weights fixed","Joint 2.5% and 97.5% quantiles across synchronized Table 5 PUC PIF draws; burden weights fixed",TRUE,TRUE
2024,"Ischaemic Stroke","Men","volume_reduction_30","Volume -30%",6555.87,6555.87,149.017128889279,148.234025638609,80.5103671335572,83.2279434984105,250.791134477837,227.729211816068,0.0227303361551219,0.022610885456638,0.0122806533890326,0.0126951790530335,0.038254439834505,0.034736688161307,4,4,10000,10000,"Joint 2.5% and 97.5% quantiles across synchronized WHO/Adam PIF draws; burden weights fixed","Joint 2.5% and 97.5% quantiles across synchronized Table 5 PUC PIF draws; burden weights fixed",TRUE,TRUE
2024,"Ischaemic Stroke","Men","hed_reduction_10","HED -10%: no shift",6555.87,6555.87,6.66988904765249,6.97023112558337,3.57899204118246,4.25027964563154,10.2990056649674,12.4495354018648,0.00101739190186085,0.00106320459764812,0.000545921752747151,0.000648316645331824,0.00157095940965385,0.00189899058429541,4,4,10000,10000,"Joint 2.5% and 97.5% quantiles across synchronized WHO/Adam PIF draws; burden weights fixed","Joint 2.5% and 97.5% quantiles across synchronized Table 5 PUC PIF draws; burden weights fixed",TRUE,TRUE
2024,"Ischaemic Stroke","Men","hed_reduction_25","HED -25%: no shift",6555.87,6555.87,16.6747226191313,17.4255778139577,8.94748010295664,10.625699114078,25.7475141624188,31.1238385046608,0.00254347975465213,0.00265801149412019,0.00136480438186795,0.00162079161332943,0.00392739852413468,0.00474747646073837,4,4,10000,10000,"Joint 2.5% and 97.5% quantiles across synchronized WHO/Adam PIF draws; burden weights fixed","Joint 2.5% and 97.5% quantiles across synchronized Table 5 PUC PIF draws; burden weights fixed",TRUE,TRUE
2024,"Ischaemic Stroke","Men","hed_reduction_50","HED -50%: no shift",6555.87,6555.87,33.3494452382631,34.851155627916,17.8949602059127,21.251398228156,51.4950283248366,62.2476770093216,0.00508695950930435,0.00531602298824046,0.00272960876373581,0.00324158322665885,0.0078547970482692,0.00949495292147673,4,4,10000,10000,"Joint 2.5% and 97.5% quantiles across synchronized WHO/Adam PIF draws; burden weights fixed","Joint 2.5% and 97.5% quantiles across synchronized Table 5 PUC PIF draws; burden weights fixed",TRUE,TRUE
2024,"Ischaemic Stroke","Men","hed_reduction_10_mid","HED -10%: half shift",6555.87,6555.87,16.1456354616582,16.609639738394,9.32678329532614,15.179238551615,24.6448715695476,20.1843921289,0.00246277541526269,0.00253355233377019,0.0014226614156971,0.0023153660081141,0.00375920687407585,0.00307882739116242,4,4,10000,10000,"Joint 2.5% and 97.5% quantiles across synchronized WHO/Adam PIF draws; burden weights fixed","Joint 2.5% and 97.5% quantiles across synchronized Table 5 PUC PIF draws; burden weights fixed",TRUE,TRUE
2024,"Ischaemic Stroke","Men","hed_reduction_25_mid","HED -25%: half shift",6555.87,6555.87,40.3640886541464,41.5240993459841,23.3169582383148,37.9480963790371,61.61217892387,50.4609803222507,0.00615693853815685,0.00633388083442534,0.00355665353924267,0.0057884150202852,0.00939801718518976,0.00769706847790617,4,4,10000,10000,"Joint 2.5% and 97.5% quantiles across synchronized WHO/Adam PIF draws; burden weights fixed","Joint 2.5% and 97.5% quantiles across synchronized Table 5 PUC PIF draws; burden weights fixed",TRUE,TRUE
2024,"Ischaemic Stroke","Men","hed_reduction_50_mid","HED -50%: half shift",6555.87,6555.87,80.7281773082925,83.048198691969,46.6339164766298,75.896192758074,123.22435784774,100.921960644501,0.0123138770763137,0.0126677616688508,0.00711330707848535,0.0115768300405704,0.0187960343703796,0.0153941369558123,4,4,10000,10000,"Joint 2.5% and 97.5% quantiles across synchronized WHO/Adam PIF draws; burden weights fixed","Joint 2.5% and 97.5% quantiles across synchronized Table 5 PUC PIF draws; burden weights fixed",TRUE,TRUE
2024,"Ischaemic Stroke","Men","hed_reduction_10_rt","HED -10%: complete shift",6555.87,6555.87,25.621381875664,26.2490483512046,14.631136499188,22.3773828235021,40.1568276448215,34.4687209832973,0.00390815892866454,0.00400390006989227,0.002231761230651,0.00341333535038098,0.00612532396841632,0.00525768829816596,4,4,10000,10000,"Joint 2.5% and 97.5% quantiles across synchronized WHO/Adam PIF draws; burden weights fixed","Joint 2.5% and 97.5% quantiles across synchronized Table 5 PUC PIF draws; burden weights fixed",TRUE,TRUE
2024,"Ischaemic Stroke","Men","hed_reduction_25_rt","HED -25%: complete shift",6555.87,6555.87,64.0534546891615,65.6226208780104,36.5778412479695,55.9434570587551,100.392069112052,86.1718024582433,0.00977039732166158,0.0100097501747305,0.00557940307662744,0.0085333383759524,0.0153133099210405,0.0131442207454149,4,4,10000,10000,"Joint 2.5% and 97.5% quantiles across synchronized WHO/Adam PIF draws; burden weights fixed","Joint 2.5% and 97.5% quantiles across synchronized Table 5 PUC PIF draws; burden weights fixed",TRUE,TRUE
2024,"Ischaemic Stroke","Men","hed_reduction_50_rt","HED -50%: complete shift",6555.87,6555.87,128.106909378322,131.245241756022,73.155682495938,111.886914117511,200.784138224104,172.343604916487,0.019540794643323,0.0200195003494612,0.0111588061532547,0.0170666767519049,0.030626619842081,0.02628844149083,4,4,10000,10000,"Joint 2.5% and 97.5% quantiles across synchronized WHO/Adam PIF draws; burden weights fixed","Joint 2.5% and 97.5% quantiles across synchronized Table 5 PUC PIF draws; burden weights fixed",TRUE,TRUE
2024,"Ischaemic Stroke","Men","combined_v10_h25","Combined 10/25: no shift",6555.87,6555.87,71.5554235535385,71.906383708637,39.8817399262548,61.2961885566559,115.632886822933,93.2338570485651,0.0109147105652703,0.0109682442923116,0.00608336344775823,0.00934981757671459,0.0176380689096845,0.0142214316404329,4,4,10000,10000,"Joint 2.5% and 97.5% quantiles across synchronized WHO/Adam PIF draws; burden weights fixed","Joint 2.5% and 97.5% quantiles across synchronized Table 5 PUC PIF draws; burden weights fixed",TRUE,TRUE
2024,"Ischaemic Stroke","Men","combined_v20_h50","Combined 20/50: no shift",6555.87,6555.87,142.077253268911,143.122749100858,79.6686500387778,123.071360792806,225.984030458133,183.984983046671,0.021671761836173,0.0218312366018328,0.0121522620245334,0.0187726969559808,0.0344704868244997,0.0280641597601342,4,4,10000,10000,"Joint 2.5% and 97.5% quantiles across synchronized WHO/Adam PIF draws; burden weights fixed","Joint 2.5% and 97.5% quantiles across synchronized Table 5 PUC PIF draws; burden weights fixed",TRUE,TRUE
2024,"Ischaemic Stroke","Men","combined_v30_h50","Combined 30/50: no shift",6555.87,6555.87,190.96713757138,192.134427879784,106.345505927317,154.160177937136,304.760689940476,257.310463027292,0.02912918309414,0.0293072357871318,0.0162214177412482,0.023514831431547,0.0464866890192265,0.0392488659822865,4,4,10000,10000,"Joint 2.5% and 97.5% quantiles across synchronized WHO/Adam PIF draws; burden weights fixed","Joint 2.5% and 97.5% quantiles across synchronized Table 5 PUC PIF draws; burden weights fixed",TRUE,TRUE
2024,"Ischaemic Stroke","Men","combined_v10_h25_mid","Combined 10/25: half shift",6555.87,6555.87,91.5817331815271,92.4758146983981,51.3309060507844,74.5530898682383,147.489230293476,124.209986975805,0.0139694248332452,0.0141058036078199,0.00782976264794518,0.0113719597655595,0.0224972780566845,0.0189463773649881,4,4,10000,10000,"Joint 2.5% and 97.5% quantiles across synchronized WHO/Adam PIF draws; burden weights fixed","Joint 2.5% and 97.5% quantiles across synchronized Table 5 PUC PIF draws; burden weights fixed",TRUE,TRUE
2024,"Ischaemic Stroke","Men","combined_v20_h50_mid","Combined 20/50: half shift",6555.87,6555.87,175.05331589802,177.457262114053,98.5455744878902,145.082049101481,277.530677188263,236.218460330289,0.0267017674081426,0.0270684534797141,0.0150316547594583,0.0221300985378724,0.04233315748913,0.036031596161957,4,4,10000,10000,"Joint 2.5% and 97.5% quantiles across synchronized WHO/Adam PIF draws; burden weights fixed","Joint 2.5% and 97.5% quantiles across synchronized Table 5 PUC PIF draws; burden weights fixed",TRUE,TRUE
2024,"Ischaemic Stroke","Men","combined_v30_h50_mid","Combined 30/50: half shift",6555.87,6555.87,217.096922980599,219.90310853325,122.174829912262,169.732747486154,345.416757078418,300.086332163481,0.0331148913844537,0.0335429330559102,0.0186359445675802,0.0258901942055218,0.0526881645118677,0.0457736855922221,4,4,10000,10000,"Joint 2.5% and 97.5% quantiles across synchronized WHO/Adam PIF draws; burden weights fixed","Joint 2.5% and 97.5% quantiles across synchronized Table 5 PUC PIF draws; burden weights fixed",TRUE,TRUE
2024,"Ischaemic Stroke","Men","combined_v10_h25_rt","Combined 10/25: complete shift",6555.87,6555.87,111.608042809516,113.045245688159,62.6802494027135,86.6382009998251,179.53767655349,155.975309624818,0.0170241391012201,0.0172433629233281,0.00956093537588657,0.0132153628732457,0.0273857896135052,0.0237917026458453,4,4,10000,10000,"Joint 2.5% and 97.5% quantiles across synchronized WHO/Adam PIF draws; burden weights fixed","Joint 2.5% and 97.5% quantiles across synchronized Table 5 PUC PIF draws; burden weights fixed",TRUE,TRUE
2024,"Ischaemic Stroke","Men","combined_v20_h50_rt","Combined 20/50: complete shift",6555.87,6555.87,208.029378527129,211.791775127249,117.844436936288,164.601663940487,330.148687082664,289.993681005322,0.0317317729801123,0.0323056703575954,0.0179754078308887,0.0251075240876477,0.0503592485944145,0.0442342024788963,4,4,10000,10000,"Joint 2.5% and 97.5% quantiles across synchronized WHO/Adam PIF draws; burden weights fixed","Joint 2.5% and 97.5% quantiles across synchronized Table 5 PUC PIF draws; burden weights fixed",TRUE,TRUE
2024,"Ischaemic Stroke","Men","combined_v30_h50_rt","Combined 30/50: complete shift",6555.87,6555.87,243.226708389818,247.671789186717,137.563047534901,184.832865285898,386.2709306038,344.455766209842,0.0371005996747674,0.0377786303246887,0.0209831872100729,0.0281934915252892,0.0589198581734842,0.052541579715559,4,4,10000,10000,"Joint 2.5% and 97.5% quantiles across synchronized WHO/Adam PIF draws; burden weights fixed","Joint 2.5% and 97.5% quantiles across synchronized Table 5 PUC PIF draws; burden weights fixed",TRUE,TRUE
2012,"Ischaemic Stroke","Women","baseline","Baseline",4219.95,4219.95,0,0,0,0,0,0,0,0,0,0,0,0,4,4,10000,10000,"Joint 2.5% and 97.5% quantiles across synchronized WHO/Adam PIF draws; burden weights fixed","Joint 2.5% and 97.5% quantiles across synchronized Table 5 PUC PIF draws; burden weights fixed",TRUE,TRUE
2012,"Ischaemic Stroke","Women","volume_reduction_10","Volume -10%",4219.95,4219.95,57.4495672010033,54.0313700242756,20.1534621736656,32.7056765152445,245.482594917424,82.9354569624088,0.0136138028178067,0.0128037938895664,0.0047757585217042,0.0077502521393013,0.0581719202638476,0.0196531847444659,4,4,10000,10000,"Joint 2.5% and 97.5% quantiles across synchronized WHO/Adam PIF draws; burden weights fixed","Joint 2.5% and 97.5% quantiles across synchronized Table 5 PUC PIF draws; burden weights fixed",TRUE,TRUE
2012,"Ischaemic Stroke","Women","volume_reduction_20","Volume -20%",4219.95,4219.95,97.1168059112191,91.9955063297986,34.4984560789057,54.5840421439508,378.68038227815,142.287209522551,0.0230137337909736,0.0218001413120531,0.00817508645337165,0.0129347603985713,0.0897357509634356,0.0337177477274732,4,4,10000,10000,"Joint 2.5% and 97.5% quantiles across synchronized WHO/Adam PIF draws; burden weights fixed","Joint 2.5% and 97.5% quantiles across synchronized Table 5 PUC PIF draws; burden weights fixed",TRUE,TRUE
2012,"Ischaemic Stroke","Women","volume_reduction_30","Volume -30%",4219.95,4219.95,123.122440196296,117.44543655032,43.6671882204606,67.6863020082937,449.586333337154,183.699376345461,0.0291762793863188,0.0278310019195298,0.0103477975379947,0.0160395981014689,0.10653830811672,0.043531173673968,4,4,10000,10000,"Joint 2.5% and 97.5% quantiles across synchronized WHO/Adam PIF draws; burden weights fixed","Joint 2.5% and 97.5% quantiles across synchronized Table 5 PUC PIF draws; burden weights fixed",TRUE,TRUE
2012,"Ischaemic Stroke","Women","hed_reduction_10","HED -10%: no shift",4219.95,4219.95,8.94555751070819,9.09003133318724,5.20527232773997,6.95864493290266,12.0374521515477,11.6435212410572,0.0021198254744033,0.00215406138299914,0.00123349146974252,0.00164898753134579,0.00285251061068205,0.00275916094765511,4,4,10000,10000,"Joint 2.5% and 97.5% quantiles across synchronized WHO/Adam PIF draws; burden weights fixed","Joint 2.5% and 97.5% quantiles across synchronized Table 5 PUC PIF draws; burden weights fixed",TRUE,TRUE
2012,"Ischaemic Stroke","Women","hed_reduction_25","HED -25%: no shift",4219.95,4219.95,22.3638937767704,22.7250783329687,13.0131808193503,17.3966123322567,30.0936303788695,29.108803102643,0.00529956368600822,0.005385153457498,0.0030837286743564,0.00412246882836448,0.00713127652670519,0.00689790236913778,4,4,10000,10000,"Joint 2.5% and 97.5% quantiles across synchronized WHO/Adam PIF draws; burden weights fixed","Joint 2.5% and 97.5% quantiles across synchronized Table 5 PUC PIF draws; burden weights fixed",TRUE,TRUE
2012,"Ischaemic Stroke","Women","hed_reduction_50","HED -50%: no shift",4219.95,4219.95,44.7277875535416,45.4501566659374,26.0263616387003,34.793224664514,60.1872607577387,58.2176062052858,0.0105991273720166,0.010770306914996,0.00616745734871273,0.00824493765672912,0.0142625530534103,0.0137958047382755,4,4,10000,10000,"Joint 2.5% and 97.5% quantiles across synchronized WHO/Adam PIF draws; burden weights fixed","Joint 2.5% and 97.5% quantiles across synchronized Table 5 PUC PIF draws; burden weights fixed",TRUE,TRUE
2012,"Ischaemic Stroke","Women","hed_reduction_10_mid","HED -10%: half shift",4219.95,4219.95,16.3255465241247,16.1726804147221,8.5735477477377,13.9965815226066,34.2460370479382,18.9840655362619,0.00386865875759777,0.00383243413185515,0.00203167045764469,0.00331676477745153,0.00811527080840724,0.00449864703047711,4,4,10000,10000,"Joint 2.5% and 97.5% quantiles across synchronized WHO/Adam PIF draws; burden weights fixed","Joint 2.5% and 97.5% quantiles across synchronized Table 5 PUC PIF draws; burden weights fixed",TRUE,TRUE
2012,"Ischaemic Stroke","Women","hed_reduction_25_mid","HED -25%: half shift",4219.95,4219.95,40.8138663103116,40.4317010368055,21.4338693693445,34.9914538065159,85.6150926198459,47.4601638406547,0.00967164689399438,0.00958108532963791,0.00507917614411179,0.00829191194362869,0.0202881770210182,0.0112466175761928,4,4,10000,10000,"Joint 2.5% and 97.5% quantiles across synchronized WHO/Adam PIF draws; burden weights fixed","Joint 2.5% and 97.5% quantiles across synchronized Table 5 PUC PIF draws; burden weights fixed",TRUE,TRUE
2012,"Ischaemic Stroke","Women","hed_reduction_50_mid","HED -50%: half shift",4219.95,4219.95,81.6277326206237,80.8634020736108,42.8677387386894,69.9829076130323,171.230185239692,94.9203276813094,0.0193432937879889,0.0191621706592758,0.0101583522882236,0.0165838238872575,0.0405763540420366,0.0224932351523856,4,4,10000,10000,"Joint 2.5% and 97.5% quantiles across synchronized WHO/Adam PIF draws; burden weights fixed","Joint 2.5% and 97.5% quantiles across synchronized Table 5 PUC PIF draws; burden weights fixed",TRUE,TRUE
2012,"Ischaemic Stroke","Women","hed_reduction_10_rt","HED -10%: complete shift",4219.95,4219.95,23.7055355375413,23.255329496257,11.6840458164243,18.7945749164482,57.380281938087,29.5639634696051,0.00561749204079225,0.00551080688071115,0.00276876404138065,0.00445374350796768,0.0135973843145267,0.00700576155395327,4,4,10000,10000,"Joint 2.5% and 97.5% quantiles across synchronized WHO/Adam PIF draws; burden weights fixed","Joint 2.5% and 97.5% quantiles across synchronized Table 5 PUC PIF draws; burden weights fixed",TRUE,TRUE
2012,"Ischaemic Stroke","Women","hed_reduction_25_rt","HED -25%: complete shift",4219.95,4219.95,59.2638388438528,58.1383237406423,29.2101145410607,46.9864372911206,143.450704845217,73.9099086740124,0.0140437301019805,0.0137770172017778,0.00692191010345163,0.0111343587699192,0.0339934607863166,0.0175144038848831,4,4,10000,10000,"Joint 2.5% and 97.5% quantiles across synchronized WHO/Adam PIF draws; burden weights fixed","Joint 2.5% and 97.5% quantiles across synchronized Table 5 PUC PIF draws; burden weights fixed",TRUE,TRUE
2012,"Ischaemic Stroke","Women","hed_reduction_50_rt","HED -50%: complete shift",4219.95,4219.95,118.527677687706,116.276647481284,58.4202290821215,93.9728745822406,286.901409690433,147.819817348025,0.0280874602039611,0.0275540344035555,0.0138438202069033,0.0222687175398383,0.0679869215726332,0.0350288077697662,4,4,10000,10000,"Joint 2.5% and 97.5% quantiles across synchronized WHO/Adam PIF draws; burden weights fixed","Joint 2.5% and 97.5% quantiles across synchronized Table 5 PUC PIF draws; burden weights fixed",TRUE,TRUE
2012,"Ischaemic Stroke","Women","combined_v10_h25","Combined 10/25: no shift",4219.95,4219.95,80.4812870546925,77.4615262160133,34.886485543698,59.9570840980971,273.91970035763,102.791526376062,0.0190716210037305,0.0183560293880291,0.00826703765298119,0.0142080081750014,0.064910650684873,0.0243584702131689,4,4,10000,10000,"Joint 2.5% and 97.5% quantiles across synchronized WHO/Adam PIF draws; burden weights fixed","Joint 2.5% and 97.5% quantiles across synchronized Table 5 PUC PIF draws; burden weights fixed",TRUE,TRUE
2012,"Ischaemic Stroke","Women","combined_v20_h50","Combined 20/50: no shift",4219.95,4219.95,144.579161585304,140.342096399994,65.0858407513005,110.319916373041,436.44834182932,183.311488741566,0.0342608707651284,0.0332568149859582,0.0154233677534806,0.0261424700228774,0.103425003099402,0.043439256091083,4,4,10000,10000,"Joint 2.5% and 97.5% quantiles across synchronized WHO/Adam PIF draws; burden weights fixed","Joint 2.5% and 97.5% quantiles across synchronized Table 5 PUC PIF draws; burden weights fixed",TRUE,TRUE
2012,"Ischaemic Stroke","Women","combined_v30_h50","Combined 30/50: no shift",4219.95,4219.95,172.022994983781,167.333326316348,75.915018833348,125.299918502282,511.235868243772,226.079958514126,0.0407642258756102,0.0396529168156845,0.0179895541021453,0.0296922756199202,0.121147375737573,0.0535740846489001,4,4,10000,10000,"Joint 2.5% and 97.5% quantiles across synchronized WHO/Adam PIF draws; burden weights fixed","Joint 2.5% and 97.5% quantiles across synchronized Table 5 PUC PIF draws; burden weights fixed",TRUE,TRUE
2012,"Ischaemic Stroke","Women","combined_v10_h25_mid","Combined 10/25: half shift",4219.95,4219.95,92.7130607067046,89.418598885587,40.377244133765,67.642021424475,304.532860970795,120.50166180717,0.0219701799089336,0.0211894925024199,0.00956818069734594,0.0160291049478015,0.0721650401001896,0.0285552344949989,4,4,10000,10000,"Joint 2.5% and 97.5% quantiles across synchronized WHO/Adam PIF draws; burden weights fixed","Joint 2.5% and 97.5% quantiles across synchronized Table 5 PUC PIF draws; burden weights fixed",TRUE,TRUE
2012,"Ischaemic Stroke","Women","combined_v20_h50_mid","Combined 20/50: half shift",4219.95,4219.95,159.847010006149,155.660801086047,72.2046418793886,119.66664676024,468.152140638967,206.347827833995,0.0378788871920637,0.0368868828033619,0.0171103074395167,0.0283573612863281,0.110937840647156,0.0488981688963128,4,4,10000,10000,"Joint 2.5% and 97.5% quantiles across synchronized WHO/Adam PIF draws; burden weights fixed","Joint 2.5% and 97.5% quantiles across synchronized Table 5 PUC PIF draws; burden weights fixed",TRUE,TRUE
2012,"Ischaemic Stroke","Women","combined_v30_h50_mid","Combined 30/50: half shift",4219.95,4219.95,180.404608156049,176.157839607716,79.6033602690375,129.986798397932,525.929333240043,240.37847772627,0.042750413667472,0.0417440584859337,0.018863579016111,0.0308029238256216,0.124629280735564,0.0569623994896315,4,4,10000,10000,"Joint 2.5% and 97.5% quantiles across synchronized WHO/Adam PIF draws; burden weights fixed","Joint 2.5% and 97.5% quantiles across synchronized Table 5 PUC PIF draws; burden weights fixed",TRUE,TRUE
2012,"Ischaemic Stroke","Women","combined_v10_h25_rt","Combined 10/25: complete shift",4219.95,4219.95,104.944834358717,101.375671555161,45.7428306237334,75.1216491172111,337.088299757685,138.463676193501,0.0248687388141368,0.0240229556168108,0.0108396617551709,0.0178015495722014,0.0798796904602389,0.0328116864402423,4,4,10000,10000,"Joint 2.5% and 97.5% quantiles across synchronized WHO/Adam PIF draws; burden weights fixed","Joint 2.5% and 97.5% quantiles across synchronized Table 5 PUC PIF draws; burden weights fixed",TRUE,TRUE
2012,"Ischaemic Stroke","Women","combined_v20_h50_rt","Combined 20/50: complete shift",4219.95,4219.95,175.114858426995,170.9795057721,79.2276310749135,128.669283035829,504.036449907269,230.646431987989,0.041496903618999,0.0405169506207657,0.0187745426071194,0.0304907126946597,0.119441332221299,0.0546562001890993,4,4,10000,10000,"Joint 2.5% and 97.5% quantiles across synchronized WHO/Adam PIF draws; burden weights fixed","Joint 2.5% and 97.5% quantiles across synchronized Table 5 PUC PIF draws; burden weights fixed",TRUE,TRUE
2012,"Ischaemic Stroke","Women","combined_v30_h50_rt","Combined 30/50: complete shift",4219.95,4219.95,188.786221328316,184.982352899084,83.2964004642492,133.779602298044,542.740977556239,255.216237799909,0.0447366014593338,0.0438352001561829,0.0197387173933931,0.031701703171375,0.128613129908231,0.0604784980390547,4,4,10000,10000,"Joint 2.5% and 97.5% quantiles across synchronized WHO/Adam PIF draws; burden weights fixed","Joint 2.5% and 97.5% quantiles across synchronized Table 5 PUC PIF draws; burden weights fixed",TRUE,TRUE
2014,"Ischaemic Stroke","Women","baseline","Baseline",4456.82,4456.82,0,0,0,0,0,0,0,0,0,0,0,0,4,4,10000,10000,"Joint 2.5% and 97.5% quantiles across synchronized WHO/Adam PIF draws; burden weights fixed","Joint 2.5% and 97.5% quantiles across synchronized Table 5 PUC PIF draws; burden weights fixed",TRUE,TRUE
2014,"Ischaemic Stroke","Women","volume_reduction_10","Volume -10%",4456.82,4456.82,52.8963252542345,50.28883545756,22.2638007099586,32.259519032089,196.802311235683,75.6172017779804,0.0118686249959017,0.0112835688804035,0.00499544534218537,0.00723823691153985,0.0441575632930392,0.016966626827644,4,4,10000,10000,"Joint 2.5% and 97.5% quantiles across synchronized WHO/Adam PIF draws; burden weights fixed","Joint 2.5% and 97.5% quantiles across synchronized Table 5 PUC PIF draws; burden weights fixed",TRUE,TRUE
2014,"Ischaemic Stroke","Women","volume_reduction_20","Volume -20%",4456.82,4456.82,87.8230429222767,84.2457925765822,36.9925912586013,52.083189111536,300.026778725287,129.024652596104,0.0197053152073175,0.0189026688483228,0.00830022106762251,0.0116861773891555,0.067318576636545,0.0289499357380608,4,4,10000,10000,"Joint 2.5% and 97.5% quantiles across synchronized WHO/Adam PIF draws; burden weights fixed","Joint 2.5% and 97.5% quantiles across synchronized Table 5 PUC PIF draws; burden weights fixed",TRUE,TRUE
2014,"Ischaemic Stroke","Women","volume_reduction_30","Volume -30%",4456.82,4456.82,108.376578309624,104.995357879695,45.3527068216137,61.5393247749077,355.405508140873,165.227836031846,0.024317019379204,0.0235583572770933,0.0101760238963238,0.0138078999768686,0.0797441916301024,0.0370730332460917,4,4,10000,10000,"Joint 2.5% and 97.5% quantiles across synchronized WHO/Adam PIF draws; burden weights fixed","Joint 2.5% and 97.5% quantiles across synchronized Table 5 PUC PIF draws; burden weights fixed",TRUE,TRUE
2014,"Ischaemic Stroke","Women","hed_reduction_10","HED -10%: no shift",4456.82,4456.82,14.9505754147317,15.0282206561194,8.84343488051417,11.5448158212949,20.2355056725531,19.0117705745313,0.00335453875515091,0.00337196042382673,0.00198424771036617,0.00259037067265334,0.00454034618237962,0.00426577034175293,4,4,10000,10000,"Joint 2.5% and 97.5% quantiles across synchronized WHO/Adam PIF draws; burden weights fixed","Joint 2.5% and 97.5% quantiles across synchronized Table 5 PUC PIF draws; burden weights fixed",TRUE,TRUE
2014,"Ischaemic Stroke","Women","hed_reduction_25","HED -25%: no shift",4456.82,4456.82,37.3764385368288,37.5705516402989,22.108587201285,28.862039553237,50.5887641813826,47.5294264363282,0.00838634688787719,0.00842990105956689,0.00496061927591535,0.00647592668163332,0.011350865455949,0.0106644258543823,4,4,10000,10000,"Joint 2.5% and 97.5% quantiles across synchronized WHO/Adam PIF draws; burden weights fixed","Joint 2.5% and 97.5% quantiles across synchronized Table 5 PUC PIF draws; burden weights fixed",TRUE,TRUE
2014,"Ischaemic Stroke","Women","hed_reduction_50","HED -50%: no shift",4456.82,4456.82,74.7528770736568,75.1411032805976,44.2171744025695,57.7240791064745,101.177528362765,95.0588528726564,0.0167726937757542,0.0168598021191337,0.00992123855183057,0.0129518533632667,0.0227017309118979,0.0213288517087646,4,4,10000,10000,"Joint 2.5% and 97.5% quantiles across synchronized WHO/Adam PIF draws; burden weights fixed","Joint 2.5% and 97.5% quantiles across synchronized Table 5 PUC PIF draws; burden weights fixed",TRUE,TRUE
2014,"Ischaemic Stroke","Women","hed_reduction_10_mid","HED -10%: half shift",4456.82,4456.82,23.75125577121,23.5943017539768,13.8134446335409,21.3726407343255,41.0301052492011,26.4802909758141,0.00532919340947358,0.00529397681620007,0.00309939477778795,0.00479549112019904,0.00920613918650542,0.0059415213034886,4,4,10000,10000,"Joint 2.5% and 97.5% quantiles across synchronized WHO/Adam PIF draws; burden weights fixed","Joint 2.5% and 97.5% quantiles across synchronized Table 5 PUC PIF draws; burden weights fixed",TRUE,TRUE
2014,"Ischaemic Stroke","Women","hed_reduction_25_mid","HED -25%: half shift",4456.82,4456.82,59.3781394280244,58.9857543849422,34.5336115838522,53.4316018358134,102.575263123002,66.2007274395353,0.0133229835236838,0.0132349420405002,0.00774848694446986,0.0119887278004975,0.0230153479662634,0.0148538032587215,4,4,10000,10000,"Joint 2.5% and 97.5% quantiles across synchronized WHO/Adam PIF draws; burden weights fixed","Joint 2.5% and 97.5% quantiles across synchronized Table 5 PUC PIF draws; burden weights fixed",TRUE,TRUE
2014,"Ischaemic Stroke","Women","hed_reduction_50_mid","HED -50%: half shift",4456.82,4456.82,118.756278856048,117.971508769884,69.0672231677044,106.863203671627,205.150526246004,132.401454879071,0.0266459670473675,0.0264698840810004,0.0154969738889397,0.0239774556009951,0.0460306959325267,0.0297076065174431,4,4,10000,10000,"Joint 2.5% and 97.5% quantiles across synchronized WHO/Adam PIF draws; burden weights fixed","Joint 2.5% and 97.5% quantiles across synchronized Table 5 PUC PIF draws; burden weights fixed",TRUE,TRUE
2014,"Ischaemic Stroke","Women","hed_reduction_10_rt","HED -10%: complete shift",4456.82,4456.82,32.5519361276884,32.1603828518341,18.2456612199047,28.2544770663431,63.2843665016294,37.7829181410952,0.00730384806379625,0.00721599320857341,0.00409387438126394,0.00633960471061051,0.0141994441107403,0.00847755084142847,4,4,10000,10000,"Joint 2.5% and 97.5% quantiles across synchronized WHO/Adam PIF draws; burden weights fixed","Joint 2.5% and 97.5% quantiles across synchronized Table 5 PUC PIF draws; burden weights fixed",TRUE,TRUE
2014,"Ischaemic Stroke","Women","hed_reduction_25_rt","HED -25%: complete shift",4456.82,4456.82,81.37984031922,80.4009571295854,45.614153049761,70.6361926658573,158.210916254073,94.4572953527374,0.0182596201594904,0.0180399830214335,0.0102346859531596,0.0158490117765262,0.0354986102768506,0.021193877103571,4,4,10000,10000,"Joint 2.5% and 97.5% quantiles across synchronized WHO/Adam PIF draws; burden weights fixed","Joint 2.5% and 97.5% quantiles across synchronized Table 5 PUC PIF draws; burden weights fixed",TRUE,TRUE
2014,"Ischaemic Stroke","Women","hed_reduction_50_rt","HED -50%: complete shift",4456.82,4456.82,162.75968063844,160.801914259171,91.2283060995221,141.272385331715,316.421832508146,188.914590705475,0.0365192403189808,0.036079966042867,0.0204693719063193,0.0316980235530523,0.0709972205537011,0.042387754207142,4,4,10000,10000,"Joint 2.5% and 97.5% quantiles across synchronized WHO/Adam PIF draws; burden weights fixed","Joint 2.5% and 97.5% quantiles across synchronized Table 5 PUC PIF draws; burden weights fixed",TRUE,TRUE
2014,"Ischaemic Stroke","Women","combined_v10_h25","Combined 10/25: no shift",4456.82,4456.82,91.4177658011925,89.0505464061002,47.564248806483,76.4274861717045,240.469998514825,108.512495146089,0.0205118819699231,0.0199807365803645,0.0106722391315967,0.0171484345725662,0.0539555105467182,0.0243475157502635,4,4,10000,10000,"Joint 2.5% and 97.5% quantiles across synchronized WHO/Adam PIF draws; burden weights fixed","Joint 2.5% and 97.5% quantiles across synchronized Table 5 PUC PIF draws; burden weights fixed",TRUE,TRUE
2014,"Ischaemic Stroke","Women","combined_v20_h50","Combined 20/50: no shift",4456.82,4456.82,167.221764125001,164.239225022938,89.2964122124109,142.53503900933,394.097234965125,197.369965295698,0.0375204213149737,0.0368512134263753,0.0200359027765113,0.0319813317588168,0.0884256566262773,0.0442849308017146,4,4,10000,10000,"Joint 2.5% and 97.5% quantiles across synchronized WHO/Adam PIF draws; burden weights fixed","Joint 2.5% and 97.5% quantiles across synchronized Table 5 PUC PIF draws; burden weights fixed",TRUE,TRUE
2014,"Ischaemic Stroke","Women","combined_v30_h50","Combined 30/50: no shift",4456.82,4456.82,190.135080106907,187.490897729074,99.7732919066424,155.984965332704,452.566426225887,234.822613071928,0.0426616017938592,0.0420683127721277,0.0223866550380411,0.0349991620331771,0.101544694698437,0.0526883771549957,4,4,10000,10000,"Joint 2.5% and 97.5% quantiles across synchronized WHO/Adam PIF draws; burden weights fixed","Joint 2.5% and 97.5% quantiles across synchronized Table 5 PUC PIF draws; burden weights fixed",TRUE,TRUE
2014,"Ischaemic Stroke","Women","combined_v10_h25_mid","Combined 10/25: half shift",4456.82,4456.82,105.802098149161,103.359006921916,54.7808879224104,86.000361703318,272.32879326049,129.525505009053,0.02373936980833,0.0231912006591956,0.0122914741727084,0.019296350694737,0.0611038348554552,0.0290623146119998,4,4,10000,10000,"Joint 2.5% and 97.5% quantiles across synchronized WHO/Adam PIF draws; burden weights fixed","Joint 2.5% and 97.5% quantiles across synchronized Table 5 PUC PIF draws; burden weights fixed",TRUE,TRUE
2014,"Ischaemic Stroke","Women","combined_v20_h50_mid","Combined 20/50: half shift",4456.82,4456.82,184.362525510564,181.915022987232,98.3711651646393,153.256209598254,428.108259382246,224.941855656617,0.0413663835448961,0.0408172246102,0.0220720525317691,0.0343868968453414,0.0960568879564905,0.0504713799652257,4,4,10000,10000,"Joint 2.5% and 97.5% quantiles across synchronized WHO/Adam PIF draws; burden weights fixed","Joint 2.5% and 97.5% quantiles across synchronized Table 5 PUC PIF draws; burden weights fixed",TRUE,TRUE
2014,"Ischaemic Stroke","Women","combined_v30_h50_mid","Combined 30/50: half shift",4456.82,4456.82,198.286346833494,196.65653826724,103.836190933415,159.691367406293,468.699956746102,251.008825382807,0.0444905441174411,0.0441248554501282,0.0232982689301824,0.0358307868404587,0.105164659274124,0.0563201622194316,4,4,10000,10000,"Joint 2.5% and 97.5% quantiles across synchronized WHO/Adam PIF draws; burden weights fixed","Joint 2.5% and 97.5% quantiles across synchronized Table 5 PUC PIF draws; burden weights fixed",TRUE,TRUE
2014,"Ischaemic Stroke","Women","combined_v10_h25_rt","Combined 10/25: complete shift",4456.82,4456.82,120.18643049713,117.667467437732,62.1689480846386,95.338047020592,303.592114873893,150.915916524436,0.0269668576467369,0.0264016647380267,0.0139491718500273,0.021391495959135,0.0681185497448613,0.0338617930552358,4,4,10000,10000,"Joint 2.5% and 97.5% quantiles across synchronized WHO/Adam PIF draws; burden weights fixed","Joint 2.5% and 97.5% quantiles across synchronized Table 5 PUC PIF draws; burden weights fixed",TRUE,TRUE
2014,"Ischaemic Stroke","Women","combined_v20_h50_rt","Combined 20/50: complete shift",4456.82,4456.82,201.503286896127,199.590820951525,107.165690795456,163.647490535529,462.798890060302,252.825810278445,0.0452123457748186,0.0447832357940248,0.0240453262181232,0.0367184428663328,0.103840606095894,0.0567278486181729,4,4,10000,10000,"Joint 2.5% and 97.5% quantiles across synchronized WHO/Adam PIF draws; burden weights fixed","Joint 2.5% and 97.5% quantiles across synchronized Table 5 PUC PIF draws; burden weights fixed",TRUE,TRUE
2014,"Ischaemic Stroke","Women","combined_v30_h50_rt","Combined 30/50: complete shift",4456.82,4456.82,206.437613560081,205.822178805407,108.326641940435,163.036336908099,483.781968868703,268.475305636208,0.0463194864410231,0.0461813981281288,0.0243058148950227,0.0365813151323362,0.108548689170463,0.0602392076943219,4,4,10000,10000,"Joint 2.5% and 97.5% quantiles across synchronized WHO/Adam PIF draws; burden weights fixed","Joint 2.5% and 97.5% quantiles across synchronized Table 5 PUC PIF draws; burden weights fixed",TRUE,TRUE
2016,"Ischaemic Stroke","Women","baseline","Baseline",4389.04,4389.04,0,0,0,0,0,0,0,0,0,0,0,0,4,4,10000,10000,"Joint 2.5% and 97.5% quantiles across synchronized WHO/Adam PIF draws; burden weights fixed","Joint 2.5% and 97.5% quantiles across synchronized Table 5 PUC PIF draws; burden weights fixed",TRUE,TRUE
2016,"Ischaemic Stroke","Women","volume_reduction_10","Volume -10%",4389.04,4389.04,25.5671731652906,24.7878662680375,9.83117790344656,12.3189223610156,89.390415995838,43.5572668088147,0.00582523129552033,0.00564767381204944,0.00223993809658754,0.00280674643225297,0.0203667353215824,0.00992409884822529,4,4,10000,10000,"Joint 2.5% and 97.5% quantiles across synchronized WHO/Adam PIF draws; burden weights fixed","Joint 2.5% and 97.5% quantiles across synchronized Table 5 PUC PIF draws; burden weights fixed",TRUE,TRUE
2016,"Ischaemic Stroke","Women","volume_reduction_20","Volume -20%",4389.04,4389.04,42.0560038806237,41.237139768456,15.4162514457111,18.8895791327672,137.67520179004,74.7727387614691,0.00958205071738323,0.00939548050791427,0.00351244268580627,0.00430380655741738,0.0313679533087053,0.0170362399890338,4,4,10000,10000,"Joint 2.5% and 97.5% quantiles across synchronized WHO/Adam PIF draws; burden weights fixed","Joint 2.5% and 97.5% quantiles across synchronized Table 5 PUC PIF draws; burden weights fixed",TRUE,TRUE
2016,"Ischaemic Stroke","Women","volume_reduction_30","Volume -30%",4389.04,4389.04,50.9322558960338,50.6365821999029,16.6249359577769,20.6465657500811,163.20293296357,95.9802891672412,0.0116044182545691,0.0115370518837611,0.00378782967523123,0.00470411883921794,0.0371841981307006,0.0218681737161751,4,4,10000,10000,"Joint 2.5% and 97.5% quantiles across synchronized WHO/Adam PIF draws; burden weights fixed","Joint 2.5% and 97.5% quantiles across synchronized Table 5 PUC PIF draws; burden weights fixed",TRUE,TRUE
2016,"Ischaemic Stroke","Women","hed_reduction_10","HED -10%: no shift",4389.04,4389.04,16.0771690984928,15.9136655415848,9.34797345534235,12.0607011308125,22.6724971711203,20.3040703387847,0.00366302633343346,0.0036257736410661,0.00212984467112224,0.0027479132408938,0.00516570757412107,0.0046260845968104,4,4,10000,10000,"Joint 2.5% and 97.5% quantiles across synchronized WHO/Adam PIF draws; burden weights fixed","Joint 2.5% and 97.5% quantiles across synchronized Table 5 PUC PIF draws; burden weights fixed",TRUE,TRUE
2016,"Ischaemic Stroke","Women","hed_reduction_25","HED -25%: no shift",4389.04,4389.04,40.1929227462308,39.7841638539621,23.3699336383563,30.1517528270312,56.6812429278003,50.7601758469608,0.00915756583358339,0.00906443410266531,0.00532461167780568,0.00686978310223447,0.0129142689353025,0.0115652114920258,4,4,10000,10000,"Joint 2.5% and 97.5% quantiles across synchronized WHO/Adam PIF draws; burden weights fixed","Joint 2.5% and 97.5% quantiles across synchronized Table 5 PUC PIF draws; burden weights fixed",TRUE,TRUE
2016,"Ischaemic Stroke","Women","hed_reduction_50","HED -50%: no shift",4389.04,4389.04,80.3858454924622,79.5683277079238,46.7398672767125,60.303505654062,113.362485855601,101.520351693921,0.0183151316671669,0.0181288682053305,0.0106492233556114,0.0137395662044689,0.0258285378706051,0.0231304229840515,4,4,10000,10000,"Joint 2.5% and 97.5% quantiles across synchronized WHO/Adam PIF draws; burden weights fixed","Joint 2.5% and 97.5% quantiles across synchronized Table 5 PUC PIF draws; burden weights fixed",TRUE,TRUE
2016,"Ischaemic Stroke","Women","hed_reduction_10_mid","HED -10%: half shift",4389.04,4389.04,16.9457685271591,16.9973765530846,10.0619497663483,13.7927288553108,25.0461928030065,20.8131539828093,0.00386092825017751,0.00387268663604901,0.00229251721705618,0.00314253888214982,0.00570653099607352,0.00474207434491582,4,4,10000,10000,"Joint 2.5% and 97.5% quantiles across synchronized WHO/Adam PIF draws; burden weights fixed","Joint 2.5% and 97.5% quantiles across synchronized Table 5 PUC PIF draws; burden weights fixed",TRUE,TRUE
2016,"Ischaemic Stroke","Women","hed_reduction_25_mid","HED -25%: half shift",4389.04,4389.04,42.3644213178974,42.4934413827113,25.1548744158707,34.4818221382765,62.6154820075167,52.0328849570227,0.00965232062544369,0.00968171659012251,0.00573129304264045,0.0078563472053744,0.0142663274901839,0.0118551858622894,4,4,10000,10000,"Joint 2.5% and 97.5% quantiles across synchronized WHO/Adam PIF draws; burden weights fixed","Joint 2.5% and 97.5% quantiles across synchronized Table 5 PUC PIF draws; burden weights fixed",TRUE,TRUE
2016,"Ischaemic Stroke","Women","hed_reduction_50_mid","HED -50%: half shift",4389.04,4389.04,84.7288426357949,84.9868827654223,50.3097488317412,68.9636442765524,125.230964015034,104.065769914045,0.0193046412508874,0.019363433180245,0.0114625860852809,0.0157126944107487,0.0285326549803678,0.0237103717245788,4,4,10000,10000,"Joint 2.5% and 97.5% quantiles across synchronized WHO/Adam PIF draws; burden weights fixed","Joint 2.5% and 97.5% quantiles across synchronized Table 5 PUC PIF draws; burden weights fixed",TRUE,TRUE
2016,"Ischaemic Stroke","Women","hed_reduction_10_rt","HED -10%: complete shift",4389.04,4389.04,17.8143679558254,18.0810875645843,10.1507050022167,14.2006296394758,28.6369292062481,22.302764251507,0.00405883016692157,0.00411959963103192,0.00231273923277452,0.00323547510149731,0.00652464529971204,0.00508146753082839,4,4,10000,10000,"Joint 2.5% and 97.5% quantiles across synchronized WHO/Adam PIF draws; burden weights fixed","Joint 2.5% and 97.5% quantiles across synchronized Table 5 PUC PIF draws; burden weights fixed",TRUE,TRUE
2016,"Ischaemic Stroke","Women","hed_reduction_25_rt","HED -25%: complete shift",4389.04,4389.04,44.5359198895639,45.2027189114605,25.376762505542,35.5015740986896,71.59232301562,55.7569106287677,0.010147075417304,0.0102989990775797,0.00578184808193638,0.00808868775374331,0.01631161324928,0.012703668827071,4,4,10000,10000,"Joint 2.5% and 97.5% quantiles across synchronized WHO/Adam PIF draws; burden weights fixed","Joint 2.5% and 97.5% quantiles across synchronized Table 5 PUC PIF draws; burden weights fixed",TRUE,TRUE
2016,"Ischaemic Stroke","Women","hed_reduction_50_rt","HED -50%: complete shift",4389.04,4389.04,89.0718397791276,90.4054378229208,50.7535250110837,71.0031481973792,143.18464603124,111.513821257535,0.0202941508346079,0.0205979981551594,0.0115636961638727,0.0161773755074866,0.0326232264985601,0.025407337654142,4,4,10000,10000,"Joint 2.5% and 97.5% quantiles across synchronized WHO/Adam PIF draws; burden weights fixed","Joint 2.5% and 97.5% quantiles across synchronized Table 5 PUC PIF draws; burden weights fixed",TRUE,TRUE
2016,"Ischaemic Stroke","Women","combined_v10_h25","Combined 10/25: no shift",4389.04,4389.04,67.4179445987011,66.2232094139307,39.4265129044907,55.8033691135491,136.32337693904,81.6736647256853,0.0153605217994598,0.0150883130283458,0.00898294681855045,0.0127142539401667,0.0310599531877221,0.0186085487317694,4,4,10000,10000,"Joint 2.5% and 97.5% quantiles across synchronized WHO/Adam PIF draws; burden weights fixed","Joint 2.5% and 97.5% quantiles across synchronized Table 5 PUC PIF draws; burden weights fixed",TRUE,TRUE
2016,"Ischaemic Stroke","Women","combined_v20_h50","Combined 20/50: no shift",4389.04,4389.04,128.942446149988,127.28930518443,76.8091860397197,108.232864877451,236.232359542799,154.586335440569,0.029378280022508,0.0290016279606542,0.0175002246595428,0.0246598037104814,0.0538232414247304,0.0352209903397028,4,4,10000,10000,"Joint 2.5% and 97.5% quantiles across synchronized WHO/Adam PIF draws; burden weights fixed","Joint 2.5% and 97.5% quantiles across synchronized Table 5 PUC PIF draws; burden weights fixed",TRUE,TRUE
2016,"Ischaemic Stroke","Women","combined_v30_h50","Combined 30/50: no shift",4389.04,4389.04,140.703844949171,139.585759546613,82.5818575426954,115.194065952987,266.032565487577,176.294717109771,0.0320580001433506,0.0318032552782871,0.0188154716162749,0.0262458455500489,0.0606129279950916,0.0401670335904369,4,4,10000,10000,"Joint 2.5% and 97.5% quantiles across synchronized WHO/Adam PIF draws; burden weights fixed","Joint 2.5% and 97.5% quantiles across synchronized Table 5 PUC PIF draws; burden weights fixed",TRUE,TRUE
2016,"Ischaemic Stroke","Women","combined_v10_h25_mid","Combined 10/25: half shift",4389.04,4389.04,67.2811741526046,66.7814782323988,39.4756255524546,56.4970505898505,138.560838581956,82.2844050113288,0.0153293599859205,0.0152155091392192,0.00899413665686679,0.0128723025057531,0.0315697370226646,0.0187476999551904,4,4,10000,10000,"Joint 2.5% and 97.5% quantiles across synchronized WHO/Adam PIF draws; burden weights fixed","Joint 2.5% and 97.5% quantiles across synchronized Table 5 PUC PIF draws; burden weights fixed",TRUE,TRUE
2016,"Ischaemic Stroke","Women","combined_v20_h50_mid","Combined 20/50: half shift",4389.04,4389.04,124.784345017577,124.783505314366,74.3725663243234,106.383961829843,233.547508287337,151.77485889142,0.0284308971933674,0.0284307058751723,0.0169450645982546,0.0242385491656132,0.0532115242256478,0.0345804228012093,4,4,10000,10000,"Joint 2.5% and 97.5% quantiles across synchronized WHO/Adam PIF draws; burden weights fixed","Joint 2.5% and 97.5% quantiles across synchronized Table 5 PUC PIF draws; burden weights fixed",TRUE,TRUE
2016,"Ischaemic Stroke","Women","combined_v30_h50_mid","Combined 30/50: half shift",4389.04,4389.04,133.261602156447,134.029622319439,77.8984112947161,109.197577122878,258.931309068715,171.498463746414,0.0303623576354846,0.0305373435465249,0.0177483940211791,0.0248796039960624,0.0589949759101568,0.0390742539932227,4,4,10000,10000,"Joint 2.5% and 97.5% quantiles across synchronized WHO/Adam PIF draws; burden weights fixed","Joint 2.5% and 97.5% quantiles across synchronized Table 5 PUC PIF draws; burden weights fixed",TRUE,TRUE
2016,"Ischaemic Stroke","Women","combined_v10_h25_rt","Combined 10/25: complete shift",4389.04,4389.04,67.1444037065082,67.3397470508669,39.3079344451511,56.0791390578398,140.352219813478,84.6469532818454,0.0152981981723813,0.0153427052500927,0.00895592987194263,0.0127770854350473,0.0319778857821934,0.0192859835594675,4,4,10000,10000,"Joint 2.5% and 97.5% quantiles across synchronized WHO/Adam PIF draws; burden weights fixed","Joint 2.5% and 97.5% quantiles across synchronized Table 5 PUC PIF draws; burden weights fixed",TRUE,TRUE
2016,"Ischaemic Stroke","Women","combined_v20_h50_rt","Combined 20/50: complete shift",4389.04,4389.04,120.626243885166,122.277705444303,71.7083990865205,102.858944028772,231.726140254634,151.712295458285,0.0274835143642268,0.0278597837896904,0.0163380600510637,0.0234354082051592,0.0527965432656422,0.0345661683325476,4,4,10000,10000,"Joint 2.5% and 97.5% quantiles across synchronized WHO/Adam PIF draws; burden weights fixed","Joint 2.5% and 97.5% quantiles across synchronized Table 5 PUC PIF draws; burden weights fixed",TRUE,TRUE
2016,"Ischaemic Stroke","Women","combined_v30_h50_rt","Combined 30/50: complete shift",4389.04,4389.04,125.819359363723,128.473485092266,72.9769715427228,102.079850543306,251.201243711999,168.103373137778,0.0286667151276186,0.0292714318147627,0.0166270919250503,0.0232578993454846,0.0572337558354444,0.0383007156776375,4,4,10000,10000,"Joint 2.5% and 97.5% quantiles across synchronized WHO/Adam PIF draws; burden weights fixed","Joint 2.5% and 97.5% quantiles across synchronized Table 5 PUC PIF draws; burden weights fixed",TRUE,TRUE
2018,"Ischaemic Stroke","Women","baseline","Baseline",4061.27,4061.27,0,0,0,0,0,0,0,0,0,0,0,0,4,4,10000,10000,"Joint 2.5% and 97.5% quantiles across synchronized WHO/Adam PIF draws; burden weights fixed","Joint 2.5% and 97.5% quantiles across synchronized Table 5 PUC PIF draws; burden weights fixed",TRUE,TRUE
2018,"Ischaemic Stroke","Women","volume_reduction_10","Volume -10%",4061.27,4061.27,22.3236947037599,21.0790901369877,9.0426235405924,11.3566807056035,98.2669778491167,35.6991041800054,0.00549672755166731,0.00519027056486953,0.00222655069487929,0.00279633728011275,0.0241961203882324,0.00879013318001646,4,4,10000,10000,"Joint 2.5% and 97.5% quantiles across synchronized WHO/Adam PIF draws; burden weights fixed","Joint 2.5% and 97.5% quantiles across synchronized Table 5 PUC PIF draws; burden weights fixed",TRUE,TRUE
2018,"Ischaemic Stroke","Women","volume_reduction_20","Volume -20%",4061.27,4061.27,36.5340789529501,34.8571971290316,14.1867533858813,17.5709105431103,145.768213142861,60.6938262520883,0.00899572767950668,0.00858283175682277,0.00349318153825805,0.00432645712870858,0.0358922733880932,0.0149445435176899,4,4,10000,10000,"Joint 2.5% and 97.5% quantiles across synchronized WHO/Adam PIF draws; burden weights fixed","Joint 2.5% and 97.5% quantiles across synchronized Table 5 PUC PIF draws; burden weights fixed",TRUE,TRUE
2018,"Ischaemic Stroke","Women","volume_reduction_30","Volume -30%",4061.27,4061.27,44.0103603668996,42.4958362930888,16.0469127223767,19.3259120504467,167.643640018274,77.1836207524166,0.0108366004641158,0.0104636816299061,0.0039512055889849,0.00475858833577839,0.0412786246711679,0.0190047991767148,4,4,10000,10000,"Joint 2.5% and 97.5% quantiles across synchronized WHO/Adam PIF draws; burden weights fixed","Joint 2.5% and 97.5% quantiles across synchronized Table 5 PUC PIF draws; burden weights fixed",TRUE,TRUE
2018,"Ischaemic Stroke","Women","hed_reduction_10","HED -10%: no shift",4061.27,4061.27,15.9439579358694,15.8311521037039,9.74827797997313,12.4707466327558,21.661014653745,19.8473098656651,0.00392585519698751,0.00389807919781346,0.00240030285599655,0.00307065194699093,0.00533355690553571,0.00488697128377701,4,4,10000,10000,"Joint 2.5% and 97.5% quantiles across synchronized WHO/Adam PIF draws; burden weights fixed","Joint 2.5% and 97.5% quantiles across synchronized Table 5 PUC PIF draws; burden weights fixed",TRUE,TRUE
2018,"Ischaemic Stroke","Women","hed_reduction_25","HED -25%: no shift",4061.27,4061.27,39.8598948396735,39.5778802592597,24.3706949499332,31.1768665818904,54.1525366343624,49.6182746641631,0.00981463799246874,0.00974519799453365,0.00600075713999147,0.00767662986747751,0.0133338922638392,0.0122174282094426,4,4,10000,10000,"Joint 2.5% and 97.5% quantiles across synchronized WHO/Adam PIF draws; burden weights fixed","Joint 2.5% and 97.5% quantiles across synchronized Table 5 PUC PIF draws; burden weights fixed",TRUE,TRUE
2018,"Ischaemic Stroke","Women","hed_reduction_50","HED -50%: no shift",4061.27,4061.27,79.7197896793471,79.1557605185199,48.7413898998666,62.3537331637814,108.305073268725,99.2365493283259,0.0196292759849375,0.0194903959890674,0.012001514279983,0.0153532597349552,0.0266677845276785,0.0244348564188852,4,4,10000,10000,"Joint 2.5% and 97.5% quantiles across synchronized WHO/Adam PIF draws; burden weights fixed","Joint 2.5% and 97.5% quantiles across synchronized Table 5 PUC PIF draws; burden weights fixed",TRUE,TRUE
2018,"Ischaemic Stroke","Women","hed_reduction_10_mid","HED -10%: half shift",4061.27,4061.27,19.2368868542708,19.173322847799,11.9739406394332,16.908915243191,29.066254569496,22.1245617697042,0.00473666780447269,0.00472101654108173,0.00294832420386559,0.00416345508749505,0.0071569372559559,0.00544769536861726,4,4,10000,10000,"Joint 2.5% and 97.5% quantiles across synchronized WHO/Adam PIF draws; burden weights fixed","Joint 2.5% and 97.5% quantiles across synchronized Table 5 PUC PIF draws; burden weights fixed",TRUE,TRUE
2018,"Ischaemic Stroke","Women","hed_reduction_25_mid","HED -25%: half shift",4061.27,4061.27,48.0922171356772,47.9333071194974,29.9348515985829,42.2722881079775,72.6656364237404,55.31140442426,0.0118416695111818,0.0118025413527043,0.00737081050966396,0.0104086377187376,0.0178923431398898,0.013619238421543,4,4,10000,10000,"Joint 2.5% and 97.5% quantiles across synchronized WHO/Adam PIF draws; burden weights fixed","Joint 2.5% and 97.5% quantiles across synchronized Table 5 PUC PIF draws; burden weights fixed",TRUE,TRUE
2018,"Ischaemic Stroke","Women","hed_reduction_50_mid","HED -50%: half shift",4061.27,4061.27,96.1844342713544,95.866614238995,59.8697031971659,84.5445762159549,145.331272847481,110.62280884852,0.0236833390223635,0.0236050827054087,0.0147416210193279,0.0208172754374752,0.0357846862797797,0.0272384768430861,4,4,10000,10000,"Joint 2.5% and 97.5% quantiles across synchronized WHO/Adam PIF draws; burden weights fixed","Joint 2.5% and 97.5% quantiles across synchronized Table 5 PUC PIF draws; burden weights fixed",TRUE,TRUE
2018,"Ischaemic Stroke","Women","hed_reduction_10_rt","HED -10%: complete shift",4061.27,4061.27,22.5298157726721,22.5154935918941,13.7486171837069,19.8943259627686,38.1395476554119,26.2638688942946,0.00554748041195786,0.00554395388435,0.00338529996373226,0.00489854798197819,0.00939103966380267,0.00646691032467544,4,4,10000,10000,"Joint 2.5% and 97.5% quantiles across synchronized WHO/Adam PIF draws; burden weights fixed","Joint 2.5% and 97.5% quantiles across synchronized Table 5 PUC PIF draws; burden weights fixed",TRUE,TRUE
2018,"Ischaemic Stroke","Women","hed_reduction_25_rt","HED -25%: complete shift",4061.27,4061.27,56.3245394316809,56.288733979735,34.3715429592668,49.735814906921,95.3488691385292,65.6596722357368,0.0138687010298948,0.0138598847108749,0.00846324990933053,0.0122463699549454,0.0234775991595066,0.0161672758116887,4,4,10000,10000,"Joint 2.5% and 97.5% quantiles across synchronized WHO/Adam PIF draws; burden weights fixed","Joint 2.5% and 97.5% quantiles across synchronized Table 5 PUC PIF draws; burden weights fixed",TRUE,TRUE
2018,"Ischaemic Stroke","Women","hed_reduction_50_rt","HED -50%: complete shift",4061.27,4061.27,112.649078863362,112.57746795947,68.7430859185334,99.4716298138424,190.697738277059,131.319344471474,0.0277374020597896,0.0277197694217499,0.016926499818661,0.0244927399098908,0.0469551983190132,0.0323345516233773,4,4,10000,10000,"Joint 2.5% and 97.5% quantiles across synchronized WHO/Adam PIF draws; burden weights fixed","Joint 2.5% and 97.5% quantiles across synchronized Table 5 PUC PIF draws; burden weights fixed",TRUE,TRUE
2018,"Ischaemic Stroke","Women","combined_v10_h25","Combined 10/25: no shift",4061.27,4061.27,63.5342485185205,62.022846591891,37.4355098564217,54.9001752234181,143.606555057618,73.5905166738684,0.0156439361378388,0.0152717860649233,0.00921768556545654,0.0135179821148109,0.0353600117839046,0.0181200749208667,4,4,10000,10000,"Joint 2.5% and 97.5% quantiles across synchronized WHO/Adam PIF draws; burden weights fixed","Joint 2.5% and 97.5% quantiles across synchronized Table 5 PUC PIF draws; burden weights fixed",TRUE,TRUE
2018,"Ischaemic Stroke","Women","combined_v20_h50","Combined 20/50: no shift",4061.27,4061.27,121.586268838988,119.423469259713,72.7354431361917,106.233294661445,242.091537587193,139.825017629723,0.0299379920170261,0.0294054493445925,0.0179095315347642,0.0261576538032302,0.0596098111150435,0.0344288898865929,4,4,10000,10000,"Joint 2.5% and 97.5% quantiles across synchronized WHO/Adam PIF draws; burden weights fixed","Joint 2.5% and 97.5% quantiles across synchronized Table 5 PUC PIF draws; burden weights fixed",TRUE,TRUE
2018,"Ischaemic Stroke","Women","combined_v30_h50","Combined 30/50: no shift",4061.27,4061.27,131.489340999126,129.560791898732,77.6630200746038,113.313595041084,266.322128421881,156.500450486987,0.0323764095957979,0.0319015460431668,0.0191228409031175,0.0279010248127024,0.0655760706433902,0.0385348549805816,4,4,10000,10000,"Joint 2.5% and 97.5% quantiles across synchronized WHO/Adam PIF draws; burden weights fixed","Joint 2.5% and 97.5% quantiles across synchronized Table 5 PUC PIF draws; burden weights fixed",TRUE,TRUE
2018,"Ischaemic Stroke","Women","combined_v10_h25_mid","Combined 10/25: half shift",4061.27,4061.27,67.8944575352571,66.7943876729469,39.5928777717787,57.7215335048016,155.038051158853,82.0495369261694,0.0167175434125919,0.0164466749743176,0.00974889080799323,0.0142126806404897,0.0381747707389199,0.0202029259138569,4,4,10000,10000,"Joint 2.5% and 97.5% quantiles across synchronized WHO/Adam PIF draws; burden weights fixed","Joint 2.5% and 97.5% quantiles across synchronized Table 5 PUC PIF draws; burden weights fixed",TRUE,TRUE
2018,"Ischaemic Stroke","Women","combined_v20_h50_mid","Combined 20/50: half shift",4061.27,4061.27,124.070906993933,123.155806594647,73.7519886258005,107.749096598,250.310495354251,148.241175567045,0.0305497804858907,0.0303244567819048,0.0181598339006765,0.0265308872835344,0.0616335519072238,0.0365011869604939,4,4,10000,10000,"Joint 2.5% and 97.5% quantiles across synchronized WHO/Adam PIF draws; burden weights fixed","Joint 2.5% and 97.5% quantiles across synchronized Table 5 PUC PIF draws; burden weights fixed",TRUE,TRUE
2018,"Ischaemic Stroke","Women","combined_v30_h50_mid","Combined 30/50: half shift",4061.27,4061.27,128.900551727597,128.552553611396,75.3491779635592,109.702864423069,265.191981194479,160.212129317036,0.0317389761644995,0.0316532891463498,0.0185531072702773,0.0270119604023048,0.0652977963037373,0.0394487757073615,4,4,10000,10000,"Joint 2.5% and 97.5% quantiles across synchronized WHO/Adam PIF draws; burden weights fixed","Joint 2.5% and 97.5% quantiles across synchronized Table 5 PUC PIF draws; burden weights fixed",TRUE,TRUE
2018,"Ischaemic Stroke","Women","combined_v10_h25_rt","Combined 10/25: complete shift",4061.27,4061.27,72.2546665519936,71.5659287540028,41.2440976585309,59.6459508318516,167.454876247044,91.3011447922031,0.017791150687345,0.0176215638837119,0.0101554680330367,0.0146865268331954,0.0412321456704538,0.0224809344840907,4,4,10000,10000,"Joint 2.5% and 97.5% quantiles across synchronized WHO/Adam PIF draws; burden weights fixed","Joint 2.5% and 97.5% quantiles across synchronized Table 5 PUC PIF draws; burden weights fixed",TRUE,TRUE
2018,"Ischaemic Stroke","Women","combined_v20_h50_rt","Combined 20/50: complete shift",4061.27,4061.27,126.555545148879,126.88814392958,73.9368348331662,107.559691423239,257.924243866087,158.403401918755,0.0311615689547552,0.0312434642192172,0.0182053482859219,0.0264842503510575,0.063508272994922,0.039003415660312,4,4,10000,10000,"Joint 2.5% and 97.5% quantiles across synchronized WHO/Adam PIF draws; burden weights fixed","Joint 2.5% and 97.5% quantiles across synchronized Table 5 PUC PIF draws; burden weights fixed",TRUE,TRUE
2018,"Ischaemic Stroke","Women","combined_v30_h50_rt","Combined 30/50: complete shift",4061.27,4061.27,126.311762456068,127.54431532406,72.4127732292935,105.247631898527,266.052600641635,163.971319931074,0.0311015427332011,0.0314050322495328,0.0178300810409782,0.0259149556415917,0.0655097052502382,0.0403743951845295,4,4,10000,10000,"Joint 2.5% and 97.5% quantiles across synchronized WHO/Adam PIF draws; burden weights fixed","Joint 2.5% and 97.5% quantiles across synchronized Table 5 PUC PIF draws; burden weights fixed",TRUE,TRUE
2020,"Ischaemic Stroke","Women","baseline","Baseline",3465.4,3465.4,0,0,0,0,0,0,0,0,0,0,0,0,4,4,10000,10000,"Joint 2.5% and 97.5% quantiles across synchronized WHO/Adam PIF draws; burden weights fixed","Joint 2.5% and 97.5% quantiles across synchronized Table 5 PUC PIF draws; burden weights fixed",TRUE,TRUE
2020,"Ischaemic Stroke","Women","volume_reduction_10","Volume -10%",3465.4,3465.4,40.9494549515886,39.0711041569568,16.3430706455614,23.4369500991071,153.978676877642,60.3358569297819,0.0118166604004122,0.0112746303909958,0.00471607048120316,0.00676312982602503,0.044433161215918,0.0174109358024418,4,4,10000,10000,"Joint 2.5% and 97.5% quantiles across synchronized WHO/Adam PIF draws; burden weights fixed","Joint 2.5% and 97.5% quantiles across synchronized Table 5 PUC PIF draws; burden weights fixed",TRUE,TRUE
2020,"Ischaemic Stroke","Women","volume_reduction_20","Volume -20%",3465.4,3465.4,69.0492409375308,66.3332086273906,27.8378413810205,38.5486332245333,241.280373975097,103.786446777342,0.0199253306797284,0.0191415734481995,0.00803308171669087,0.0111238625337719,0.0696255479815021,0.0299493411373412,4,4,10000,10000,"Joint 2.5% and 97.5% quantiles across synchronized WHO/Adam PIF draws; burden weights fixed","Joint 2.5% and 97.5% quantiles across synchronized Table 5 PUC PIF draws; burden weights fixed",TRUE,TRUE
2020,"Ischaemic Stroke","Women","volume_reduction_30","Volume -30%",3465.4,3465.4,86.8513353715559,84.0293496709967,34.7694183955719,46.7397760922882,289.519737040674,134.023842475879,0.0250624272440572,0.0242480953630163,0.0100333059374306,0.0134875558643412,0.0835458351245667,0.0386748549881339,4,4,10000,10000,"Joint 2.5% and 97.5% quantiles across synchronized WHO/Adam PIF draws; burden weights fixed","Joint 2.5% and 97.5% quantiles across synchronized Table 5 PUC PIF draws; burden weights fixed",TRUE,TRUE
2020,"Ischaemic Stroke","Women","hed_reduction_10","HED -10%: no shift",3465.4,3465.4,10.3746180558731,10.3783784118952,6.16542293686894,7.87652319539993,14.1535318944547,13.3419352970892,0.00299377216363856,0.00299485727820605,0.00177913745509002,0.00227290448300339,0.00408424190409613,0.00385004192794172,4,4,10000,10000,"Joint 2.5% and 97.5% quantiles across synchronized WHO/Adam PIF draws; burden weights fixed","Joint 2.5% and 97.5% quantiles across synchronized Table 5 PUC PIF draws; burden weights fixed",TRUE,TRUE
2020,"Ischaemic Stroke","Women","hed_reduction_25","HED -25%: no shift",3465.4,3465.4,25.9365451396827,25.9459460297379,15.4135573421728,19.6913079884998,35.3838297361376,33.3548382427225,0.00748443040909642,0.00748714319551506,0.00444784363772516,0.00568226120750846,0.0102106047602405,0.00962510481985412,4,4,10000,10000,"Joint 2.5% and 97.5% quantiles across synchronized WHO/Adam PIF draws; burden weights fixed","Joint 2.5% and 97.5% quantiles across synchronized Table 5 PUC PIF draws; burden weights fixed",TRUE,TRUE
2020,"Ischaemic Stroke","Women","hed_reduction_50","HED -50%: no shift",3465.4,3465.4,51.8730902793656,51.8918920594755,30.8271146843454,39.3826159769997,70.7676594722753,66.7096764854449,0.0149688608181929,0.01497428639103,0.00889568727545027,0.0113645224150169,0.0204212095204811,0.0192502096397082,4,4,10000,10000,"Joint 2.5% and 97.5% quantiles across synchronized WHO/Adam PIF draws; burden weights fixed","Joint 2.5% and 97.5% quantiles across synchronized Table 5 PUC PIF draws; burden weights fixed",TRUE,TRUE
2020,"Ischaemic Stroke","Women","hed_reduction_10_mid","HED -10%: half shift",3465.4,3465.4,16.0655839574071,15.9454127501574,8.9060612114365,13.9847756025717,29.0740236021956,18.3600834000468,0.00463599698661253,0.00460131954468672,0.00256999515537499,0.00403554441119976,0.00838980308252888,0.00529811375311559,4,4,10000,10000,"Joint 2.5% and 97.5% quantiles across synchronized WHO/Adam PIF draws; burden weights fixed","Joint 2.5% and 97.5% quantiles across synchronized Table 5 PUC PIF draws; burden weights fixed",TRUE,TRUE
2020,"Ischaemic Stroke","Women","hed_reduction_25_mid","HED -25%: half shift",3465.4,3465.4,40.1639598935176,39.8635318753931,22.2651530285914,34.9619390064289,72.6850590054889,45.9002085001167,0.0115899924665313,0.0115032988617167,0.00642498788843753,0.0100888610279993,0.0209745077063222,0.0132452843827889,4,4,10000,10000,"Joint 2.5% and 97.5% quantiles across synchronized WHO/Adam PIF draws; burden weights fixed","Joint 2.5% and 97.5% quantiles across synchronized Table 5 PUC PIF draws; burden weights fixed",TRUE,TRUE
2020,"Ischaemic Stroke","Women","hed_reduction_50_mid","HED -50%: half shift",3465.4,3465.4,80.3279197870356,79.7270637507859,44.530306057183,69.9238780128577,145.370118010978,91.8004170002339,0.0231799849330627,0.0230065977234333,0.0128499757768751,0.0201777220559987,0.0419490154126443,0.026490568765578,4,4,10000,10000,"Joint 2.5% and 97.5% quantiles across synchronized WHO/Adam PIF draws; burden weights fixed","Joint 2.5% and 97.5% quantiles across synchronized Table 5 PUC PIF draws; burden weights fixed",TRUE,TRUE
2020,"Ischaemic Stroke","Women","hed_reduction_10_rt","HED -10%: complete shift",3465.4,3465.4,21.7565498589411,21.5124470884195,11.4431332638806,18.1117404185231,45.1803745125585,26.1163430540175,0.00627822180958651,0.0062077818111674,0.0033021103664456,0.00522645016982832,0.0130375640654927,0.00753631414959818,4,4,10000,10000,"Joint 2.5% and 97.5% quantiles across synchronized WHO/Adam PIF draws; burden weights fixed","Joint 2.5% and 97.5% quantiles across synchronized Table 5 PUC PIF draws; burden weights fixed",TRUE,TRUE
2020,"Ischaemic Stroke","Women","hed_reduction_25_rt","HED -25%: complete shift",3465.4,3465.4,54.3913746473525,53.7811177210483,28.6078331597015,45.2793510463079,112.950936281396,65.2908576350443,0.0156955545239662,0.0155194545279184,0.00825527591611402,0.0130661254245709,0.0325939101637317,0.0188407853739956,4,4,10000,10000,"Joint 2.5% and 97.5% quantiles across synchronized WHO/Adam PIF draws; burden weights fixed","Joint 2.5% and 97.5% quantiles across synchronized Table 5 PUC PIF draws; burden weights fixed",TRUE,TRUE
2020,"Ischaemic Stroke","Women","hed_reduction_50_rt","HED -50%: complete shift",3465.4,3465.4,108.782749294706,107.562235442096,57.215666319403,90.5587020926159,225.901872562792,130.581715270089,0.0313911090479326,0.0310389090558366,0.016510551832228,0.0261322508491418,0.0651878203274635,0.0376815707479913,4,4,10000,10000,"Joint 2.5% and 97.5% quantiles across synchronized WHO/Adam PIF draws; burden weights fixed","Joint 2.5% and 97.5% quantiles across synchronized Table 5 PUC PIF draws; burden weights fixed",TRUE,TRUE
2020,"Ischaemic Stroke","Women","combined_v10_h25","Combined 10/25: no shift",3465.4,3465.4,67.9258264756787,66.0749320668343,34.1817914270785,54.3891475964006,186.450291727691,83.444583513615,0.0196011503652331,0.019067043362046,0.00986373619988413,0.0156949118706067,0.0538033969318666,0.0240793511610824,4,4,10000,10000,"Joint 2.5% and 97.5% quantiles across synchronized WHO/Adam PIF draws; burden weights fixed","Joint 2.5% and 97.5% quantiles across synchronized Table 5 PUC PIF draws; burden weights fixed",TRUE,TRUE
2020,"Ischaemic Stroke","Women","combined_v20_h50","Combined 20/50: no shift",3465.4,3465.4,125.156518417293,122.542762870345,64.7830138429466,102.222349098358,308.861385109393,152.402062656279,0.0361160380958312,0.0353617945606121,0.0186942384264289,0.02949799419933,0.0891271960262577,0.0439782024171174,4,4,10000,10000,"Joint 2.5% and 97.5% quantiles across synchronized WHO/Adam PIF draws; burden weights fixed","Joint 2.5% and 97.5% quantiles across synchronized Table 5 PUC PIF draws; burden weights fixed",TRUE,TRUE
2020,"Ischaemic Stroke","Women","combined_v30_h50","Combined 30/50: no shift",3465.4,3465.4,145.134172251247,142.476956071497,73.6720266483819,113.896611684482,358.084049002583,184.389476403032,0.0418809292581657,0.0411141444195465,0.0212593139748317,0.0328668008554516,0.103331231316034,0.0532087136847211,4,4,10000,10000,"Joint 2.5% and 97.5% quantiles across synchronized WHO/Adam PIF draws; burden weights fixed","Joint 2.5% and 97.5% quantiles across synchronized Table 5 PUC PIF draws; burden weights fixed",TRUE,TRUE
2020,"Ischaemic Stroke","Women","combined_v10_h25_mid","Combined 10/25: half shift",3465.4,3465.4,77.2557592468528,75.3941334140601,38.3340924295732,60.2731554030414,209.145168403283,97.5859969459496,0.0222934608549815,0.0217562571172332,0.0110619531452569,0.017392842212455,0.0603523888738049,0.028160096077206,4,4,10000,10000,"Joint 2.5% and 97.5% quantiles across synchronized WHO/Adam PIF draws; burden weights fixed","Joint 2.5% and 97.5% quantiles across synchronized Table 5 PUC PIF draws; burden weights fixed",TRUE,TRUE
2020,"Ischaemic Stroke","Women","combined_v20_h50_mid","Combined 20/50: half shift",3465.4,3465.4,136.299432091602,134.067318893665,70.0033604294702,109.088324092511,332.905837644811,170.727010038754,0.0393315150030595,0.0386874008465587,0.0202006580566371,0.031479287843398,0.0960656309934815,0.0492661770758798,4,4,10000,10000,"Joint 2.5% and 97.5% quantiles across synchronized WHO/Adam PIF draws; burden weights fixed","Joint 2.5% and 97.5% quantiles across synchronized Table 5 PUC PIF draws; burden weights fixed",TRUE,TRUE
2020,"Ischaemic Stroke","Women","combined_v30_h50_mid","Combined 30/50: half shift",3465.4,3465.4,150.434013375072,148.441382991919,75.9896484305123,115.698069214309,370.576002250669,195.527426372951,0.0434102883866427,0.0428352810619032,0.0219281030849288,0.033386642007938,0.106935996494104,0.0564227582307816,4,4,10000,10000,"Joint 2.5% and 97.5% quantiles across synchronized WHO/Adam PIF draws; burden weights fixed","Joint 2.5% and 97.5% quantiles across synchronized Table 5 PUC PIF draws; burden weights fixed",TRUE,TRUE
2020,"Ischaemic Stroke","Women","combined_v10_h25_rt","Combined 10/25: complete shift",3465.4,3465.4,86.5856920180268,84.7133347612859,42.5789298643057,65.7316053158322,233.366173663406,111.685832411781,0.0249857713447299,0.0244454708724205,0.0122868730490869,0.0189679705995938,0.0673417711269713,0.0322288429652511,4,4,10000,10000,"Joint 2.5% and 97.5% quantiles across synchronized WHO/Adam PIF draws; burden weights fixed","Joint 2.5% and 97.5% quantiles across synchronized Table 5 PUC PIF draws; burden weights fixed",TRUE,TRUE
2020,"Ischaemic Stroke","Women","combined_v20_h50_rt","Combined 20/50: complete shift",3465.4,3465.4,147.442345765911,145.591874916984,74.9229226873624,114.955790600386,356.553188338994,189.478851573324,0.0425469919102878,0.0420130071325053,0.0216202812625851,0.0331724449126755,0.102889475483059,0.0546773392893532,4,4,10000,10000,"Joint 2.5% and 97.5% quantiles across synchronized WHO/Adam PIF draws; burden weights fixed","Joint 2.5% and 97.5% quantiles across synchronized Table 5 PUC PIF draws; burden weights fixed",TRUE,TRUE
2020,"Ischaemic Stroke","Women","combined_v30_h50_rt","Combined 30/50: complete shift",3465.4,3465.4,155.733854498896,154.405809912342,77.6472861056077,117.510399593879,380.128242529646,206.911832796373,0.0449396475151197,0.0445564177042599,0.0224064425767899,0.0339096207057998,0.109692457589209,0.059707921970443,4,4,10000,10000,"Joint 2.5% and 97.5% quantiles across synchronized WHO/Adam PIF draws; burden weights fixed","Joint 2.5% and 97.5% quantiles across synchronized Table 5 PUC PIF draws; burden weights fixed",TRUE,TRUE
2022,"Ischaemic Stroke","Women","baseline","Baseline",4587.66,4587.66,0,0,0,0,0,0,0,0,0,0,0,0,4,4,10000,10000,"Joint 2.5% and 97.5% quantiles across synchronized WHO/Adam PIF draws; burden weights fixed","Joint 2.5% and 97.5% quantiles across synchronized Table 5 PUC PIF draws; burden weights fixed",TRUE,TRUE
2022,"Ischaemic Stroke","Women","volume_reduction_10","Volume -10%",4587.66,4587.66,68.5318921101562,64.6567762663822,30.9374634103809,43.810332306476,228.058196678205,92.3650995034814,0.014938311058395,0.0140936286181588,0.00674362603383443,0.00954960313241958,0.0497112246064888,0.0201333794360265,4,4,10000,10000,"Joint 2.5% and 97.5% quantiles across synchronized WHO/Adam PIF draws; burden weights fixed","Joint 2.5% and 97.5% quantiles across synchronized Table 5 PUC PIF draws; burden weights fixed",TRUE,TRUE
2022,"Ischaemic Stroke","Women","volume_reduction_20","Volume -20%",4587.66,4587.66,116.575384801909,110.668828847978,53.6093567715294,74.0192725412514,353.008878612147,159.566581297948,0.0254106417654989,0.0241231540366937,0.0116855557673257,0.0161344285629823,0.0769474805482854,0.0347816929105356,4,4,10000,10000,"Joint 2.5% and 97.5% quantiles across synchronized WHO/Adam PIF draws; burden weights fixed","Joint 2.5% and 97.5% quantiles across synchronized Table 5 PUC PIF draws; burden weights fixed",TRUE,TRUE
2022,"Ischaemic Stroke","Women","volume_reduction_30","Volume -30%",4587.66,4587.66,148.690775689214,141.985563676695,69.3321276721629,92.9123143069827,421.763470053111,207.073429546551,0.0324110277765166,0.0309494521557167,0.0151127432443038,0.0202526591567341,0.0919343347268783,0.0451370479823158,4,4,10000,10000,"Joint 2.5% and 97.5% quantiles across synchronized WHO/Adam PIF draws; burden weights fixed","Joint 2.5% and 97.5% quantiles across synchronized Table 5 PUC PIF draws; burden weights fixed",TRUE,TRUE
2022,"Ischaemic Stroke","Women","hed_reduction_10","HED -10%: no shift",4587.66,4587.66,12.5726317618353,12.583876889082,7.48356390843217,9.58761213312879,16.934904773428,16.1585966621951,0.00274053259435864,0.00274298376276402,0.00163123769164065,0.00208986981012734,0.00369140362917653,0.003522187054445,4,4,10000,10000,"Joint 2.5% and 97.5% quantiles across synchronized WHO/Adam PIF draws; burden weights fixed","Joint 2.5% and 97.5% quantiles across synchronized Table 5 PUC PIF draws; burden weights fixed",TRUE,TRUE
2022,"Ischaemic Stroke","Women","hed_reduction_25","HED -25%: no shift",4587.66,4587.66,31.4315794045876,31.4596922227051,18.7089097710802,23.969030332822,42.3372619335701,40.396491655488,0.00685133148589644,0.00685745940691009,0.00407809422910159,0.00522467452531834,0.00922850907294134,0.00880546763611253,4,4,10000,10000,"Joint 2.5% and 97.5% quantiles across synchronized WHO/Adam PIF draws; burden weights fixed","Joint 2.5% and 97.5% quantiles across synchronized Table 5 PUC PIF draws; burden weights fixed",TRUE,TRUE
2022,"Ischaemic Stroke","Women","hed_reduction_50","HED -50%: no shift",4587.66,4587.66,62.8631588091753,62.9193844454104,37.4178195421599,47.9380606656437,84.674523867139,80.7929833109761,0.0137026629717929,0.0137149188138202,0.00815618845820307,0.0104493490506367,0.0184570181458824,0.0176109352722251,4,4,10000,10000,"Joint 2.5% and 97.5% quantiles across synchronized WHO/Adam PIF draws; burden weights fixed","Joint 2.5% and 97.5% quantiles across synchronized Table 5 PUC PIF draws; burden weights fixed",TRUE,TRUE
2022,"Ischaemic Stroke","Women","hed_reduction_10_mid","HED -10%: half shift",4587.66,4587.66,20.6386394326514,20.44716096774,12.0696877795319,18.4130465715122,36.0712269975741,22.9847343241469,0.00449872907596713,0.00445699135675705,0.00263090285233254,0.00401360313787688,0.00786266353600183,0.00501012157050585,4,4,10000,10000,"Joint 2.5% and 97.5% quantiles across synchronized WHO/Adam PIF draws; burden weights fixed","Joint 2.5% and 97.5% quantiles across synchronized Table 5 PUC PIF draws; burden weights fixed",TRUE,TRUE
2022,"Ischaemic Stroke","Women","hed_reduction_25_mid","HED -25%: half shift",4587.66,4587.66,51.5965985816278,51.1179024193499,30.1742194488299,46.0326164287806,90.1780674939359,57.4618358103672,0.0112468226899177,0.0111424783918926,0.00657725713083138,0.0100340078446922,0.0196566588400047,0.0125253039262646,4,4,10000,10000,"Joint 2.5% and 97.5% quantiles across synchronized WHO/Adam PIF draws; burden weights fixed","Joint 2.5% and 97.5% quantiles across synchronized Table 5 PUC PIF draws; burden weights fixed",TRUE,TRUE
2022,"Ischaemic Stroke","Women","hed_reduction_50_mid","HED -50%: half shift",4587.66,4587.66,103.193197163256,102.2358048387,60.3484388976595,92.0652328575615,180.356134987872,114.923671620734,0.0224936453798354,0.0222849567837852,0.0131545142616627,0.0200680156893845,0.0393133176800093,0.0250506078525293,4,4,10000,10000,"Joint 2.5% and 97.5% quantiles across synchronized WHO/Adam PIF draws; burden weights fixed","Joint 2.5% and 97.5% quantiles across synchronized Table 5 PUC PIF draws; burden weights fixed",TRUE,TRUE
2022,"Ischaemic Stroke","Women","hed_reduction_10_rt","HED -10%: complete shift",4587.66,4587.66,28.7046471034674,28.3104450463981,16.1533641383649,24.337788599588,56.7423380494385,33.8698002587241,0.00625692555757562,0.00617099895075007,0.00352104648957527,0.00530505499526731,0.0123684706472229,0.00738280523376276,4,4,10000,10000,"Joint 2.5% and 97.5% quantiles across synchronized WHO/Adam PIF draws; burden weights fixed","Joint 2.5% and 97.5% quantiles across synchronized Table 5 PUC PIF draws; burden weights fixed",TRUE,TRUE
2022,"Ischaemic Stroke","Women","hed_reduction_25_rt","HED -25%: complete shift",4587.66,4587.66,71.7616177586679,70.7761126159947,40.383410345912,60.8444714989702,141.855845123597,84.6745006468104,0.0156423138939389,0.0154274973768751,0.00880261622393813,0.0132626374881683,0.0309211766180573,0.018457013084407,4,4,10000,10000,"Joint 2.5% and 97.5% quantiles across synchronized WHO/Adam PIF draws; burden weights fixed","Joint 2.5% and 97.5% quantiles across synchronized Table 5 PUC PIF draws; burden weights fixed",TRUE,TRUE
2022,"Ischaemic Stroke","Women","hed_reduction_50_rt","HED -50%: complete shift",4587.66,4587.66,143.523235517336,141.552225231989,80.7668206918237,121.688942997941,283.711690247193,169.349001293621,0.0312846277878779,0.0308549947537502,0.0176052324478762,0.0265252749763367,0.0618423532361145,0.036914026168814,4,4,10000,10000,"Joint 2.5% and 97.5% quantiles across synchronized WHO/Adam PIF draws; burden weights fixed","Joint 2.5% and 97.5% quantiles across synchronized Table 5 PUC PIF draws; burden weights fixed",TRUE,TRUE
2022,"Ischaemic Stroke","Women","combined_v10_h25","Combined 10/25: no shift",4587.66,4587.66,101.268848684459,97.4446100862828,53.3048998206758,82.7018508517494,264.814339559258,119.215440330895,0.0220741835019289,0.0212405910826615,0.0116191914441514,0.0180270226764297,0.0577231834005261,0.0259861106382981,4,4,10000,10000,"Joint 2.5% and 97.5% quantiles across synchronized WHO/Adam PIF draws; burden weights fixed","Joint 2.5% and 97.5% quantiles across synchronized Table 5 PUC PIF draws; burden weights fixed",TRUE,TRUE
2022,"Ischaemic Stroke","Women","combined_v20_h50","Combined 20/50: no shift",4587.66,4587.66,184.808796489511,179.062954815998,100.015097853236,154.286379629148,432.037857206291,215.89699666707,0.0402838912407439,0.0390314353757685,0.0218008958495695,0.0336307354139471,0.0941739050422853,0.0470603742794955,4,4,10000,10000,"Joint 2.5% and 97.5% quantiles across synchronized WHO/Adam PIF draws; burden weights fixed","Joint 2.5% and 97.5% quantiles across synchronized Table 5 PUC PIF draws; burden weights fixed",TRUE,TRUE
2022,"Ischaemic Stroke","Women","combined_v30_h50","Combined 30/50: no shift",4587.66,4587.66,219.790482508731,213.322881715657,117.707649894549,176.800490655982,504.932088480977,265.771625470853,0.0479090609392874,0.0464992788732505,0.0256574484365774,0.0385382723776353,0.110063101555254,0.0579318488010997,4,4,10000,10000,"Joint 2.5% and 97.5% quantiles across synchronized WHO/Adam PIF draws; burden weights fixed","Joint 2.5% and 97.5% quantiles across synchronized Table 5 PUC PIF draws; burden weights fixed",TRUE,TRUE
2022,"Ischaemic Stroke","Women","combined_v10_h25_mid","Combined 10/25: half shift",4587.66,4587.66,114.310937071239,110.479862805255,59.7379940591738,91.1539152683607,292.447341291183,138.009874061345,0.024917046396472,0.0240819639653452,0.0130214519077643,0.019869370282096,0.0637465159343071,0.0300828470421402,4,4,10000,10000,"Joint 2.5% and 97.5% quantiles across synchronized WHO/Adam PIF draws; burden weights fixed","Joint 2.5% and 97.5% quantiles across synchronized Table 5 PUC PIF draws; burden weights fixed",TRUE,TRUE
2022,"Ischaemic Stroke","Women","combined_v20_h50_mid","Combined 20/50: half shift",4587.66,4587.66,200.104412517006,195.0031788903,107.780438694203,163.772738897675,460.700888131802,239.672264820763,0.0436179691862531,0.04250602243634,0.0234935541636047,0.0356985345247195,0.100421759269824,0.052242813290602,4,4,10000,10000,"Joint 2.5% and 97.5% quantiles across synchronized WHO/Adam PIF draws; burden weights fixed","Joint 2.5% and 97.5% quantiles across synchronized Table 5 PUC PIF draws; burden weights fixed",TRUE,TRUE
2022,"Ischaemic Stroke","Women","combined_v30_h50_mid","Combined 30/50: half shift",4587.66,4587.66,226.813767762048,221.437315988525,120.926967467929,179.442451751734,518.111717104792,279.962799080549,0.0494399689083429,0.0482680311942309,0.0263591825610286,0.0391141566183488,0.112935944927216,0.0610251847522592,4,4,10000,10000,"Joint 2.5% and 97.5% quantiles across synchronized WHO/Adam PIF draws; burden weights fixed","Joint 2.5% and 97.5% quantiles across synchronized Table 5 PUC PIF draws; burden weights fixed",TRUE,TRUE
2022,"Ischaemic Stroke","Women","combined_v10_h25_rt","Combined 10/25: complete shift",4587.66,4587.66,127.353025458018,123.515115524228,66.4146186800004,99.1647559909354,320.830247377824,157.440787511356,0.027759909291015,0.0269233368480289,0.0144767961618778,0.021615541690303,0.0699333096563006,0.0343183207803882,4,4,10000,10000,"Joint 2.5% and 97.5% quantiles across synchronized WHO/Adam PIF draws; burden weights fixed","Joint 2.5% and 97.5% quantiles across synchronized Table 5 PUC PIF draws; burden weights fixed",TRUE,TRUE
2022,"Ischaemic Stroke","Women","combined_v20_h50_rt","Combined 20/50: complete shift",4587.66,4587.66,215.400028544501,210.943402964601,115.233643456102,172.052136018388,488.649226064152,265.37539228508,0.0469520471317623,0.0459806094969115,0.0251181742884395,0.0375032447954706,0.106513827542615,0.0578454794568646,4,4,10000,10000,"Joint 2.5% and 97.5% quantiles across synchronized WHO/Adam PIF draws; burden weights fixed","Joint 2.5% and 97.5% quantiles across synchronized Table 5 PUC PIF draws; burden weights fixed",TRUE,TRUE
2022,"Ischaemic Stroke","Women","combined_v30_h50_rt","Combined 30/50: complete shift",4587.66,4587.66,233.837053015365,229.551750261394,124.099437225573,182.022976616895,530.336342205958,294.725150253325,0.0509708768773984,0.0500367835152112,0.0270507049837113,0.0396766492322654,0.115600620404729,0.0642430237317772,4,4,10000,10000,"Joint 2.5% and 97.5% quantiles across synchronized WHO/Adam PIF draws; burden weights fixed","Joint 2.5% and 97.5% quantiles across synchronized Table 5 PUC PIF draws; burden weights fixed",TRUE,TRUE
2024,"Ischaemic Stroke","Women","baseline","Baseline",4694.54,4694.54,0,0,0,0,0,0,0,0,0,0,0,0,4,4,10000,10000,"Joint 2.5% and 97.5% quantiles across synchronized WHO/Adam PIF draws; burden weights fixed","Joint 2.5% and 97.5% quantiles across synchronized Table 5 PUC PIF draws; burden weights fixed",TRUE,TRUE
2024,"Ischaemic Stroke","Women","volume_reduction_10","Volume -10%",4694.54,4694.54,70.1788112108344,65.0357499210843,29.8207752235554,44.5770827401745,266.478042062736,93.3553580378335,0.0149490282777087,0.0138534872258164,0.00635222518575951,0.00949551665129587,0.0567633979181637,0.0198859436787914,4,4,10000,10000,"Joint 2.5% and 97.5% quantiles across synchronized WHO/Adam PIF draws; burden weights fixed","Joint 2.5% and 97.5% quantiles across synchronized Table 5 PUC PIF draws; burden weights fixed",TRUE,TRUE
2024,"Ischaemic Stroke","Women","volume_reduction_20","Volume -20%",4694.54,4694.54,119.078316783484,111.067822704927,51.6984875794997,75.1165749319198,407.599149689361,160.57157990591,0.0253652789801523,0.0236589362759562,0.0110124714198835,0.0160008381932883,0.0868240870648373,0.0342039006816238,4,4,10000,10000,"Joint 2.5% and 97.5% quantiles across synchronized WHO/Adam PIF draws; burden weights fixed","Joint 2.5% and 97.5% quantiles across synchronized Table 5 PUC PIF draws; burden weights fixed",TRUE,TRUE
2024,"Ischaemic Stroke","Women","volume_reduction_30","Volume -30%",4694.54,4694.54,151.703273128954,142.324249285129,66.6416350690576,94.3790043382692,484.36569958384,208.021813019289,0.0323148323646095,0.0303169744607841,0.0141955623062233,0.0201039940735981,0.10317639206053,0.0443114369074049,4,4,10000,10000,"Joint 2.5% and 97.5% quantiles across synchronized WHO/Adam PIF draws; burden weights fixed","Joint 2.5% and 97.5% quantiles across synchronized Table 5 PUC PIF draws; burden weights fixed",TRUE,TRUE
2024,"Ischaemic Stroke","Women","hed_reduction_10","HED -10%: no shift",4694.54,4694.54,9.42126788793598,9.420795354392,5.2587870322189,7.00292383337748,12.7388225994134,12.4334393950509,0.00200685645194971,0.00200675579596553,0.0011201921875666,0.00149171672482873,0.00271354011243133,0.00264848939300781,4,4,10000,10000,"Joint 2.5% and 97.5% quantiles across synchronized WHO/Adam PIF draws; burden weights fixed","Joint 2.5% and 97.5% quantiles across synchronized Table 5 PUC PIF draws; burden weights fixed",TRUE,TRUE
2024,"Ischaemic Stroke","Women","hed_reduction_25","HED -25%: no shift",4694.54,4694.54,23.55316971984,23.5519883859795,13.1469675805471,17.5073095834432,31.8470564985332,31.0835984876275,0.00501714112987429,0.00501688948991371,0.00280048046891647,0.00372929181207173,0.00678385028107828,0.00662122348251959,4,4,10000,10000,"Joint 2.5% and 97.5% quantiles across synchronized WHO/Adam PIF draws; burden weights fixed","Joint 2.5% and 97.5% quantiles across synchronized Table 5 PUC PIF draws; burden weights fixed",TRUE,TRUE
2024,"Ischaemic Stroke","Women","hed_reduction_50","HED -50%: no shift",4694.54,4694.54,47.1063394396802,47.1039767719589,26.2939351610952,35.0146191668867,63.6941129970665,62.167196975255,0.0100342822597486,0.0100337789798274,0.00560096093783314,0.00745858362414351,0.0135677005621566,0.0132424469650392,4,4,10000,10000,"Joint 2.5% and 97.5% quantiles across synchronized WHO/Adam PIF draws; burden weights fixed","Joint 2.5% and 97.5% quantiles across synchronized Table 5 PUC PIF draws; burden weights fixed",TRUE,TRUE
2024,"Ischaemic Stroke","Women","hed_reduction_10_mid","HED -10%: half shift",4694.54,4694.54,20.4482689824487,19.90571083599,11.1496448427818,17.9567039978238,40.7400198910246,22.6724210961008,0.00435575561875045,0.00424018345481985,0.00237502393051966,0.00382501885122371,0.00867817078798446,0.00482952985725989,4,4,10000,10000,"Joint 2.5% and 97.5% quantiles across synchronized WHO/Adam PIF draws; burden weights fixed","Joint 2.5% and 97.5% quantiles across synchronized Table 5 PUC PIF draws; burden weights fixed",TRUE,TRUE
2024,"Ischaemic Stroke","Women","hed_reduction_25_mid","HED -25%: half shift",4694.54,4694.54,51.1206724561219,49.7642770899749,27.8741121069545,44.8917599945597,101.850049727561,56.6810527402525,0.0108893890468761,0.0106004586370496,0.00593755982629917,0.00956254712805933,0.0216954269699611,0.0120738246431498,4,4,10000,10000,"Joint 2.5% and 97.5% quantiles across synchronized WHO/Adam PIF draws; burden weights fixed","Joint 2.5% and 97.5% quantiles across synchronized Table 5 PUC PIF draws; burden weights fixed",TRUE,TRUE
2024,"Ischaemic Stroke","Women","hed_reduction_50_mid","HED -50%: half shift",4694.54,4694.54,102.241344912244,99.5285541799494,55.7482242139089,89.7835199891193,203.700099455122,113.362105480504,0.0217787780937523,0.0212009172740991,0.0118751196525983,0.0191250942561187,0.0433908539399221,0.0241476492862995,4,4,10000,10000,"Joint 2.5% and 97.5% quantiles across synchronized WHO/Adam PIF draws; burden weights fixed","Joint 2.5% and 97.5% quantiles across synchronized Table 5 PUC PIF draws; burden weights fixed",TRUE,TRUE
2024,"Ischaemic Stroke","Women","hed_reduction_10_rt","HED -10%: complete shift",4694.54,4694.54,31.4752700769615,30.3906263175879,16.4827272202277,25.8737612786876,69.7765243731808,37.2074218956456,0.00670465478555119,0.00647361111367417,0.00351104202333514,0.00551145826400193,0.0148633357843752,0.00792568002310038,4,4,10000,10000,"Joint 2.5% and 97.5% quantiles across synchronized WHO/Adam PIF draws; burden weights fixed","Joint 2.5% and 97.5% quantiles across synchronized Table 5 PUC PIF draws; burden weights fixed",TRUE,TRUE
2024,"Ischaemic Stroke","Women","hed_reduction_25_rt","HED -25%: complete shift",4694.54,4694.54,78.6881751924038,75.9765657939703,41.2068180505689,64.6844031967195,174.441310932952,93.0185547391147,0.016761636963878,0.0161840277841855,0.00877760505833774,0.0137786456600049,0.0371583394609381,0.0198142000577511,4,4,10000,10000,"Joint 2.5% and 97.5% quantiles across synchronized WHO/Adam PIF draws; burden weights fixed","Joint 2.5% and 97.5% quantiles across synchronized Table 5 PUC PIF draws; burden weights fixed",TRUE,TRUE
2024,"Ischaemic Stroke","Women","hed_reduction_50_rt","HED -50%: complete shift",4694.54,4694.54,157.376350384807,151.95313158794,82.4136361011371,129.368806393439,348.882621865905,186.037109478229,0.0335232739277559,0.0323680555683709,0.0175552101166754,0.0275572913200099,0.0743166789218763,0.0396284001155021,4,4,10000,10000,"Joint 2.5% and 97.5% quantiles across synchronized WHO/Adam PIF draws; burden weights fixed","Joint 2.5% and 97.5% quantiles across synchronized Table 5 PUC PIF draws; burden weights fixed",TRUE,TRUE
2024,"Ischaemic Stroke","Women","combined_v10_h25","Combined 10/25: no shift",4694.54,4694.54,94.8328393911913,89.7002366839076,45.8462817051701,74.5796565652789,296.091902912451,113.384984330632,0.0202006670283332,0.0191073537948143,0.00976587305788641,0.0158864673781199,0.0630715475664177,0.0241525227883099,4,4,10000,10000,"Joint 2.5% and 97.5% quantiles across synchronized WHO/Adam PIF draws; burden weights fixed","Joint 2.5% and 97.5% quantiles across synchronized Table 5 PUC PIF draws; burden weights fixed",TRUE,TRUE
2024,"Ischaemic Stroke","Women","combined_v20_h50","Combined 20/50: no shift",4694.54,4694.54,170.782635892791,162.823847813645,85.0938318369396,137.340767271776,467.354279053922,202.742333047199,0.036378992594118,0.0346836639614626,0.0181261277647948,0.0292554259356137,0.0995527312695008,0.043186836846038,4,4,10000,10000,"Joint 2.5% and 97.5% quantiles across synchronized WHO/Adam PIF draws; burden weights fixed","Joint 2.5% and 97.5% quantiles across synchronized Table 5 PUC PIF draws; burden weights fixed",TRUE,TRUE
2024,"Ischaemic Stroke","Women","combined_v30_h50","Combined 30/50: no shift",4694.54,4694.54,205.995167556232,196.708867307354,102.141513394033,159.94040322553,548.205658689213,252.305815346594,0.0438797342351396,0.041901627700979,0.0217575126410752,0.0340694515810984,0.116775159800367,0.0537445234989145,4,4,10000,10000,"Joint 2.5% and 97.5% quantiles across synchronized WHO/Adam PIF draws; burden weights fixed","Joint 2.5% and 97.5% quantiles across synchronized Table 5 PUC PIF draws; burden weights fixed",TRUE,TRUE
2024,"Ischaemic Stroke","Women","combined_v10_h25_mid","Combined 10/25: half shift",4694.54,4694.54,113.542660931689,107.766077126014,55.3181881114502,86.9916923932042,336.107126749086,139.088135240431,0.0241861100196588,0.0229556201727994,0.0117835161935888,0.0185303975241886,0.0715953270712543,0.0296276387549006,4,4,10000,10000,"Joint 2.5% and 97.5% quantiles across synchronized WHO/Adam PIF draws; burden weights fixed","Joint 2.5% and 97.5% quantiles across synchronized Table 5 PUC PIF draws; burden weights fixed",TRUE,TRUE
2024,"Ischaemic Stroke","Women","combined_v20_h50_mid","Combined 20/50: half shift",4694.54,4694.54,194.990076608838,186.652226548356,97.6059719581338,153.027612592627,513.463336131311,237.954469725232,0.0415355022236125,0.0397594283035944,0.0207913814682874,0.0325969344371603,0.109374579006955,0.0506874943498686,4,4,10000,10000,"Joint 2.5% and 97.5% quantiles across synchronized WHO/Adam PIF draws; burden weights fixed","Joint 2.5% and 97.5% quantiles across synchronized Table 5 PUC PIF draws; burden weights fixed",TRUE,TRUE
2024,"Ischaemic Stroke","Women","combined_v30_h50_mid","Combined 30/50: half shift",4694.54,4694.54,220.21915745257,211.144402550674,109.629441976018,168.092541530855,572.918556953219,274.80819816365,0.0469096349062038,0.0449765903689549,0.0233525418839796,0.0358059664058364,0.122039338668585,0.0585378329215749,4,4,10000,10000,"Joint 2.5% and 97.5% quantiles across synchronized WHO/Adam PIF draws; burden weights fixed","Joint 2.5% and 97.5% quantiles across synchronized Table 5 PUC PIF draws; burden weights fixed",TRUE,TRUE
2024,"Ischaemic Stroke","Women","combined_v10_h25_rt","Combined 10/25: complete shift",4694.54,4694.54,132.252482472187,125.83191756812,64.8026028038565,99.2276565050858,376.39039107212,164.926915451366,0.0281715530109845,0.0268038865507844,0.013803823762042,0.0211368220326349,0.0801762027956137,0.0351316455821798,4,4,10000,10000,"Joint 2.5% and 97.5% quantiles across synchronized WHO/Adam PIF draws; burden weights fixed","Joint 2.5% and 97.5% quantiles across synchronized Table 5 PUC PIF draws; burden weights fixed",TRUE,TRUE
2024,"Ischaemic Stroke","Women","combined_v20_h50_rt","Combined 20/50: complete shift",4694.54,4694.54,219.197517324884,210.480605283067,110.400131066903,168.450863779666,559.384304867333,272.915060641078,0.0466920118531069,0.0448351926457262,0.0235167089995832,0.0358822938519357,0.119156361404383,0.0581345692317198,4,4,10000,10000,"Joint 2.5% and 97.5% quantiles across synchronized WHO/Adam PIF draws; burden weights fixed","Joint 2.5% and 97.5% quantiles across synchronized Table 5 PUC PIF draws; burden weights fixed",TRUE,TRUE
2024,"Ischaemic Stroke","Women","combined_v30_h50_rt","Combined 30/50: complete shift",4694.54,4694.54,234.443147348908,225.579937793993,117.008648137805,176.245555909742,595.641735618928,297.350691338433,0.049939535577268,0.0480515530369308,0.0249244117928072,0.037542667845996,0.126879680569114,0.0633396863885349,4,4,10000,10000,"Joint 2.5% and 97.5% quantiles across synchronized WHO/Adam PIF draws; burden weights fixed","Joint 2.5% and 97.5% quantiles across synchronized Table 5 PUC PIF draws; burden weights fixed",TRUE,TRUE
