"wave","age_group","sex","education","outcome","n_valid","n_eff","coverage","estimate","se","lower","upper","df","flag","bound_lower","bound_upper"
"VI","45-59","Men","Primary completed or less","Declared current use",627,376.949418454208,0.994922722101194,0.494910909725078,0.0257607488627341,0.444546602458054,0.545378710326245,626,"ok",0.492398109501253,0.497475387400059
"VI","45-59","Men","Primary completed or less","Current abstainer (history unknown)",607,362.196713235273,0.964796171726435,0.520860910652981,0.0262960073568498,0.469179730953418,0.572099391341476,606,"ok",0.502524612599941,0.537728440873506
"VI","45-59","Men","Primary completed or less","Occasional (frequency proxy)",607,362.196713235273,0.964796171726435,0.134338683549125,0.0168572898455589,0.10453620130611,0.171014980743019,606,"ok",0.129609447602965,0.16481327587653
"VI","45-59","Men","Primary completed or less","Moderate",607,362.196713235273,0.964796171726435,0.304279135810848,0.0247869158009453,0.257892344845125,0.35501798679135,606,"ok",0.293567345366534,0.328771173640099
"VI","45-59","Men","Primary completed or less","Heavy",607,362.196713235273,0.964796171726435,0.0405212699870457,0.0116887284231693,0.0228656410279195,0.070821549712053,606,"ok",0.039094766156995,0.0742985944305598
"VI","45-59","Women","Secondary completed or less","Declared current use",1089,645.385332999727,0.996454682103233,0.256067673637102,0.0168527303723852,0.22441964777791,0.290507040884288,1088,"ok",0.255159832330973,0.25870515022774
"VI","45-59","Women","Secondary completed or less","Current abstainer (history unknown)",1070,630.702500637902,0.977270779067194,0.758535777033901,0.0167431095069702,0.724181631110706,0.789852678634752,1069,"ok",0.74129484977226,0.764024070705066
"VI","45-59","Women","Secondary completed or less","Occasional (frequency proxy)",1070,630.702500637902,0.977270779067194,0.128112916118543,0.0127179955666391,0.105160235568298,0.15520641791249,1069,"ok",0.125201009343739,0.147930230276545
"VI","45-59","Women","Secondary completed or less","Moderate",1070,630.702500637902,0.977270779067194,0.105513317334971,0.0121551079477263,0.0839291962425117,0.131849317377066,1069,"ok",0.103115081833912,0.125844302766718
"VI","45-59","Women","Secondary completed or less","Heavy",1070,630.702500637902,0.977270779067194,0.00783798951258421,0.00397943606964732,0.00288598750449073,0.0211071548015028,1069,"ok",0.00765983811728366,0.0303890590500901
"VI","45-59","Men","Tertiary completed or higher","Declared current use",237,98.9055941801229,0.991705687474965,0.632400232559424,0.0463196206971576,0.537427961749365,0.718101330042599,236,"ok",0.627154907389671,0.635449219914706
"VI","45-59","Men","Tertiary completed or higher","Current abstainer (history unknown)",231,96.0934185970185,0.974000543948565,0.374281906052555,0.0471688729961574,0.286849993152903,0.470771124212217,230,"ok",0.364550780085294,0.390550236136729
"VI","45-59","Men","Tertiary completed or higher","Occasional (frequency proxy)",231,96.0934185970185,0.974000543948565,0.173582794366351,0.0316481501670315,0.119714444808461,0.244945714936687,230,"ok",0.169069736132938,0.195069192184373
"VI","45-59","Men","Tertiary completed or higher","Moderate",231,96.0934185970185,0.974000543948565,0.440290766532685,0.0525523539110743,0.340704483582081,0.544926559459895,230,"ok",0.428843446098366,0.454842902149801
"VI","45-59","Men","Tertiary completed or higher","Heavy",231,96.0934185970185,0.974000543948565,0.011844533048409,0.00837876885948013,0.00291640125213335,0.0468213503815592,230,"sparse_or_low_df",0.0115365816319671,0.0375360376834022
"VI","45-59","Men","Secondary completed or less","Declared current use",890,483.706819483189,0.994633290500879,0.54138983081908,0.0230239140239512,0.495985502340255,0.586117080333045,889,"ok",0.538484348871296,0.543851058370417
"VI","45-59","Men","Secondary completed or less","Current abstainer (history unknown)",863,466.200278224983,0.967924697347805,0.471264906122832,0.0233719291564937,0.425761518407459,0.517250917771616,862,"ok",0.456148941629583,0.488224244281779
"VI","45-59","Men","Secondary completed or less","Occasional (frequency proxy)",863,466.200278224983,0.967924697347805,0.175956635644863,0.0170939081400529,0.144875137352714,0.212052778487508,862,"ok",0.170312773302892,0.202388075955087
"VI","45-59","Men","Secondary completed or less","Moderate",863,466.200278224983,0.967924697347805,0.330211213737458,0.020503068349507,0.291279486580055,0.371617993519777,862,"ok",0.31961958911768,0.351694891769876
"VI","45-59","Men","Secondary completed or less","Heavy",863,466.200278224983,0.967924697347805,0.0225672444948479,0.00566519458295048,0.0137547670253539,0.0368149897406624,862,"ok",0.0218433932976495,0.0539186959498449
"VI","60-65","Women","Primary completed or less","Declared current use",329,228.78916714725,0.992895863896843,0.159127547906782,0.0256847169174665,0.114827447773299,0.216341394680878,328,"ok",0.15799708414869,0.165101220251847
"VI","60-65","Women","Primary completed or less","Current abstainer (history unknown)",325,226.499118697804,0.97548569810851,0.855880082472805,0.0245958304395001,0.800464964480024,0.897868846166842,324,"ok",0.834898779748153,0.859413081639643
"VI","60-65","Women","Primary completed or less","Occasional (frequency proxy)",325,226.499118697804,0.97548569810851,0.0629925471126589,0.0148590046691123,0.039356880948567,0.0993544985569904,324,"ok",0.0614483287958252,0.0859626306873155
"VI","60-65","Women","Primary completed or less","Moderate",325,226.499118697804,0.97548569810851,0.0689048076524627,0.0177017977981367,0.0412315941513798,0.112962996972477,324,"ok",0.0672156543958952,0.0917299562873855
"VI","60-65","Women","Primary completed or less","Heavy",325,226.499118697804,0.97548569810851,0.0122225627620735,0.0120998918788319,0.00171977500207689,0.0816222457973142,324,"sparse_or_low_df",0.0119229351686364,0.0364372370601267
"VI","45-59","Women","Primary completed or less","Declared current use",642,409.403724783777,0.996741456385869,0.18084965943451,0.0187754518806183,0.146856145785661,0.220676493584422,641,"ok",0.180260352931642,0.183518896545773
"VI","45-59","Women","Primary completed or less","Current abstainer (history unknown)",636,404.199807555991,0.987087207748428,0.827162075493454,0.0186556259287914,0.78741282266358,0.860793020373072,635,"ok",0.816481103454227,0.8293938957058
"VI","45-59","Women","Primary completed or less","Occasional (frequency proxy)",636,404.199807555991,0.987087207748428,0.0884998865722122,0.0145437833208891,0.0637966332960425,0.121527013013197,635,"ok",0.0873571059226176,0.10026989817419
"VI","45-59","Women","Primary completed or less","Moderate",636,404.199807555991,0.987087207748428,0.0843380379343339,0.01310669731808,0.0619139702898267,0.113897598524422,635,"ok",0.0832489983715826,0.096161790623155
"VI","45-59","Women","Primary completed or less","Heavy",636,404.199807555991,0.987087207748428,0,0,,,635,"boundary_no_CI",0,0.0129127922515724
"VI","45-59","Women","Tertiary completed or higher","Declared current use",329,171.212646196998,0.986295744809805,0.314467892316806,0.0344682617960974,0.250894321229139,0.385852852940568,328,"ok",0.310158344071374,0.323862599261569
"VI","45-59","Women","Tertiary completed or higher","Current abstainer (history unknown)",323,168.572558166197,0.977436823790936,0.691745373492344,0.0346464712213939,0.619784344236075,0.755460487718276,322,"ok",0.676137400738431,0.698700576947495
"VI","45-59","Women","Tertiary completed or higher","Occasional (frequency proxy)",323,168.572558166197,0.977436823790936,0.102032536390265,0.0184098520402384,0.0710844568260053,0.144360554548616,322,"ok",0.099730358292634,0.122293534501699
"VI","45-59","Women","Tertiary completed or higher","Moderate",323,168.572558166197,0.977436823790936,0.206222090117391,0.0319866599388915,0.150296065171062,0.276194142162163,322,"ok",0.201569064759871,0.224132240968935
"VI","45-59","Women","Tertiary completed or higher","Heavy",323,168.572558166197,0.977436823790936,0,0,,,322,"boundary_no_CI",0,0.0225631762090645
"VI","77+","Women","Primary completed or less","Declared current use",392,250.129173157369,0.993387633958691,0.0985462694731132,0.017175479144427,0.0695513434266,0.137838082277895,391,"ok",0.0978946454673515,0.104507011508661
"VI","77+","Women","Primary completed or less","Current abstainer (history unknown)",392,250.129173157369,0.993387633958691,0.901453730526887,0.017175479144427,0.862161917722105,0.9304486565734,391,"ok",0.895492988491339,0.902105354532649
"VI","77+","Women","Primary completed or less","Occasional (frequency proxy)",392,250.129173157369,0.993387633958691,0.0699399373684328,0.0153387566867581,0.0451649330919352,0.106785270399648,391,"ok",0.0694774689016465,0.0760898349429556
"VI","77+","Women","Primary completed or less","Moderate",392,250.129173157369,0.993387633958691,0.0286063321046804,0.00822295608534884,0.0161923409924847,0.0500533982252202,391,"ok",0.028417176565705,0.0350295426070141
"VI","77+","Women","Primary completed or less","Heavy",392,250.129173157369,0.993387633958691,0,0,,,391,"boundary_no_CI",0,0.00661236604130911
"VI","30-44","Men","Secondary completed or less","Declared current use",614,337.112137787,0.99660679685429,0.589929079009279,0.0266807767698139,0.536703448667608,0.641128621567905,613,"ok",0.587927329802639,0.591320532948349
"VI","30-44","Men","Secondary completed or less","Current abstainer (history unknown)",597,340.757492651141,0.95633424572601,0.427339571784757,0.026886131588799,0.375549229364085,0.480773231271404,596,"ok",0.408679467051651,0.452345221325641
"VI","30-44","Men","Secondary completed or less","Occasional (frequency proxy)",597,340.757492651141,0.95633424572601,0.147535975187238,0.0195975132996044,0.113037341246238,0.19030443367426,596,"ok",0.141093705548139,0.184759459822129
"VI","30-44","Men","Secondary completed or less","Moderate",597,340.757492651141,0.95633424572601,0.407113384707757,0.0265073063303659,0.356269829892493,0.460027577570599,596,"ok",0.389336471689456,0.433002225963446
"VI","30-44","Men","Secondary completed or less","Heavy",597,340.757492651141,0.95633424572601,0.0180110683202477,0.00551209120626487,0.00984728125054823,0.032719308937108,596,"ok",0.0172246014367637,0.060890355710754
"VI","77+","Men","Primary completed or less","Declared current use",309,219.384011819415,0.989823462063745,0.245841335745965,0.0275326546151832,0.195742106115053,0.303917717677448,308,"ok",0.243339522066447,0.253516060002702
"VI","77+","Men","Primary completed or less","Current abstainer (history unknown)",306,217.038417585736,0.978783848875927,0.762664750603097,0.0272232534747777,0.705035767919975,0.812036161425988,305,"ok",0.746483939997298,0.767700091121371
"VI","77+","Men","Primary completed or less","Occasional (frequency proxy)",306,217.038417585736,0.978783848875927,0.106079355642243,0.0188586071192815,0.0742772614780492,0.149301604112072,305,"ok",0.103828760001793,0.125044911125865
"VI","77+","Men","Primary completed or less","Moderate",306,217.038417585736,0.978783848875927,0.125837056203991,0.0211755968127669,0.0897183629404814,0.173721380321289,305,"ok",0.123167278202559,0.144383429326632
"VI","77+","Men","Primary completed or less","Heavy",306,217.038417585736,0.978783848875927,0.00541883755066935,0.00540209073782234,0.000757431767859125,0.0376856639481594,305,"sparse_or_low_df",0.00530387067427755,0.0265200217983504
"VI","30-44","Women","Tertiary completed or higher","Declared current use",395,187.894671036244,1,0.383282140443877,0.034141353138003,0.318732679743724,0.452226550550801,394,"ok",0.383282140443877,0.383282140443877
"VI","30-44","Women","Tertiary completed or higher","Current abstainer (history unknown)",391,186.406562117581,0.995547218540199,0.619476251925484,0.0342331998974549,0.550280513705325,0.684136522995886,390,"ok",0.616717859556123,0.621170641015924
"VI","30-44","Women","Tertiary completed or higher","Occasional (frequency proxy)",391,186.406562117581,0.995547218540199,0.127288489850108,0.0194444205903244,0.0936987130975733,0.170652407378726,390,"ok",0.126721702022457,0.131174483482258
"VI","30-44","Women","Tertiary completed or higher","Moderate",391,186.406562117581,0.995547218540199,0.251974077195455,0.0310843847157673,0.195863309223355,0.317806510816571,390,"ok",0.250852091696169,0.25530487315597
"VI","30-44","Women","Tertiary completed or higher","Heavy",391,186.406562117581,0.995547218540199,0.00126118102895357,0.00126300941129169,0.000175824812567593,0.00898616084170013,390,"sparse_or_low_df",0.0012555652654504,0.00570834672525168
"VI","71-76","Women","Secondary completed or less","Declared current use",134,97.105360761585,1,0.214706919209244,0.0418848371149033,0.143300956035167,0.308865944951643,133,"ok",0.214706919209244,0.214706919209244
"VI","71-76","Women","Secondary completed or less","Current abstainer (history unknown)",134,97.105360761585,1,0.785293080790756,0.0418848371149033,0.691134055048357,0.856699043964833,133,"ok",0.785293080790756,0.785293080790756
"VI","71-76","Women","Secondary completed or less","Occasional (frequency proxy)",134,97.105360761585,1,0.13278616051827,0.0327231775391043,0.0802747004529588,0.211739710562191,133,"ok",0.13278616051827,0.13278616051827
"VI","71-76","Women","Secondary completed or less","Moderate",134,97.105360761585,1,0.0819207586909737,0.0305265182906311,0.0384437715997291,0.166074689287484,133,"ok",0.0819207586909737,0.0819207586909737
"VI","71-76","Women","Secondary completed or less","Heavy",134,97.105360761585,1,0,0,,,133,"boundary_no_CI",0,0
"VI","66-70","Men","Secondary completed or less","Declared current use",149,80.419561345732,1,0.452941618887227,0.0570583105521292,0.344379035544332,0.566173369867495,148,"ok",0.452941618887227,0.452941618887227
"VI","66-70","Men","Secondary completed or less","Current abstainer (history unknown)",146,78.491892604397,0.984744899487237,0.555533094304556,0.0580087798289907,0.439970112405385,0.665385738938011,145,"ok",0.547058381112773,0.562313481625536
"VI","66-70","Men","Secondary completed or less","Occasional (frequency proxy)",146,78.491892604397,0.984744899487237,0.163870664657335,0.0356822044834877,0.104853938512207,0.246941199846687,145,"ok",0.161370801196894,0.176625901709657
"VI","66-70","Men","Secondary completed or less","Moderate",146,78.491892604397,0.984744899487237,0.275350838302219,0.0613346404792035,0.171478042323034,0.410936566622526,145,"ok",0.271150333587645,0.286405434100408
"VI","66-70","Men","Secondary completed or less","Heavy",146,78.491892604397,0.984744899487237,0.00524540273589071,0.00525145414733281,0.000720879236759654,0.0371129444645732,145,"sparse_or_low_df",0.00516538358992477,0.020420484102688
"VI","60-65","Women","Tertiary completed or higher","Declared current use",82,53.0086960095722,1,0.329448010392562,0.0638206396566745,0.216616225091751,0.466084686237272,81,"ok",0.329448010392562,0.329448010392562
"VI","60-65","Women","Tertiary completed or higher","Current abstainer (history unknown)",81,52.3174214391991,0.991597415153815,0.676234104042539,0.0640856470792575,0.538427519643836,0.789019184806919,80,"ok",0.670551989607438,0.678954574453623
"VI","60-65","Women","Tertiary completed or higher","Occasional (frequency proxy)",81,52.3174214391991,0.991597415153815,0.188472463518241,0.0518353347683803,0.105797646371774,0.313129487793894,80,"ok",0.18688880765236,0.195291392498544
"VI","60-65","Women","Tertiary completed or higher","Moderate",81,52.3174214391991,0.991597415153815,0.135293432439219,0.0484949128078042,0.0641713686337732,0.263081540826827,80,"ok",0.134156617894017,0.142559202740202
"VI","60-65","Women","Tertiary completed or higher","Heavy",81,52.3174214391991,0.991597415153815,0,0,,,80,"boundary_no_CI",0,0.00840258484618468
"VI","71-76","Women","Primary completed or less","Declared current use",256,139.273459929464,0.995552544499367,0.128763493004021,0.0308654798634199,0.0791639943109723,0.202601767783142,255,"ok",0.12819082309878,0.132638278599413
"VI","71-76","Women","Primary completed or less","Current abstainer (history unknown)",256,139.273459929464,0.995552544499367,0.871236506995979,0.0308654798634199,0.797398232216858,0.920836005689028,255,"ok",0.867361721400587,0.87180917690122
"VI","71-76","Women","Primary completed or less","Occasional (frequency proxy)",256,139.273459929464,0.995552544499367,0.0950663388229218,0.0296198948802226,0.050626604422257,0.171469476323568,255,"ok",0.0946435355113987,0.0990909910120322
"VI","71-76","Women","Primary completed or less","Moderate",256,139.273459929464,0.995552544499367,0.0336971541810995,0.0109398520924005,0.0176762331173461,0.0633029592159695,255,"ok",0.033547287587381,0.0379947430880145
"VI","71-76","Women","Primary completed or less","Heavy",256,139.273459929464,0.995552544499367,0,0,,,255,"boundary_no_CI",0,0.00444745550063346
"VI","30-44","Women","Secondary completed or less","Declared current use",726,400.842549357509,0.998251937305376,0.293759106859749,0.0229487196472253,0.25079807754106,0.34073236748605,725,"ok",0.293245597523841,0.294993660218465
"VI","30-44","Women","Secondary completed or less","Current abstainer (history unknown)",716,395.333178325775,0.989253038256546,0.712665326784373,0.0230469287957816,0.665388158622172,0.755715077694327,715,"ok",0.705006339781535,0.715753301524989
"VI","30-44","Women","Secondary completed or less","Occasional (frequency proxy)",716,395.333178325775,0.989253038256546,0.139828929998444,0.0177314268701885,0.108501188939172,0.178391986799218,715,"ok",0.138326193837122,0.149073155580576
"VI","30-44","Women","Secondary completed or less","Moderate",716,395.333178325775,0.989253038256546,0.139729315894322,0.0178634359866359,0.108196161360508,0.178612007889952,715,"ok",0.138227650281967,0.148974612025421
"VI","30-44","Women","Secondary completed or less","Heavy",716,395.333178325775,0.989253038256546,0.00777642732286074,0.00394622720970639,0.00286319483396744,0.0209436649129729,715,"ok",0.00769285435592121,0.0184398160993751
"VI","60-65","Men","Primary completed or less","Declared current use",297,194.137839496843,1,0.471406371922227,0.0355732211728175,0.402405489628982,0.541517511308403,296,"ok",0.471406371922227,0.471406371922227
"VI","60-65","Men","Primary completed or less","Current abstainer (history unknown)",290,188.885582134712,0.968497377847869,0.545787361089587,0.0357815768441365,0.474915966946414,0.614850700916009,289,"ok",0.528593628077773,0.560096250229904
"VI","60-65","Men","Primary completed or less","Occasional (frequency proxy)",290,188.885582134712,0.968497377847869,0.152665449922928,0.0232437902415035,0.112295672596854,0.204209432016647,289,"ok",0.147856087938321,0.179358710090452
"VI","60-65","Men","Primary completed or less","Moderate",290,188.885582134712,0.968497377847869,0.257924466112575,0.0312990775073604,0.201227477927729,0.324114174940206,289,"ok",0.24979916911284,0.281301791264971
"VI","60-65","Men","Primary completed or less","Heavy",290,188.885582134712,0.968497377847869,0.0436227228749105,0.0123880862962629,0.0247950222533824,0.0756380798639153,289,"ok",0.0422484927189351,0.0737511148710658
"VI","77+","Women","Secondary completed or less","Declared current use",116,55.2941923766252,1,0.172705761871969,0.0476317162306137,0.0973592160068936,0.287772966041299,115,"ok",0.172705761871969,0.172705761871969
"VI","77+","Women","Secondary completed or less","Current abstainer (history unknown)",115,54.774597923828,0.994439201397486,0.831920379813501,0.0476284225339086,0.715965147674763,0.906706075284114,114,"ok",0.827294238128031,0.832855036730545
"VI","77+","Women","Secondary completed or less","Occasional (frequency proxy)",115,54.774597923828,0.994439201397486,0.103599054847971,0.0352333348885424,0.0516886247204154,0.196822408266765,114,"ok",0.103022961368551,0.108583759971065
"VI","77+","Women","Secondary completed or less","Moderate",115,54.774597923828,0.994439201397486,0.0644805653385276,0.0350289577682563,0.0213508072236667,0.178815625049461,114,"ok",0.0641220019009038,0.0696828005034178
"VI","77+","Women","Secondary completed or less","Heavy",115,54.774597923828,0.994439201397486,0,0,,,114,"boundary_no_CI",0,0.00556079860251399
"VI","60-65","Men","Secondary completed or less","Declared current use",248,164.884393470844,0.996339053104175,0.49229372192277,0.0388728226243527,0.416499934063503,0.568443419326414,247,"ok",0.490491460749663,0.494152407645488
"VI","60-65","Men","Secondary completed or less","Current abstainer (history unknown)",242,159.935274050059,0.971651586153191,0.520605945138405,0.0393403464825915,0.443236717959301,0.596999185485373,241,"ok",0.505847592354512,0.534196006201321
"VI","60-65","Men","Secondary completed or less","Occasional (frequency proxy)",242,159.935274050059,0.971651586153191,0.132630282218803,0.0241416339277704,0.0918473566783583,0.187777685693003,241,"ok",0.128870424089845,0.157218837936654
"VI","60-65","Men","Secondary completed or less","Moderate",242,159.935274050059,0.971651586153191,0.330583088711082,0.0368348224308758,0.262419730350082,0.40668938175709,241,"ok",0.321211582501543,0.349559996348353
"VI","60-65","Men","Secondary completed or less","Heavy",242,159.935274050059,0.971651586153191,0.0161806839317114,0.00729622324771094,0.00662351132324886,0.0389868358435359,241,"ok",0.0157219872072908,0.0440704010540999
"VI","30-44","Men","Tertiary completed or higher","Declared current use",325,117.005445853579,0.997080002224159,0.638114559696873,0.0433540212434016,0.549300403748612,0.718399377836303,324,"ok",0.636251266601826,0.639171264377667
"VI","30-44","Men","Tertiary completed or higher","Current abstainer (history unknown)",316,112.764192420593,0.953719553837399,0.378338405845301,0.0447369479912863,0.295077834099371,0.469446753438697,315,"ok",0.360828735622333,0.407109181784934
"VI","30-44","Men","Tertiary completed or higher","Occasional (frequency proxy)",316,112.764192420593,0.953719553837399,0.189925593738812,0.0459908516460355,0.11520561583683,0.2968484613982,315,"ok",0.181135752522883,0.227416198685484
"VI","30-44","Men","Tertiary completed or higher","Moderate",316,112.764192420593,0.953719553837399,0.424693582135646,0.0452012060959733,0.339050234555871,0.515110350079518,315,"ok",0.405038573672015,0.451319019834616
"VI","30-44","Men","Tertiary completed or higher","Heavy",316,112.764192420593,0.953719553837399,0.00704241828024126,0.00454398642140896,0.00197098827436986,0.024838084321795,315,"sparse_or_low_df",0.00671649202016803,0.0529969381827693
"VI","18-29","Women","Tertiary completed or higher","Declared current use",1797,1470.78552699894,0.998931373548833,0.448786249108004,0.0131021367001149,0.423248038535651,0.474597391827223,1796,"ok",0.448306664251287,0.449375290702454
"VI","18-29","Women","Tertiary completed or higher","Current abstainer (history unknown)",1748,1429.07859000274,0.971736281462005,0.566640064595628,0.0132914536144171,0.540410298499844,0.592501651736237,1747,"ok",0.550624709297546,0.578888427835541
"VI","18-29","Women","Tertiary completed or higher","Occasional (frequency proxy)",1748,1429.07859000274,0.971736281462005,0.176030917176134,0.00983007955961823,0.157572991373274,0.196147559140838,1747,"ok",0.171055628879082,0.199319347417078
"VI","18-29","Women","Tertiary completed or higher","Moderate",1748,1429.07859000274,0.971736281462005,0.245172119995715,0.0123125428736314,0.221832460494388,0.270115022790481,1747,"ok",0.238242644202793,0.266506362740788
"VI","18-29","Women","Tertiary completed or higher","Heavy",1748,1429.07859000274,0.971736281462005,0.0121568982325232,0.002957024024405,0.00753549203708509,0.0195566955035158,1747,"ok",0.0118132990825841,0.0400770176205794
"VI","66-70","Women","Secondary completed or less","Declared current use",178,99.7049480463555,1,0.147893659084528,0.0292846516609095,0.0988732078469014,0.215408326389478,177,"ok",0.147893659084528,0.147893659084528
"VI","66-70","Women","Secondary completed or less","Current abstainer (history unknown)",174,97.7245103592504,0.988298368668345,0.862195434020212,0.0289936936649103,0.794455764066281,0.910135860053297,173,"ok",0.852106340915472,0.863807972247127
"VI","66-70","Women","Secondary completed or less","Occasional (frequency proxy)",174,97.7245103592504,0.988298368668345,0.0550253531744634,0.0183828692864067,0.0281635782275031,0.104745897679628,173,"ok",0.0543814667777217,0.0660830981093763
"VI","66-70","Women","Secondary completed or less","Moderate",174,97.7245103592504,0.988298368668345,0.0827792128053241,0.0229523477834417,0.0473430979253325,0.140818459774542,173,"ok",0.0818105609751516,0.0935121923068062
"VI","66-70","Women","Secondary completed or less","Heavy",174,97.7245103592504,0.988298368668345,0,0,,,173,"boundary_no_CI",0,0.0117016313316546
"VI","60-65","Women","Secondary completed or less","Declared current use",249,156.211430611388,1,0.249998952466577,0.04072085034082,0.178525813161898,0.338302410201785,248,"ok",0.249998952466577,0.249998952466577
"VI","60-65","Women","Secondary completed or less","Current abstainer (history unknown)",244,152.862932929718,0.97527071440294,0.769018321228453,0.0408765597735444,0.679066671531025,0.839709322654555,243,"ok",0.750001047533423,0.774730333130483
"VI","60-65","Women","Secondary completed or less","Occasional (frequency proxy)",244,152.862932929718,0.97527071440294,0.116682042502106,0.0381290767253037,0.0599209664576909,0.214918665727255,243,"ok",0.113796578949023,0.138525864546083
"VI","60-65","Women","Secondary completed or less","Moderate",244,152.862932929718,0.97527071440294,0.109842269139452,0.0243187721877531,0.0702882920914773,0.167641257854476,243,"ok",0.107125948295273,0.131855233892334
"VI","60-65","Women","Secondary completed or less","Heavy",244,152.862932929718,0.97527071440294,0.00445736712998912,0.00445220716512236,0.00062008548772153,0.0312972841713307,243,"sparse_or_low_df",0.00434713962522067,0.0290764252222808
"VI","66-70","Women","Primary completed or less","Declared current use",231,129.863049437393,1,0.145913429906691,0.0267142739315618,0.100708069677197,0.206745367938667,230,"ok",0.145913429906691,0.145913429906691
"VI","66-70","Women","Primary completed or less","Current abstainer (history unknown)",230,128.965368156247,0.994758338175331,0.858586992756398,0.0264144159276644,0.798177037677999,0.903109908367762,229,"ok",0.854086570093309,0.859328231917978
"VI","66-70","Women","Primary completed or less","Occasional (frequency proxy)",230,128.965368156247,0.994758338175331,0.0622320930782471,0.0167950483641173,0.0362748656794125,0.104744764902328,229,"ok",0.0619058934916896,0.0671475553163588
"VI","66-70","Women","Primary completed or less","Moderate",230,128.965368156247,0.994758338175331,0.0771186079859388,0.0209522453009408,0.044692876493436,0.129871716152149,229,"ok",0.0767143783224872,0.0819560401471564
"VI","66-70","Women","Primary completed or less","Heavy",230,128.965368156247,0.994758338175331,0.00206230617941651,0.00206610637099171,0.000285793991121426,0.0147191337388344,229,"sparse_or_low_df",0.00205149626784508,0.00729315809251423
"VI","30-44","Men","Primary completed or less","Declared current use",182,106.746576004684,1,0.53043268616307,0.0487401208241855,0.434322529906602,0.624337384619943,181,"ok",0.53043268616307,0.53043268616307
"VI","30-44","Men","Primary completed or less","Current abstainer (history unknown)",178,104.518395062399,0.987264030874434,0.475624857335304,0.0491851759820829,0.380656604005558,0.572389353344427,177,"ok",0.46956731383693,0.482303282962496
"VI","30-44","Men","Primary completed or less","Occasional (frequency proxy)",178,104.518395062399,0.987264030874434,0.112385460225725,0.0249690064253557,0.0717198496865562,0.171840367312135,177,"ok",0.110954122474128,0.123690091599694
"VI","30-44","Men","Primary completed or less","Moderate",178,104.518395062399,0.987264030874434,0.383505541313532,0.0473074725327446,0.295344296923713,0.480054840943095,177,"ok",0.37862122657988,0.391357195705445
"VI","30-44","Men","Primary completed or less","Heavy",178,104.518395062399,0.987264030874434,0.0284841411254386,0.0114441217122114,0.0127973653312111,0.0621881883091826,177,"ok",0.0281213679834968,0.0408573371090623
"VI","71-76","Men","Primary completed or less","Declared current use",239,153.979634660008,1,0.355968457559811,0.0413217177230552,0.279290833745183,0.440821396194961,238,"ok",0.355968457559811,0.355968457559811
"VI","71-76","Men","Primary completed or less","Current abstainer (history unknown)",230,147.78063394782,0.973705872347497,0.661423085482169,0.042361659147411,0.573689381814564,0.739306068794382,229,"ok",0.644031542440189,0.670325670092692
"VI","71-76","Men","Primary completed or less","Occasional (frequency proxy)",230,147.78063394782,0.973705872347497,0.107976440191869,0.0314588626443997,0.0597972102752461,0.18724338577226,229,"ok",0.105137293890001,0.131431421542504
"VI","71-76","Men","Primary completed or less","Moderate",230,147.78063394782,0.973705872347497,0.224378832597773,0.0378028947529758,0.158647289949708,0.307394375487575,229,"ok",0.218478986930928,0.244773114583431
"VI","71-76","Men","Primary completed or less","Heavy",230,147.78063394782,0.973705872347497,0.00622164172818805,0.00442497869697527,0.00152591684162699,0.0250056954167513,229,"sparse_or_low_df",0.00605804908637893,0.0323521767388815
"VI","60-65","Men","Tertiary completed or higher","Declared current use",64,32.6113362596984,0.988782851516284,0.584186934026465,0.0890626030248132,0.403068523622288,0.745103621944052,63,"ok",0.577634022445244,0.58885117092896
"VI","60-65","Men","Tertiary completed or higher","Current abstainer (history unknown)",62,31.6148710917015,0.970944219670515,0.42345257404237,0.0902889795054389,0.25958539232556,0.606086754121236,61,"ok",0.41114882907104,0.440204609400525
"VI","60-65","Men","Tertiary completed or higher","Occasional (frequency proxy)",62,31.6148710917015,0.970944219670515,0.0740631449633038,0.0279441009134913,0.0342011859109868,0.15302358659111,61,"ok",0.0719111824927393,0.100966962822224
"VI","60-65","Men","Tertiary completed or higher","Moderate",62,31.6148710917015,0.970944219670515,0.502484280994326,0.0889594208949716,0.331452755406318,0.672936404554205,61,"ok",0.487884208106736,0.51693998843622
"VI","60-65","Men","Tertiary completed or higher","Heavy",62,31.6148710917015,0.970944219670515,0,0,,,61,"boundary_no_CI",0,0.0290557803294847
"VI","66-70","Men","Tertiary completed or higher","Declared current use",41,28.6621495248149,1,0.650929478580505,0.0845240731880815,0.467870328262832,0.798178836402873,40,"sparse_or_low_df",0.650929478580505,0.650929478580505
"VI","66-70","Men","Tertiary completed or higher","Current abstainer (history unknown)",39,27.2171278755399,0.966666470592224,0.361107509196671,0.0874081994324069,0.207915135794565,0.548947136753002,38,"sparse_or_low_df",0.349070521419495,0.382404050827271
"VI","66-70","Men","Tertiary completed or higher","Occasional (frequency proxy)",39,27.2171278755399,0.966666470592224,0.388859404647217,0.0988111848725979,0.215205452420133,0.596188911887006,38,"sparse_or_low_df",0.375897348246918,0.409230877654695
"VI","66-70","Men","Tertiary completed or higher","Moderate",39,27.2171278755399,0.966666470592224,0.250033086156112,0.0779495413196667,0.125651726351399,0.436124212508502,38,"sparse_or_low_df",0.24169860092581,0.275032130333587
"VI","66-70","Men","Tertiary completed or higher","Heavy",39,27.2171278755399,0.966666470592224,0,0,,,38,"boundary_no_CI",0,0.0333335294077764
"VI","18-29","Men","Secondary completed or less","Declared current use",1334,1171.49752053007,0.99422363013941,0.566416103514902,0.0145627308560237,0.537657974521428,0.594733766210289,1333,"ok",0.563144274606005,0.568920644466596
"VI","18-29","Men","Secondary completed or less","Current abstainer (history unknown)",1275,1117.01943059965,0.950491630667374,0.453533036614671,0.0149548071441507,0.424388619249841,0.482999475187218,1274,"ok",0.431079355533404,0.48058772486603
"VI","18-29","Men","Secondary completed or less","Occasional (frequency proxy)",1275,1117.01943059965,0.950491630667374,0.146728737578228,0.010632721312644,0.127071614907551,0.168838539807742,1274,"ok",0.139464437046495,0.188972806379121
"VI","18-29","Men","Secondary completed or less","Moderate",1275,1117.01943059965,0.950491630667374,0.377259981394179,0.0143471917377946,0.349553814772635,0.405792147647599,1274,"ok",0.358582454900897,0.408090824233522
"VI","18-29","Men","Secondary completed or less","Heavy",1275,1117.01943059965,0.950491630667374,0.0224782444129221,0.00421930351560702,0.0155321748298452,0.0324283105920281,1274,"ok",0.0213653831865781,0.0708737525192037
"VI","71-76","Men","Secondary completed or less","Declared current use",135,94.0928358251239,1,0.42856810818467,0.0520856898678846,0.329964234666409,0.533190012703509,134,"ok",0.42856810818467,0.42856810818467
"VI","71-76","Men","Secondary completed or less","Current abstainer (history unknown)",133,92.3487589213562,0.985156772372955,0.580041581035796,0.0526187203656817,0.473937135671578,0.67922972995821,132,"ok",0.57143189181533,0.586275119442375
"VI","71-76","Men","Secondary completed or less","Occasional (frequency proxy)",133,92.3487589213562,0.985156772372955,0.0649064359697901,0.0182855063165485,0.0368393733078662,0.11187338098997,132,"ok",0.0639430149662303,0.0787862425932753
"VI","71-76","Men","Secondary completed or less","Moderate",133,92.3487589213562,0.985156772372955,0.343228186057485,0.0530096205784013,0.247106525852967,0.454184357972427,132,"ok",0.338133571963816,0.352976799590861
"VI","71-76","Men","Secondary completed or less","Heavy",133,92.3487589213562,0.985156772372955,0.0118237969369295,0.0117481148653244,0.00163463266092829,0.080409771097622,132,"sparse_or_low_df",0.0116482936275787,0.0264915212546237
"VI","30-44","Women","Primary completed or less","Declared current use",214,115.650856711073,0.998081101839336,0.255932798357002,0.0436803517034871,0.179556638464175,0.350901546037175,213,"ok",0.255441689380981,0.257360587541645
"VI","30-44","Women","Primary completed or less","Current abstainer (history unknown)",212,114.558347745414,0.979431731731781,0.75823499320903,0.0430715893984574,0.663706940347148,0.832882661453142,211,"ok",0.742639412458355,0.763207680726574
"VI","30-44","Women","Primary completed or less","Occasional (frequency proxy)",212,114.558347745414,0.979431731731781,0.122488335704751,0.0283904626262076,0.0765795436159843,0.190248822351994,211,"ok",0.119968962756249,0.140537231024467
"VI","30-44","Women","Primary completed or less","Moderate",212,114.558347745414,0.979431731731781,0.0956380876143432,0.0361759554430158,0.0443125434756051,0.194324155801272,211,"ok",0.093670977771632,0.114239246039851
"VI","30-44","Women","Primary completed or less","Heavy",212,114.558347745414,0.979431731731781,0.0236385834718757,0.013650921548686,0.00748833371040962,0.0720904526072266,211,"sparse_or_low_df",0.0231523787455454,0.0437206470137643
"VI","77+","Men","Secondary completed or less","Declared current use",94,46.6831244755482,1,0.374923843780705,0.0709168342021896,0.24748698106785,0.522424740758878,93,"ok",0.374923843780705,0.374923843780705
"VI","77+","Men","Secondary completed or less","Current abstainer (history unknown)",91,44.6395145087673,0.966209007890902,0.646936792261695,0.071917293784267,0.495018900754233,0.774015948272023,90,"ok",0.625076156219295,0.658867148328393
"VI","77+","Men","Secondary completed or less","Occasional (frequency proxy)",91,44.6395145087673,0.966209007890902,0.169320432093037,0.0652645905918112,0.075000135128215,0.338810701235737,90,"ok",0.163598926708272,0.19738991881737
"VI","77+","Men","Secondary completed or less","Moderate",91,44.6395145087673,0.966209007890902,0.183742775645268,0.0491769633262606,0.10502496283035,0.301579507790769,90,"ok",0.177533924963335,0.211324917072433
"VI","77+","Men","Secondary completed or less","Heavy",91,44.6395145087673,0.966209007890902,0,0,,,90,"boundary_no_CI",0,0.0337909921090981
"VI","77+","Women","Tertiary completed or higher","Declared current use",29,18.8102770553634,1,0.419492902418145,0.116998821478246,0.212651681502761,0.659104107388898,28,"sparse_or_low_df",0.419492902418145,0.419492902418145
"VI","77+","Women","Tertiary completed or higher","Current abstainer (history unknown)",28,18.1594152909408,0.97810823542857,0.59349985671831,0.119442076211334,0.345841509231777,0.801273756577041,27,"sparse_or_low_df",0.580507097581855,0.602398862153285
"VI","77+","Women","Tertiary completed or higher","Occasional (frequency proxy)",28,18.1594152909408,0.97810823542857,0.154844660981112,0.0976711414028843,0.0381090311357397,0.45865804695822,27,"sparse_or_low_df",0.151454838117771,0.173346602689201
"VI","77+","Women","Tertiary completed or higher","Moderate",28,18.1594152909408,0.97810823542857,0.251655482300578,0.106283057852399,0.0955417276826295,0.517035454122231,27,"sparse_or_low_df",0.246146299728944,0.268038064300374
"VI","77+","Women","Tertiary completed or higher","Heavy",28,18.1594152909408,0.97810823542857,0,0,,,27,"boundary_no_CI",0,0.0218917645714304
"VI","77+","Men","Tertiary completed or higher","Declared current use",33,15.3557222684745,1,0.504718307034951,0.127251089859526,0.265411992829719,0.741882137792752,32,"sparse_or_low_df",0.504718307034951,0.504718307034951
"VI","77+","Men","Tertiary completed or higher","Current abstainer (history unknown)",32,15.0156677133277,0.987719830156547,0.501439454634165,0.129144752962034,0.259643798365855,0.74256371147657,31,"sparse_or_low_df",0.495281692965049,0.507561862808502
"VI","77+","Men","Tertiary completed or higher","Occasional (frequency proxy)",32,15.0156677133277,0.987719830156547,0.139326787703265,0.0570860644655837,0.057768168898077,0.299438729036528,31,"sparse_or_low_df",0.137615831086526,0.149896000929979
"VI","77+","Men","Tertiary completed or higher","Moderate",32,15.0156677133277,0.987719830156547,0.35923375766257,0.141200979621334,0.138264671690872,0.662039370259399,31,"sparse_or_low_df",0.354822306104971,0.367102475948424
"VI","77+","Men","Tertiary completed or higher","Heavy",32,15.0156677133277,0.987719830156547,0,0,,,31,"boundary_no_CI",0,0.012280169843453
"VI","71-76","Women","Tertiary completed or higher","Declared current use",16,12.2247308767002,1,0.107890621758089,0.0749844167139174,0.0224668477756075,0.388897195403358,15,"sparse_or_low_df",0.107890621758089,0.107890621758089
"VI","71-76","Women","Tertiary completed or higher","Current abstainer (history unknown)",15,11.2852456123609,0.937840549813423,0.951237796680246,0.0485458407222514,0.673944608941761,0.994597823514262,14,"sparse_or_low_df",0.892109378241911,0.954268828428488
"VI","71-76","Women","Tertiary completed or higher","Occasional (frequency proxy)",15,11.2852456123609,0.937840549813423,0.0487622033197538,0.0485458407222514,0.00540217648573775,0.326055391058239,14,"sparse_or_low_df",0.0457311715715118,0.107890621758089
"VI","71-76","Women","Tertiary completed or higher","Moderate",15,11.2852456123609,0.937840549813423,0,0,,,14,"boundary_no_CI",0,0.0621594501865769
"VI","71-76","Women","Tertiary completed or higher","Heavy",15,11.2852456123609,0.937840549813423,0,0,,,14,"boundary_no_CI",0,0.0621594501865769
"VI","66-70","Men","Primary completed or less","Declared current use",224,125.214786333539,0.992595816920451,0.369777880588135,0.0417538472568355,0.291884290343331,0.455098889188003,223,"ok",0.367039977461493,0.374444160541042
"VI","66-70","Men","Primary completed or less","Current abstainer (history unknown)",217,120.674579256009,0.968324471852884,0.646018826997071,0.0421326950264507,0.559328722796327,0.72406816487967,216,"ok",0.625555839458958,0.657231367606074
"VI","66-70","Men","Primary completed or less","Occasional (frequency proxy)",217,120.674579256009,0.968324471852884,0.0799317376642781,0.019502100966406,0.0489881432306184,0.127794504899821,216,"ok",0.0773998576580453,0.109075385805161
"VI","66-70","Men","Primary completed or less","Moderate",217,120.674579256009,0.968324471852884,0.242391817758424,0.0360887554671625,0.17843956989337,0.320327709683659,216,"ok",0.234713928912386,0.266389457059503
"VI","66-70","Men","Primary completed or less","Heavy",217,120.674579256009,0.968324471852884,0.031657617580227,0.0228858787384936,0.00744996777526133,0.124646493482282,216,"sparse_or_low_df",0.0306548458234938,0.06233037397061
"VI","71-76","Men","Tertiary completed or higher","Declared current use",33,21.0872720592215,0.978471209429509,0.439195996936684,0.105690044746039,0.24629221356242,0.652406616600776,32,"sparse_or_low_df",0.429740638299236,0.451269428869727
"VI","71-76","Men","Tertiary completed or higher","Current abstainer (history unknown)",31,19.130374899749,0.885375566956337,0.619771531550897,0.105218229600141,0.395731682907148,0.802253563457361,30,"sparse_or_low_df",0.548730571130273,0.663355004173936
"VI","71-76","Men","Tertiary completed or higher","Occasional (frequency proxy)",31,19.130374899749,0.885375566956337,0.132589206574119,0.0631858825201363,0.0474133440801532,0.319463892300005,30,"sparse_or_low_df",0.117391243942852,0.232015676986515
"VI","71-76","Men","Tertiary completed or higher","Moderate",31,19.130374899749,0.885375566956337,0.247639261874984,0.0921794709613181,0.107008997065289,0.47481581924553,30,"sparse_or_low_df",0.219253751883212,0.333878184926876
"VI","71-76","Men","Tertiary completed or higher","Heavy",31,19.130374899749,0.885375566956337,0,0,,,30,"boundary_no_CI",0,0.114624433043663
"VI","66-70","Women","Tertiary completed or higher","Declared current use",49,33.4511896650744,1,0.413898558373984,0.0895141162872885,0.251657154291287,0.597257182922238,48,"ok",0.413898558373984,0.413898558373984
"VI","66-70","Women","Tertiary completed or higher","Current abstainer (history unknown)",49,33.4511896650744,1,0.586101441626016,0.0895141162872885,0.402742817077762,0.748342845708712,48,"ok",0.586101441626016,0.586101441626016
"VI","66-70","Women","Tertiary completed or higher","Occasional (frequency proxy)",49,33.4511896650744,1,0.119723310685447,0.0546150148257835,0.0457818755112635,0.278261437441039,48,"ok",0.119723310685447,0.119723310685447
"VI","66-70","Women","Tertiary completed or higher","Moderate",49,33.4511896650744,1,0.294175247688536,0.09008947172314,0.14835416598683,0.499296426415845,48,"ok",0.294175247688536,0.294175247688536
"VI","66-70","Women","Tertiary completed or higher","Heavy",49,33.4511896650744,1,0,0,,,48,"boundary_no_CI",0,0
"VI","18-29","Men","Tertiary completed or higher","Declared current use",1634,1124.91479234787,0.998044053108378,0.623167053307903,0.0136726268217013,0.595996671028532,0.649584500066462,1633,"ok",0.621948171647024,0.623904118538646
"VI","18-29","Men","Tertiary completed or higher","Current abstainer (history unknown)",1589,1094.34897120535,0.968158605578569,0.3884651536373,0.014011248903663,0.361362590448198,0.416275472946607,1588,"ok",0.376095881461353,0.407937275882784
"VI","18-29","Men","Tertiary completed or higher","Occasional (frequency proxy)",1589,1094.34897120535,0.968158605578569,0.164217354479555,0.0101880553864969,0.145197369579879,0.185189070453468,1588,"ok",0.158988444924728,0.190829839346159
"VI","18-29","Men","Tertiary completed or higher","Moderate",1589,1094.34897120535,0.968158605578569,0.408592258851225,0.0156262977698167,0.378333303121983,0.439560141189489,1588,"ok",0.3955821115796,0.427423506001031
"VI","18-29","Men","Tertiary completed or higher","Heavy",1589,1094.34897120535,0.968158605578569,0.0387252330319189,0.00563811923807887,0.0290615284231472,0.051432147152202,1588,"ok",0.0374921676128878,0.0693335620343185
"VI","18-29","Women","Secondary completed or less","Declared current use",1361,1233.11778891186,0.996097589095682,0.265625688627252,0.0125598083298528,0.241726256602034,0.290981297346487,1360,"ok",0.264589108043486,0.268491518947804
"VI","18-29","Women","Secondary completed or less","Current abstainer (history unknown)",1334,1208.38356152136,0.978079614348937,0.747902798832105,0.0124963617648221,0.722608443982871,0.771619621061204,1333,"ok",0.731508481052196,0.753428866703259
"VI","18-29","Women","Secondary completed or less","Occasional (frequency proxy)",1334,1208.38356152136,0.978079614348937,0.10472009360559,0.00890653199719396,0.088490279359301,0.123523199536563,1333,"ok",0.10242458876834,0.124344974419403
"VI","18-29","Women","Secondary completed or less","Moderate",1334,1208.38356152136,0.978079614348937,0.137769813908463,0.00981647164387344,0.119618052809939,0.158181154568492,1333,"ok",0.134749846456514,0.156670232107577
"VI","18-29","Women","Secondary completed or less","Heavy",1334,1208.38356152136,0.978079614348937,0.00960729365384118,0.00293157167569134,0.00527234830876649,0.0174439445673139,1333,"ok",0.00939669807188597,0.0313170837229486
"VI","18-29","Women","Primary completed or less","Declared current use",244,207.027620493881,0.994197597567755,0.221888701249061,0.0296271278242184,0.169003896598161,0.285634036181792,243,"ok",0.220601213709245,0.226403616141491
"VI","18-29","Women","Primary completed or less","Current abstainer (history unknown)",239,202.948421473212,0.979945000129876,0.789428369710526,0.0296354147656337,0.725174967889823,0.841933889144385,238,"ok",0.773596383858509,0.793651383728634
"VI","18-29","Women","Primary completed or less","Occasional (frequency proxy)",239,202.948421473212,0.979945000129876,0.107462230854199,0.0211750364611957,0.072302710493154,0.156828846233932,238,"ok",0.105307075828375,0.125362075698499
"VI","18-29","Women","Primary completed or less","Moderate",239,202.948421473212,0.979945000129876,0.0996195538101337,0.0235060460242137,0.061935683612594,0.156408682134353,238,"ok",0.0976216836714096,0.117676683541534
"VI","18-29","Women","Primary completed or less","Heavy",239,202.948421473212,0.979945000129876,0.00348984562514076,0.00348636573860453,0.000485759455684684,0.0246146091859793,238,"sparse_or_low_df",0.00341985677158181,0.023474856641706
"VI","18-29","Men","Primary completed or less","Declared current use",226,190.304060706887,1,0.530086785769762,0.0361150037656724,0.458791339179902,0.600175117297964,225,"ok",0.530086785769762,0.530086785769762
"VI","18-29","Men","Primary completed or less","Current abstainer (history unknown)",217,182.770275463391,0.970299674003396,0.484296992795438,0.036920284358514,0.412364133078118,0.556886454650418,216,"ok",0.469913214230238,0.499613540226842
"VI","18-29","Men","Primary completed or less","Occasional (frequency proxy)",217,182.770275463391,0.970299674003396,0.133443625636456,0.024699603141248,0.0918002345242021,0.190025174292651,216,"ok",0.129480306452885,0.159180632449489
"VI","18-29","Men","Primary completed or less","Moderate",217,182.770275463391,0.970299674003396,0.341604458722723,0.0359379457546839,0.274662350110572,0.415515588175469,216,"ok",0.331458694936765,0.361159020933369
"VI","18-29","Men","Primary completed or less","Heavy",217,182.770275463391,0.970299674003396,0.0406549228453827,0.0129016509248454,0.0216020586921167,0.0752203312294722,216,"ok",0.039447458383508,0.0691477843801122
"VII_presencial","60-65","Women","Primary completed or less","Declared current use",192,116.669314556356,1,0.143902075926794,0.0311816917888797,0.091913197320879,0.218230498293287,55,"ok",0.143902075926794,0.143902075926794
"VII_presencial","60-65","Women","Primary completed or less","Current abstainer (history unknown)",189,115.498471812568,0.994341363757307,0.860969839209221,0.0315629909497653,0.784981686945446,0.91307719269916,55,"ok",0.856097924073206,0.861756560315899
"VII_presencial","60-65","Women","Primary completed or less","Occasional (frequency proxy)",189,115.498471812568,0.994341363757307,0.0744361428682474,0.022036241915842,0.040642221854625,0.132450173914359,55,"ok",0.0740149358124468,0.0796735720551401
"VII_presencial","60-65","Women","Primary completed or less","Moderate",189,115.498471812568,0.994341363757307,0.0645940179225314,0.0251644846502793,0.0290994098925585,0.137262954692567,55,"ok",0.0642285038716538,0.069887140114347
"VII_presencial","60-65","Women","Primary completed or less","Heavy",189,115.498471812568,0.994341363757307,0,0,,,55,"boundary_no_CI",0,0.00565863624269325
"VII_presencial","66-70","Women","Secondary completed or less","Declared current use",106,71.4084002153914,1,0.289274122995947,0.0616777468830964,0.181842566778987,0.427046754888571,43,"ok",0.289274122995947,0.289274122995947
"VII_presencial","66-70","Women","Secondary completed or less","Current abstainer (history unknown)",104,70.0231239425474,0.977758535218097,0.726893043020607,0.0635756972716204,0.582506671250215,0.835450493165869,43,"ok",0.710725877004053,0.732967341785957
"VII_presencial","66-70","Women","Secondary completed or less","Occasional (frequency proxy)",104,70.0231239425474,0.977758535218097,0.133515026850935,0.0611444819059065,0.0503973837981468,0.309094257503051,43,"ok",0.130545457083375,0.152786921865278
"VII_presencial","66-70","Women","Secondary completed or less","Moderate",104,70.0231239425474,0.977758535218097,0.13317613002002,0.0348024309962731,0.0771904604007359,0.220083549546682,43,"ok",0.130214097814389,0.152455562596293
"VII_presencial","66-70","Women","Secondary completed or less","Heavy",104,70.0231239425474,0.977758535218097,0.00641580010843897,0.00643401076260041,0.00084272171343844,0.0471070679547271,43,"sparse_or_low_df",0.0062731033162794,0.0285145680981827
"VII_presencial","60-65","Women","Secondary completed or less","Declared current use",247,142.776507659625,0.997000803833061,0.213019167043677,0.0329674577232941,0.15440423669292,0.286350339843943,58,"ok",0.212380280774395,0.215379476941334
"VII_presencial","60-65","Women","Secondary completed or less","Current abstainer (history unknown)",241,139.375996620729,0.982026810504532,0.798980755581973,0.0336690215127715,0.723184503816699,0.858095274409535,58,"ok",0.784620523058666,0.802593712554134
"VII_presencial","60-65","Women","Secondary completed or less","Occasional (frequency proxy)",241,139.375996620729,0.982026810504532,0.0715711439026689,0.0205168724834016,0.0398924928867958,0.125127334600554,58,"ok",0.0702847821708988,0.0882579716663672
"VII_presencial","60-65","Women","Secondary completed or less","Moderate",241,139.375996620729,0.982026810504532,0.129448100515358,0.0276101745576524,0.083456614753742,0.195381813672277,58,"ok",0.127121505274967,0.145094694770436
"VII_presencial","60-65","Women","Secondary completed or less","Heavy",241,139.375996620729,0.982026810504532,0,0,,,58,"boundary_no_CI",0,0.0179731894954684
"VII_presencial","60-65","Women","Tertiary completed or higher","Declared current use",56,42.1591114330162,1,0.377648971358436,0.101505079514702,0.20145474415727,0.593426475332165,34,"ok",0.377648971358436,0.377648971358436
"VII_presencial","60-65","Women","Tertiary completed or higher","Current abstainer (history unknown)",55,41.1711768042038,0.978861103504451,0.635790947677322,0.104204555382206,0.411344681335704,0.813466346692683,33,"ok",0.622351028641564,0.643489925137113
"VII_presencial","60-65","Women","Tertiary completed or higher","Occasional (frequency proxy)",55,41.1711768042038,0.978861103504451,0.169852659738168,0.057828458788942,0.0815798036233188,0.320326791283987,33,"ok",0.166262161944469,0.187401058440018
"VII_presencial","60-65","Women","Tertiary completed or higher","Moderate",55,41.1711768042038,0.978861103504451,0.19435639258451,0.0695561876443065,0.0890157970904352,0.373276941484671,33,"ok",0.190247912918418,0.211386809413966
"VII_presencial","60-65","Women","Tertiary completed or higher","Heavy",55,41.1711768042038,0.978861103504451,0,0,,,33,"boundary_no_CI",0,0.0211388964955486
"VII_presencial","66-70","Men","Tertiary completed or higher","Declared current use",46,29.0849261067438,1,0.649219572282443,0.0882949064727209,0.454402964176329,0.804414540752918,25,"sparse_or_low_df",0.649219572282443,0.649219572282443
"VII_presencial","66-70","Men","Tertiary completed or higher","Current abstainer (history unknown)",44,27.7416117137753,0.939481525528749,0.373376610593949,0.101154028920707,0.196222644466188,0.592559438108526,24,"sparse_or_low_df",0.350780427717557,0.411298902188808
"VII_presencial","66-70","Men","Tertiary completed or higher","Occasional (frequency proxy)",44,27.7416117137753,0.939481525528749,0.150688681746388,0.0610558668882755,0.0621622654132613,0.322001073536423,24,"sparse_or_low_df",0.141569232607013,0.202087707078264
"VII_presencial","66-70","Men","Tertiary completed or higher","Moderate",44,27.7416117137753,0.939481525528749,0.475934707659663,0.109425939015143,0.268585833307142,0.691925813855428,24,"sparse_or_low_df",0.447131865204179,0.50765033967543
"VII_presencial","66-70","Men","Tertiary completed or higher","Heavy",44,27.7416117137753,0.939481525528749,0,0,,,24,"boundary_no_CI",0,0.0605184744712513
"VII_presencial","60-65","Men","Primary completed or less","Declared current use",140,76.5626221373841,1,0.562964416702479,0.0618239895003187,0.437255027614857,0.681074365066557,47,"ok",0.56296441670248,0.56296441670248
"VII_presencial","60-65","Men","Primary completed or less","Current abstainer (history unknown)",133,72.9359148139953,0.937118934416233,0.46636085052509,0.0647004035207845,0.34117340707581,0.595933388602271,46,"ok",0.437035583297521,0.499916648881288
"VII_presencial","60-65","Men","Primary completed or less","Occasional (frequency proxy)",133,72.9359148139953,0.937118934416233,0.166613513375052,0.0544261518799668,0.0832633365519367,0.305587632721025,46,"ok",0.156136678113373,0.219017743697141
"VII_presencial","60-65","Men","Primary completed or less","Moderate",133,72.9359148139953,0.937118934416233,0.353108447985225,0.0569043284436006,0.248458115207521,0.474034825917336,46,"ok",0.330904612509284,0.393785678093051
"VII_presencial","60-65","Men","Primary completed or less","Heavy",133,72.9359148139953,0.937118934416233,0.0139171881146325,0.00693967651887873,0.0050742297734598,0.037588714637408,46,"sparse_or_low_df",0.0130420604960547,0.0759231260798218
"VII_presencial","66-70","Men","Primary completed or less","Declared current use",108,57.6943681755789,1,0.445462314476053,0.0681662441791561,0.315580336668758,0.583246200618153,47,"ok",0.445462314476053,0.445462314476053
"VII_presencial","66-70","Men","Primary completed or less","Current abstainer (history unknown)",105,55.1438295322129,0.967123982483318,0.57338841303474,0.0695659456264807,0.431329084296539,0.704289661544212,47,"ok",0.554537685523947,0.587413703040629
"VII_presencial","66-70","Men","Primary completed or less","Occasional (frequency proxy)",105,55.1438295322129,0.967123982483318,0.154720985440442,0.0631732303973904,0.0647793248859583,0.326009233231917,47,"ok",0.149634375612903,0.182510393129585
"VII_presencial","66-70","Men","Primary completed or less","Moderate",105,55.1438295322129,0.967123982483318,0.271890601524818,0.0497155118052464,0.183882284200929,0.382289851451542,47,"ok",0.262951921346467,0.295827938863149
"VII_presencial","66-70","Men","Primary completed or less","Heavy",105,55.1438295322129,0.967123982483318,0,0,,,47,"boundary_no_CI",0,0.0328760175166818
"VII_presencial","60-65","Men","Secondary completed or less","Declared current use",175,119.131603857331,1,0.49043510476223,0.0595471755834214,0.373793036298341,0.608128008527651,54,"ok",0.49043510476223,0.49043510476223
"VII_presencial","60-65","Men","Secondary completed or less","Current abstainer (history unknown)",165,112.110351670583,0.939232787844052,0.542533120471063,0.0608037877544043,0.420471302982556,0.659693408773115,53,"ok",0.50956489523777,0.570332107393718
"VII_presencial","60-65","Men","Secondary completed or less","Occasional (frequency proxy)",165,112.110351670583,0.939232787844052,0.146892684008894,0.0424036285137978,0.0803294792555888,0.253413804722322,53,"ok",0.137966425115569,0.198733637271516
"VII_presencial","60-65","Men","Secondary completed or less","Moderate",165,112.110351670583,0.939232787844052,0.303608399502392,0.0476532678310821,0.217169357098266,0.406583308609515,53,"ok",0.285158963477502,0.34592617563345
"VII_presencial","60-65","Men","Secondary completed or less","Heavy",165,112.110351670583,0.939232787844052,0.00696579601765104,0.00690586260558158,0.00094612392099123,0.049391873413084,53,"sparse_or_low_df",0.00654250401321138,0.067309716169159
"VII_presencial","66-70","Men","Secondary completed or less","Declared current use",98,62.0380056210267,1,0.401002937156802,0.0667878309120557,0.276545212767448,0.539688289828088,44,"ok",0.401002937156802,0.401002937156802
"VII_presencial","66-70","Men","Secondary completed or less","Current abstainer (history unknown)",95,66.1053963697447,0.933644863009641,0.641568423471326,0.0598694905839341,0.51418919281169,0.751678439214513,42,"ok",0.598997062843198,0.665352199833557
"VII_presencial","66-70","Men","Secondary completed or less","Occasional (frequency proxy)",95,66.1053963697447,0.933644863009641,0.103543381982176,0.0295534146479141,0.0572706332320482,0.180062044877361,42,"ok",0.0966727466863041,0.163027883676663
"VII_presencial","66-70","Men","Secondary completed or less","Moderate",95,66.1053963697447,0.933644863009641,0.229392795273391,0.0539303189328295,0.138544904154971,0.355246186326117,42,"ok",0.214171404918423,0.280526541908783
"VII_presencial","66-70","Men","Secondary completed or less","Heavy",95,66.1053963697447,0.933644863009641,0.0254953992731064,0.0204638789168107,0.00493909185065811,0.121186717517109,42,"sparse_or_low_df",0.0238036485617155,0.0901587855520749
"VII_presencial","66-70","Women","Tertiary completed or higher","Declared current use",43,32.4533207889755,1,0.359736108570789,0.0861911177350517,0.206571539056824,0.548025785589689,26,"ok",0.359736108570789,0.359736108570789
"VII_presencial","66-70","Women","Tertiary completed or higher","Current abstainer (history unknown)",42,31.4979616201697,0.975633876655751,0.656254263765306,0.0881495438438704,0.460547145363968,0.810218767907318,25,"ok",0.640263891429211,0.66463001477346
"VII_presencial","66-70","Women","Tertiary completed or higher","Occasional (frequency proxy)",42,31.4979616201697,0.975633876655751,0.18901044470523,0.0854948033147923,0.0688071921825636,0.423664589594432,25,"ok",0.184404992896191,0.20877111624044
"VII_presencial","66-70","Women","Tertiary completed or higher","Moderate",42,31.4979616201697,0.975633876655751,0.154735291529464,0.0638422019683303,0.0627827974141108,0.333447380452373,25,"ok",0.150964992330349,0.175331115674597
"VII_presencial","66-70","Women","Tertiary completed or higher","Heavy",42,31.4979616201697,0.975633876655751,0,0,,,25,"boundary_no_CI",0,0.0243661233442488
"VII_presencial","66-70","Women","Primary completed or less","Declared current use",161,74.1256549738038,1,0.242797623372606,0.067080741971003,0.133551564338122,0.400138122933582,51,"ok",0.242797623372606,0.242797623372606
"VII_presencial","66-70","Women","Primary completed or less","Current abstainer (history unknown)",159,101.056143394405,0.921018673338252,0.822135748760552,0.0426275417461655,0.720181803654852,0.89248757871259,50,"ok",0.757202376627394,0.836183703289142
"VII_presencial","66-70","Women","Primary completed or less","Occasional (frequency proxy)",159,101.056143394405,0.921018673338252,0.0679447794628879,0.0245969412476407,0.0323320951443929,0.13722110212493,50,"ok",0.0625784106411691,0.141559737302917
"VII_presencial","66-70","Women","Primary completed or less","Moderate",159,101.056143394405,0.921018673338252,0.10991947177656,0.0368247904765127,0.054807452668943,0.208240280194126,50,"ok",0.101237886069688,0.180219212731437
"VII_presencial","66-70","Women","Primary completed or less","Heavy",159,101.056143394405,0.921018673338252,0,0,,,50,"boundary_no_CI",0,0.0789813266617482
"VII_presencial","45-59","Men","Secondary completed or less","Declared current use",463,270.058025423388,1,0.551137469222425,0.040047429741296,0.470451472579243,0.629218862151645,62,"ok",0.551137469222425,0.551137469222425
"VII_presencial","45-59","Men","Secondary completed or less","Current abstainer (history unknown)",438,255.450885770609,0.940528547684197,0.477244983028724,0.040639876100168,0.397304470166594,0.558368486249983,62,"ok",0.448862530777575,0.508333983093378
"VII_presencial","45-59","Men","Secondary completed or less","Occasional (frequency proxy)",438,255.450885770609,0.940528547684197,0.124623297784758,0.0319580721175335,0.0734442363753878,0.203628313514097,62,"ok",0.117211769273113,0.176683221588917
"VII_presencial","45-59","Men","Secondary completed or less","Moderate",438,255.450885770609,0.940528547684197,0.384453027607287,0.0333044056993891,0.32038311625213,0.452799075993808,62,"ok",0.361589047708274,0.421060500024078
"VII_presencial","45-59","Men","Secondary completed or less","Heavy",438,255.450885770609,0.940528547684197,0.0136786915792307,0.00654557006733763,0.00523071503599725,0.035286763545839,62,"ok",0.0128651999252339,0.0723366522410373
"VII_presencial","71-76","Women","Secondary completed or less","Declared current use",109,71.5032751194995,0.9864380739716,0.147426379288703,0.0372392308505278,0.0869897237389822,0.238866467404855,47,"ok",0.145426993638155,0.158988919666556
"VII_presencial","71-76","Women","Secondary completed or less","Current abstainer (history unknown)",107,70.1547861395652,0.973179565391905,0.864189005031938,0.0366990355380022,0.772323992268212,0.922697425739798,47,"ok",0.841011080333445,0.867831514941539
"VII_presencial","71-76","Women","Secondary completed or less","Occasional (frequency proxy)",107,70.1547861395652,0.973179565391905,0.0504916858601557,0.0204370375558314,0.0220594257981881,0.111395801280121,47,"ok",0.0491374769012909,0.0759579115093857
"VII_presencial","71-76","Women","Secondary completed or less","Moderate",107,70.1547861395652,0.973179565391905,0.0853193091079062,0.0324053712241689,0.038883290182776,0.17699843292861,47,"ok",0.0830310081571698,0.109851442765265
"VII_presencial","71-76","Women","Secondary completed or less","Heavy",107,70.1547861395652,0.973179565391905,0,0,,,47,"boundary_no_CI",0,0.0268204346080948
"VII_presencial","60-65","Men","Tertiary completed or higher","Declared current use",49,30.0694268803963,1,0.648078230707875,0.0868131999932174,0.45890992246241,0.799942791326715,32,"ok",0.648078230707876,0.648078230707876
"VII_presencial","60-65","Men","Tertiary completed or higher","Current abstainer (history unknown)",45,32.4813993960137,0.83498230491049,0.42147212847804,0.0903421571713503,0.25432368288547,0.608787329926482,28,"ok",0.351921769292125,0.516939464381634
"VII_presencial","60-65","Men","Tertiary completed or higher","Occasional (frequency proxy)",45,32.4813993960137,0.83498230491049,0.0692387256552912,0.0412518100884137,0.0196534835626217,0.216321436596519,28,"sparse_or_low_df",0.0578131107367202,0.22283080582623
"VII_presencial","60-65","Men","Tertiary completed or higher","Moderate",45,32.4813993960137,0.83498230491049,0.509289145866668,0.0897038651160139,0.332235154809686,0.684043028816732,28,"ok",0.425247424881646,0.590265119971155
"VII_presencial","60-65","Men","Tertiary completed or higher","Heavy",45,32.4813993960137,0.83498230491049,0,0,,,28,"boundary_no_CI",0,0.16501769508951
"VII_presencial","71-76","Women","Primary completed or less","Declared current use",156,75.0965014530662,1,0.153198454111182,0.0341558622195238,0.0964444053686024,0.234675990336226,55,"ok",0.153198454111182,0.153198454111182
"VII_presencial","71-76","Women","Primary completed or less","Current abstainer (history unknown)",152,71.4608032930687,0.954394496040354,0.887265747447284,0.029136064403092,0.814400821824229,0.933848040425793,53,"ok",0.846801545888818,0.892407049848464
"VII_presencial","71-76","Women","Primary completed or less","Occasional (frequency proxy)",152,71.4608032930687,0.954394496040354,0.0451526120336916,0.019699146739337,0.0185611576192917,0.105735756842683,53,"ok",0.0430934044068007,0.0886989083664471
"VII_presencial","71-76","Women","Primary completed or less","Moderate",152,71.4608032930687,0.954394496040354,0.0675816405190248,0.0237503985670853,0.032913023971989,0.13371879857914,53,"ok",0.064499545744735,0.110105049704381
"VII_presencial","71-76","Women","Primary completed or less","Heavy",152,71.4608032930687,0.954394496040354,0,0,,,53,"boundary_no_CI",0,0.0456055039596464
"VII_presencial","77+","Men","Primary completed or less","Declared current use",147,84.2278954268106,1,0.33059600368715,0.052325682756414,0.234744136992108,0.442932944975124,45,"ok",0.33059600368715,0.33059600368715
"VII_presencial","77+","Men","Primary completed or less","Current abstainer (history unknown)",143,82.0363802097977,0.983557852069079,0.680594430622099,0.051331754424309,0.569619506561894,0.77429269172815,43,"ok",0.66940399631285,0.68584614424377
"VII_presencial","77+","Men","Primary completed or less","Occasional (frequency proxy)",143,82.0363802097977,0.983557852069079,0.0941401125465069,0.0328767665392541,0.0455820742309288,0.184430536114757,43,"ok",0.0925922468897837,0.109034394820704
"VII_presencial","77+","Men","Primary completed or less","Moderate",143,82.0363802097977,0.983557852069079,0.212791309144021,0.0440999918769859,0.13715683157004,0.314911793338287,43,"ok",0.209292562960661,0.225734710891581
"VII_presencial","77+","Men","Primary completed or less","Heavy",143,82.0363802097977,0.983557852069079,0.0124741476873733,0.00737273013025822,0.0037638271365263,0.0405221434292389,43,"sparse_or_low_df",0.0122690459057853,0.028711193836706
"VII_presencial","77+","Women","Primary completed or less","Declared current use",219,119.713695133984,1,0.116585321238733,0.0207146668886667,0.0810445968032522,0.164914815571431,55,"ok",0.116585321238733,0.116585321238733
"VII_presencial","77+","Women","Primary completed or less","Current abstainer (history unknown)",217,118.483571977391,0.992996693257547,0.889645136544419,0.0204601189165474,0.841506006254261,0.92447529160974,55,"ok",0.883414678761267,0.89041798550372
"VII_presencial","77+","Women","Primary completed or less","Occasional (frequency proxy)",217,118.483571977391,0.992996693257547,0.0550485568340583,0.0146854676087003,0.0320250528243252,0.0930333133387099,55,"ok",0.05466303490482,0.0616663416472731
"VII_presencial","77+","Women","Primary completed or less","Moderate",217,118.483571977391,0.992996693257547,0.0553063066215228,0.0160523069996384,0.0306590640531065,0.097769307670941,55,"ok",0.0549189795914601,0.0619222863339132
"VII_presencial","77+","Women","Primary completed or less","Heavy",217,118.483571977391,0.992996693257547,0,0,,,55,"boundary_no_CI",0,0.0070033067424531
"VII_presencial","77+","Women","Secondary completed or less","Declared current use",82,49.8757985070161,1,0.194865444674567,0.0616932931255583,0.0984949015115258,0.34902235511539,39,"ok",0.194865444674567,0.194865444674567
"VII_presencial","77+","Women","Secondary completed or less","Current abstainer (history unknown)",82,49.8757985070161,1,0.805134555325433,0.0616932931255583,0.65097764488461,0.901505098488474,39,"ok",0.805134555325433,0.805134555325433
"VII_presencial","77+","Women","Secondary completed or less","Occasional (frequency proxy)",82,49.8757985070161,1,0.0895090019305494,0.0502908232761626,0.0274429077012118,0.25512389620934,39,"ok",0.0895090019305494,0.0895090019305494
"VII_presencial","77+","Women","Secondary completed or less","Moderate",82,49.8757985070161,1,0.105356442744018,0.0441394807225437,0.043676559118234,0.232925094081047,39,"ok",0.105356442744018,0.105356442744018
"VII_presencial","77+","Women","Secondary completed or less","Heavy",82,49.8757985070161,1,0,0,,,39,"boundary_no_CI",0,0
"VII_presencial","77+","Men","Secondary completed or less","Declared current use",75,34.21637263596,1,0.483163633175972,0.0897697134516052,0.311071816323841,0.659343802343099,38,"ok",0.483163633175972,0.483163633175972
"VII_presencial","77+","Men","Secondary completed or less","Current abstainer (history unknown)",71,32.2092622702959,0.96389365860733,0.536196459234697,0.0928665436065868,0.351697111266052,0.711291911872573,37,"ok",0.516836366824028,0.552942708216698
"VII_presencial","77+","Men","Secondary completed or less","Occasional (frequency proxy)",71,32.2092622702959,0.96389365860733,0.0511513183089478,0.0220552285899257,0.0210165572538922,0.119232535693709,37,"ok",0.0493044313473998,0.08541077274007
"VII_presencial","77+","Men","Secondary completed or less","Moderate",71,32.2092622702959,0.96389365860733,0.412652222456355,0.093221335601762,0.243730781148539,0.604992011502132,37,"ok",0.397752860435902,0.433859201828572
"VII_presencial","77+","Men","Secondary completed or less","Heavy",71,32.2092622702959,0.96389365860733,0,0,,,37,"boundary_no_CI",0,0.0361063413926702
"VII_presencial","77+","Men","Tertiary completed or higher","Declared current use",19,14.6087796294533,1,0.449869447664536,0.141867228485888,0.192996361620623,0.73657850932957,14,"sparse_or_low_df",0.449869447664536,0.449869447664536
"VII_presencial","77+","Men","Tertiary completed or higher","Current abstainer (history unknown)",19,14.6087796294533,1,0.550130552335464,0.141867228485888,0.26342149067043,0.807003638379377,14,"sparse_or_low_df",0.550130552335464,0.550130552335464
"VII_presencial","77+","Men","Tertiary completed or higher","Occasional (frequency proxy)",19,14.6087796294533,1,0.0386804911852063,0.0282861917311342,0.00780995330286061,0.170593445538909,14,"sparse_or_low_df",0.0386804911852063,0.0386804911852063
"VII_presencial","77+","Men","Tertiary completed or higher","Moderate",19,14.6087796294533,1,0.41118895647933,0.142892106063796,0.164532791085015,0.712340037072521,14,"sparse_or_low_df",0.41118895647933,0.41118895647933
"VII_presencial","77+","Men","Tertiary completed or higher","Heavy",19,14.6087796294533,1,0,0,,,14,"boundary_no_CI",0,0
"VII_presencial","45-59","Women","Secondary completed or less","Declared current use",709,348.443682546436,1,0.261358075922807,0.028175215249667,0.209170385402421,0.321276798697008,71,"ok",0.261358075922807,0.261358075922807
"VII_presencial","45-59","Women","Secondary completed or less","Current abstainer (history unknown)",689,336.95468821194,0.975665501808977,0.757064713990276,0.0274417361810728,0.698284937399143,0.807549148742333,71,"ok",0.738641924077193,0.762976422268215
"VII_presencial","45-59","Women","Secondary completed or less","Occasional (frequency proxy)",689,336.95468821194,0.975665501808977,0.106859147945586,0.0173958076247191,0.076798183762828,0.146815573414641,71,"ok",0.10425878420321,0.128593282394232
"VII_presencial","45-59","Women","Secondary completed or less","Moderate",689,336.95468821194,0.975665501808977,0.136076138064138,0.0203882456636979,0.100283527797669,0.182058624502184,71,"ok",0.132764793528575,0.157099291719597
"VII_presencial","45-59","Women","Secondary completed or less","Heavy",689,336.95468821194,0.975665501808977,0,0,,,71,"boundary_no_CI",0,0.0243344981910226
"VII_presencial","45-59","Women","Tertiary completed or higher","Declared current use",230,117.633643518605,1,0.439478450876233,0.0400615805990341,0.361481888665142,0.520583384209693,57,"ok",0.439478450876233,0.439478450876233
"VII_presencial","45-59","Women","Tertiary completed or higher","Current abstainer (history unknown)",218,121.653472409197,0.924117315931147,0.606548042614028,0.0412847591210484,0.521520648128459,0.685575387792597,55,"ok",0.560521549123767,0.63640423319262
"VII_presencial","45-59","Women","Tertiary completed or higher","Occasional (frequency proxy)",218,121.653472409197,0.924117315931147,0.131024930654996,0.0302119462372951,0.0813833574691722,0.204215022425962,55,"ok",0.121082407236959,0.196965091305812
"VII_presencial","45-59","Women","Tertiary completed or higher","Moderate",218,121.653472409197,0.924117315931147,0.25235993751107,0.0365789867042375,0.18624494876809,0.332359225845457,55,"ok",0.233210188101282,0.309092872170135
"VII_presencial","45-59","Women","Tertiary completed or higher","Heavy",218,121.653472409197,0.924117315931147,0.0100670892199056,0.00728146903310573,0.00234617343152866,0.042123605846674,55,"sparse_or_low_df",0.00930317146913855,0.0851858555379912
"VII_presencial","71-76","Men","Primary completed or less","Declared current use",136,88.4021813194381,1,0.489149219166887,0.0464468812277067,0.397202090472234,0.581836487761269,48,"ok",0.489149219166887,0.489149219166887
"VII_presencial","71-76","Men","Primary completed or less","Current abstainer (history unknown)",130,85.0876903496249,0.947632720402011,0.539080985528229,0.0520230453407057,0.434243766153913,0.640571198659066,47,"ok",0.510850780833113,0.563218060431102
"VII_presencial","71-76","Men","Primary completed or less","Occasional (frequency proxy)",130,85.0876903496249,0.947632720402011,0.0800724756280587,0.0235837455815074,0.0437112386253433,0.142183617720704,47,"ok",0.075879297908741,0.12824657750673
"VII_presencial","71-76","Men","Primary completed or less","Moderate",130,85.0876903496249,0.947632720402011,0.35830646298288,0.0580143779855522,0.251556806136355,0.481229358668671,47,"ok",0.339542928254089,0.391910207852078
"VII_presencial","71-76","Men","Primary completed or less","Heavy",130,85.0876903496249,0.947632720402011,0.0225400758608316,0.0185521207741281,0.00422015734058827,0.111484051042834,47,"sparse_or_low_df",0.0213597134060676,0.0737269930040564
"VII_presencial","45-59","Men","Tertiary completed or higher","Declared current use",174,104.038131449921,1,0.615555939091923,0.0467538526240575,0.518416580730308,0.7042784290503,49,"ok",0.615555939091923,0.615555939091923
"VII_presencial","45-59","Men","Tertiary completed or higher","Current abstainer (history unknown)",159,93.9110826690355,0.91727326667592,0.419116172764146,0.0492460622936424,0.324512844225061,0.520065154656132,48,"ok",0.384444060908078,0.467170794232158
"VII_presencial","45-59","Men","Tertiary completed or higher","Occasional (frequency proxy)",159,93.9110826690355,0.91727326667592,0.136685095308753,0.0393191970127836,0.0749478495607836,0.236287514321314,48,"ok",0.125377583879769,0.208104317203849
"VII_presencial","45-59","Men","Tertiary completed or higher","Moderate",159,93.9110826690355,0.91727326667592,0.440928806211707,0.047836046567362,0.348063437829684,0.538119811012359,48,"ok",0.404452206445326,0.487178939769406
"VII_presencial","45-59","Men","Tertiary completed or higher","Heavy",159,93.9110826690355,0.91727326667592,0.00326992571539409,0.0032354862970544,0.000445575642381644,0.0235746205747653,48,"sparse_or_low_df",0.00299941544274713,0.0857261487668273
"VII_presencial","45-59","Men","Primary completed or less","Declared current use",275,166.980001365674,1,0.470882156842997,0.0394060835090115,0.393243997647629,0.549955238557664,54,"ok",0.470882156842997,0.470882156842997
"VII_presencial","45-59","Men","Primary completed or less","Current abstainer (history unknown)",255,155.520193293164,0.910847368768201,0.580907253289389,0.0401094153424352,0.498936606044117,0.658642663065651,51,"ok",0.529117843157003,0.618270474388802
"VII_presencial","45-59","Men","Primary completed or less","Occasional (frequency proxy)",255,155.520193293164,0.910847368768201,0.0851977505252484,0.0193005444983003,0.0536118129786453,0.132781921326174,51,"ok",0.0776021468908921,0.166754778122691
"VII_presencial","45-59","Men","Primary completed or less","Moderate",255,155.520193293164,0.910847368768201,0.31553710940444,0.0346873420158934,0.250340944238594,0.38890400431614,51,"ok",0.287406145849758,0.376558777081557
"VII_presencial","45-59","Men","Primary completed or less","Heavy",255,155.520193293164,0.910847368768201,0.0183578867809228,0.00907172881714842,0.0067610876170598,0.048867186694266,51,"sparse_or_low_df",0.0167212328705481,0.105873864102347
"VII_presencial","77+","Women","Tertiary completed or higher","Declared current use",22,11.1462434755692,1,0.104734481000518,0.0660281838870667,0.0242309215143306,0.355308036633581,11,"sparse_or_low_df",0.104734481000518,0.104734481000518
"VII_presencial","77+","Women","Tertiary completed or higher","Current abstainer (history unknown)",22,11.1462434755692,1,0.895265518999482,0.0660281838870667,0.644691963366419,0.975769078485669,11,"sparse_or_low_df",0.895265518999482,0.895265518999482
"VII_presencial","77+","Women","Tertiary completed or higher","Occasional (frequency proxy)",22,11.1462434755692,1,0.0816369035241642,0.0613035692647649,0.0144854536110516,0.34964411016053,11,"sparse_or_low_df",0.0816369035241642,0.0816369035241642
"VII_presencial","77+","Women","Tertiary completed or higher","Moderate",22,11.1462434755692,1,0.0230975774763537,0.0233439260487193,0.00241964137762132,0.18730696144975,11,"sparse_or_low_df",0.0230975774763537,0.0230975774763537
"VII_presencial","77+","Women","Tertiary completed or higher","Heavy",22,11.1462434755692,1,0,0,,,11,"boundary_no_CI",0,0
"VII_presencial","71-76","Men","Secondary completed or less","Declared current use",102,70.8000216973015,1,0.457665329422008,0.0558750683858328,0.349243235463991,0.570251449460675,48,"ok",0.457665329422008,0.457665329422008
"VII_presencial","71-76","Men","Secondary completed or less","Current abstainer (history unknown)",101,70.176368923381,0.994531380910355,0.545316800442797,0.0560805675040435,0.4321094228056,0.654025643594093,47,"ok",0.542334670577992,0.547803289667637
"VII_presencial","71-76","Men","Secondary completed or less","Occasional (frequency proxy)",101,70.176368923381,0.994531380910355,0.192771748654871,0.0438307867227073,0.119334732464755,0.296201094950077,47,"ok",0.191717553390233,0.197186172479878
"VII_presencial","71-76","Men","Secondary completed or less","Moderate",101,70.176368923381,0.994531380910355,0.261911450902331,0.0468097357967626,0.178992595355265,0.366113396175553,47,"ok",0.26047915694213,0.265947776031775
"VII_presencial","71-76","Men","Secondary completed or less","Heavy",101,70.176368923381,0.994531380910355,0,0,,,47,"boundary_no_CI",0,0.00546861908964472
"VII_presencial","71-76","Men","Tertiary completed or higher","Declared current use",26,15.4058328225652,1,0.662961108493968,0.113847541277396,0.404606324754143,0.850603756259971,20,"sparse_or_low_df",0.662961108493968,0.662961108493968
"VII_presencial","71-76","Men","Tertiary completed or higher","Current abstainer (history unknown)",24,14.1543120161002,0.944102009695919,0.356994146866171,0.120338124014621,0.155800255768417,0.625496708053083,18,"sparse_or_low_df",0.337038891506032,0.392936881810113
"VII_presencial","71-76","Men","Tertiary completed or higher","Occasional (frequency proxy)",24,14.1543120161002,0.944102009695919,0.124252471083021,0.0810569219597703,0.0288108670486983,0.404257617334931,18,"sparse_or_low_df",0.117307007659164,0.173204997963245
"VII_presencial","71-76","Men","Tertiary completed or higher","Moderate",24,14.1543120161002,0.944102009695919,0.518753382050808,0.131746233890462,0.26237414127493,0.765623670986285,18,"sparse_or_low_df",0.489756110530723,0.545654100834804
"VII_presencial","71-76","Men","Tertiary completed or higher","Heavy",24,14.1543120161002,0.944102009695919,0,0,,,18,"boundary_no_CI",0,0.0558979903040807
"VII_presencial","71-76","Women","Tertiary completed or higher","Declared current use",27,16.1867043211659,1,0.316098321739365,0.121481758369286,0.12429545866578,0.600811039665706,18,"sparse_or_low_df",0.316098321739365,0.316098321739365
"VII_presencial","71-76","Women","Tertiary completed or higher","Current abstainer (history unknown)",26,16.0050316607802,0.888296377209361,0.76990258635204,0.0942359369703716,0.521349369047581,0.911337239169129,17,"sparse_or_low_df",0.683901678260635,0.795605301051273
"VII_presencial","71-76","Women","Tertiary completed or higher","Occasional (frequency proxy)",26,16.0050316607802,0.888296377209361,0.135109840273238,0.0705918214542866,0.0418446076738564,0.35847669916862,17,"sparse_or_low_df",0.120017581640053,0.231721204430691
"VII_presencial","71-76","Women","Tertiary completed or higher","Moderate",26,16.0050316607802,0.888296377209361,0.0949875733747222,0.0625404129865469,0.0221154297872274,0.327549546047909,17,"sparse_or_low_df",0.0843771173086741,0.196080740099313
"VII_presencial","71-76","Women","Tertiary completed or higher","Heavy",26,16.0050316607802,0.888296377209361,0,0,,,17,"boundary_no_CI",0,0.111703622790638
"VII_presencial","45-59","Women","Primary completed or less","Declared current use",353,192.112367866966,0.998671601949446,0.180896769441829,0.0253631266074767,0.135597917270015,0.237176307504121,63,"ok",0.180656466525951,0.181984864576506
"VII_presencial","45-59","Women","Primary completed or less","Current abstainer (history unknown)",348,188.735616759125,0.983524513828531,0.831718095402865,0.0237800186471931,0.778738634283356,0.874063491217511,63,"ok",0.818015135423494,0.834490621594964
"VII_presencial","45-59","Women","Primary completed or less","Occasional (frequency proxy)",348,188.735616759125,0.983524513828531,0.0765899077906914,0.0201567027409353,0.0448242407852843,0.127853764595495,63,"ok",0.0753280518240118,0.091803537995481
"VII_presencial","45-59","Women","Primary completed or less","Moderate",348,188.735616759125,0.983524513828531,0.0815162082282118,0.0165438977297586,0.0539884540490242,0.121280445271131,63,"ok",0.0801731890667973,0.0966486752382665
"VII_presencial","45-59","Women","Primary completed or less","Heavy",348,188.735616759125,0.983524513828531,0.0101757885782319,0.00620491295308256,0.00299271929098425,0.0340113881860314,63,"sparse_or_low_df",0.0100081375142275,0.0264836236856967
"VII_presencial","30-44","Men","Secondary completed or less","Declared current use",334,135.677012285097,1,0.615049746210436,0.0425579419804989,0.5273741230428,0.695841294300682,65,"ok",0.615049746210436,0.615049746210436
"VII_presencial","30-44","Men","Secondary completed or less","Current abstainer (history unknown)",310,123.986565215327,0.941752222131452,0.408759591687835,0.0448470727909918,0.323045839683521,0.500404567588372,64,"ok",0.384950253789564,0.443198031658112
"VII_presencial","30-44","Men","Secondary completed or less","Occasional (frequency proxy)",310,123.986565215327,0.941752222131452,0.0824078653879566,0.0199304783947113,0.050372814582505,0.131984350956603,64,"ok",0.0776077903502177,0.135855568218765
"VII_presencial","30-44","Men","Secondary completed or less","Moderate",310,123.986565215327,0.941752222131452,0.480379079283188,0.0469429643042472,0.388357903348541,0.573751029784905,64,"ok",0.452398065380404,0.510645843248951
"VII_presencial","30-44","Men","Secondary completed or less","Heavy",310,123.986565215327,0.941752222131452,0.0284534636410197,0.00951166657963037,0.0145143661379907,0.0550316520842461,64,"ok",0.0267961126112668,0.0850438904798143
"VII_presencial","30-44","Women","Tertiary completed or higher","Declared current use",307,128.12520774712,1,0.46988544856318,0.0456820351651787,0.380552836671775,0.561190248462705,62,"ok",0.46988544856318,0.46988544856318
"VII_presencial","30-44","Women","Tertiary completed or higher","Current abstainer (history unknown)",283,114.864374251114,0.921191656189443,0.575466080131105,0.048211286149199,0.477343180403417,0.667980691137942,59,"ok",0.53011455143682,0.608922895247376
"VII_presencial","30-44","Women","Tertiary completed or higher","Occasional (frequency proxy)",283,114.864374251114,0.921191656189443,0.0910265372737953,0.0265625715981579,0.050042140584588,0.159926175061569,59,"ok",0.0838528866284376,0.162661230438994
"VII_presencial","30-44","Women","Tertiary completed or higher","Moderate",283,114.864374251114,0.921191656189443,0.327119248340741,0.047910697220823,0.23925110458184,0.429057636726928,59,"ok",0.301339522150453,0.38014786596101
"VII_presencial","30-44","Women","Tertiary completed or higher","Heavy",283,114.864374251114,0.921191656189443,0.00638813425435854,0.00447622623776865,0.00156541865696149,0.0256863518047871,59,"sparse_or_low_df",0.00588469597373306,0.0846930397842897
"VII_presencial","30-44","Men","Tertiary completed or higher","Declared current use",230,64.7496187469456,1,0.760668050217204,0.0463125727854483,0.656556057990225,0.840868842947525,63,"ok",0.760668050217204,0.760668050217204
"VII_presencial","30-44","Men","Tertiary completed or higher","Current abstainer (history unknown)",211,77.662586453885,0.850965335921692,0.281247589860487,0.044833439884693,0.20074810204211,0.37873102625093,62,"ok",0.239331949782796,0.388366613861104
"VII_presencial","30-44","Men","Tertiary completed or higher","Occasional (frequency proxy)",211,77.662586453885,0.850965335921692,0.110721985205835,0.0359698590730534,0.0565914534241173,0.20535855028863,62,"ok",0.0942205713346001,0.243255235412908
"VII_presencial","30-44","Men","Tertiary completed or higher","Moderate",211,77.662586453885,0.850965335921692,0.591906320981092,0.0539768300113338,0.481300442440961,0.693925567480314,62,"ok",0.503691761267848,0.652726425346156
"VII_presencial","30-44","Men","Tertiary completed or higher","Heavy",211,77.662586453885,0.850965335921692,0.0161241039525856,0.0077383171395975,0.00614313697773485,0.0416420341388319,62,"ok",0.0137210535364483,0.162755717614756
"VII_presencial","30-44","Women","Secondary completed or less","Declared current use",456,233.493612117937,0.998592087027378,0.338808806424395,0.0349285479830804,0.27289205131711,0.411633773823769,65,"ok",0.338331793110592,0.339739706083213
"VII_presencial","30-44","Women","Secondary completed or less","Current abstainer (history unknown)",426,216.283756015557,0.939955876408938,0.70243754040805,0.0332251158986696,0.632154905939728,0.764298475971321,65,"ok",0.660260293916787,0.720304417507849
"VII_presencial","30-44","Women","Secondary completed or less","Occasional (frequency proxy)",426,216.283756015557,0.939955876408938,0.0955846720827535,0.0191668906816857,0.0635617281300794,0.14130654898048,65,"ok",0.0898453742188055,0.149889497809868
"VII_presencial","30-44","Women","Secondary completed or less","Moderate",426,216.283756015557,0.939955876408938,0.200085835655538,0.0306427270039268,0.145776173522554,0.268274430987582,65,"ok",0.188071857010616,0.248115980601678
"VII_presencial","30-44","Women","Secondary completed or less","Heavy",426,216.283756015557,0.939955876408938,0.00189195185365871,0.00186137758336167,0.000264649173197283,0.0133913533746676,65,"sparse_or_low_df",0.00177835126272928,0.0618224748537918
"VII_presencial","18-29","Women","Secondary completed or less","Declared current use",337,276.988747118225,1,0.36422584687047,0.0374011071525481,0.293170121429615,0.441740433996494,61,"ok",0.36422584687047,0.36422584687047
"VII_presencial","18-29","Women","Secondary completed or less","Current abstainer (history unknown)",325,268.253640425391,0.962490038012377,0.660551411464432,0.0361230089744731,0.585066524352937,0.728672451341244,61,"ok",0.63577415312953,0.673284115117154
"VII_presencial","18-29","Women","Secondary completed or less","Occasional (frequency proxy)",325,268.253640425391,0.962490038012377,0.0782413474785483,0.0172621350044005,0.0499684502676015,0.120482709580177,61,"ok",0.0753065175087676,0.112816479496391
"VII_presencial","18-29","Women","Secondary completed or less","Moderate",325,268.253640425391,0.962490038012377,0.237838395078789,0.0300424800453666,0.183027490007682,0.302976205024171,61,"ok",0.228917085920186,0.26642704790781
"VII_presencial","18-29","Women","Secondary completed or less","Heavy",325,268.253640425391,0.962490038012377,0.0233688459782303,0.0105176344637701,0.00943161131248932,0.0567220153228169,61,"ok",0.0224922814538923,0.0600022434415156
"VII_presencial","18-29","Men","Tertiary completed or higher","Declared current use",377,315.226740323985,1,0.659538184997715,0.0295697446910809,0.598283365583582,0.715888211491759,66,"ok",0.659538184997715,0.659538184997715
"VII_presencial","18-29","Men","Tertiary completed or higher","Current abstainer (history unknown)",342,285.744960488468,0.904522805617146,0.376399370903635,0.0319425500469503,0.315043985548668,0.441993246872609,65,"ok",0.340461815002285,0.435939009385139
"VII_presencial","18-29","Men","Tertiary completed or higher","Occasional (frequency proxy)",342,285.744960488468,0.904522805617146,0.0908401394267259,0.0176346384619064,0.0612343049613812,0.132736023578675,65,"ok",0.0821669777769148,0.177644172159769
"VII_presencial","18-29","Men","Tertiary completed or higher","Moderate",342,285.744960488468,0.904522805617146,0.47800018125664,0.0334197017832705,0.412037452960476,0.544739208807881,65,"ok",0.43236206503576,0.527839259418615
"VII_presencial","18-29","Men","Tertiary completed or higher","Heavy",342,285.744960488468,0.904522805617146,0.0547603084129988,0.0171755704385927,0.0289962339515051,0.101034608503208,65,"ok",0.0495319478021858,0.14500914218504
"VII_presencial","18-29","Women","Tertiary completed or higher","Declared current use",500,396.351603705562,1,0.578631833898105,0.026138072951172,0.525786582883851,0.62973519856365,68,"ok",0.578631833898105,0.578631833898105
"VII_presencial","18-29","Women","Tertiary completed or higher","Current abstainer (history unknown)",461,370.154061075801,0.910969753834659,0.462549019139414,0.0258201440862538,0.411575838554536,0.514317263074765,66,"ok",0.421368166101895,0.510398412267235
"VII_presencial","18-29","Women","Tertiary completed or higher","Occasional (frequency proxy)",461,370.154061075801,0.910969753834659,0.164785760161383,0.0190214529923811,0.130224103753525,0.206344010869899,66,"ok",0.150114843369672,0.239145089535013
"VII_presencial","18-29","Women","Tertiary completed or higher","Moderate",461,370.154061075801,0.910969753834659,0.339289743503259,0.0252902598996063,0.290757936924123,0.391451229090817,66,"ok",0.309082694117789,0.398112940283129
"VII_presencial","18-29","Women","Tertiary completed or higher","Heavy",461,370.154061075801,0.910969753834659,0.0333754771959442,0.0097982503647374,0.0184807661582677,0.0595464071674905,66,"ok",0.0304040502453036,0.119434296410644
"VII_presencial","18-29","Men","Primary completed or less","Declared current use",32,25.944432704775,1,0.568478292850777,0.0974403789684022,0.362992585145028,0.752816311198633,17,"sparse_or_low_df",0.568478292850777,0.568478292850777
"VII_presencial","18-29","Men","Primary completed or less","Current abstainer (history unknown)",32,25.944432704775,1,0.431521707149223,0.0974403789684022,0.247183688801367,0.637007414854972,17,"sparse_or_low_df",0.431521707149223,0.431521707149223
"VII_presencial","18-29","Men","Primary completed or less","Occasional (frequency proxy)",32,25.944432704775,1,0.0953714281242164,0.0625342475840612,0.0223357227541898,0.32728029436922,17,"sparse_or_low_df",0.0953714281242164,0.0953714281242164
"VII_presencial","18-29","Men","Primary completed or less","Moderate",32,25.944432704775,1,0.388276405251357,0.0788930838631632,0.239512888193738,0.561247325110732,17,"sparse_or_low_df",0.388276405251357,0.388276405251357
"VII_presencial","18-29","Men","Primary completed or less","Heavy",32,25.944432704775,1,0.0848304594752037,0.0610194984669716,0.017348612545678,0.327356109265974,17,"sparse_or_low_df",0.0848304594752037,0.0848304594752037
"VII_presencial","18-29","Men","Secondary completed or less","Declared current use",286,233.682962174479,1,0.626498016924867,0.0348916904764411,0.554383351779671,0.6933966312529,55,"ok",0.626498016924867,0.626498016924867
"VII_presencial","18-29","Men","Secondary completed or less","Current abstainer (history unknown)",261,211.580927997259,0.921993500147417,0.405102620588339,0.0366569015207189,0.334180774020216,0.480220106872557,53,"ok",0.373501983075133,0.451508482927717
"VII_presencial","18-29","Men","Secondary completed or less","Occasional (frequency proxy)",261,211.580927997259,0.921993500147417,0.0940886780300394,0.0208803827474333,0.0597456451383828,0.145125811547055,53,"ok",0.0867491495811594,0.164755649433743
"VII_presencial","18-29","Men","Secondary completed or less","Moderate",261,211.580927997259,0.921993500147417,0.463249699087875,0.043505816436168,0.377961615132147,0.550743600623075,53,"ok",0.427113211504268,0.505119711356851
"VII_presencial","18-29","Men","Secondary completed or less","Heavy",261,211.580927997259,0.921993500147417,0.0375590022937465,0.0108216626727156,0.0209587723395176,0.0664153845815517,53,"ok",0.0346291559868562,0.112635655839439
"VII_presencial","30-44","Women","Primary completed or less","Declared current use",78,36.0736811543098,1,0.235952128960321,0.0579882169173705,0.138214591068614,0.372898019379273,32,"ok",0.235952128960321,0.235952128960321
"VII_presencial","30-44","Women","Primary completed or less","Current abstainer (history unknown)",74,34.0931955019054,0.966681366074144,0.790382330573523,0.0569829303738198,0.651528833591569,0.883777299088871,31,"ok",0.764047871039679,0.797366504965534
"VII_presencial","30-44","Women","Primary completed or less","Occasional (frequency proxy)",74,34.0931955019054,0.966681366074144,0.0348657541672488,0.0244985890446656,0.00811730852400799,0.13753477667027,31,"sparse_or_low_df",0.0337040748676014,0.0670227087934569
"VII_presencial","30-44","Women","Primary completed or less","Moderate",74,34.0931955019054,0.966681366074144,0.174751915259229,0.0521873565533847,0.0919239888944226,0.30698189386259,31,"ok",0.168929420166864,0.20224805409272
"VII_presencial","30-44","Women","Primary completed or less","Heavy",74,34.0931955019054,0.966681366074144,0,0,,,31,"boundary_no_CI",0,0.0333186339258555
"VII_presencial","18-29","Women","Primary completed or less","Declared current use",33,27.7652737498566,1,0.218670008406702,0.0755703254398636,0.100356517496518,0.412510170882376,21,"sparse_or_low_df",0.218670008406702,0.218670008406702
"VII_presencial","18-29","Women","Primary completed or less","Current abstainer (history unknown)",33,27.7652737498566,1,0.781329991593298,0.0755703254398636,0.587489829117624,0.899643482503482,21,"sparse_or_low_df",0.781329991593298,0.781329991593298
"VII_presencial","18-29","Women","Primary completed or less","Occasional (frequency proxy)",33,27.7652737498566,1,0.124001522249741,0.0591219455535224,0.043648682275953,0.305087189193017,21,"sparse_or_low_df",0.124001522249741,0.124001522249741
"VII_presencial","18-29","Women","Primary completed or less","Moderate",33,27.7652737498566,1,0.0774608999149967,0.053363190519333,0.0174586813244718,0.284060675257938,21,"sparse_or_low_df",0.0774608999149968,0.0774608999149968
"VII_presencial","18-29","Women","Primary completed or less","Heavy",33,27.7652737498566,1,0.0172075862419641,0.0170638501268982,0.00214301166348432,0.124913926383138,21,"sparse_or_low_df",0.0172075862419641,0.0172075862419641
"VII_presencial","30-44","Men","Primary completed or less","Declared current use",65,40.7059086241857,1,0.686515288066987,0.0652075903989977,0.538799428850293,0.804119867722224,22,"ok",0.686515288066987,0.686515288066987
"VII_presencial","30-44","Men","Primary completed or less","Current abstainer (history unknown)",57,35.4752277044902,0.848371392248336,0.369513534753008,0.0855637671441511,0.214488133830014,0.557117706851702,21,"ok",0.313484711933013,0.465113319684677
"VII_presencial","30-44","Men","Primary completed or less","Occasional (frequency proxy)",57,35.4752277044902,0.848371392248336,0.0571360282313151,0.0265626843277902,0.0212713680047525,0.144540154363966,21,"ok",0.048472571818141,0.200101179569805
"VII_presencial","30-44","Men","Primary completed or less","Moderate",57,35.4752277044902,0.848371392248336,0.526264179223267,0.0741727846065859,0.374360132354297,0.673457254164621,21,"ok",0.446467474418071,0.598096082169735
"VII_presencial","30-44","Men","Primary completed or less","Heavy",57,35.4752277044902,0.848371392248336,0.0470862577924101,0.031226518824411,0.0114886219162355,0.173611725522237,21,"sparse_or_low_df",0.0399466340791111,0.191575241830775
"VIII","66-70","Women","Primary completed or less","Declared current use",188,127.664058389871,1,0.164264060297763,0.0335303435997918,0.107521063960617,0.242805627735658,55,"ok",0.164264060297763,0.164264060297763
"VIII","66-70","Women","Primary completed or less","Current abstainer (history unknown)",186,126.725993444856,0.995665697686995,0.839374040547659,0.033619457340605,0.760176930195691,0.895995966005101,54,"ok",0.835735939702237,0.840070242015242
"VIII","66-70","Women","Primary completed or less","Occasional (frequency proxy)",186,126.725993444856,0.995665697686995,0.10750753275822,0.0292994266466631,0.0613025340973805,0.181793658868113,54,"ok",0.107041562610321,0.111375864923326
"VIII","66-70","Women","Primary completed or less","Moderate",186,126.725993444856,0.995665697686995,0.0531184266941209,0.0194003101285998,0.0252350016283054,0.108385856629959,54,"ok",0.0528881953744373,0.0572224976874428
"VIII","66-70","Women","Primary completed or less","Heavy",186,126.725993444856,0.995665697686995,0,0,,,54,"boundary_no_CI",0,0.00433430231300547
"VIII","66-70","Women","Secondary completed or less","Declared current use",266,125.461956364068,0.99016873907225,0.216875945780789,0.0456862588179084,0.139189865465848,0.321716157317125,60,"ok",0.214743781768865,0.224575042696616
"VIII","66-70","Women","Secondary completed or less","Current abstainer (history unknown)",265,125.049282108318,0.988323584881053,0.78458611042527,0.0458478889450689,0.679172211240599,0.862382397497428,60,"ok",0.775424957303384,0.787101372422331
"VIII","66-70","Women","Secondary completed or less","Occasional (frequency proxy)",265,125.049282108318,0.988323584881053,0.120230816464708,0.0430627939328379,0.0570761863773261,0.235791282958035,60,"ok",0.118826951541576,0.130503366660523
"VIII","66-70","Women","Secondary completed or less","Moderate",265,125.049282108318,0.988323584881053,0.0951830731100223,0.0211206156655573,0.0605128896275204,0.146617174016329,60,"ok",0.0940716760360926,0.105748091155039
"VIII","66-70","Women","Secondary completed or less","Heavy",265,125.049282108318,0.988323584881053,0,0,,,60,"boundary_no_CI",0,0.0116764151189469
"VIII","66-70","Men","Secondary completed or less","Declared current use",223,167.971743634813,0.991802946610899,0.374526001378324,0.0365695853876204,0.304527759402195,0.450198623331166,54,"ok",0.37145599174942,0.379653045138521
"VIII","66-70","Men","Secondary completed or less","Current abstainer (history unknown)",211,159.125161227959,0.918750827275517,0.675206961936643,0.0402692984865923,0.589932484909272,0.750255586273737,54,"ok",0.620346954861479,0.701596127585962
"VIII","66-70","Men","Secondary completed or less","Occasional (frequency proxy)",211,159.125161227959,0.918750827275517,0.0930835171804612,0.0202989200936742,0.0596008023901331,0.142525433367381,54,"ok",0.0855205584152636,0.166769731139746
"VIII","66-70","Men","Secondary completed or less","Moderate",211,159.125161227959,0.918750827275517,0.231709520882896,0.0343066033666619,0.17008184318916,0.30739646653864,54,"ok",0.212883313998774,0.294132486723257
"VIII","66-70","Men","Secondary completed or less","Heavy",211,159.125161227959,0.918750827275517,0,0,,,54,"boundary_no_CI",0,0.0812491727244825
"VIII","60-65","Women","Secondary completed or less","Declared current use",411,257.892330132584,0.989472720802572,0.208515937068675,0.0270308873098378,0.15962792826798,0.267608628461078,65,"ok",0.20632083158204,0.216848110779468
"VIII","60-65","Women","Secondary completed or less","Current abstainer (history unknown)",402,253.149898449817,0.961844057618124,0.814219189709298,0.0265888092189288,0.755213756608632,0.861607818825515,65,"ok",0.783151889220532,0.821307831602408
"VIII","60-65","Women","Secondary completed or less","Occasional (frequency proxy)",402,253.149898449817,0.961844057618124,0.0714494755428333,0.0150709096340495,0.046605632447739,0.10803600392239,65,"ok",0.0687232534708057,0.106879195852682
"VIII","60-65","Women","Secondary completed or less","Moderate",402,253.149898449817,0.961844057618124,0.114331334747869,0.0201106866729523,0.079886955062405,0.161027805780786,65,"ok",0.109968914926786,0.148124857308662
"VIII","60-65","Women","Secondary completed or less","Heavy",402,253.149898449817,0.961844057618124,0,0,,,65,"boundary_no_CI",0,0.0381559423818762
"VIII","66-70","Women","Tertiary completed or higher","Declared current use",79,40.472959866467,1,0.247879928014898,0.0706080746177754,0.132849181668918,0.414861310136774,39,"ok",0.247879928014898,0.247879928014898
"VIII","66-70","Women","Tertiary completed or higher","Current abstainer (history unknown)",76,38.1706982970297,0.953468950928702,0.788824923194949,0.068355607484995,0.619435653781014,0.895534153408573,38,"ok",0.752120071985102,0.7986511210564
"VIII","66-70","Women","Tertiary completed or higher","Occasional (frequency proxy)",76,38.1706982970297,0.953468950928702,0.105182057011943,0.0518120806150109,0.037135125523652,0.263762179476793,38,"ok",0.1002878255557,0.146818874626998
"VIII","66-70","Women","Tertiary completed or higher","Moderate",76,38.1706982970297,0.953468950928702,0.105993019793108,0.0461086178295388,0.042395525639252,0.240984663896917,38,"ok",0.1010610533879,0.147592102459198
"VIII","66-70","Women","Tertiary completed or higher","Heavy",76,38.1706982970297,0.953468950928702,0,0,,,38,"boundary_no_CI",0,0.0465310490712978
"VIII","71-76","Women","Secondary completed or less","Declared current use",171,109.571507209923,0.995130698773905,0.156882526812105,0.0329889645295096,0.101430630005311,0.2347306405544,55,"ok",0.156118618531946,0.160987919758041
"VIII","71-76","Women","Secondary completed or less","Current abstainer (history unknown)",168,107.544366755217,0.981667793203443,0.854680255429426,0.0324315133461789,0.777039450583147,0.90846921878796,55,"ok",0.839012080241959,0.857344287038517
"VIII","71-76","Women","Secondary completed or less","Occasional (frequency proxy)",168,107.544366755217,0.981667793203443,0.0750844260761222,0.0273059865713205,0.0356032472829645,0.151470666249147,55,"ok",0.0737079628500939,0.0920401696466513
"VIII","71-76","Women","Secondary completed or less","Moderate",168,107.544366755217,0.981667793203443,0.0702353184944516,0.0198005670726136,0.0395158983043714,0.12180726310662,55,"ok",0.0689477501113893,0.0872799569079467
"VIII","71-76","Women","Secondary completed or less","Heavy",168,107.544366755217,0.981667793203443,0,0,,,55,"boundary_no_CI",0,0.0183322067965575
"VIII","77+","Women","Secondary completed or less","Declared current use",179,73.477777012616,0.986377730254945,0.108408527076818,0.0327878399498543,0.0580645863617774,0.193438297244423,57,"ok",0.106931756878314,0.120554026623369
"VIII","77+","Women","Secondary completed or less","Current abstainer (history unknown)",179,73.477777012616,0.986377730254945,0.891591472923182,0.0327878399498543,0.806561702755577,0.941935413638223,57,"ok",0.879445973376631,0.893068243121686
"VIII","77+","Women","Secondary completed or less","Occasional (frequency proxy)",179,73.477777012616,0.986377730254945,0.0322100279165426,0.0167752231496745,0.011202572548346,0.0890631031563772,57,"ok",0.0317712542277677,0.0453935239728225
"VIII","77+","Women","Secondary completed or less","Moderate",179,73.477777012616,0.986377730254945,0.0568494694077214,0.0210254932406185,0.0267511715797399,0.116749678043077,57,"ok",0.0560750506005862,0.0696973203456411
"VIII","77+","Women","Secondary completed or less","Heavy",179,73.477777012616,0.986377730254945,0.0193490297525544,0.0193632627605563,0.00255014386935361,0.132148243944214,57,"sparse_or_low_df",0.0190854520499601,0.0327077217950149
"VIII","60-65","Women","Tertiary completed or higher","Declared current use",108,64.8461794395437,0.987910652488969,0.335010874399197,0.070635824444887,0.210118016476936,0.488251862309022,45,"ok",0.330960811518611,0.343050159029642
"VIII","60-65","Women","Tertiary completed or higher","Current abstainer (history unknown)",107,63.8470124683884,0.972239869762528,0.675707571147868,0.0682806366108403,0.52660324916881,0.796038430579416,45,"ok",0.656949840970358,0.68470997120783
"VIII","60-65","Women","Tertiary completed or higher","Occasional (frequency proxy)",107,63.8470124683884,0.972239869762528,0.129044838442582,0.0431398451802012,0.0640133461758506,0.242990857235353,45,"ok",0.125462536920942,0.153222667158414
"VIII","60-65","Women","Tertiary completed or higher","Moderate",107,63.8470124683884,0.972239869762528,0.19524759040955,0.0649066816958174,0.0954991436081956,0.357951472815112,45,"ok",0.189827491871228,0.2175876221087
"VIII","60-65","Women","Tertiary completed or higher","Heavy",107,63.8470124683884,0.972239869762528,0,0,,,45,"boundary_no_CI",0,0.0277601302374716
"VIII","71-76","Men","Primary completed or less","Declared current use",173,107.468691734616,0.990521332461939,0.321035564572698,0.0423541307016482,0.24260998435223,0.411053857428616,55,"ok",0.317992575188219,0.327471242726281
"VIII","71-76","Men","Primary completed or less","Current abstainer (history unknown)",171,106.340262942121,0.984219508239693,0.683311752757835,0.0430679801347946,0.591502952338825,0.762762457936413,55,"ok",0.672528757273719,0.688309249034026
"VIII","71-76","Men","Primary completed or less","Occasional (frequency proxy)",171,106.340262942121,0.984219508239693,0.0937854935687238,0.0262808054746644,0.0527518187159155,0.161302471803815,55,"ok",0.0923055123602263,0.108086004120533
"VIII","71-76","Men","Primary completed or less","Moderate",171,106.340262942121,0.984219508239693,0.209029464889571,0.0392882270775209,0.141001171035832,0.298474734849944,55,"ok",0.20573087714122,0.221511368901527
"VIII","71-76","Men","Primary completed or less","Heavy",171,106.340262942121,0.984219508239693,0.0138732887838699,0.0097960725083593,0.00333878408706614,0.0557857385363077,55,"sparse_or_low_df",0.0136543614645277,0.0294348532248347
"VIII","71-76","Women","Tertiary completed or higher","Declared current use",71,51.400666096622,1,0.327273549684452,0.0629809447048643,0.2138471387605,0.465257317574809,34,"ok",0.327273549684452,0.327273549684452
"VIII","71-76","Women","Tertiary completed or higher","Current abstainer (history unknown)",69,49.9280091351433,0.980523585562591,0.686089004100356,0.063211983061438,0.546059469198464,0.798835819916407,33,"ok",0.672726450315548,0.692202864752957
"VIII","71-76","Women","Tertiary completed or higher","Occasional (frequency proxy)",69,49.9280091351433,0.980523585562591,0.167872015261593,0.0531526037260442,0.085105270802655,0.304354145603361,33,"ok",0.164602470319915,0.184078884757324
"VIII","71-76","Women","Tertiary completed or higher","Moderate",69,49.9280091351433,0.980523585562591,0.146038980638051,0.0488133321025676,0.0716017649655168,0.274943712841969,33,"ok",0.143194664927128,0.162671079364536
"VIII","71-76","Women","Tertiary completed or higher","Heavy",69,49.9280091351433,0.980523585562591,0,0,,,33,"boundary_no_CI",0,0.0194764144374086
"VIII","66-70","Men","Primary completed or less","Declared current use",161,117.023850110057,1,0.400955132959465,0.0475004387955841,0.310215118992015,0.499034966824586,48,"ok",0.400955132959465,0.400955132959465
"VIII","66-70","Men","Primary completed or less","Current abstainer (history unknown)",158,114.444264829671,0.981784811223364,0.61015902893638,0.0481171974459871,0.510256078863435,0.701600592592439,47,"ok",0.599044867040535,0.617260055817171
"VIII","66-70","Men","Primary completed or less","Occasional (frequency proxy)",158,114.444264829671,0.981784811223364,0.125613505527269,0.0344609123129872,0.070995239456014,0.212633401985634,47,"ok",0.123325431811195,0.141540620587831
"VIII","66-70","Men","Primary completed or less","Moderate",158,114.444264829671,0.981784811223364,0.240749850101619,0.0401891741731838,0.169259235877948,0.33042589413859,47,"ok",0.236364546134072,0.254579734910707
"VIII","66-70","Men","Primary completed or less","Heavy",158,114.444264829671,0.981784811223364,0.0234776154347313,0.0150089085499063,0.00640056709695013,0.0823412844390471,47,"sparse_or_low_df",0.0230499662375624,0.0412651550141981
"VIII","71-76","Women","Primary completed or less","Declared current use",223,147.167236227438,1,0.102880925547829,0.0215737305981074,0.0670020090503405,0.154785226417916,57,"ok",0.102880925547829,0.102880925547829
"VIII","71-76","Women","Primary completed or less","Current abstainer (history unknown)",219,144.292687241967,0.985641789461686,0.910187741676555,0.0213431014188672,0.857307521732777,0.944734440565631,57,"ok",0.897119074452171,0.911477284990484
"VIII","71-76","Women","Primary completed or less","Occasional (frequency proxy)",219,144.292687241967,0.985641789461686,0.0636549799244528,0.0199117472295487,0.0336512157630442,0.117166846312491,57,"ok",0.0627410083208854,0.077099218859199
"VIII","71-76","Women","Primary completed or less","Moderate",219,144.292687241967,0.985641789461686,0.0261572783989922,0.0107333433163483,0.0114202431083517,0.0587806870587032,57,"ok",0.0257817066886302,0.0401399172269438
"VIII","71-76","Women","Primary completed or less","Heavy",219,144.292687241967,0.985641789461686,0,0,,,57,"boundary_no_CI",0,0.0143582105383136
"VIII","71-76","Men","Tertiary completed or higher","Declared current use",66,53.5187472407243,0.98393418827567,0.42788913866327,0.0728809124050041,0.289976004537314,0.57799871769641,34,"ok",0.42101475232262,0.43708056404695
"VIII","71-76","Men","Tertiary completed or higher","Current abstainer (history unknown)",63,50.9786636825276,0.947675024413302,0.594000497482297,0.0750249699900727,0.437232859148159,0.733696041313506,33,"ok",0.56291943595305,0.615244411539748
"VIII","71-76","Men","Tertiary completed or higher","Occasional (frequency proxy)",63,50.9786636825276,0.947675024413302,0.136311085657925,0.045719559624797,0.0668347477876432,0.258038839475599,33,"ok",0.129178611428677,0.181503587015376
"VIII","71-76","Men","Tertiary completed or higher","Moderate",63,50.9786636825276,0.947675024413302,0.269688416859778,0.0567004171131844,0.170525712429954,0.398791767538427,33,"ok",0.255576977031575,0.307901952618273
"VIII","71-76","Men","Tertiary completed or higher","Heavy",63,50.9786636825276,0.947675024413302,0,0,,,33,"boundary_no_CI",0,0.0523249755866981
"VIII","66-70","Men","Tertiary completed or higher","Declared current use",61,28.1220342068809,1,0.303491798500725,0.0731120555605095,0.177097657142873,0.468712496792947,31,"sparse_or_low_df",0.303491798500725,0.303491798500725
"VIII","66-70","Men","Tertiary completed or higher","Current abstainer (history unknown)",60,27.6481027515382,0.99019719337275,0.703403530287609,0.0730574547121906,0.537029784036612,0.829023954790333,30,"sparse_or_low_df",0.696508201499275,0.706311008126525
"VIII","66-70","Men","Tertiary completed or higher","Occasional (frequency proxy)",60,27.6481027515382,0.99019719337275,0.126060371669043,0.0449873804869435,0.0589554319819221,0.249310689232847,30,"sparse_or_low_df",0.124824626222213,0.134627432849462
"VIII","66-70","Men","Tertiary completed or higher","Moderate",60,27.6481027515382,0.99019719337275,0.170536098043347,0.0560344635790208,0.0838734936233084,0.31586931996359,30,"sparse_or_low_df",0.168864365651262,0.178667172278512
"VIII","66-70","Men","Tertiary completed or higher","Heavy",60,27.6481027515382,0.99019719337275,0,0,,,30,"boundary_no_CI",0,0.0098028066272497
"VIII","60-65","Men","Secondary completed or less","Declared current use",306,205.547922017926,0.982571979865718,0.43517531782477,0.0397975121165751,0.357938950571249,0.515691879059418,63,"ok",0.427591073623777,0.44501909375806
"VIII","60-65","Men","Secondary completed or less","Current abstainer (history unknown)",295,196.936768048688,0.943348223515839,0.58830969562177,0.0402517424170648,0.506192342536772,0.665787517666789,62,"ok",0.55498090624194,0.611632682726101
"VIII","60-65","Men","Secondary completed or less","Occasional (frequency proxy)",295,196.936768048688,0.943348223515839,0.0953320417114508,0.0239568898169419,0.0570288691909547,0.155129126304466,62,"ok",0.089931312192635,0.146583088676796
"VIII","60-65","Men","Secondary completed or less","Moderate",295,196.936768048688,0.943348223515839,0.31143037076453,0.0336321225726797,0.248439727861352,0.38226861121593,62,"ok",0.293787287009598,0.350439063493759
"VIII","60-65","Men","Secondary completed or less","Heavy",295,196.936768048688,0.943348223515839,0.00492789190224967,0.00366592199401023,0.00110995101220834,0.021594638487863,62,"sparse_or_low_df",0.00464871807166531,0.0613004945558261
"VIII","45-59","Women","Tertiary completed or higher","Declared current use",429,269.017351599245,0.990460432829475,0.364892568532245,0.0335948086938831,0.300737180637946,0.434235120382131,64,"ok",0.361411651364707,0.370951218535232
"VIII","45-59","Women","Tertiary completed or higher","Current abstainer (history unknown)",413,257.124726661392,0.954061717423764,0.659337619334918,0.0348608957269735,0.586663848431368,0.725218517280579,63,"ok",0.629048781464768,0.674987064041004
"VIII","45-59","Women","Tertiary completed or higher","Occasional (frequency proxy)",413,257.124726661392,0.954061717423764,0.1194706886132,0.0244902272085717,0.0785168801976094,0.177667133723192,63,"ok",0.113982410360109,0.159920692936345
"VIII","45-59","Women","Tertiary completed or higher","Moderate",413,257.124726661392,0.954061717423764,0.221191692051882,0.0276549212786096,0.170860458774505,0.281318826599001,63,"ok",0.211030525598887,0.256968808175123
"VIII","45-59","Women","Tertiary completed or higher","Heavy",413,257.124726661392,0.954061717423764,0,0,,,63,"boundary_no_CI",0,0.0459382825762357
"VIII","71-76","Men","Secondary completed or less","Declared current use",179,116.387886544476,0.996482682492793,0.40949531783867,0.0379677000440328,0.336071876542303,0.487188966968432,54,"ok",0.408054992788117,0.411572310295324
"VIII","71-76","Men","Secondary completed or less","Current abstainer (history unknown)",169,108.994309005621,0.938621842157954,0.626906026767758,0.0379921315473956,0.548177250881712,0.699438172335472,54,"ok",0.588427689704676,0.649805847546722
"VIII","71-76","Men","Secondary completed or less","Occasional (frequency proxy)",169,108.994309005621,0.938621842157954,0.155220980689096,0.030564356346134,0.103257717925144,0.226722695506035,54,"ok",0.145693802835963,0.207071960678009
"VIII","71-76","Men","Secondary completed or less","Moderate",169,108.994309005621,0.938621842157954,0.213916383541873,0.0362225980811589,0.150159586131861,0.295336296900419,54,"ok",0.20078658998784,0.262164747829887
"VIII","71-76","Men","Secondary completed or less","Heavy",169,108.994309005621,0.938621842157954,0.00395660900127374,0.00395698483843125,0.000530352599165089,0.0288780866517461,54,"sparse_or_low_df",0.0037137596294743,0.0650919174715206
"VIII","77+","Men","Primary completed or less","Declared current use",237,133.514475379393,0.99751720233153,0.295878889759371,0.0429464669041454,0.217637223394964,0.38828869165294,59,"ok",0.295144282341727,0.297627080010197
"VIII","77+","Men","Primary completed or less","Current abstainer (history unknown)",232,130.137210742364,0.970728488422925,0.723552392215149,0.0431752978470531,0.629501876173036,0.801265537446524,58,"ok",0.702372919989803,0.731644431566878
"VIII","77+","Men","Primary completed or less","Occasional (frequency proxy)",232,130.137210742364,0.970728488422925,0.0823347911212334,0.0206992643052528,0.049292733619654,0.134394677815574,58,"ok",0.0799247273297323,0.109196238906807
"VIII","77+","Men","Primary completed or less","Moderate",232,130.137210742364,0.970728488422925,0.187630845866526,0.0394911653730802,0.120883153939299,0.279516051500459,58,"ok",0.182138607389527,0.211410118966602
"VIII","77+","Men","Primary completed or less","Heavy",232,130.137210742364,0.970728488422925,0.00648197079709196,0.00460446804882145,0.00155701794352622,0.0265703250704571,58,"sparse_or_low_df",0.00629223371386262,0.0355637452909371
"VIII","77+","Women","Primary completed or less","Declared current use",300,149.96739963181,0.995107564776499,0.119354478378321,0.0291984354027574,0.0721432227494863,0.191098124225034,60,"ok",0.118770544324221,0.123662979547722
"VIII","77+","Women","Primary completed or less","Current abstainer (history unknown)",298,158.027418401775,0.967452345116546,0.905819314900424,0.0196704126723055,0.858441851324129,0.938476644504397,60,"ok",0.876337020452278,0.908884675335732
"VIII","77+","Women","Primary completed or less","Occasional (frequency proxy)",298,158.027418401775,0.967452345116546,0.0483818530588359,0.0144150083800781,0.0264597877912417,0.086846239091319,60,"ok",0.0468071372028549,0.0793547920863088
"VIII","77+","Women","Primary completed or less","Moderate",298,158.027418401775,0.967452345116546,0.0457988320407405,0.0139179921429634,0.024754766872125,0.0832061811557859,60,"ok",0.0443081874614133,0.0768558423448671
"VIII","77+","Women","Primary completed or less","Heavy",298,158.027418401775,0.967452345116546,0,0,,,60,"boundary_no_CI",0,0.0325476548834539
"VIII","77+","Men","Secondary completed or less","Declared current use",152,38.5453156708965,0.993973478849436,0.272716317353916,0.0593897906821704,0.170758542955647,0.405763206609714,58,"ok",0.271072786699279,0.277099307849843
"VIII","77+","Men","Secondary completed or less","Current abstainer (history unknown)",150,37.6710142448465,0.980475922106106,0.737295711043403,0.059469115340385,0.602798797980363,0.838455320267233,57,"ok",0.722900692150157,0.742424770044051
"VIII","77+","Men","Secondary completed or less","Occasional (frequency proxy)",150,37.6710142448465,0.980475922106106,0.0993811673126095,0.0497333306870762,0.0349995872584432,0.251345950717695,57,"ok",0.097440841660812,0.116964919554706
"VIII","77+","Men","Secondary completed or less","Moderate",150,37.6710142448465,0.980475922106106,0.155920824063939,0.0364833436165827,0.0958683219637412,0.243461148628722,57,"ok",0.152876613749635,0.172400691643529
"VIII","77+","Men","Secondary completed or less","Heavy",150,37.6710142448465,0.980475922106106,0.00740229758004874,0.00670375933366173,0.00119841481787899,0.0442977054070736,57,"sparse_or_low_df",0.00725777454550209,0.0267818524393961
"VIII","60-65","Women","Primary completed or less","Declared current use",240,151.428649179775,0.995050566692023,0.156440129957333,0.0293883044354561,0.106175714213404,0.224522822873735,60,"ok",0.155665839967418,0.160615273275394
"VIII","60-65","Women","Primary completed or less","Current abstainer (history unknown)",239,150.780792076443,0.992376738073988,0.845832731179984,0.0294007189973879,0.777522059947071,0.895975146855287,60,"ok",0.839384726724606,0.847007988650617
"VIII","60-65","Women","Primary completed or less","Occasional (frequency proxy)",239,150.780792076443,0.992376738073988,0.0782274203490392,0.0257159609417417,0.039923496059313,0.147630365326674,60,"ok",0.0776310722339222,0.0852543341599339
"VIII","60-65","Women","Primary completed or less","Moderate",239,150.780792076443,0.992376738073988,0.0759398484709765,0.0181380314576957,0.0467142903075402,0.121126376544684,60,"ok",0.0753609391154606,0.0829842010414722
"VIII","60-65","Women","Primary completed or less","Heavy",239,150.780792076443,0.992376738073988,0,0,,,60,"boundary_no_CI",0,0.00762326192601169
"VIII","60-65","Men","Primary completed or less","Declared current use",186,128.509238473276,1,0.393170590716629,0.0420502546402153,0.312596973833045,0.480010107223215,50,"ok",0.393170590716629,0.393170590716629
"VIII","60-65","Men","Primary completed or less","Current abstainer (history unknown)",180,124.496497518761,0.979710277921278,0.619396798174788,0.0426380556194749,0.530794486647539,0.700702095718467,48,"ok",0.606829409283371,0.627119131362093
"VIII","60-65","Men","Primary completed or less","Occasional (frequency proxy)",180,124.496497518761,0.979710277921278,0.12698196356639,0.031268484362953,0.0762072677209354,0.204111705627763,48,"ok",0.124405534816617,0.144695256895339
"VIII","60-65","Men","Primary completed or less","Moderate",180,124.496497518761,0.979710277921278,0.238342972484676,0.0355321726294493,0.1743178515929,0.316859563132108,48,"ok",0.233507059813545,0.253796781892267
"VIII","60-65","Men","Primary completed or less","Heavy",180,124.496497518761,0.979710277921278,0.0152782657741468,0.00877028697755061,0.00478242509381386,0.0477048470943041,48,"sparse_or_low_df",0.0149682740077445,0.0352579960864665
"VIII","60-65","Men","Tertiary completed or higher","Declared current use",89,64.5141029081597,0.947503386480855,0.499552686043638,0.0655298919523364,0.369951938265793,0.629213567706225,38,"ok",0.473327861751954,0.525824475271099
"VIII","60-65","Men","Tertiary completed or higher","Current abstainer (history unknown)",87,63.0317432447111,0.93286505110392,0.508300235031614,0.0655890102840109,0.377887038662334,0.637593484417672,37,"ok",0.474175524728901,0.541310473624981
"VIII","60-65","Men","Tertiary completed or higher","Occasional (frequency proxy)",87,63.0317432447111,0.93286505110392,0.10213249215365,0.0378895574632418,0.0469340076844515,0.208076073992646,37,"ok",0.0952758325122856,0.162410781408365
"VIII","60-65","Men","Tertiary completed or higher","Moderate",87,63.0317432447111,0.93286505110392,0.389567272814736,0.061283894764584,0.274622386573201,0.51824996267122,37,"ok",0.363413693862734,0.430548642758813
"VIII","60-65","Men","Tertiary completed or higher","Heavy",87,63.0317432447111,0.93286505110392,0,0,,,37,"boundary_no_CI",0,0.0671349488960795
"VIII","77+","Women","Tertiary completed or higher","Declared current use",34,20.0997999222093,1,0.205248938716396,0.0852521521052216,0.0796083757783304,0.435380727095258,19,"sparse_or_low_df",0.205248938716396,0.205248938716396
"VIII","77+","Women","Tertiary completed or higher","Current abstainer (history unknown)",34,20.0997999222093,1,0.794751061283604,0.0852521521052216,0.564619272904742,0.92039162422167,19,"sparse_or_low_df",0.794751061283604,0.794751061283604
"VIII","77+","Women","Tertiary completed or higher","Occasional (frequency proxy)",34,20.0997999222093,1,0,0,,,19,"boundary_no_CI",0,0
"VIII","77+","Women","Tertiary completed or higher","Moderate",34,20.0997999222093,1,0.205248938716396,0.0852521521052216,0.0796083757783304,0.435380727095258,19,"sparse_or_low_df",0.205248938716396,0.205248938716396
"VIII","77+","Women","Tertiary completed or higher","Heavy",34,20.0997999222093,1,0,0,,,19,"boundary_no_CI",0,0
"VIII","45-59","Women","Secondary completed or less","Declared current use",885,564.914669058691,0.989326792887496,0.204776199873319,0.0163104613178417,0.174181021744752,0.239188926702593,74,"ok",0.20259058108036,0.213263788192864
"VIII","45-59","Women","Secondary completed or less","Current abstainer (history unknown)",870,553.823872615968,0.975518394920388,0.806480140101655,0.0164212718037202,0.771649531601919,0.837119411341724,74,"ok",0.786736211807136,0.811217816886749
"VIII","45-59","Women","Secondary completed or less","Occasional (frequency proxy)",870,553.823872615968,0.975518394920388,0.0788094008020481,0.0107015563069806,0.0599540445116869,0.102945312340787,74,"ok",0.0768800201750515,0.101361625254664
"VIII","45-59","Women","Secondary completed or less","Moderate",870,553.823872615968,0.975518394920388,0.112464306616552,0.013414844651126,0.088378032526191,0.142091805694677,74,"ok",0.109710999876414,0.134192604956026
"VIII","45-59","Women","Secondary completed or less","Heavy",870,553.823872615968,0.975518394920388,0.00224615247974407,0.00167467193032253,0.000507645203418273,0.00987958838164577,74,"sparse_or_low_df",0.00219116306178639,0.0266727681413986
"VIII","77+","Men","Tertiary completed or higher","Declared current use",35,22.6233098970297,0.988360831933584,0.215442135216403,0.0716474717552757,0.102338603029159,0.39810913636814,22,"sparse_or_low_df",0.212934567996032,0.224573736062448
"VIII","77+","Men","Tertiary completed or higher","Current abstainer (history unknown)",35,22.6233098970297,0.988360831933584,0.784557864783597,0.0716474717552757,0.60189086363186,0.897661396970842,22,"sparse_or_low_df",0.775426263937552,0.787065432003968
"VIII","77+","Men","Tertiary completed or higher","Occasional (frequency proxy)",35,22.6233098970297,0.988360831933584,0.0443940830960632,0.026503991938597,0.0125563253438833,0.14509720021771,22,"sparse_or_low_df",0.0438773729017536,0.0555165409681697
"VIII","77+","Men","Tertiary completed or higher","Moderate",35,22.6233098970297,0.988360831933584,0.17104805212034,0.0674032376006359,0.0714863800623899,0.356094180328208,22,"sparse_or_low_df",0.169057195094278,0.180696363160694
"VIII","77+","Men","Tertiary completed or higher","Heavy",35,22.6233098970297,0.988360831933584,0,0,,,22,"boundary_no_CI",0,0.011639168066416
"VIII","30-44","Women","Secondary completed or less","Declared current use",734,443.122056185548,0.992773426011871,0.272644941455741,0.0188617219133126,0.236725204865362,0.311788606043803,75,"ok",0.270674652613822,0.27790122660195
"VIII","30-44","Women","Secondary completed or less","Current abstainer (history unknown)",701,417.976846567586,0.94606921066538,0.763262100972708,0.0170526864635821,0.727632859773997,0.795540210340274,75,"ok",0.72209877339805,0.77602956273267
"VIII","30-44","Women","Secondary completed or less","Occasional (frequency proxy)",701,417.976846567586,0.94606921066538,0.100215474352529,0.0131775779672546,0.0768487455103839,0.129688985952014,75,"ok",0.0948107747171541,0.148741564051774
"VIII","30-44","Women","Secondary completed or less","Moderate",701,417.976846567586,0.94606921066538,0.125013064715629,0.0153543053072593,0.0974907552930322,0.158936817818847,75,"ok",0.118271011458375,0.172201800792995
"VIII","30-44","Women","Secondary completed or less","Heavy",701,417.976846567586,0.94606921066538,0.0115093599591334,0.00597378309693142,0.00407406291383797,0.032077257403496,75,"ok",0.010888651091801,0.0648194404264212
"VIII","45-59","Men","Secondary completed or less","Declared current use",686,429.707382923904,0.983208261932685,0.484902106973887,0.0246585001791904,0.436013044885335,0.534081839162423,69,"ok",0.476759757805293,0.493551495872607
"VIII","45-59","Men","Secondary completed or less","Current abstainer (history unknown)",642,413.387154981314,0.914059908572476,0.554064891565295,0.0262660199327052,0.501257910423693,0.60567905717392,69,"ok",0.506448504127393,0.592388595554917
"VIII","45-59","Men","Secondary completed or less","Occasional (frequency proxy)",642,413.387154981314,0.914059908572476,0.0771556374153616,0.0116681617158609,0.0568637436803992,0.103891065248802,69,"ok",0.0705248748817365,0.156464966309261
"VIII","45-59","Men","Secondary completed or less","Moderate",642,413.387154981314,0.914059908572476,0.36428914776235,0.0277873175997296,0.31084602091606,0.421303478138868,69,"ok",0.332982105097598,0.418922196525123
"VIII","45-59","Men","Secondary completed or less","Heavy",642,413.387154981314,0.914059908572476,0.00449032325699344,0.00276755094182498,0.00130997785967681,0.0152737789017712,69,"sparse_or_low_df",0.00410442446574828,0.0900445158932726
"VIII","45-59","Women","Primary completed or less","Declared current use",271,181.343772298962,1,0.194182268455712,0.0330843498149114,0.136270838591185,0.269038602177048,56,"ok",0.194182268455712,0.194182268455712
"VIII","45-59","Women","Primary completed or less","Current abstainer (history unknown)",266,177.65641928966,0.986040310723124,0.817225951901837,0.0338400122961752,0.739551424591093,0.875630964899022,55,"ok",0.805817731544288,0.819777420821164
"VIII","45-59","Women","Primary completed or less","Occasional (frequency proxy)",266,177.65641928966,0.986040310723124,0.0779077645581915,0.0312222046567545,0.0341543172832157,0.16796425721916,55,"ok",0.0768201963727031,0.0907798856495794
"VIII","45-59","Women","Primary completed or less","Moderate",266,177.65641928966,0.986040310723124,0.104866283539972,0.0213766222851579,0.0690957646650059,0.156050741621277,55,"ok",0.103402382806133,0.117362072083009
"VIII","45-59","Women","Primary completed or less","Heavy",266,177.65641928966,0.986040310723124,0,0,,,55,"boundary_no_CI",0,0.0139596892768762
"VIII","45-59","Men","Tertiary completed or higher","Declared current use",273,145.41172374922,0.982992739002232,0.489983047059479,0.0409096334358652,0.409239535550574,0.571252618915722,64,"ok",0.481649777493657,0.498657038491425
"VIII","45-59","Men","Tertiary completed or higher","Current abstainer (history unknown)",259,136.094028384493,0.932514429247095,0.537624883631404,0.0397469039407211,0.457940020304368,0.615432888772513,64,"ok",0.501342961508575,0.56882853226148
"VIII","45-59","Men","Tertiary completed or higher","Occasional (frequency proxy)",259,136.094028384493,0.932514429247095,0.0971058732168006,0.019998488316341,0.0638359260247832,0.145029193990448,64,"ok",0.0905526279393056,0.15803819869221
"VIII","45-59","Men","Tertiary completed or higher","Moderate",259,136.094028384493,0.932514429247095,0.35863163309528,0.0333101603061114,0.295126534660756,0.427513745399446,64,"ok",0.334429172645798,0.401914743398703
"VIII","45-59","Men","Tertiary completed or higher","Heavy",259,136.094028384493,0.932514429247095,0.00663761005651544,0.00516009499106464,0.00139737554461402,0.0309205350049632,64,"sparse_or_low_df",0.00618966715341628,0.0736752379063211
"VIII","45-59","Men","Primary completed or less","Declared current use",254,120.039734912865,0.97708009331258,0.467647609502855,0.0446458253074526,0.380166864888239,0.557163670262894,56,"ok",0.456929169930455,0.479849076617874
"VIII","45-59","Men","Primary completed or less","Current abstainer (history unknown)",240,111.795472220867,0.929114183614412,0.559835306096233,0.0488691587659082,0.460803729070168,0.654322662403939,54,"ok",0.520150923382126,0.591036739767714
"VIII","45-59","Men","Primary completed or less","Occasional (frequency proxy)",240,111.795472220867,0.929114183614412,0.109347919384979,0.0305993703990156,0.0613795553520716,0.18732230251965,54,"ok",0.101596702849309,0.172482519234897
"VIII","45-59","Men","Primary completed or less","Moderate",240,111.795472220867,0.929114183614412,0.328531608739645,0.048387396928531,0.239650616510555,0.431662393900269,54,"ok",0.305243377445665,0.376129193831252
"VIII","45-59","Men","Primary completed or less","Heavy",240,111.795472220867,0.929114183614412,0.00228516577914355,0.0023020623965728,0.000302429978218856,0.0170451154869312,54,"sparse_or_low_df",0.00212317993731255,0.0730089963229003
"VIII","30-44","Men","Tertiary completed or higher","Declared current use",527,313.809162671313,0.98847573884375,0.62602774419158,0.0316627812461853,0.561046392216511,0.686760230527172,69,"ok",0.618813236976458,0.630337498132709
"VIII","30-44","Men","Tertiary completed or higher","Current abstainer (history unknown)",489,287.437070155278,0.928309090951078,0.398210580366677,0.0328113583542561,0.334890915073501,0.46512994046197,68,"ok",0.369662501867291,0.441353410916213
"VIII","30-44","Men","Tertiary completed or higher","Occasional (frequency proxy)",489,287.437070155278,0.928309090951078,0.129968461690975,0.0218157583028428,0.0922705529452611,0.180013803516166,68,"ok",0.120650904524659,0.192341813573581
"VIII","30-44","Men","Tertiary completed or higher","Moderate",489,287.437070155278,0.928309090951078,0.45940299519788,0.0342056801330292,0.392316892853314,0.527993461242039,68,"ok",0.426467976852346,0.498158885901268
"VIII","30-44","Men","Tertiary completed or higher","Heavy",489,287.437070155278,0.928309090951078,0.0124179627444677,0.00632102741728273,0.00447561014225176,0.0339737074650439,68,"ok",0.0115277077067812,0.0832186167557028
"VIII","30-44","Men","Secondary completed or less","Declared current use",568,392.495545182787,0.983399767312861,0.4535348134209,0.024357068304918,0.405558461332001,0.502390031649615,71,"ok",0.446006029986395,0.462606262673534
"VIII","30-44","Men","Secondary completed or less","Current abstainer (history unknown)",539,385.9705431164,0.916528383519572,0.586336164803554,0.029307907745034,0.526934657472666,0.643327570556072,70,"ok",0.537393737326466,0.620865353806895
"VIII","30-44","Men","Secondary completed or less","Occasional (frequency proxy)",539,385.9705431164,0.916528383519572,0.0929186044977043,0.0142383970621921,0.0681517760580821,0.125473955680294,70,"ok",0.0851625383791753,0.168634154859604
"VIII","30-44","Men","Secondary completed or less","Moderate",539,385.9705431164,0.916528383519572,0.307961920412672,0.0253218144347287,0.259872373822359,0.36061458127235,70,"ok",0.282255841101409,0.365727457581837
"VIII","30-44","Men","Secondary completed or less","Heavy",539,385.9705431164,0.916528383519572,0.0127833102860704,0.0049194125179863,0.0059157209656428,0.0274037378550923,70,"ok",0.0117162667125212,0.0951878831929496
"VIII","30-44","Women","Tertiary completed or higher","Declared current use",727,401.625257765692,0.984718247362936,0.382689310364582,0.0285744357679245,0.327578172271591,0.440991561261642,74,"ok",0.376841146986742,0.392122899623806
"VIII","30-44","Women","Tertiary completed or higher","Current abstainer (history unknown)",703,414.535435534137,0.936577545387303,0.649040865190526,0.0252514086768719,0.597231197951317,0.697560961726441,74,"ok",0.607877100376194,0.671299554988891
"VIII","30-44","Women","Tertiary completed or higher","Occasional (frequency proxy)",703,414.535435534137,0.936577545387303,0.123324381850488,0.0152970096702196,0.0959342269272076,0.157175129860381,74,"ok",0.115502846839937,0.178925301452634
"VIII","30-44","Women","Tertiary completed or higher","Moderate",703,414.535435534137,0.936577545387303,0.225183139518371,0.0228962720002185,0.182844674791026,0.274037547571306,74,"ok",0.210901472072723,0.27432392668542
"VIII","30-44","Women","Tertiary completed or higher","Heavy",703,414.535435534137,0.936577545387303,0.00245161344061476,0.00165916643318837,0.000635570160686046,0.00940787000413591,74,"sparse_or_low_df",0.00229612609844949,0.0657185807111469
"VIII","18-29","Men","Tertiary completed or higher","Declared current use",1516,947.959751608602,0.995910725066306,0.490735911687945,0.0167590641926975,0.457461738599397,0.524092371356172,78,"ok",0.488729157625216,0.49281843255891
"VIII","18-29","Men","Tertiary completed or higher","Current abstainer (history unknown)",1440,911.231373366397,0.934315775725081,0.542837422441561,0.0178396656391599,0.507156221048775,0.57808443894486,77,"ok",0.50718156744109,0.572865791716009
"VIII","18-29","Men","Tertiary completed or higher","Occasional (frequency proxy)",1440,911.231373366397,0.934315775725081,0.132326491419494,0.0137348548539474,0.10728807163331,0.162146915100739,77,"ok",0.123634728479583,0.189318952754501
"VIII","18-29","Men","Tertiary completed or higher","Moderate",1440,911.231373366397,0.934315775725081,0.312662881626389,0.0192225017806399,0.275716396934181,0.352153092020652,77,"ok",0.292125862787199,0.357810087062118
"VIII","18-29","Men","Tertiary completed or higher","Heavy",1440,911.231373366397,0.934315775725081,0.0121732045125568,0.00415517977976022,0.00615487231213712,0.0239346344857865,77,"ok",0.0113736170172095,0.0770578412921281
"VIII","18-29","Women","Tertiary completed or higher","Declared current use",1943,885.085415857387,0.995862215896131,0.392563036723713,0.0227560938400222,0.348312751265132,0.438651032258784,80,"ok",0.390938695630591,0.39507647973446
"VIII","18-29","Women","Tertiary completed or higher","Current abstainer (history unknown)",1864,836.789888653331,0.959679743105946,0.630338948603564,0.0236896169302132,0.582087162576471,0.676119463272984,80,"ok",0.60492352026554,0.645243777159595
"VIII","18-29","Women","Tertiary completed or higher","Occasional (frequency proxy)",1864,836.789888653331,0.959679743105946,0.124404281354845,0.0121301332793788,0.102203269776247,0.1506188250061,80,"ok",0.119388268771898,0.159708525665952
"VIII","18-29","Women","Tertiary completed or higher","Moderate",1864,836.789888653331,0.959679743105946,0.236025523846167,0.0252787254035921,0.189450962521907,0.289954047818145,80,"ok",0.226508914091136,0.26682917098519
"VIII","18-29","Women","Tertiary completed or higher","Heavy",1864,836.789888653331,0.959679743105946,0.00923124619542352,0.0026796918105249,0.00517382891129242,0.0164180566509288,80,"ok",0.00885903997737178,0.0491792968714262
"VIII","18-29","Men","Primary completed or less","Declared current use",49,33.2431469567524,0.99135835218504,0.502116558995317,0.0841142290027037,0.332163485538754,0.671581948813658,18,"ok",0.49777744453042,0.506419092345381
"VIII","18-29","Men","Primary completed or less","Current abstainer (history unknown)",48,32.6764189406765,0.981131647563996,0.503073067595065,0.0847926507949462,0.331744500506169,0.6736829927079,18,"ok",0.49358090765462,0.512449260090623
"VIII","18-29","Men","Primary completed or less","Occasional (frequency proxy)",48,32.6764189406765,0.981131647563996,0.0248286070514041,0.0182759428203212,0.00518675905159162,0.11058421098772,18,"sparse_or_low_df",0.0243601321430631,0.0432284845790671
"VIII","18-29","Men","Primary completed or less","Moderate",48,32.6764189406765,0.981131647563996,0.472098325353531,0.0862452115554271,0.301795027700906,0.649153207876034,18,"ok",0.463190607766313,0.482058960202317
"VIII","18-29","Men","Primary completed or less","Heavy",48,32.6764189406765,0.981131647563996,0,0,,,18,"boundary_no_CI",0,0.0188683524360039
"VIII","18-29","Women","Secondary completed or less","Declared current use",1141,827.252656164439,0.995274904066655,0.285747973828137,0.0181223856239507,0.251044304599911,0.323178901389092,74,"ok",0.28439778723904,0.289122883172385
"VIII","18-29","Women","Secondary completed or less","Current abstainer (history unknown)",1103,799.034022062684,0.961541219521378,0.739310080935963,0.01957054504183,0.698467302553068,0.776391760072715,73,"ok",0.710877116827614,0.749335897306237
"VIII","18-29","Women","Secondary completed or less","Occasional (frequency proxy)",1103,799.034022062684,0.961541219521378,0.0880029291387753,0.0119650902636948,0.0668954180467245,0.114950034942624,73,"ok",0.0846184438055514,0.123077224284173
"VIII","18-29","Women","Secondary completed or less","Moderate",1103,799.034022062684,0.961541219521378,0.161736689017547,0.014330639972433,0.135167254521214,0.192367105871153,73,"ok",0.155516493199282,0.193975273677904
"VIII","18-29","Women","Secondary completed or less","Heavy",1103,799.034022062684,0.961541219521378,0.0109503009077147,0.00353337422980287,0.00574544787489796,0.0207717698068262,73,"ok",0.01052916568893,0.0489879461675521
"VIII","18-29","Men","Secondary completed or less","Declared current use",1285,880.038787082031,0.986859107632792,0.426190379386556,0.0218754821663747,0.383270973602604,0.470251292474793,73,"ok",0.420589857483098,0.433730749850305
"VIII","18-29","Men","Secondary completed or less","Current abstainer (history unknown)",1210,823.91125356599,0.933801428960119,0.606412918836815,0.0229061679873974,0.559956985085154,0.651020989847432,73,"ok",0.566269250149695,0.632467821189576
"VIII","18-29","Men","Secondary completed or less","Occasional (frequency proxy)",1210,823.91125356599,0.933801428960119,0.124425783332909,0.0152496570839084,0.0970759930559041,0.15813152029553,73,"ok",0.116188974275753,0.182387545315634
"VIII","18-29","Men","Secondary completed or less","Moderate",1210,823.91125356599,0.933801428960119,0.25556539675146,0.0186089316223348,0.220271307958185,0.294379599506892,73,"ok",0.238647332679273,0.304845903719154
"VIII","18-29","Men","Secondary completed or less","Heavy",1210,823.91125356599,0.933801428960119,0.0135959010788158,0.00483596263254666,0.00667318040537096,0.0275013835694499,73,"ok",0.0126958718553986,0.0788944428952797
"VIII","30-44","Men","Primary completed or less","Declared current use",62,46.0335397426677,0.988519384659994,0.456596472623787,0.0794974825536418,0.301456979011252,0.6206398848147,21,"ok",0.45135446415599,0.462835079495996
"VIII","30-44","Men","Primary completed or less","Current abstainer (history unknown)",60,44.2188207323014,0.958320584947331,0.560527373554776,0.0801929046682857,0.392750194771197,0.715525123330096,20,"ok",0.537164920504004,0.578844335556673
"VIII","30-44","Men","Primary completed or less","Occasional (frequency proxy)",60,44.2188207323014,0.958320584947331,0.0443684783350546,0.0197770434383123,0.0172452776910958,0.109401896121624,20,"ok",0.0425192261112725,0.0841986411639419
"VIII","30-44","Men","Primary completed or less","Moderate",60,44.2188207323014,0.958320584947331,0.38318155551076,0.0762667219993082,0.240641416827847,0.549099891980266,20,"ok",0.367210772418099,0.408890187470768
"VIII","30-44","Men","Primary completed or less","Heavy",60,44.2188207323014,0.958320584947331,0.01192259259941,0.0118588772364804,0.00147565369962358,0.0896860459542632,20,"sparse_or_low_df",0.0114256659139553,0.0531050809666247
"VIII","30-44","Women","Primary completed or less","Declared current use",63,47.0997376728166,1,0.15632425006281,0.0463653997307938,0.0827192183313503,0.27573640272148,28,"ok",0.15632425006281,0.15632425006281
"VIII","30-44","Women","Primary completed or less","Current abstainer (history unknown)",62,46.3003558903543,0.988247171837362,0.853709248030143,0.04555085431399,0.734364840168976,0.924916802557586,28,"ok",0.84367574993719,0.855428578099827
"VIII","30-44","Women","Primary completed or less","Occasional (frequency proxy)",62,46.3003558903543,0.988247171837362,0.0688029490492689,0.0347727962335737,0.0237305681682588,0.183400869762861,28,"sparse_or_low_df",0.0679943198120101,0.0797471479746477
"VIII","30-44","Women","Primary completed or less","Moderate",62,46.3003558903543,0.988247171837362,0.0774878029205885,0.031886023702976,0.0325875078176641,0.173178760685623,28,"ok",0.0765771020881625,0.0883299302508
"VIII","30-44","Women","Primary completed or less","Heavy",62,46.3003558903543,0.988247171837362,0,0,,,28,"boundary_no_CI",0,0.0117528281626376
"VIII","18-29","Women","Primary completed or less","Declared current use",50,39.9734463555284,1,0.274786796945434,0.0740335810696958,0.149665973942079,0.449246137759978,24,"ok",0.274786796945434,0.274786796945434
"VIII","18-29","Women","Primary completed or less","Current abstainer (history unknown)",48,38.3255658814044,0.9480744783309,0.764932734326227,0.0706707696905929,0.590703433062186,0.88005575899213,23,"ok",0.725213203054566,0.777138724723666
"VIII","18-29","Women","Primary completed or less","Occasional (frequency proxy)",48,38.3255658814044,0.9480744783309,0.0522427888645491,0.0291810826104547,0.0160262227676518,0.157225274833343,23,"sparse_or_low_df",0.0495300547993087,0.101455576468409
"VIII","18-29","Women","Primary completed or less","Moderate",48,38.3255658814044,0.9480744783309,0.182824476809224,0.0679154994289963,0.080341435644455,0.364256302091483,23,"ok",0.173331220477025,0.225256742146125
"VIII","18-29","Women","Primary completed or less","Heavy",48,38.3255658814044,0.9480744783309,0,0,,,23,"boundary_no_CI",0,0.0519255216691004
