"wave","scenario","age_group","sex","education","outcome","n_valid","n_eff","coverage","estimate","se","lower","upper","df","flag","bound_lower","bound_upper"
"VI","base_sum_12g","45-59","Men","All","Occasional (frequency proxy)",1708,872.066465629791,0.966407666042502,0.162095962792423,0.0115613010993182,0.140678149349288,0.186068513694483,1707,"ok",0.156650781077138,0.190243115034636
"VI","base_sum_12g","45-59","Men","All","Heavy",1708,872.066465629791,0.966407666042502,0.0266842094945127,0.00495437501486999,0.0185096679487302,0.0383279453842738,1707,"ok",0.0257878246177812,0.0593801585752787
"VI","base_sum_12g","45-59","Women","All","Occasional (frequency proxy)",2038,1197.13594485582,0.980372953652748,0.112155367536556,0.00860169687979256,0.0963617818113443,0.130164635910774,2037,"ok",0.109954088939823,0.129581135287075
"VI","base_sum_12g","45-59","Women","All","Heavy",2038,1197.13594485582,0.980372953652748,0.00404910747291932,0.00206064473660511,0.00149027400047683,0.0109533186639282,2037,"ok",0.00396963545288332,0.0235966818001357
"VI","base_sum_12g","60-65","Women","All","Occasional (frequency proxy)",650,430.041268959461,0.977278003116734,0.0983933501811078,0.0177543663091225,0.0686128790903195,0.139168244265229,649,"ok",0.0961576567849585,0.118879653668225
"VI","base_sum_12g","60-65","Women","All","Heavy",650,430.041268959461,0.977278003116734,0.00780217057607079,0.00629019301984465,0.00159216770137699,0.0373277621207021,649,"sparse_or_low_df",0.0076248896805586,0.030346886563825
"VI","base_sum_12g","77+","Women","All","Occasional (frequency proxy)",538,313.551235415494,0.992775206537,0.0825402125646746,0.0148457222204372,0.0576804576582915,0.116786415822981,537,"ok",0.0819438765765028,0.0891686700395025
"VI","base_sum_12g","77+","Women","All","Heavy",538,313.551235415494,0.992775206537,0,0,,,537,"boundary_no_CI",0,0.00722479346299974
"VI","base_sum_12g","30-44","Men","All","Occasional (frequency proxy)",1094,470.928976429371,0.95888644085967,0.160058889522314,0.0203450842854453,0.124039154505315,0.204101241646769,1093,"ok",0.153478298902003,0.194591858042333
"VI","base_sum_12g","30-44","Men","All","Heavy",1094,470.928976429371,0.95888644085967,0.0153183898610316,0.00355737651475434,0.00969869145140522,0.0241150091353624,1093,"ok",0.0146885963335454,0.0558021554738755
"VI","base_sum_12g","77+","Men","All","Occasional (frequency proxy)",433,249.54763334195,0.976976175399605,0.123629849615429,0.0208347578047881,0.0881484409905414,0.170719291602908,432,"ok",0.12078341764251,0.143807242242904
"VI","base_sum_12g","77+","Men","All","Heavy",433,249.54763334195,0.976976175399605,0.00349365280295829,0.00348854645714035,0.000488937852566815,0.024510704798085,432,"sparse_or_low_df",0.0034132155536083,0.0264370401540029
"VI","base_sum_12g","30-44","Women","All","Occasional (frequency proxy)",1323,688.977874558635,0.984378983497395,0.133272760122041,0.0120307978330182,0.111387207184543,0.158690500956092,1322,"ok",0.131190904136827,0.146811920639431
"VI","base_sum_12g","30-44","Women","All","Heavy",1323,688.977874558635,0.984378983497395,0.00818641012831507,0.00301801694126475,0.00396508410984361,0.0168259446356706,1322,"ok",0.00805853008060357,0.0236795465832081
"VI","base_sum_12g","71-76","Women","All","Occasional (frequency proxy)",405,241.353494994887,0.995236892191439,0.10620730428235,0.0218246383633742,0.0703027400066499,0.157345404199092,404,"ok",0.105701427441997,0.110464535250558
"VI","base_sum_12g","71-76","Women","All","Heavy",405,241.353494994887,0.995236892191439,0,0,,,404,"boundary_no_CI",0,0.00476310780856083
"VI","base_sum_12g","66-70","Men","All","Occasional (frequency proxy)",403,225.186875012387,0.974550532904734,0.142010939590481,0.020938908103958,0.105597148330698,0.188337417595004,402,"ok",0.138396836856205,0.163846303951471
"VI","base_sum_12g","66-70","Men","All","Heavy",403,225.186875012387,0.974550532904734,0.0182717012857111,0.0120449116123819,0.00494700959762232,0.0651368638221032,402,"ok",0.0178066962250659,0.043256163320332
"VI","base_sum_12g","60-65","Men","All","Occasional (frequency proxy)",596,368.601361627884,0.970227675896447,0.133279032768497,0.0150454790484882,0.10639832795466,0.16569171233543,595,"ok",0.129311006208705,0.159083330312258
"VI","base_sum_12g","60-65","Men","All","Heavy",596,368.601361627884,0.970227675896447,0.0264984383538924,0.00642861648308173,0.0164111604513169,0.042517938762567,595,"ok",0.0257095182589823,0.0554818423625349
"VI","base_sum_12g","18-29","Women","All","Occasional (frequency proxy)",3325,2824.23465194093,0.974840378725909,0.143049504909889,0.00652205268198237,0.130731687422115,0.156319222412173,3324,"ok",0.13945043354291,0.164610054817001
"VI","base_sum_12g","18-29","Women","All","Heavy",3325,2824.23465194093,0.974840378725909,0.0104922637432504,0.00196673936836728,0.00726072152224326,0.0151401393546191,3324,"ok",0.0102282823611624,0.0353879036352531
"VI","base_sum_12g","66-70","Women","All","Occasional (frequency proxy)",453,258.557260776481,0.992814702283036,0.065381557455808,0.0125500270120019,0.0446376328190947,0.0948088945054339,452,"ok",0.0649117715002892,0.0720970692172528
"VI","base_sum_12g","66-70","Women","All","Heavy",453,258.557260776481,0.992814702283036,0.00106320088749287,0.00106415758800361,0.000148541805044253,0.00756732659540595,452,"sparse_or_low_df",0.00105556147258329,0.00824085918954684
"VI","base_sum_12g","71-76","Men","All","Occasional (frequency proxy)",395,258.116310029652,0.968675702955015,0.0960819531827213,0.0202973006762378,0.0629142952218663,0.144047343208379,394,"ok",0.0930722535405633,0.124396550585549
"VI","base_sum_12g","71-76","Men","All","Heavy",395,258.116310029652,0.968675702955015,0.00746353776854364,0.00460715551076438,0.00220911654021783,0.0249037596150738,394,"sparse_or_low_df",0.00722974769447531,0.0385540447394608
"VI","base_sum_12g","18-29","Men","All","Occasional (frequency proxy)",3083,2320.88282578072,0.960558304834308,0.155483954981244,0.00710358674651038,0.142058897182306,0.169926441768846,3082,"ok",0.149351404225717,0.188793099391409
"VI","base_sum_12g","18-29","Men","All","Heavy",3083,2320.88282578072,0.960558304834308,0.0326346447002467,0.00359556760382666,0.026274867164667,0.040469814199297,3082,"ok",0.0313474789921389,0.0707891741578309
"VI","sum_10g","45-59","Men","All","Occasional (frequency proxy)",1708,872.066465629791,0.966407666042502,0.162095962792423,0.0115613010993182,0.140678149349288,0.186068513694483,1707,"ok",0.156650781077138,0.190243115034636
"VI","sum_10g","45-59","Men","All","Heavy",1708,872.066465629791,0.966407666042502,0.020512569789967,0.00449887752645896,0.0133188009250548,0.0314679275271806,1707,"ok",0.0198235046952559,0.0534158386527535
"VI","sum_10g","45-59","Women","All","Occasional (frequency proxy)",2038,1197.13594485582,0.980372953652748,0.112155367536556,0.00860169687979256,0.0963617818113443,0.130164635910774,2037,"ok",0.109954088939823,0.129581135287075
"VI","sum_10g","45-59","Women","All","Heavy",2038,1197.13594485582,0.980372953652748,0.00372616370647105,0.00203553276115912,0.00127443429274676,0.0108432692300796,2037,"sparse_or_low_df",0.00365303011870669,0.0232800764659591
"VI","sum_10g","60-65","Women","All","Occasional (frequency proxy)",650,430.041268959461,0.977278003116734,0.0983933501811078,0.0177543663091225,0.0686128790903195,0.139168244265229,649,"ok",0.0961576567849585,0.118879653668225
"VI","sum_10g","60-65","Women","All","Heavy",650,430.041268959461,0.977278003116734,0.00780217057607079,0.00629019301984465,0.00159216770137699,0.0373277621207021,649,"sparse_or_low_df",0.0076248896805586,0.030346886563825
"VI","sum_10g","77+","Women","All","Occasional (frequency proxy)",538,313.551235415494,0.992775206537,0.0825402125646746,0.0148457222204372,0.0576804576582915,0.116786415822981,537,"ok",0.0819438765765028,0.0891686700395025
"VI","sum_10g","77+","Women","All","Heavy",538,313.551235415494,0.992775206537,0,0,,,537,"boundary_no_CI",0,0.00722479346299974
"VI","sum_10g","30-44","Men","All","Occasional (frequency proxy)",1094,470.928976429371,0.95888644085967,0.160058889522314,0.0203450842854453,0.124039154505315,0.204101241646769,1093,"ok",0.153478298902003,0.194591858042333
"VI","sum_10g","30-44","Men","All","Heavy",1094,470.928976429371,0.95888644085967,0.0113346031236258,0.00305978360679897,0.00666466681436274,0.0192134741180661,1093,"ok",0.0108685972477704,0.0519821563881005
"VI","sum_10g","77+","Men","All","Occasional (frequency proxy)",433,249.54763334195,0.976976175399605,0.123629849615429,0.0208347578047881,0.0881484409905414,0.170719291602908,432,"ok",0.12078341764251,0.143807242242904
"VI","sum_10g","77+","Men","All","Heavy",433,249.54763334195,0.976976175399605,0,0,,,432,"boundary_no_CI",0,0.0230238246003946
"VI","sum_10g","30-44","Women","All","Occasional (frequency proxy)",1323,688.977874558635,0.984378983497395,0.133272760122041,0.0120307978330182,0.111387207184543,0.158690500956092,1322,"ok",0.131190904136827,0.146811920639431
"VI","sum_10g","30-44","Women","All","Heavy",1323,688.977874558635,0.984378983497395,0.00465119307010074,0.00218786934514968,0.00184565874651776,0.0116714754008003,1322,"ok",0.0045785367063959,0.0201995532090004
"VI","sum_10g","71-76","Women","All","Occasional (frequency proxy)",405,241.353494994887,0.995236892191439,0.10620730428235,0.0218246383633742,0.0703027400066499,0.157345404199092,404,"ok",0.105701427441997,0.110464535250558
"VI","sum_10g","71-76","Women","All","Heavy",405,241.353494994887,0.995236892191439,0,0,,,404,"boundary_no_CI",0,0.00476310780856083
"VI","sum_10g","66-70","Men","All","Occasional (frequency proxy)",403,225.186875012387,0.974550532904734,0.142010939590481,0.020938908103958,0.105597148330698,0.188337417595004,402,"ok",0.138396836856205,0.163846303951471
"VI","sum_10g","66-70","Men","All","Heavy",403,225.186875012387,0.974550532904734,0.0182717012857111,0.0120449116123819,0.00494700959762232,0.0651368638221032,402,"ok",0.0178066962250659,0.043256163320332
"VI","sum_10g","60-65","Men","All","Occasional (frequency proxy)",596,368.601361627884,0.970227675896447,0.133279032768497,0.0150454790484882,0.10639832795466,0.16569171233543,595,"ok",0.129311006208705,0.159083330312258
"VI","sum_10g","60-65","Men","All","Heavy",596,368.601361627884,0.970227675896447,0.0228607142108204,0.00607448484685211,0.0135292972610511,0.0383777998528163,595,"ok",0.0221800976180972,0.0519524217216498
"VI","sum_10g","18-29","Women","All","Occasional (frequency proxy)",3325,2824.23465194093,0.974840378725909,0.143049504909889,0.00652205268198237,0.130731687422115,0.156319222412173,3324,"ok",0.13945043354291,0.164610054817001
"VI","sum_10g","18-29","Women","All","Heavy",3325,2824.23465194093,0.974840378725909,0.00775182165438577,0.00176509654956754,0.00495701948682103,0.0121031864316495,3324,"ok",0.00755678875737713,0.0327164100314679
"VI","sum_10g","66-70","Women","All","Occasional (frequency proxy)",453,258.557260776481,0.992814702283036,0.065381557455808,0.0125500270120019,0.0446376328190947,0.0948088945054339,452,"ok",0.0649117715002892,0.0720970692172528
"VI","sum_10g","66-70","Women","All","Heavy",453,258.557260776481,0.992814702283036,0.00106320088749287,0.00106415758800361,0.000148541805044253,0.00756732659540595,452,"sparse_or_low_df",0.00105556147258329,0.00824085918954684
"VI","sum_10g","71-76","Men","All","Occasional (frequency proxy)",395,258.116310029652,0.968675702955015,0.0960819531827213,0.0202973006762378,0.0629142952218663,0.144047343208379,394,"ok",0.0930722535405633,0.124396550585549
"VI","sum_10g","71-76","Men","All","Heavy",395,258.116310029652,0.968675702955015,0.00746353776854364,0.00460715551076438,0.00220911654021783,0.0249037596150738,394,"sparse_or_low_df",0.00722974769447531,0.0385540447394608
"VI","sum_10g","18-29","Men","All","Occasional (frequency proxy)",3083,2320.88282578072,0.960558304834308,0.155483954981244,0.00710358674651038,0.142058897182306,0.169926441768846,3082,"ok",0.149351404225717,0.188793099391409
"VI","sum_10g","18-29","Men","All","Heavy",3083,2320.88282578072,0.960558304834308,0.0236280976482032,0.00308622744129785,0.0182762138214071,0.030498503851636,3082,"ok",0.0226961654234175,0.0621378605891095
"VI","sum_15.7g","45-59","Men","All","Occasional (frequency proxy)",1708,872.066465629791,0.966407666042502,0.162095962792423,0.0115613010993182,0.140678149349288,0.186068513694483,1707,"ok",0.156650781077138,0.190243115034636
"VI","sum_15.7g","45-59","Men","All","Heavy",1708,872.066465629791,0.966407666042502,0.0409328922834448,0.00574840603004403,0.0310316113815844,0.0538179156496413,1707,"ok",0.0395578608960131,0.0731501948535107
"VI","sum_15.7g","45-59","Women","All","Occasional (frequency proxy)",2038,1197.13594485582,0.980372953652748,0.112155367536556,0.00860169687979256,0.0963617818113443,0.130164635910774,2037,"ok",0.109954088939823,0.129581135287075
"VI","sum_15.7g","45-59","Women","All","Heavy",2038,1197.13594485582,0.980372953652748,0.00521510575681765,0.00218082998309341,0.00229353943750169,0.0118141660858983,2037,"ok",0.00511274863442277,0.0247397949816752
"VI","sum_15.7g","60-65","Women","All","Occasional (frequency proxy)",650,430.041268959461,0.977278003116734,0.0983933501811078,0.0177543663091225,0.0686128790903195,0.139168244265229,649,"ok",0.0961576567849585,0.118879653668225
"VI","sum_15.7g","60-65","Women","All","Heavy",650,430.041268959461,0.977278003116734,0.00780217057607079,0.00629019301984465,0.00159216770137699,0.0373277621207021,649,"sparse_or_low_df",0.0076248896805586,0.030346886563825
"VI","sum_15.7g","77+","Women","All","Occasional (frequency proxy)",538,313.551235415494,0.992775206537,0.0825402125646746,0.0148457222204372,0.0576804576582915,0.116786415822981,537,"ok",0.0819438765765028,0.0891686700395025
"VI","sum_15.7g","77+","Women","All","Heavy",538,313.551235415494,0.992775206537,0,0,,,537,"boundary_no_CI",0,0.00722479346299974
"VI","sum_15.7g","30-44","Men","All","Occasional (frequency proxy)",1094,470.928976429371,0.95888644085967,0.160058889522314,0.0203450842854453,0.124039154505315,0.204101241646769,1093,"ok",0.153478298902003,0.194591858042333
"VI","sum_15.7g","30-44","Men","All","Heavy",1094,470.928976429371,0.95888644085967,0.0317855746687892,0.00622068846430996,0.0216036355448163,0.0465380714767357,1093,"ok",0.0304787565648346,0.0715923157051646
"VI","sum_15.7g","77+","Men","All","Occasional (frequency proxy)",433,249.54763334195,0.976976175399605,0.123629849615429,0.0208347578047881,0.0881484409905414,0.170719291602908,432,"ok",0.12078341764251,0.143807242242904
"VI","sum_15.7g","77+","Men","All","Heavy",433,249.54763334195,0.976976175399605,0.0064119248973017,0.00454116242328753,0.00158724774002858,0.0255269740398815,432,"sparse_or_low_df",0.00626429786311532,0.0292881224635099
"VI","sum_15.7g","30-44","Women","All","Occasional (frequency proxy)",1323,688.977874558635,0.984378983497395,0.133272760122041,0.0120307978330182,0.111387207184543,0.158690500956092,1322,"ok",0.131190904136827,0.146811920639431
"VI","sum_15.7g","30-44","Women","All","Heavy",1323,688.977874558635,0.984378983497395,0.0132972906915554,0.00355371261392026,0.0078593883170518,0.0224126766733423,1322,"ok",0.0130895734942227,0.0287105899968272
"VI","sum_15.7g","71-76","Women","All","Occasional (frequency proxy)",405,241.353494994887,0.995236892191439,0.10620730428235,0.0218246383633742,0.0703027400066499,0.157345404199092,404,"ok",0.105701427441997,0.110464535250558
"VI","sum_15.7g","71-76","Women","All","Heavy",405,241.353494994887,0.995236892191439,0,0,,,404,"boundary_no_CI",0,0.00476310780856083
"VI","sum_15.7g","66-70","Men","All","Occasional (frequency proxy)",403,225.186875012387,0.974550532904734,0.142010939590481,0.020938908103958,0.105597148330698,0.188337417595004,402,"ok",0.138396836856205,0.163846303951471
"VI","sum_15.7g","66-70","Men","All","Heavy",403,225.186875012387,0.974550532904734,0.0332488806932515,0.0138322372118323,0.0145444219486835,0.0741966072113675,402,"ok",0.0324027143980942,0.0578521814933603
"VI","sum_15.7g","60-65","Men","All","Occasional (frequency proxy)",596,368.601361627884,0.970227675896447,0.133279032768497,0.0150454790484882,0.10639832795466,0.16569171233543,595,"ok",0.129311006208705,0.159083330312258
"VI","sum_15.7g","60-65","Men","All","Heavy",596,368.601361627884,0.970227675896447,0.0338765784054547,0.00722396098109617,0.0222251630962523,0.0513156117657079,595,"ok",0.0328679939336481,0.0626403180372007
"VI","sum_15.7g","18-29","Women","All","Occasional (frequency proxy)",3325,2824.23465194093,0.974840378725909,0.143049504909889,0.00652205268198237,0.130731687422115,0.156319222412173,3324,"ok",0.13945043354291,0.164610054817001
"VI","sum_15.7g","18-29","Women","All","Heavy",3325,2824.23465194093,0.974840378725909,0.0180340677383315,0.00289920326518054,0.0131475327415859,0.0246913368028572,3324,"ok",0.0175803374240037,0.0427399586980945
"VI","sum_15.7g","66-70","Women","All","Occasional (frequency proxy)",453,258.557260776481,0.992814702283036,0.065381557455808,0.0125500270120019,0.0446376328190947,0.0948088945054339,452,"ok",0.0649117715002892,0.0720970692172528
"VI","sum_15.7g","66-70","Women","All","Heavy",453,258.557260776481,0.992814702283036,0.00291204924375504,0.0021342941702523,0.000688340184598891,0.0122316050708621,452,"sparse_or_low_df",0.0028911253029722,0.0100764230199358
"VI","sum_15.7g","71-76","Men","All","Occasional (frequency proxy)",395,258.116310029652,0.968675702955015,0.0960819531827213,0.0202973006762378,0.0629142952218663,0.144047343208379,394,"ok",0.0930722535405633,0.124396550585549
"VI","sum_15.7g","71-76","Men","All","Heavy",395,258.116310029652,0.968675702955015,0.0108682437494039,0.00519587750535493,0.00423042115500011,0.0276322497347438,394,"ok",0.0105278036538403,0.0418521006988257
"VI","sum_15.7g","18-29","Men","All","Occasional (frequency proxy)",3083,2320.88282578072,0.960558304834308,0.155483954981244,0.00710358674651038,0.142058897182306,0.169926441768846,3082,"ok",0.149351404225717,0.188793099391409
"VI","sum_15.7g","18-29","Men","All","Heavy",3083,2320.88282578072,0.960558304834308,0.0511796586527628,0.00446743943486294,0.043096512416813,0.0606827305444547,3082,"ok",0.0491610461574963,0.0886027413231883
"VI","frequency_0.25","45-59","Men","All","Occasional (frequency proxy)",1708,872.066465629791,0.966407666042502,0.162095962792423,0.0115613010993182,0.140678149349288,0.186068513694483,1707,"ok",0.156650781077138,0.190243115034636
"VI","frequency_0.25","45-59","Men","All","Heavy",1708,872.066465629791,0.966407666042502,0.0266842094945127,0.00495437501486999,0.0185096679487302,0.0383279453842738,1707,"ok",0.0257878246177812,0.0593801585752787
"VI","frequency_0.25","45-59","Women","All","Occasional (frequency proxy)",2038,1197.13594485582,0.980372953652748,0.112155367536556,0.00860169687979256,0.0963617818113443,0.130164635910774,2037,"ok",0.109954088939823,0.129581135287075
"VI","frequency_0.25","45-59","Women","All","Heavy",2038,1197.13594485582,0.980372953652748,0.00404910747291932,0.00206064473660511,0.00149027400047683,0.0109533186639282,2037,"ok",0.00396963545288332,0.0235966818001357
"VI","frequency_0.25","60-65","Women","All","Occasional (frequency proxy)",650,430.041268959461,0.977278003116734,0.0983933501811078,0.0177543663091225,0.0686128790903195,0.139168244265229,649,"ok",0.0961576567849585,0.118879653668225
"VI","frequency_0.25","60-65","Women","All","Heavy",650,430.041268959461,0.977278003116734,0.00780217057607079,0.00629019301984465,0.00159216770137699,0.0373277621207021,649,"sparse_or_low_df",0.0076248896805586,0.030346886563825
"VI","frequency_0.25","77+","Women","All","Occasional (frequency proxy)",538,313.551235415494,0.992775206537,0.0825402125646746,0.0148457222204372,0.0576804576582915,0.116786415822981,537,"ok",0.0819438765765028,0.0891686700395025
"VI","frequency_0.25","77+","Women","All","Heavy",538,313.551235415494,0.992775206537,0,0,,,537,"boundary_no_CI",0,0.00722479346299974
"VI","frequency_0.25","30-44","Men","All","Occasional (frequency proxy)",1094,470.928976429371,0.95888644085967,0.160058889522314,0.0203450842854453,0.124039154505315,0.204101241646769,1093,"ok",0.153478298902003,0.194591858042333
"VI","frequency_0.25","30-44","Men","All","Heavy",1094,470.928976429371,0.95888644085967,0.0153183898610316,0.00355737651475434,0.00969869145140522,0.0241150091353624,1093,"ok",0.0146885963335454,0.0558021554738755
"VI","frequency_0.25","77+","Men","All","Occasional (frequency proxy)",433,249.54763334195,0.976976175399605,0.123629849615429,0.0208347578047881,0.0881484409905414,0.170719291602908,432,"ok",0.12078341764251,0.143807242242904
"VI","frequency_0.25","77+","Men","All","Heavy",433,249.54763334195,0.976976175399605,0.00349365280295829,0.00348854645714035,0.000488937852566815,0.024510704798085,432,"sparse_or_low_df",0.0034132155536083,0.0264370401540029
"VI","frequency_0.25","30-44","Women","All","Occasional (frequency proxy)",1323,688.977874558635,0.984378983497395,0.133272760122041,0.0120307978330182,0.111387207184543,0.158690500956092,1322,"ok",0.131190904136827,0.146811920639431
"VI","frequency_0.25","30-44","Women","All","Heavy",1323,688.977874558635,0.984378983497395,0.00818641012831507,0.00301801694126475,0.00396508410984361,0.0168259446356706,1322,"ok",0.00805853008060357,0.0236795465832081
"VI","frequency_0.25","71-76","Women","All","Occasional (frequency proxy)",405,241.353494994887,0.995236892191439,0.10620730428235,0.0218246383633742,0.0703027400066499,0.157345404199092,404,"ok",0.105701427441997,0.110464535250558
"VI","frequency_0.25","71-76","Women","All","Heavy",405,241.353494994887,0.995236892191439,0,0,,,404,"boundary_no_CI",0,0.00476310780856083
"VI","frequency_0.25","66-70","Men","All","Occasional (frequency proxy)",403,225.186875012387,0.974550532904734,0.142010939590481,0.020938908103958,0.105597148330698,0.188337417595004,402,"ok",0.138396836856205,0.163846303951471
"VI","frequency_0.25","66-70","Men","All","Heavy",403,225.186875012387,0.974550532904734,0.0182717012857111,0.0120449116123819,0.00494700959762232,0.0651368638221032,402,"ok",0.0178066962250659,0.043256163320332
"VI","frequency_0.25","60-65","Men","All","Occasional (frequency proxy)",596,368.601361627884,0.970227675896447,0.133279032768497,0.0150454790484882,0.10639832795466,0.16569171233543,595,"ok",0.129311006208705,0.159083330312258
"VI","frequency_0.25","60-65","Men","All","Heavy",596,368.601361627884,0.970227675896447,0.0264984383538924,0.00642861648308173,0.0164111604513169,0.042517938762567,595,"ok",0.0257095182589823,0.0554818423625349
"VI","frequency_0.25","18-29","Women","All","Occasional (frequency proxy)",3325,2824.23465194093,0.974840378725909,0.143049504909889,0.00652205268198237,0.130731687422115,0.156319222412173,3324,"ok",0.13945043354291,0.164610054817001
"VI","frequency_0.25","18-29","Women","All","Heavy",3325,2824.23465194093,0.974840378725909,0.0104922637432504,0.00196673936836728,0.00726072152224326,0.0151401393546191,3324,"ok",0.0102282823611624,0.0353879036352531
"VI","frequency_0.25","66-70","Women","All","Occasional (frequency proxy)",453,258.557260776481,0.992814702283036,0.065381557455808,0.0125500270120019,0.0446376328190947,0.0948088945054339,452,"ok",0.0649117715002892,0.0720970692172528
"VI","frequency_0.25","66-70","Women","All","Heavy",453,258.557260776481,0.992814702283036,0.00106320088749287,0.00106415758800361,0.000148541805044253,0.00756732659540595,452,"sparse_or_low_df",0.00105556147258329,0.00824085918954684
"VI","frequency_0.25","71-76","Men","All","Occasional (frequency proxy)",395,258.116310029652,0.968675702955015,0.0960819531827213,0.0202973006762378,0.0629142952218663,0.144047343208379,394,"ok",0.0930722535405633,0.124396550585549
"VI","frequency_0.25","71-76","Men","All","Heavy",395,258.116310029652,0.968675702955015,0.00746353776854364,0.00460715551076438,0.00220911654021783,0.0249037596150738,394,"sparse_or_low_df",0.00722974769447531,0.0385540447394608
"VI","frequency_0.25","18-29","Men","All","Occasional (frequency proxy)",3083,2320.88282578072,0.960558304834308,0.155483954981244,0.00710358674651038,0.142058897182306,0.169926441768846,3082,"ok",0.149351404225717,0.188793099391409
"VI","frequency_0.25","18-29","Men","All","Heavy",3083,2320.88282578072,0.960558304834308,0.0319665548013402,0.00356628294994857,0.0256670468434983,0.0397490869761436,3082,"ok",0.0307057396913683,0.0701474348570603
"VI","frequency_0.75","45-59","Men","All","Occasional (frequency proxy)",1708,872.066465629791,0.966407666042502,0.162095962792423,0.0115613010993182,0.140678149349288,0.186068513694483,1707,"ok",0.156650781077138,0.190243115034636
"VI","frequency_0.75","45-59","Men","All","Heavy",1708,872.066465629791,0.966407666042502,0.0269574778194517,0.00496181371549964,0.0187584015961829,0.0385993001085717,1707,"ok",0.0260519132218889,0.0596442471793864
"VI","frequency_0.75","45-59","Women","All","Occasional (frequency proxy)",2038,1197.13594485582,0.980372953652748,0.112155367536556,0.00860169687979256,0.0963617818113443,0.130164635910774,2037,"ok",0.109954088939823,0.129581135287075
"VI","frequency_0.75","45-59","Women","All","Heavy",2038,1197.13594485582,0.980372953652748,0.00404910747291932,0.00206064473660511,0.00149027400047683,0.0109533186639282,2037,"ok",0.00396963545288332,0.0235966818001357
"VI","frequency_0.75","60-65","Women","All","Occasional (frequency proxy)",650,430.041268959461,0.977278003116734,0.0983933501811078,0.0177543663091225,0.0686128790903195,0.139168244265229,649,"ok",0.0961576567849585,0.118879653668225
"VI","frequency_0.75","60-65","Women","All","Heavy",650,430.041268959461,0.977278003116734,0.00780217057607079,0.00629019301984465,0.00159216770137699,0.0373277621207021,649,"sparse_or_low_df",0.0076248896805586,0.030346886563825
"VI","frequency_0.75","77+","Women","All","Occasional (frequency proxy)",538,313.551235415494,0.992775206537,0.0825402125646746,0.0148457222204372,0.0576804576582915,0.116786415822981,537,"ok",0.0819438765765028,0.0891686700395025
"VI","frequency_0.75","77+","Women","All","Heavy",538,313.551235415494,0.992775206537,0,0,,,537,"boundary_no_CI",0,0.00722479346299974
"VI","frequency_0.75","30-44","Men","All","Occasional (frequency proxy)",1094,470.928976429371,0.95888644085967,0.160058889522314,0.0203450842854453,0.124039154505315,0.204101241646769,1093,"ok",0.153478298902003,0.194591858042333
"VI","frequency_0.75","30-44","Men","All","Heavy",1094,470.928976429371,0.95888644085967,0.0153183898610316,0.00355737651475434,0.00969869145140522,0.0241150091353624,1093,"ok",0.0146885963335454,0.0558021554738755
"VI","frequency_0.75","77+","Men","All","Occasional (frequency proxy)",433,249.54763334195,0.976976175399605,0.123629849615429,0.0208347578047881,0.0881484409905414,0.170719291602908,432,"ok",0.12078341764251,0.143807242242904
"VI","frequency_0.75","77+","Men","All","Heavy",433,249.54763334195,0.976976175399605,0.00349365280295829,0.00348854645714035,0.000488937852566815,0.024510704798085,432,"sparse_or_low_df",0.0034132155536083,0.0264370401540029
"VI","frequency_0.75","30-44","Women","All","Occasional (frequency proxy)",1323,688.977874558635,0.984378983497395,0.133272760122041,0.0120307978330182,0.111387207184543,0.158690500956092,1322,"ok",0.131190904136827,0.146811920639431
"VI","frequency_0.75","30-44","Women","All","Heavy",1323,688.977874558635,0.984378983497395,0.00818641012831507,0.00301801694126475,0.00396508410984361,0.0168259446356706,1322,"ok",0.00805853008060357,0.0236795465832081
"VI","frequency_0.75","71-76","Women","All","Occasional (frequency proxy)",405,241.353494994887,0.995236892191439,0.10620730428235,0.0218246383633742,0.0703027400066499,0.157345404199092,404,"ok",0.105701427441997,0.110464535250558
"VI","frequency_0.75","71-76","Women","All","Heavy",405,241.353494994887,0.995236892191439,0,0,,,404,"boundary_no_CI",0,0.00476310780856083
"VI","frequency_0.75","66-70","Men","All","Occasional (frequency proxy)",403,225.186875012387,0.974550532904734,0.142010939590481,0.020938908103958,0.105597148330698,0.188337417595004,402,"ok",0.138396836856205,0.163846303951471
"VI","frequency_0.75","66-70","Men","All","Heavy",403,225.186875012387,0.974550532904734,0.0182717012857111,0.0120449116123819,0.00494700959762232,0.0651368638221032,402,"ok",0.0178066962250659,0.043256163320332
"VI","frequency_0.75","60-65","Men","All","Occasional (frequency proxy)",596,368.601361627884,0.970227675896447,0.133279032768497,0.0150454790484882,0.10639832795466,0.16569171233543,595,"ok",0.129311006208705,0.159083330312258
"VI","frequency_0.75","60-65","Men","All","Heavy",596,368.601361627884,0.970227675896447,0.0264984383538924,0.00642861648308173,0.0164111604513169,0.042517938762567,595,"ok",0.0257095182589823,0.0554818423625349
"VI","frequency_0.75","18-29","Women","All","Occasional (frequency proxy)",3325,2824.23465194093,0.974840378725909,0.143049504909889,0.00652205268198237,0.130731687422115,0.156319222412173,3324,"ok",0.13945043354291,0.164610054817001
"VI","frequency_0.75","18-29","Women","All","Heavy",3325,2824.23465194093,0.974840378725909,0.0104922637432504,0.00196673936836728,0.00726072152224326,0.0151401393546191,3324,"ok",0.0102282823611624,0.0353879036352531
"VI","frequency_0.75","66-70","Women","All","Occasional (frequency proxy)",453,258.557260776481,0.992814702283036,0.065381557455808,0.0125500270120019,0.0446376328190947,0.0948088945054339,452,"ok",0.0649117715002892,0.0720970692172528
"VI","frequency_0.75","66-70","Women","All","Heavy",453,258.557260776481,0.992814702283036,0.00106320088749287,0.00106415758800361,0.000148541805044253,0.00756732659540595,452,"sparse_or_low_df",0.00105556147258329,0.00824085918954684
"VI","frequency_0.75","71-76","Men","All","Occasional (frequency proxy)",395,258.116310029652,0.968675702955015,0.0960819531827213,0.0202973006762378,0.0629142952218663,0.144047343208379,394,"ok",0.0930722535405633,0.124396550585549
"VI","frequency_0.75","71-76","Men","All","Heavy",395,258.116310029652,0.968675702955015,0.00746353776854364,0.00460715551076438,0.00220911654021783,0.0249037596150738,394,"sparse_or_low_df",0.00722974769447531,0.0385540447394608
"VI","frequency_0.75","18-29","Men","All","Occasional (frequency proxy)",3083,2320.88282578072,0.960558304834308,0.155483954981244,0.00710358674651038,0.142058897182306,0.169926441768846,3082,"ok",0.149351404225717,0.188793099391409
"VI","frequency_0.75","18-29","Men","All","Heavy",3083,2320.88282578072,0.960558304834308,0.0326346447002467,0.00359556760382666,0.026274867164667,0.040469814199297,3082,"ok",0.0313474789921389,0.0707891741578309
"VI","Calvo_max_complete","45-59","Men","All","Occasional (frequency proxy)",1708,872.066465629791,0.966407666042502,0.162095962792423,0.0115613010993182,0.140678149349288,0.186068513694483,1707,"ok",0.156650781077138,0.190243115034636
"VI","Calvo_max_complete","45-59","Men","All","Heavy",1708,872.066465629791,0.966407666042502,0.0150400705524901,0.00401413613890158,0.00889479665586567,0.0253225406111592,1707,"ok",0.0145348394797465,0.0481271734372441
"VI","Calvo_max_complete","45-59","Women","All","Occasional (frequency proxy)",2038,1197.13594485582,0.980372953652748,0.112155367536556,0.00860169687979256,0.0963617818113443,0.130164635910774,2037,"ok",0.109954088939823,0.129581135287075
"VI","Calvo_max_complete","45-59","Women","All","Heavy",2038,1197.13594485582,0.980372953652748,0.00337518066206732,0.00194850975461766,0.00108625751867699,0.0104368480151844,2037,"sparse_or_low_df",0.00330893583478257,0.022935982182035
"VI","Calvo_max_complete","60-65","Women","All","Occasional (frequency proxy)",650,430.041268959461,0.977278003116734,0.0983933501811078,0.0177543663091225,0.0686128790903195,0.139168244265229,649,"ok",0.0961576567849585,0.118879653668225
"VI","Calvo_max_complete","60-65","Women","All","Heavy",650,430.041268959461,0.977278003116734,0.00780217057607079,0.00629019301984465,0.00159216770137699,0.0373277621207021,649,"sparse_or_low_df",0.0076248896805586,0.030346886563825
"VI","Calvo_max_complete","77+","Women","All","Occasional (frequency proxy)",538,313.551235415494,0.992775206537,0.0825402125646746,0.0148457222204372,0.0576804576582915,0.116786415822981,537,"ok",0.0819438765765028,0.0891686700395025
"VI","Calvo_max_complete","77+","Women","All","Heavy",538,313.551235415494,0.992775206537,0,0,,,537,"boundary_no_CI",0,0.00722479346299974
"VI","Calvo_max_complete","30-44","Men","All","Occasional (frequency proxy)",1094,470.928976429371,0.95888644085967,0.160058889522314,0.0203450842854453,0.124039154505315,0.204101241646769,1093,"ok",0.153478298902003,0.194591858042333
"VI","Calvo_max_complete","30-44","Men","All","Heavy",1094,470.928976429371,0.95888644085967,0.00878926331059035,0.00265377021550566,0.00485401286324199,0.0158640447983968,1093,"ok",0.00842790541367047,0.0495414645540005
"VI","Calvo_max_complete","77+","Men","All","Occasional (frequency proxy)",433,249.54763334195,0.976976175399605,0.123629849615429,0.0208347578047881,0.0881484409905414,0.170719291602908,432,"ok",0.12078341764251,0.143807242242904
"VI","Calvo_max_complete","77+","Men","All","Heavy",433,249.54763334195,0.976976175399605,0,0,,,432,"boundary_no_CI",0,0.0230238246003946
"VI","Calvo_max_complete","30-44","Women","All","Occasional (frequency proxy)",1323,688.977874558635,0.984378983497395,0.133272760122041,0.0120307978330182,0.111387207184543,0.158690500956092,1322,"ok",0.131190904136827,0.146811920639431
"VI","Calvo_max_complete","30-44","Women","All","Heavy",1323,688.977874558635,0.984378983497395,0.00169194155488104,0.00103645994381,0.000508280373971421,0.005616571582659,1322,"sparse_or_low_df",0.0016655117079308,0.0172865282105353
"VI","Calvo_max_complete","71-76","Women","All","Occasional (frequency proxy)",405,241.353494994887,0.995236892191439,0.10620730428235,0.0218246383633742,0.0703027400066499,0.157345404199092,404,"ok",0.105701427441997,0.110464535250558
"VI","Calvo_max_complete","71-76","Women","All","Heavy",405,241.353494994887,0.995236892191439,0,0,,,404,"boundary_no_CI",0,0.00476310780856083
"VI","Calvo_max_complete","66-70","Men","All","Occasional (frequency proxy)",403,225.186875012387,0.974550532904734,0.142010939590481,0.020938908103958,0.105597148330698,0.188337417595004,402,"ok",0.138396836856205,0.163846303951471
"VI","Calvo_max_complete","66-70","Men","All","Heavy",403,225.186875012387,0.974550532904734,0.0131428925787932,0.0117127874211683,0.00225140317540346,0.0728751471160078,402,"sparse_or_low_df",0.0128084129665726,0.0382578800618387
"VI","Calvo_max_complete","60-65","Men","All","Occasional (frequency proxy)",596,368.601361627884,0.970227675896447,0.133279032768497,0.0150454790484882,0.10639832795466,0.16569171233543,595,"ok",0.129311006208705,0.159083330312258
"VI","Calvo_max_complete","60-65","Men","All","Heavy",596,368.601361627884,0.970227675896447,0.0186596759092806,0.00515817359280234,0.0108167569976921,0.0320052755971702,595,"ok",0.0181041339904422,0.0478764580939948
"VI","Calvo_max_complete","18-29","Women","All","Occasional (frequency proxy)",3325,2824.23465194093,0.974840378725909,0.143049504909889,0.00652205268198237,0.130731687422115,0.156319222412173,3324,"ok",0.13945043354291,0.164610054817001
"VI","Calvo_max_complete","18-29","Women","All","Heavy",3325,2824.23465194093,0.974840378725909,0.00482498304905083,0.00149426655779896,0.00262704573557258,0.00884553185453501,3324,"ok",0.0047035883028828,0.0298632095769736
"VI","Calvo_max_complete","66-70","Women","All","Occasional (frequency proxy)",453,258.557260776481,0.992814702283036,0.065381557455808,0.0125500270120019,0.0446376328190947,0.0948088945054339,452,"ok",0.0649117715002892,0.0720970692172528
"VI","Calvo_max_complete","66-70","Women","All","Heavy",453,258.557260776481,0.992814702283036,0,0,,,452,"boundary_no_CI",0,0.00718529771696355
"VI","Calvo_max_complete","71-76","Men","All","Occasional (frequency proxy)",395,258.116310029652,0.968675702955015,0.0960819531827213,0.0202973006762378,0.0629142952218663,0.144047343208379,394,"ok",0.0930722535405633,0.124396550585549
"VI","Calvo_max_complete","71-76","Men","All","Heavy",395,258.116310029652,0.968675702955015,0.00746353776854364,0.00460715551076438,0.00220911654021783,0.0249037596150738,394,"sparse_or_low_df",0.00722974769447531,0.0385540447394608
"VI","Calvo_max_complete","18-29","Men","All","Occasional (frequency proxy)",3083,2320.88282578072,0.960558304834308,0.155483954981244,0.00710358674651038,0.142058897182306,0.169926441768846,3082,"ok",0.149351404225717,0.188793099391409
"VI","Calvo_max_complete","18-29","Men","All","Heavy",3083,2320.88282578072,0.960558304834308,0.0157732087100537,0.00260406232171012,0.0114027028850724,0.0217819627740147,3082,"ok",0.0151510866203269,0.0545927817860189
"VI","quantity_cap15","45-59","Men","All","Occasional (frequency proxy)",1708,872.066465629791,0.966407666042502,0.162095962792423,0.0115613010993182,0.140678149349288,0.186068513694483,1707,"ok",0.156650781077138,0.190243115034636
"VI","quantity_cap15","45-59","Men","All","Heavy",1708,872.066465629791,0.966407666042502,0.0266842094945127,0.00495437501486999,0.0185096679487302,0.0383279453842738,1707,"ok",0.0257878246177812,0.0593801585752787
"VI","quantity_cap15","45-59","Women","All","Occasional (frequency proxy)",2038,1197.13594485582,0.980372953652748,0.112155367536556,0.00860169687979256,0.0963617818113443,0.130164635910774,2037,"ok",0.109954088939823,0.129581135287075
"VI","quantity_cap15","45-59","Women","All","Heavy",2038,1197.13594485582,0.980372953652748,0.00404910747291932,0.00206064473660511,0.00149027400047683,0.0109533186639282,2037,"ok",0.00396963545288332,0.0235966818001357
"VI","quantity_cap15","60-65","Women","All","Occasional (frequency proxy)",650,430.041268959461,0.977278003116734,0.0983933501811078,0.0177543663091225,0.0686128790903195,0.139168244265229,649,"ok",0.0961576567849585,0.118879653668225
"VI","quantity_cap15","60-65","Women","All","Heavy",650,430.041268959461,0.977278003116734,0.00780217057607079,0.00629019301984465,0.00159216770137699,0.0373277621207021,649,"sparse_or_low_df",0.0076248896805586,0.030346886563825
"VI","quantity_cap15","77+","Women","All","Occasional (frequency proxy)",538,313.551235415494,0.992775206537,0.0825402125646746,0.0148457222204372,0.0576804576582915,0.116786415822981,537,"ok",0.0819438765765028,0.0891686700395025
"VI","quantity_cap15","77+","Women","All","Heavy",538,313.551235415494,0.992775206537,0,0,,,537,"boundary_no_CI",0,0.00722479346299974
"VI","quantity_cap15","30-44","Men","All","Occasional (frequency proxy)",1094,470.928976429371,0.95888644085967,0.160058889522314,0.0203450842854453,0.124039154505315,0.204101241646769,1093,"ok",0.153478298902003,0.194591858042333
"VI","quantity_cap15","30-44","Men","All","Heavy",1094,470.928976429371,0.95888644085967,0.0153183898610316,0.00355737651475434,0.00969869145140522,0.0241150091353624,1093,"ok",0.0146885963335454,0.0558021554738755
"VI","quantity_cap15","77+","Men","All","Occasional (frequency proxy)",433,249.54763334195,0.976976175399605,0.123629849615429,0.0208347578047881,0.0881484409905414,0.170719291602908,432,"ok",0.12078341764251,0.143807242242904
"VI","quantity_cap15","77+","Men","All","Heavy",433,249.54763334195,0.976976175399605,0.00349365280295829,0.00348854645714035,0.000488937852566815,0.024510704798085,432,"sparse_or_low_df",0.0034132155536083,0.0264370401540029
"VI","quantity_cap15","30-44","Women","All","Occasional (frequency proxy)",1323,688.977874558635,0.984378983497395,0.133272760122041,0.0120307978330182,0.111387207184543,0.158690500956092,1322,"ok",0.131190904136827,0.146811920639431
"VI","quantity_cap15","30-44","Women","All","Heavy",1323,688.977874558635,0.984378983497395,0.00818641012831507,0.00301801694126475,0.00396508410984361,0.0168259446356706,1322,"ok",0.00805853008060357,0.0236795465832081
"VI","quantity_cap15","71-76","Women","All","Occasional (frequency proxy)",405,241.353494994887,0.995236892191439,0.10620730428235,0.0218246383633742,0.0703027400066499,0.157345404199092,404,"ok",0.105701427441997,0.110464535250558
"VI","quantity_cap15","71-76","Women","All","Heavy",405,241.353494994887,0.995236892191439,0,0,,,404,"boundary_no_CI",0,0.00476310780856083
"VI","quantity_cap15","66-70","Men","All","Occasional (frequency proxy)",403,225.186875012387,0.974550532904734,0.142010939590481,0.020938908103958,0.105597148330698,0.188337417595004,402,"ok",0.138396836856205,0.163846303951471
"VI","quantity_cap15","66-70","Men","All","Heavy",403,225.186875012387,0.974550532904734,0.0182717012857111,0.0120449116123819,0.00494700959762232,0.0651368638221032,402,"ok",0.0178066962250659,0.043256163320332
"VI","quantity_cap15","60-65","Men","All","Occasional (frequency proxy)",596,368.601361627884,0.970227675896447,0.133279032768497,0.0150454790484882,0.10639832795466,0.16569171233543,595,"ok",0.129311006208705,0.159083330312258
"VI","quantity_cap15","60-65","Men","All","Heavy",596,368.601361627884,0.970227675896447,0.0264984383538924,0.00642861648308173,0.0164111604513169,0.042517938762567,595,"ok",0.0257095182589823,0.0554818423625349
"VI","quantity_cap15","18-29","Women","All","Occasional (frequency proxy)",3325,2824.23465194093,0.974840378725909,0.143049504909889,0.00652205268198237,0.130731687422115,0.156319222412173,3324,"ok",0.13945043354291,0.164610054817001
"VI","quantity_cap15","18-29","Women","All","Heavy",3325,2824.23465194093,0.974840378725909,0.0104922637432504,0.00196673936836728,0.00726072152224326,0.0151401393546191,3324,"ok",0.0102282823611624,0.0353879036352531
"VI","quantity_cap15","66-70","Women","All","Occasional (frequency proxy)",453,258.557260776481,0.992814702283036,0.065381557455808,0.0125500270120019,0.0446376328190947,0.0948088945054339,452,"ok",0.0649117715002892,0.0720970692172528
"VI","quantity_cap15","66-70","Women","All","Heavy",453,258.557260776481,0.992814702283036,0.00106320088749287,0.00106415758800361,0.000148541805044253,0.00756732659540595,452,"sparse_or_low_df",0.00105556147258329,0.00824085918954684
"VI","quantity_cap15","71-76","Men","All","Occasional (frequency proxy)",395,258.116310029652,0.968675702955015,0.0960819531827213,0.0202973006762378,0.0629142952218663,0.144047343208379,394,"ok",0.0930722535405633,0.124396550585549
"VI","quantity_cap15","71-76","Men","All","Heavy",395,258.116310029652,0.968675702955015,0.00746353776854364,0.00460715551076438,0.00220911654021783,0.0249037596150738,394,"sparse_or_low_df",0.00722974769447531,0.0385540447394608
"VI","quantity_cap15","18-29","Men","All","Occasional (frequency proxy)",3083,2320.88282578072,0.960558304834308,0.155483954981244,0.00710358674651038,0.142058897182306,0.169926441768846,3082,"ok",0.149351404225717,0.188793099391409
"VI","quantity_cap15","18-29","Men","All","Heavy",3083,2320.88282578072,0.960558304834308,0.0326346447002467,0.00359556760382666,0.026274867164667,0.040469814199297,3082,"ok",0.0313474789921389,0.0707891741578309
"VII_presencial","base_sum_12g","60-65","Women","All","Occasional (frequency proxy)",485,294.666139994612,0.986491709974776,0.0840759246195942,0.0148931967892867,0.0587541732635013,0.118931856378018,71,"ok",0.0829402026456939,0.096448492670918
"VII_presencial","base_sum_12g","60-65","Women","All","Heavy",485,294.666139994612,0.986491709974776,0,0,,,71,"boundary_no_CI",0,0.0135082900252241
"VII_presencial","base_sum_12g","66-70","Women","All","Occasional (frequency proxy)",306,200.994424029097,0.945734434211744,0.103747910866167,0.0304220405191385,0.0567485300608943,0.182155390597978,60,"ok",0.0981179717836646,0.15238353757192
"VII_presencial","base_sum_12g","66-70","Women","All","Heavy",306,200.994424029097,0.945734434211744,0.00204383771782399,0.00204663600666729,0.000275122528822506,0.0150125658490587,60,"sparse_or_low_df",0.00193292770768689,0.0561984934959425
"VII_presencial","base_sum_12g","66-70","Men","All","Occasional (frequency proxy)",245,143.753853646866,0.949557965638044,0.135527262963565,0.0329473212426779,0.0820423999406871,0.215687172101479,63,"ok",0.128690992108175,0.17913302647013
"VII_presencial","base_sum_12g","66-70","Men","All","Heavy",245,143.753853646866,0.949557965638044,0.00861515472825425,0.00704907449772924,0.00166732337359011,0.0432604266014586,63,"sparse_or_low_df",0.00818058879741808,0.0586226231593737
"VII_presencial","base_sum_12g","60-65","Men","All","Occasional (frequency proxy)",343,213.397002388397,0.921165086992429,0.14309586946785,0.0325145442256212,0.0895041945325134,0.220987896979683,63,"ok",0.131814919046609,0.21064983205418
"VII_presencial","base_sum_12g","60-65","Men","All","Heavy",343,213.397002388397,0.921165086992429,0.00868657622386193,0.00419202669471389,0.00330148791704519,0.0226556741204809,63,"ok",0.00800177074292015,0.0868366837504907
"VII_presencial","base_sum_12g","45-59","Men","All","Occasional (frequency proxy)",853,498.126226754552,0.926939957834905,0.117004919154325,0.0217618897358672,0.0800680504614214,0.167871997642461,68,"ok",0.108456534827387,0.181516576992482
"VII_presencial","base_sum_12g","45-59","Men","All","Heavy",853,498.126226754552,0.926939957834905,0.0125929521773694,0.00406965080174877,0.00659358249779369,0.0239195924110358,68,"ok",0.0116729105603077,0.0847329527254031
"VII_presencial","base_sum_12g","71-76","Women","All","Occasional (frequency proxy)",287,151.696379093288,0.953745190666668,0.0544046994328735,0.0139640060973397,0.0323698982455846,0.0900432208136522,64,"ok",0.0518882204337687,0.0981430297671004
"VII_presencial","base_sum_12g","71-76","Women","All","Heavy",287,151.696379093288,0.953745190666668,0,0,,,64,"boundary_no_CI",0,0.0462548093333317
"VII_presencial","base_sum_12g","77+","Men","All","Occasional (frequency proxy)",236,124.406419938881,0.978317479828131,0.0826066033618176,0.021179800763447,0.0489716393712544,0.136038416483578,61,"ok",0.0808154840180954,0.102498004189965
"VII_presencial","base_sum_12g","77+","Men","All","Heavy",236,124.406419938881,0.978317479828131,0.00689494701271848,0.00409590824199604,0.00209488195239213,0.022446150361467,61,"sparse_or_low_df",0.00674544718503124,0.0284279673569005
"VII_presencial","base_sum_12g","77+","Women","All","Occasional (frequency proxy)",323,180.703976048707,0.995459538567911,0.0663047710700437,0.0180218200208308,0.0381829175525419,0.112711334244152,64,"ok",0.0660037168142367,0.0705441782463259
"VII_presencial","base_sum_12g","77+","Women","All","Heavy",323,180.703976048707,0.995459538567911,0,0,,,64,"boundary_no_CI",0,0.00454046143208914
"VII_presencial","base_sum_12g","45-59","Women","All","Occasional (frequency proxy)",1255,645.837207917983,0.966784470835565,0.103280029395084,0.0116275965934157,0.0822984154457955,0.128859704975128,73,"ok",0.0998495285666082,0.133065057731043
"VII_presencial","base_sum_12g","45-59","Women","All","Heavy",1255,645.837207917983,0.966784470835565,0.00466172598240712,0.00214944379874501,0.00185699235286782,0.011653170531517,73,"ok",0.00450688428708188,0.0377224134515168
"VII_presencial","base_sum_12g","71-76","Men","All","Occasional (frequency proxy)",255,159.386304584351,0.964350365332047,0.129626914164723,0.022817508002797,0.0904186404293466,0.182427158811231,62,"ok",0.125005762031616,0.160655396699569
"VII_presencial","base_sum_12g","71-76","Men","All","Heavy",255,159.386304584351,0.964350365332047,0.0105331506752291,0.00879513210879368,0.00196648510307872,0.0543854477681466,62,"sparse_or_low_df",0.0101576477017547,0.0458072823697074
"VII_presencial","base_sum_12g","30-44","Men","All","Occasional (frequency proxy)",579,221.757197197221,0.894011065940603,0.0925285049576922,0.018559456195292,0.0615854469030654,0.136752988638168,72,"ok",0.0827215073471168,0.188710441406514
"VII_presencial","base_sum_12g","30-44","Men","All","Heavy",579,221.757197197221,0.894011065940603,0.0245010293784922,0.00658114943602954,0.0142993144474357,0.0416733523250133,72,"ok",0.0219041913913079,0.127893125450705
"VII_presencial","base_sum_12g","30-44","Women","All","Occasional (frequency proxy)",784,341.829142818327,0.934472274428273,0.0873107725427798,0.0147415987872068,0.0620482670849377,0.121526087264887,71,"ok",0.0815894962001411,0.147117221771869
"VII_presencial","base_sum_12g","30-44","Women","All","Heavy",784,341.829142818327,0.934472274428273,0.00362912248982148,0.00209765555503476,0.00114427593191705,0.011448080798915,71,"sparse_or_low_df",0.00339131434724228,0.0689190399189698
"VII_presencial","base_sum_12g","18-29","Women","All","Occasional (frequency proxy)",819,664.024714376793,0.933001748853834,0.130308114417597,0.0128431150434875,0.106761059692305,0.158129270318274,70,"ok",0.121577698641463,0.18857594978763
"VII_presencial","base_sum_12g","18-29","Women","All","Heavy",819,664.024714376793,0.933001748853834,0.02897808518512,0.00723393282571298,0.0175577195429985,0.0474678838426276,70,"ok",0.0270366041561523,0.0940348553023186
"VII_presencial","base_sum_12g","18-29","Men","All","Occasional (frequency proxy)",635,522.464609554604,0.915950151264813,0.0923397098930155,0.012647177922221,0.0700118716736753,0.120862815406505,68,"ok",0.0845785712442566,0.168628419979443
"VII_presencial","base_sum_12g","18-29","Men","All","Heavy",635,522.464609554604,0.915950151264813,0.0497397172730641,0.010356249014093,0.0326993635164533,0.0749719082751015,68,"ok",0.0455591015601321,0.129608950295319
"VII_presencial","sum_10g","60-65","Women","All","Occasional (frequency proxy)",485,294.666139994612,0.986491709974776,0.0840759246195942,0.0148931967892867,0.0587541732635013,0.118931856378018,71,"ok",0.0829402026456939,0.096448492670918
"VII_presencial","sum_10g","60-65","Women","All","Heavy",485,294.666139994612,0.986491709974776,0,0,,,71,"boundary_no_CI",0,0.0135082900252241
"VII_presencial","sum_10g","66-70","Women","All","Occasional (frequency proxy)",306,200.994424029097,0.945734434211744,0.103747910866167,0.0304220405191385,0.0567485300608943,0.182155390597978,60,"ok",0.0981179717836646,0.15238353757192
"VII_presencial","sum_10g","66-70","Women","All","Heavy",306,200.994424029097,0.945734434211744,0.00204383771782399,0.00204663600666729,0.000275122528822506,0.0150125658490587,60,"sparse_or_low_df",0.00193292770768689,0.0561984934959425
"VII_presencial","sum_10g","66-70","Men","All","Occasional (frequency proxy)",245,143.753853646866,0.949557965638044,0.135527262963565,0.0329473212426779,0.0820423999406871,0.215687172101479,63,"ok",0.128690992108175,0.17913302647013
"VII_presencial","sum_10g","66-70","Men","All","Heavy",245,143.753853646866,0.949557965638044,0.00674460369340023,0.00677761543223513,0.000898394435393614,0.0487770925332963,63,"sparse_or_low_df",0.00640439216213997,0.0568464265240956
"VII_presencial","sum_10g","60-65","Men","All","Occasional (frequency proxy)",343,213.397002388397,0.921165086992429,0.14309586946785,0.0325145442256212,0.0895041945325134,0.220987896979683,63,"ok",0.131814919046609,0.21064983205418
"VII_presencial","sum_10g","60-65","Men","All","Heavy",343,213.397002388397,0.921165086992429,0.00171427470358803,0.00169639449889945,0.000236827250337961,0.0122954276219278,63,"sparse_or_low_df",0.00157913000645959,0.0804140430140301
"VII_presencial","sum_10g","45-59","Men","All","Occasional (frequency proxy)",853,498.126226754552,0.926939957834905,0.117004919154325,0.0217618897358672,0.0800680504614214,0.167871997642461,68,"ok",0.108456534827387,0.181516576992482
"VII_presencial","sum_10g","45-59","Men","All","Heavy",853,498.126226754552,0.926939957834905,0.00948601370757724,0.00370867801047749,0.00433784221617707,0.0206175398819321,68,"ok",0.00879296514612297,0.0818530073112183
"VII_presencial","sum_10g","71-76","Women","All","Occasional (frequency proxy)",287,151.696379093288,0.953745190666668,0.0544046994328735,0.0139640060973397,0.0323698982455846,0.0900432208136522,64,"ok",0.0518882204337687,0.0981430297671004
"VII_presencial","sum_10g","71-76","Women","All","Heavy",287,151.696379093288,0.953745190666668,0,0,,,64,"boundary_no_CI",0,0.0462548093333317
"VII_presencial","sum_10g","77+","Men","All","Occasional (frequency proxy)",236,124.406419938881,0.978317479828131,0.0826066033618176,0.021179800763447,0.0489716393712544,0.136038416483578,61,"ok",0.0808154840180954,0.102498004189965
"VII_presencial","sum_10g","77+","Men","All","Heavy",236,124.406419938881,0.978317479828131,0.0023158769766516,0.00230667994221838,0.000315210709988314,0.0168015045038317,61,"sparse_or_low_df",0.00226566292738978,0.0239481830992591
"VII_presencial","sum_10g","77+","Women","All","Occasional (frequency proxy)",323,180.703976048707,0.995459538567911,0.0663047710700437,0.0180218200208308,0.0381829175525419,0.112711334244152,64,"ok",0.0660037168142367,0.0705441782463259
"VII_presencial","sum_10g","77+","Women","All","Heavy",323,180.703976048707,0.995459538567911,0,0,,,64,"boundary_no_CI",0,0.00454046143208914
"VII_presencial","sum_10g","45-59","Women","All","Occasional (frequency proxy)",1255,645.837207917983,0.966784470835565,0.103280029395084,0.0116275965934157,0.0822984154457955,0.128859704975128,73,"ok",0.0998495285666082,0.133065057731043
"VII_presencial","sum_10g","45-59","Women","All","Heavy",1255,645.837207917983,0.966784470835565,0.00466172598240712,0.00214944379874501,0.00185699235286782,0.011653170531517,73,"ok",0.00450688428708188,0.0377224134515168
"VII_presencial","sum_10g","71-76","Men","All","Occasional (frequency proxy)",255,159.386304584351,0.964350365332047,0.129626914164723,0.022817508002797,0.0904186404293466,0.182427158811231,62,"ok",0.125005762031616,0.160655396699569
"VII_presencial","sum_10g","71-76","Men","All","Heavy",255,159.386304584351,0.964350365332047,0.00181920573294816,0.00184098845326176,0.000240120885988266,0.0136409932731386,62,"sparse_or_low_df",0.00175435171318271,0.0374039863811354
"VII_presencial","sum_10g","30-44","Men","All","Occasional (frequency proxy)",579,221.757197197221,0.894011065940603,0.0925285049576922,0.018559456195292,0.0615854469030654,0.136752988638168,72,"ok",0.0827215073471168,0.188710441406514
"VII_presencial","sum_10g","30-44","Men","All","Heavy",579,221.757197197221,0.894011065940603,0.0134591364098992,0.00480278353062716,0.0065899178931219,0.0272919949039806,72,"ok",0.012032616888454,0.118021550947851
"VII_presencial","sum_10g","30-44","Women","All","Occasional (frequency proxy)",784,341.829142818327,0.934472274428273,0.0873107725427798,0.0147415987872068,0.0620482670849377,0.121526087264887,71,"ok",0.0815894962001411,0.147117221771869
"VII_presencial","sum_10g","30-44","Women","All","Heavy",784,341.829142818327,0.934472274428273,0.000882744654211849,0.000878349157450301,0.000121271288287557,0.00639499752659908,71,"sparse_or_low_df",0.000824900404760745,0.0663526259764882
"VII_presencial","sum_10g","18-29","Women","All","Occasional (frequency proxy)",819,664.024714376793,0.933001748853834,0.130308114417597,0.0128431150434875,0.106761059692305,0.158129270318274,70,"ok",0.121577698641463,0.18857594978763
"VII_presencial","sum_10g","18-29","Women","All","Heavy",819,664.024714376793,0.933001748853834,0.0188578149879876,0.00602141874452953,0.00994326876603316,0.0354782170122671,70,"ok",0.0175943743633544,0.0845926255095207
"VII_presencial","sum_10g","18-29","Men","All","Occasional (frequency proxy)",635,522.464609554604,0.915950151264813,0.0923397098930155,0.012647177922221,0.0700118716736753,0.120862815406505,68,"ok",0.0845785712442566,0.168628419979443
"VII_presencial","sum_10g","18-29","Men","All","Heavy",635,522.464609554604,0.915950151264813,0.0372915937192431,0.0091766658216722,0.0227306947272618,0.0606015520986218,68,"ok",0.0341572409080467,0.118207089643233
"VII_presencial","sum_15.7g","60-65","Women","All","Occasional (frequency proxy)",485,294.666139994612,0.986491709974776,0.0840759246195942,0.0148931967892867,0.0587541732635013,0.118931856378018,71,"ok",0.0829402026456939,0.096448492670918
"VII_presencial","sum_15.7g","60-65","Women","All","Heavy",485,294.666139994612,0.986491709974776,0,0,,,71,"boundary_no_CI",0,0.0135082900252241
"VII_presencial","sum_15.7g","66-70","Women","All","Occasional (frequency proxy)",306,200.994424029097,0.945734434211744,0.103747910866167,0.0304220405191385,0.0567485300608943,0.182155390597978,60,"ok",0.0981179717836646,0.15238353757192
"VII_presencial","sum_15.7g","66-70","Women","All","Heavy",306,200.994424029097,0.945734434211744,0.00204383771782399,0.00204663600666729,0.000275122528822506,0.0150125658490587,60,"sparse_or_low_df",0.00193292770768689,0.0561984934959425
"VII_presencial","sum_15.7g","66-70","Men","All","Occasional (frequency proxy)",245,143.753853646866,0.949557965638044,0.135527262963565,0.0329473212426779,0.0820423999406871,0.215687172101479,63,"ok",0.128690992108175,0.17913302647013
"VII_presencial","sum_15.7g","66-70","Men","All","Heavy",245,143.753853646866,0.949557965638044,0.0186915459628265,0.0122405992352285,0.00499454106530934,0.0674064778813538,63,"sparse_or_low_df",0.0177487063590915,0.0681907407210472
"VII_presencial","sum_15.7g","60-65","Men","All","Occasional (frequency proxy)",343,213.397002388397,0.921165086992429,0.14309586946785,0.0325145442256212,0.0895041945325134,0.220987896979683,63,"ok",0.131814919046609,0.21064983205418
"VII_presencial","sum_15.7g","60-65","Men","All","Heavy",343,213.397002388397,0.921165086992429,0.0191542123401876,0.00876326683870997,0.00762998802256381,0.0472556032662001,63,"ok",0.0176441916766204,0.0964791046841909
"VII_presencial","sum_15.7g","45-59","Men","All","Occasional (frequency proxy)",853,498.126226754552,0.926939957834905,0.117004919154325,0.0217618897358672,0.0800680504614214,0.167871997642461,68,"ok",0.108456534827387,0.181516576992482
"VII_presencial","sum_15.7g","45-59","Men","All","Heavy",853,498.126226754552,0.926939957834905,0.0230383334606062,0.0063411504630096,0.0132622894098561,0.0397304475465105,68,"ok",0.0213551518465607,0.0944151940116561
"VII_presencial","sum_15.7g","71-76","Women","All","Occasional (frequency proxy)",287,151.696379093288,0.953745190666668,0.0544046994328735,0.0139640060973397,0.0323698982455846,0.0900432208136522,64,"ok",0.0518882204337687,0.0981430297671004
"VII_presencial","sum_15.7g","71-76","Women","All","Heavy",287,151.696379093288,0.953745190666668,0,0,,,64,"boundary_no_CI",0,0.0462548093333317
"VII_presencial","sum_15.7g","77+","Men","All","Occasional (frequency proxy)",236,124.406419938881,0.978317479828131,0.0826066033618176,0.021179800763447,0.0489716393712544,0.136038416483578,61,"ok",0.0808154840180954,0.102498004189965
"VII_presencial","sum_15.7g","77+","Men","All","Heavy",236,124.406419938881,0.978317479828131,0.00889888416166939,0.00460157148374951,0.00315322691340565,0.024852979279501,61,"sparse_or_low_df",0.00870593392632686,0.0303884540981962
"VII_presencial","sum_15.7g","77+","Women","All","Occasional (frequency proxy)",323,180.703976048707,0.995459538567911,0.0663047710700437,0.0180218200208308,0.0381829175525419,0.112711334244152,64,"ok",0.0660037168142367,0.0705441782463259
"VII_presencial","sum_15.7g","77+","Women","All","Heavy",323,180.703976048707,0.995459538567911,0,0,,,64,"boundary_no_CI",0,0.00454046143208914
"VII_presencial","sum_15.7g","45-59","Women","All","Occasional (frequency proxy)",1255,645.837207917983,0.966784470835565,0.103280029395084,0.0116275965934157,0.0822984154457955,0.128859704975128,73,"ok",0.0998495285666082,0.133065057731043
"VII_presencial","sum_15.7g","45-59","Women","All","Heavy",1255,645.837207917983,0.966784470835565,0.00774273579838932,0.00267446434195287,0.00388394614133731,0.0153761427241854,73,"ok",0.00748555673166541,0.0407010858961004
"VII_presencial","sum_15.7g","71-76","Men","All","Occasional (frequency proxy)",255,159.386304584351,0.964350365332047,0.129626914164723,0.022817508002797,0.0904186404293466,0.182427158811231,62,"ok",0.125005762031616,0.160655396699569
"VII_presencial","sum_15.7g","71-76","Men","All","Heavy",255,159.386304584351,0.964350365332047,0.0190750741815636,0.0118031261496796,0.00548043962253404,0.064214786205001,62,"sparse_or_low_df",0.0183950547557268,0.0540446894236795
"VII_presencial","sum_15.7g","30-44","Men","All","Occasional (frequency proxy)",579,221.757197197221,0.894011065940603,0.0925285049576922,0.018559456195292,0.0615854469030654,0.136752988638168,72,"ok",0.0827215073471168,0.188710441406514
"VII_presencial","sum_15.7g","30-44","Men","All","Heavy",579,221.757197197221,0.894011065940603,0.0325275168439073,0.00712593504216886,0.0209591180718052,0.0501540025132373,72,"ok",0.0290799600060225,0.135068894065419
"VII_presencial","sum_15.7g","30-44","Women","All","Occasional (frequency proxy)",784,341.829142818327,0.934472274428273,0.0873107725427798,0.0147415987872068,0.0620482670849377,0.121526087264887,71,"ok",0.0815894962001411,0.147117221771869
"VII_presencial","sum_15.7g","30-44","Women","All","Heavy",784,341.829142818327,0.934472274428273,0.0109588970862928,0.0036432652278459,0.00563665420032049,0.0211993707654187,71,"ok",0.0102407854854534,0.0757685110571809
"VII_presencial","sum_15.7g","18-29","Women","All","Occasional (frequency proxy)",819,664.024714376793,0.933001748853834,0.130308114417597,0.0128431150434875,0.106761059692305,0.158129270318274,70,"ok",0.121577698641463,0.18857594978763
"VII_presencial","sum_15.7g","18-29","Women","All","Heavy",819,664.024714376793,0.933001748853834,0.039711927246305,0.0074124583843833,0.0272983835178787,0.0574370255650727,70,"ok",0.0370512975711587,0.104049548717325
"VII_presencial","sum_15.7g","18-29","Men","All","Occasional (frequency proxy)",635,522.464609554604,0.915950151264813,0.0923397098930155,0.012647177922221,0.0700118716736753,0.120862815406505,68,"ok",0.0845785712442566,0.168628419979443
"VII_presencial","sum_15.7g","18-29","Men","All","Heavy",635,522.464609554604,0.915950151264813,0.0646303869318565,0.0120196592201398,0.044403933787171,0.0931718848291969,68,"ok",0.0591982126865374,0.143248061421724
"VII_presencial","frequency_0.25","60-65","Women","All","Occasional (frequency proxy)",485,294.666139994612,0.986491709974776,0.0840759246195942,0.0148931967892867,0.0587541732635013,0.118931856378018,71,"ok",0.0829402026456939,0.096448492670918
"VII_presencial","frequency_0.25","60-65","Women","All","Heavy",485,294.666139994612,0.986491709974776,0,0,,,71,"boundary_no_CI",0,0.0135082900252241
"VII_presencial","frequency_0.25","66-70","Women","All","Occasional (frequency proxy)",306,200.994424029097,0.945734434211744,0.103747910866167,0.0304220405191385,0.0567485300608943,0.182155390597978,60,"ok",0.0981179717836646,0.15238353757192
"VII_presencial","frequency_0.25","66-70","Women","All","Heavy",306,200.994424029097,0.945734434211744,0.00204383771782399,0.00204663600666729,0.000275122528822506,0.0150125658490587,60,"sparse_or_low_df",0.00193292770768689,0.0561984934959425
"VII_presencial","frequency_0.25","66-70","Men","All","Occasional (frequency proxy)",245,143.753853646866,0.949557965638044,0.135527262963565,0.0329473212426779,0.0820423999406871,0.215687172101479,63,"ok",0.128690992108175,0.17913302647013
"VII_presencial","frequency_0.25","66-70","Men","All","Heavy",245,143.753853646866,0.949557965638044,0.00861515472825425,0.00704907449772924,0.00166732337359011,0.0432604266014586,63,"sparse_or_low_df",0.00818058879741808,0.0586226231593737
"VII_presencial","frequency_0.25","60-65","Men","All","Occasional (frequency proxy)",343,213.397002388397,0.921165086992429,0.14309586946785,0.0325145442256212,0.0895041945325134,0.220987896979683,63,"ok",0.131814919046609,0.21064983205418
"VII_presencial","frequency_0.25","60-65","Men","All","Heavy",343,213.397002388397,0.921165086992429,0.00868657622386193,0.00419202669471389,0.00330148791704519,0.0226556741204809,63,"ok",0.00800177074292015,0.0868366837504907
"VII_presencial","frequency_0.25","45-59","Men","All","Occasional (frequency proxy)",853,498.126226754552,0.926939957834905,0.117004919154325,0.0217618897358672,0.0800680504614214,0.167871997642461,68,"ok",0.108456534827387,0.181516576992482
"VII_presencial","frequency_0.25","45-59","Men","All","Heavy",853,498.126226754552,0.926939957834905,0.0125929521773694,0.00406965080174877,0.00659358249779369,0.0239195924110358,68,"ok",0.0116729105603077,0.0847329527254031
"VII_presencial","frequency_0.25","71-76","Women","All","Occasional (frequency proxy)",287,151.696379093288,0.953745190666668,0.0544046994328735,0.0139640060973397,0.0323698982455846,0.0900432208136522,64,"ok",0.0518882204337687,0.0981430297671004
"VII_presencial","frequency_0.25","71-76","Women","All","Heavy",287,151.696379093288,0.953745190666668,0,0,,,64,"boundary_no_CI",0,0.0462548093333317
"VII_presencial","frequency_0.25","77+","Men","All","Occasional (frequency proxy)",236,124.406419938881,0.978317479828131,0.0826066033618176,0.021179800763447,0.0489716393712544,0.136038416483578,61,"ok",0.0808154840180954,0.102498004189965
"VII_presencial","frequency_0.25","77+","Men","All","Heavy",236,124.406419938881,0.978317479828131,0.00409644616396853,0.00292809224174641,0.000978297915469312,0.0169841668083631,61,"sparse_or_low_df",0.00400762488738531,0.0256901450592546
"VII_presencial","frequency_0.25","77+","Women","All","Occasional (frequency proxy)",323,180.703976048707,0.995459538567911,0.0663047710700437,0.0180218200208308,0.0381829175525419,0.112711334244152,64,"ok",0.0660037168142367,0.0705441782463259
"VII_presencial","frequency_0.25","77+","Women","All","Heavy",323,180.703976048707,0.995459538567911,0,0,,,64,"boundary_no_CI",0,0.00454046143208914
"VII_presencial","frequency_0.25","45-59","Women","All","Occasional (frequency proxy)",1255,645.837207917983,0.966784470835565,0.103280029395084,0.0116275965934157,0.0822984154457955,0.128859704975128,73,"ok",0.0998495285666082,0.133065057731043
"VII_presencial","frequency_0.25","45-59","Women","All","Heavy",1255,645.837207917983,0.966784470835565,0.00466172598240712,0.00214944379874501,0.00185699235286782,0.011653170531517,73,"ok",0.00450688428708188,0.0377224134515168
"VII_presencial","frequency_0.25","71-76","Men","All","Occasional (frequency proxy)",255,159.386304584351,0.964350365332047,0.129626914164723,0.022817508002797,0.0904186404293466,0.182427158811231,62,"ok",0.125005762031616,0.160655396699569
"VII_presencial","frequency_0.25","71-76","Men","All","Heavy",255,159.386304584351,0.964350365332047,0.0105331506752291,0.00879513210879368,0.00196648510307872,0.0543854477681466,62,"sparse_or_low_df",0.0101576477017547,0.0458072823697074
"VII_presencial","frequency_0.25","30-44","Men","All","Occasional (frequency proxy)",579,221.757197197221,0.894011065940603,0.0925285049576922,0.018559456195292,0.0615854469030654,0.136752988638168,72,"ok",0.0827215073471168,0.188710441406514
"VII_presencial","frequency_0.25","30-44","Men","All","Heavy",579,221.757197197221,0.894011065940603,0.0245010293784922,0.00658114943602954,0.0142993144474357,0.0416733523250133,72,"ok",0.0219041913913079,0.127893125450705
"VII_presencial","frequency_0.25","30-44","Women","All","Occasional (frequency proxy)",784,341.829142818327,0.934472274428273,0.0873107725427798,0.0147415987872068,0.0620482670849377,0.121526087264887,71,"ok",0.0815894962001411,0.147117221771869
"VII_presencial","frequency_0.25","30-44","Women","All","Heavy",784,341.829142818327,0.934472274428273,0.00362912248982148,0.00209765555503476,0.00114427593191705,0.011448080798915,71,"sparse_or_low_df",0.00339131434724228,0.0689190399189698
"VII_presencial","frequency_0.25","18-29","Women","All","Occasional (frequency proxy)",819,664.024714376793,0.933001748853834,0.130308114417597,0.0128431150434875,0.106761059692305,0.158129270318274,70,"ok",0.121577698641463,0.18857594978763
"VII_presencial","frequency_0.25","18-29","Women","All","Heavy",819,664.024714376793,0.933001748853834,0.02897808518512,0.00723393282571298,0.0175577195429985,0.0474678838426276,70,"ok",0.0270366041561523,0.0940348553023186
"VII_presencial","frequency_0.25","18-29","Men","All","Occasional (frequency proxy)",635,522.464609554604,0.915950151264813,0.0923397098930155,0.012647177922221,0.0700118716736753,0.120862815406505,68,"ok",0.0845785712442566,0.168628419979443
"VII_presencial","frequency_0.25","18-29","Men","All","Heavy",635,522.464609554604,0.915950151264813,0.0485304868165026,0.0103455776836617,0.0315873811413705,0.073868458400268,68,"ok",0.0444515067405306,0.128501355475717
"VII_presencial","frequency_0.75","60-65","Women","All","Occasional (frequency proxy)",485,294.666139994612,0.986491709974776,0.0840759246195942,0.0148931967892867,0.0587541732635013,0.118931856378018,71,"ok",0.0829402026456939,0.096448492670918
"VII_presencial","frequency_0.75","60-65","Women","All","Heavy",485,294.666139994612,0.986491709974776,0,0,,,71,"boundary_no_CI",0,0.0135082900252241
"VII_presencial","frequency_0.75","66-70","Women","All","Occasional (frequency proxy)",306,200.994424029097,0.945734434211744,0.103747910866167,0.0304220405191385,0.0567485300608943,0.182155390597978,60,"ok",0.0981179717836646,0.15238353757192
"VII_presencial","frequency_0.75","66-70","Women","All","Heavy",306,200.994424029097,0.945734434211744,0.00204383771782399,0.00204663600666729,0.000275122528822506,0.0150125658490587,60,"sparse_or_low_df",0.00193292770768689,0.0561984934959425
"VII_presencial","frequency_0.75","66-70","Men","All","Occasional (frequency proxy)",245,143.753853646866,0.949557965638044,0.135527262963565,0.0329473212426779,0.0820423999406871,0.215687172101479,63,"ok",0.128690992108175,0.17913302647013
"VII_presencial","frequency_0.75","66-70","Men","All","Heavy",245,143.753853646866,0.949557965638044,0.00861515472825425,0.00704907449772924,0.00166732337359011,0.0432604266014586,63,"sparse_or_low_df",0.00818058879741808,0.0586226231593737
"VII_presencial","frequency_0.75","60-65","Men","All","Occasional (frequency proxy)",343,213.397002388397,0.921165086992429,0.14309586946785,0.0325145442256212,0.0895041945325134,0.220987896979683,63,"ok",0.131814919046609,0.21064983205418
"VII_presencial","frequency_0.75","60-65","Men","All","Heavy",343,213.397002388397,0.921165086992429,0.00868657622386193,0.00419202669471389,0.00330148791704519,0.0226556741204809,63,"ok",0.00800177074292015,0.0868366837504907
"VII_presencial","frequency_0.75","45-59","Men","All","Occasional (frequency proxy)",853,498.126226754552,0.926939957834905,0.117004919154325,0.0217618897358672,0.0800680504614214,0.167871997642461,68,"ok",0.108456534827387,0.181516576992482
"VII_presencial","frequency_0.75","45-59","Men","All","Heavy",853,498.126226754552,0.926939957834905,0.0125929521773694,0.00406965080174877,0.00659358249779369,0.0239195924110358,68,"ok",0.0116729105603077,0.0847329527254031
"VII_presencial","frequency_0.75","71-76","Women","All","Occasional (frequency proxy)",287,151.696379093288,0.953745190666668,0.0544046994328735,0.0139640060973397,0.0323698982455846,0.0900432208136522,64,"ok",0.0518882204337687,0.0981430297671004
"VII_presencial","frequency_0.75","71-76","Women","All","Heavy",287,151.696379093288,0.953745190666668,0,0,,,64,"boundary_no_CI",0,0.0462548093333317
"VII_presencial","frequency_0.75","77+","Men","All","Occasional (frequency proxy)",236,124.406419938881,0.978317479828131,0.0826066033618176,0.021179800763447,0.0489716393712544,0.136038416483578,61,"ok",0.0808154840180954,0.102498004189965
"VII_presencial","frequency_0.75","77+","Men","All","Heavy",236,124.406419938881,0.978317479828131,0.00689494701271848,0.00409590824199604,0.00209488195239213,0.022446150361467,61,"sparse_or_low_df",0.00674544718503124,0.0284279673569005
"VII_presencial","frequency_0.75","77+","Women","All","Occasional (frequency proxy)",323,180.703976048707,0.995459538567911,0.0663047710700437,0.0180218200208308,0.0381829175525419,0.112711334244152,64,"ok",0.0660037168142367,0.0705441782463259
"VII_presencial","frequency_0.75","77+","Women","All","Heavy",323,180.703976048707,0.995459538567911,0,0,,,64,"boundary_no_CI",0,0.00454046143208914
"VII_presencial","frequency_0.75","45-59","Women","All","Occasional (frequency proxy)",1255,645.837207917983,0.966784470835565,0.103280029395084,0.0116275965934157,0.0822984154457955,0.128859704975128,73,"ok",0.0998495285666082,0.133065057731043
"VII_presencial","frequency_0.75","45-59","Women","All","Heavy",1255,645.837207917983,0.966784470835565,0.00466172598240712,0.00214944379874501,0.00185699235286782,0.011653170531517,73,"ok",0.00450688428708188,0.0377224134515168
"VII_presencial","frequency_0.75","71-76","Men","All","Occasional (frequency proxy)",255,159.386304584351,0.964350365332047,0.129626914164723,0.022817508002797,0.0904186404293466,0.182427158811231,62,"ok",0.125005762031616,0.160655396699569
"VII_presencial","frequency_0.75","71-76","Men","All","Heavy",255,159.386304584351,0.964350365332047,0.0105331506752291,0.00879513210879368,0.00196648510307872,0.0543854477681466,62,"sparse_or_low_df",0.0101576477017547,0.0458072823697074
"VII_presencial","frequency_0.75","30-44","Men","All","Occasional (frequency proxy)",579,221.757197197221,0.894011065940603,0.0925285049576922,0.018559456195292,0.0615854469030654,0.136752988638168,72,"ok",0.0827215073471168,0.188710441406514
"VII_presencial","frequency_0.75","30-44","Men","All","Heavy",579,221.757197197221,0.894011065940603,0.0245010293784922,0.00658114943602954,0.0142993144474357,0.0416733523250133,72,"ok",0.0219041913913079,0.127893125450705
"VII_presencial","frequency_0.75","30-44","Women","All","Occasional (frequency proxy)",784,341.829142818327,0.934472274428273,0.0873107725427798,0.0147415987872068,0.0620482670849377,0.121526087264887,71,"ok",0.0815894962001411,0.147117221771869
"VII_presencial","frequency_0.75","30-44","Women","All","Heavy",784,341.829142818327,0.934472274428273,0.00362912248982148,0.00209765555503476,0.00114427593191705,0.011448080798915,71,"sparse_or_low_df",0.00339131434724228,0.0689190399189698
"VII_presencial","frequency_0.75","18-29","Women","All","Occasional (frequency proxy)",819,664.024714376793,0.933001748853834,0.130308114417597,0.0128431150434875,0.106761059692305,0.158129270318274,70,"ok",0.121577698641463,0.18857594978763
"VII_presencial","frequency_0.75","18-29","Women","All","Heavy",819,664.024714376793,0.933001748853834,0.02897808518512,0.00723393282571298,0.0175577195429985,0.0474678838426276,70,"ok",0.0270366041561523,0.0940348553023186
"VII_presencial","frequency_0.75","18-29","Men","All","Occasional (frequency proxy)",635,522.464609554604,0.915950151264813,0.0923397098930155,0.012647177922221,0.0700118716736753,0.120862815406505,68,"ok",0.0845785712442566,0.168628419979443
"VII_presencial","frequency_0.75","18-29","Men","All","Heavy",635,522.464609554604,0.915950151264813,0.0517063769407693,0.0108056711857225,0.0339332672318337,0.0780364918211764,68,"ok",0.0473604637802532,0.13141031251544
"VII_presencial","Calvo_max_complete","60-65","Women","All","Occasional (frequency proxy)",485,294.666139994612,0.986491709974776,0.0840759246195942,0.0148931967892867,0.0587541732635013,0.118931856378018,71,"ok",0.0829402026456939,0.096448492670918
"VII_presencial","Calvo_max_complete","60-65","Women","All","Heavy",485,294.666139994612,0.986491709974776,0,0,,,71,"boundary_no_CI",0,0.0135082900252241
"VII_presencial","Calvo_max_complete","66-70","Women","All","Occasional (frequency proxy)",306,200.994424029097,0.945734434211744,0.103747910866167,0.0304220405191385,0.0567485300608943,0.182155390597978,60,"ok",0.0981179717836646,0.15238353757192
"VII_presencial","Calvo_max_complete","66-70","Women","All","Heavy",306,200.994424029097,0.945734434211744,0.00204383771782399,0.00204663600666729,0.000275122528822506,0.0150125658490587,60,"sparse_or_low_df",0.00193292770768689,0.0561984934959425
"VII_presencial","Calvo_max_complete","66-70","Men","All","Occasional (frequency proxy)",245,143.753853646866,0.949557965638044,0.135527262963565,0.0329473212426779,0.0820423999406871,0.215687172101479,63,"ok",0.128690992108175,0.17913302647013
"VII_presencial","Calvo_max_complete","66-70","Men","All","Heavy",245,143.753853646866,0.949557965638044,0.00674460369340023,0.00677761543223513,0.000898394435393614,0.0487770925332963,63,"sparse_or_low_df",0.00640439216213997,0.0568464265240956
"VII_presencial","Calvo_max_complete","60-65","Men","All","Occasional (frequency proxy)",343,213.397002388397,0.921165086992429,0.14309586946785,0.0325145442256212,0.0895041945325134,0.220987896979683,63,"ok",0.131814919046609,0.21064983205418
"VII_presencial","Calvo_max_complete","60-65","Men","All","Heavy",343,213.397002388397,0.921165086992429,0.0032524882702505,0.0022947518214118,0.000792455343910178,0.0132479927672183,63,"sparse_or_low_df",0.00299607864040716,0.0818309916479777
"VII_presencial","Calvo_max_complete","45-59","Men","All","Occasional (frequency proxy)",853,498.126226754552,0.926939957834905,0.117004919154325,0.0217618897358672,0.0800680504614214,0.167871997642461,68,"ok",0.108456534827387,0.181516576992482
"VII_presencial","Calvo_max_complete","45-59","Men","All","Heavy",853,498.126226754552,0.926939957834905,0.00822973499109369,0.0030387078522702,0.00393207172046807,0.017143798087038,68,"ok",0.00762847020563682,0.0806885123707322
"VII_presencial","Calvo_max_complete","71-76","Women","All","Occasional (frequency proxy)",287,151.696379093288,0.953745190666668,0.0544046994328735,0.0139640060973397,0.0323698982455846,0.0900432208136522,64,"ok",0.0518882204337687,0.0981430297671004
"VII_presencial","Calvo_max_complete","71-76","Women","All","Heavy",287,151.696379093288,0.953745190666668,0,0,,,64,"boundary_no_CI",0,0.0462548093333317
"VII_presencial","Calvo_max_complete","77+","Men","All","Occasional (frequency proxy)",236,124.406419938881,0.978317479828131,0.0826066033618176,0.021179800763447,0.0489716393712544,0.136038416483578,61,"ok",0.0808154840180954,0.102498004189965
"VII_presencial","Calvo_max_complete","77+","Men","All","Heavy",236,124.406419938881,0.978317479828131,0.00178056918731693,0.00179457653233799,0.000236816270650151,0.0132542914790824,61,"sparse_or_low_df",0.00174196195999552,0.0234244821318648
"VII_presencial","Calvo_max_complete","77+","Women","All","Occasional (frequency proxy)",323,180.703976048707,0.995459538567911,0.0663047710700437,0.0180218200208308,0.0381829175525419,0.112711334244152,64,"ok",0.0660037168142367,0.0705441782463259
"VII_presencial","Calvo_max_complete","77+","Women","All","Heavy",323,180.703976048707,0.995459538567911,0,0,,,64,"boundary_no_CI",0,0.00454046143208914
"VII_presencial","Calvo_max_complete","45-59","Women","All","Occasional (frequency proxy)",1255,645.837207917983,0.966784470835565,0.103280029395084,0.0116275965934157,0.0822984154457955,0.128859704975128,73,"ok",0.0998495285666082,0.133065057731043
"VII_presencial","Calvo_max_complete","45-59","Women","All","Heavy",1255,645.837207917983,0.966784470835565,0.00400797132767089,0.00205441773139828,0.00144076205734396,0.0110986973000095,73,"sparse_or_low_df",0.00387484443914642,0.0370903736035814
"VII_presencial","Calvo_max_complete","71-76","Men","All","Occasional (frequency proxy)",255,159.386304584351,0.964350365332047,0.129626914164723,0.022817508002797,0.0904186404293466,0.182427158811231,62,"ok",0.125005762031616,0.160655396699569
"VII_presencial","Calvo_max_complete","71-76","Men","All","Heavy",255,159.386304584351,0.964350365332047,0.00181920573294816,0.00184098845326176,0.000240120885988266,0.0136409932731386,62,"sparse_or_low_df",0.00175435171318271,0.0374039863811354
"VII_presencial","Calvo_max_complete","30-44","Men","All","Occasional (frequency proxy)",579,221.757197197221,0.894011065940603,0.0925285049576922,0.018559456195292,0.0615854469030654,0.136752988638168,72,"ok",0.0827215073471168,0.188710441406514
"VII_presencial","Calvo_max_complete","30-44","Men","All","Heavy",579,221.757197197221,0.894011065940603,0.0136716108451563,0.00503459784948657,0.00654205633793398,0.0283492583921586,72,"ok",0.0122225713848033,0.1182115054442
"VII_presencial","Calvo_max_complete","30-44","Women","All","Occasional (frequency proxy)",784,341.829142818327,0.934472274428273,0.0873107725427798,0.0147415987872068,0.0620482670849377,0.121526087264887,71,"ok",0.0815894962001411,0.147117221771869
"VII_presencial","Calvo_max_complete","30-44","Women","All","Heavy",784,341.829142818327,0.934472274428273,0.000882744654211849,0.000878349157450301,0.000121271288287557,0.00639499752659908,71,"sparse_or_low_df",0.000824900404760745,0.0663526259764882
"VII_presencial","Calvo_max_complete","18-29","Women","All","Occasional (frequency proxy)",819,664.024714376793,0.933001748853834,0.130308114417597,0.0128431150434875,0.106761059692305,0.158129270318274,70,"ok",0.121577698641463,0.18857594978763
"VII_presencial","Calvo_max_complete","18-29","Women","All","Heavy",819,664.024714376793,0.933001748853834,0.0170395283154559,0.0052867457210326,0.00915224939263296,0.0315078111735966,70,"ok",0.0158979097179648,0.082896160864131
"VII_presencial","Calvo_max_complete","18-29","Men","All","Occasional (frequency proxy)",635,522.464609554604,0.915950151264813,0.0923397098930155,0.012647177922221,0.0700118716736753,0.120862815406505,68,"ok",0.0845785712442566,0.168628419979443
"VII_presencial","Calvo_max_complete","18-29","Men","All","Heavy",635,522.464609554604,0.915950151264813,0.0340979484209918,0.00897372405944323,0.020084431089667,0.057317207696369,68,"ok",0.0312320210140272,0.115281869749214
"VII_presencial","quantity_cap15","60-65","Women","All","Occasional (frequency proxy)",485,294.666139994612,0.986491709974776,0.0840759246195942,0.0148931967892867,0.0587541732635013,0.118931856378018,71,"ok",0.0829402026456939,0.096448492670918
"VII_presencial","quantity_cap15","60-65","Women","All","Heavy",485,294.666139994612,0.986491709974776,0,0,,,71,"boundary_no_CI",0,0.0135082900252241
"VII_presencial","quantity_cap15","66-70","Women","All","Occasional (frequency proxy)",306,200.994424029097,0.945734434211744,0.103747910866167,0.0304220405191385,0.0567485300608943,0.182155390597978,60,"ok",0.0981179717836646,0.15238353757192
"VII_presencial","quantity_cap15","66-70","Women","All","Heavy",306,200.994424029097,0.945734434211744,0.00204383771782399,0.00204663600666729,0.000275122528822506,0.0150125658490587,60,"sparse_or_low_df",0.00193292770768689,0.0561984934959425
"VII_presencial","quantity_cap15","66-70","Men","All","Occasional (frequency proxy)",245,143.753853646866,0.949557965638044,0.135527262963565,0.0329473212426779,0.0820423999406871,0.215687172101479,63,"ok",0.128690992108175,0.17913302647013
"VII_presencial","quantity_cap15","66-70","Men","All","Heavy",245,143.753853646866,0.949557965638044,0.00861515472825425,0.00704907449772924,0.00166732337359011,0.0432604266014586,63,"sparse_or_low_df",0.00818058879741808,0.0586226231593737
"VII_presencial","quantity_cap15","60-65","Men","All","Occasional (frequency proxy)",343,213.397002388397,0.921165086992429,0.14309586946785,0.0325145442256212,0.0895041945325134,0.220987896979683,63,"ok",0.131814919046609,0.21064983205418
"VII_presencial","quantity_cap15","60-65","Men","All","Heavy",343,213.397002388397,0.921165086992429,0.00868657622386193,0.00419202669471389,0.00330148791704519,0.0226556741204809,63,"ok",0.00800177074292015,0.0868366837504907
"VII_presencial","quantity_cap15","45-59","Men","All","Occasional (frequency proxy)",853,498.126226754552,0.926939957834905,0.117004919154325,0.0217618897358672,0.0800680504614214,0.167871997642461,68,"ok",0.108456534827387,0.181516576992482
"VII_presencial","quantity_cap15","45-59","Men","All","Heavy",853,498.126226754552,0.926939957834905,0.0125929521773694,0.00406965080174877,0.00659358249779369,0.0239195924110358,68,"ok",0.0116729105603077,0.0847329527254031
"VII_presencial","quantity_cap15","71-76","Women","All","Occasional (frequency proxy)",287,151.696379093288,0.953745190666668,0.0544046994328735,0.0139640060973397,0.0323698982455846,0.0900432208136522,64,"ok",0.0518882204337687,0.0981430297671004
"VII_presencial","quantity_cap15","71-76","Women","All","Heavy",287,151.696379093288,0.953745190666668,0,0,,,64,"boundary_no_CI",0,0.0462548093333317
"VII_presencial","quantity_cap15","77+","Men","All","Occasional (frequency proxy)",236,124.406419938881,0.978317479828131,0.0826066033618176,0.021179800763447,0.0489716393712544,0.136038416483578,61,"ok",0.0808154840180954,0.102498004189965
"VII_presencial","quantity_cap15","77+","Men","All","Heavy",236,124.406419938881,0.978317479828131,0.00689494701271848,0.00409590824199604,0.00209488195239213,0.022446150361467,61,"sparse_or_low_df",0.00674544718503124,0.0284279673569005
"VII_presencial","quantity_cap15","77+","Women","All","Occasional (frequency proxy)",323,180.703976048707,0.995459538567911,0.0663047710700437,0.0180218200208308,0.0381829175525419,0.112711334244152,64,"ok",0.0660037168142367,0.0705441782463259
"VII_presencial","quantity_cap15","77+","Women","All","Heavy",323,180.703976048707,0.995459538567911,0,0,,,64,"boundary_no_CI",0,0.00454046143208914
"VII_presencial","quantity_cap15","45-59","Women","All","Occasional (frequency proxy)",1255,645.837207917983,0.966784470835565,0.103280029395084,0.0116275965934157,0.0822984154457955,0.128859704975128,73,"ok",0.0998495285666082,0.133065057731043
"VII_presencial","quantity_cap15","45-59","Women","All","Heavy",1255,645.837207917983,0.966784470835565,0.00466172598240712,0.00214944379874501,0.00185699235286782,0.011653170531517,73,"ok",0.00450688428708188,0.0377224134515168
"VII_presencial","quantity_cap15","71-76","Men","All","Occasional (frequency proxy)",255,159.386304584351,0.964350365332047,0.129626914164723,0.022817508002797,0.0904186404293466,0.182427158811231,62,"ok",0.125005762031616,0.160655396699569
"VII_presencial","quantity_cap15","71-76","Men","All","Heavy",255,159.386304584351,0.964350365332047,0.0105331506752291,0.00879513210879368,0.00196648510307872,0.0543854477681466,62,"sparse_or_low_df",0.0101576477017547,0.0458072823697074
"VII_presencial","quantity_cap15","30-44","Men","All","Occasional (frequency proxy)",579,221.757197197221,0.894011065940603,0.0925285049576922,0.018559456195292,0.0615854469030654,0.136752988638168,72,"ok",0.0827215073471168,0.188710441406514
"VII_presencial","quantity_cap15","30-44","Men","All","Heavy",579,221.757197197221,0.894011065940603,0.018657569995917,0.00532494961321537,0.0105353333549201,0.0328338713928823,72,"ok",0.0166800740399112,0.122669008099308
"VII_presencial","quantity_cap15","30-44","Women","All","Occasional (frequency proxy)",784,341.829142818327,0.934472274428273,0.0873107725427798,0.0147415987872068,0.0620482670849377,0.121526087264887,71,"ok",0.0815894962001411,0.147117221771869
"VII_presencial","quantity_cap15","30-44","Women","All","Heavy",784,341.829142818327,0.934472274428273,0.00362912248982148,0.00209765555503476,0.00114427593191705,0.011448080798915,71,"sparse_or_low_df",0.00339131434724228,0.0689190399189698
"VII_presencial","quantity_cap15","18-29","Women","All","Occasional (frequency proxy)",819,664.024714376793,0.933001748853834,0.130308114417597,0.0128431150434875,0.106761059692305,0.158129270318274,70,"ok",0.121577698641463,0.18857594978763
"VII_presencial","quantity_cap15","18-29","Women","All","Heavy",819,664.024714376793,0.933001748853834,0.02897808518512,0.00723393282571298,0.0175577195429985,0.0474678838426276,70,"ok",0.0270366041561523,0.0940348553023186
"VII_presencial","quantity_cap15","18-29","Men","All","Occasional (frequency proxy)",635,522.464609554604,0.915950151264813,0.0923397098930155,0.012647177922221,0.0700118716736753,0.120862815406505,68,"ok",0.0845785712442566,0.168628419979443
"VII_presencial","quantity_cap15","18-29","Men","All","Heavy",635,522.464609554604,0.915950151264813,0.0482328485782794,0.010354632676946,0.0312987818847424,0.0736325901544684,68,"ok",0.0441788849512079,0.128228733686394
"VIII","base_sum_12g","66-70","Women","All","Occasional (frequency proxy)",528,283.377806525407,0.983421355505362,0.11322748129772,0.024890668766727,0.0722677891312988,0.173071338918808,72,"ok",0.111350323138261,0.1279289676329
"VIII","base_sum_12g","66-70","Women","All","Heavy",528,283.377806525407,0.983421355505362,0,0,,,72,"boundary_no_CI",0,0.0165786444946381
"VIII","base_sum_12g","66-70","Men","All","Occasional (frequency proxy)",431,277.200808091295,0.952739969313613,0.109260511051203,0.019587222388182,0.075870728097757,0.154881976278656,69,"ok",0.104096855946113,0.151356886632499
"VIII","base_sum_12g","66-70","Men","All","Heavy",431,277.200808091295,0.952739969313613,0.00808858534928898,0.00531146802899996,0.00217214061169953,0.0296414401203018,69,"sparse_or_low_df",0.00770631855747213,0.0549663492438586
"VIII","base_sum_12g","60-65","Women","All","Occasional (frequency proxy)",752,469.730753726229,0.970821152810601,0.0808597253208115,0.0128920254543024,0.058606520208432,0.11057014613499,72,"ok",0.0785003317518988,0.107679178941298
"VIII","base_sum_12g","60-65","Women","All","Heavy",752,469.730753726229,0.970821152810601,0,0,,,72,"boundary_no_CI",0,0.029178847189399
"VIII","base_sum_12g","71-76","Women","All","Occasional (frequency proxy)",462,302.742611045205,0.983809603932943,0.0795984450999389,0.0179881171910542,0.0503181067538484,0.123697868127069,68,"ok",0.0783097147474491,0.0945001108145056
"VIII","base_sum_12g","71-76","Women","All","Heavy",462,302.742611045205,0.983809603932943,0,0,,,68,"boundary_no_CI",0,0.0161903960670566
"VIII","base_sum_12g","77+","Women","All","Occasional (frequency proxy)",521,251.765304833991,0.974374058303917,0.0380277189246745,0.00968906844962172,0.0227808745628861,0.0628229931798214,71,"ok",0.0370532228166757,0.0626791645127591
"VIII","base_sum_12g","77+","Women","All","Heavy",521,251.765304833991,0.974374058303917,0.00693196911022299,0.00685842692525756,0.000956554875835818,0.0484253304387133,71,"sparse_or_low_df",0.00675433087396536,0.0323802725700488
"VIII","base_sum_12g","71-76","Men","All","Occasional (frequency proxy)",408,264.658509742551,0.94847991086213,0.12271860933826,0.0199787205289937,0.0880771650660713,0.168467782710049,67,"ok",0.116396135646277,0.167916224784147
"VIII","base_sum_12g","71-76","Men","All","Heavy",408,264.658509742551,0.94847991086213,0.00779485877012229,0.00452251901048361,0.00243922530596755,0.0246192701371677,67,"sparse_or_low_df",0.00739326695146849,0.0589133560893385
"VIII","base_sum_12g","60-65","Men","All","Occasional (frequency proxy)",564,385.85535127825,0.952266545108474,0.106647136222561,0.0167713522999493,0.0775251788375141,0.144989205449817,71,"ok",0.101556499956371,0.149289954847897
"VIII","base_sum_12g","60-65","Men","All","Heavy",564,385.85535127825,0.952266545108474,0.00754690950257,0.00336440732122917,0.00309551798624937,0.0182820650352424,71,"ok",0.00718666943825865,0.0549201243297846
"VIII","base_sum_12g","45-59","Women","All","Occasional (frequency proxy)",1557,985.645654552439,0.969490611224373,0.0895635478566678,0.0118374850816122,0.0686184289093175,0.11610498271932,76,"ok",0.0868310187549843,0.117340407530611
"VIII","base_sum_12g","45-59","Women","All","Heavy",1557,985.645654552439,0.969490611224373,0.00122835078191051,0.000916218688581084,0.000277820867932372,0.00541339193581772,76,"sparse_or_low_df",0.00119087455035236,0.0317002633259794
"VIII","base_sum_12g","77+","Men","All","Occasional (frequency proxy)",425,157.80818573848,0.974910706352618,0.0851558260433422,0.0224024543148968,0.0498473786850257,0.141743352517054,71,"ok",0.0830193265179553,0.108108620165338
"VIII","base_sum_12g","77+","Men","All","Heavy",425,157.80818573848,0.974910706352618,0.00612980573174608,0.00348809578940751,0.00196543922140991,0.018950084711023,71,"sparse_or_low_df",0.0059760132357409,0.0310653068831234
"VIII","base_sum_12g","30-44","Women","All","Occasional (frequency proxy)",1473,881.65276493253,0.943340803357205,0.109656889888401,0.0114443687795088,0.0888614973456764,0.134599905353651,78,"ok",0.103443818600977,0.160103015243772
"VIII","base_sum_12g","30-44","Women","All","Heavy",1473,881.65276493253,0.943340803357205,0.00651511797715913,0.00293845616351833,0.00264906463385184,0.0159331660747027,78,"ok",0.00614597662654026,0.062805173269335
"VIII","base_sum_12g","45-59","Men","All","Occasional (frequency proxy)",1143,631.225366060503,0.9201417517097,0.0890538868594692,0.0111691011636489,0.0691656737705697,0.113960709355385,74,"ok",0.0819421994514295,0.161800447741729
"VIII","base_sum_12g","45-59","Men","All","Heavy",1143,631.225366060503,0.9201417517097,0.00459540740934642,0.00203031007472396,0.00190286993851263,0.0110556508520231,74,"ok",0.00422842622345576,0.0840866745137552
"VIII","base_sum_12g","30-44","Men","All","Occasional (frequency proxy)",1089,685.492262717335,0.912919472865126,0.108839538614975,0.0145336592003475,0.0830800393663509,0.141354655866751,74,"ok",0.0993617342192663,0.18644226135414
"VIII","base_sum_12g","30-44","Men","All","Heavy",1089,685.492262717335,0.912919472865126,0.0125426245228723,0.00444824049006666,0.00617144462498477,0.0253235867526781,74,"ok",0.0114504061677658,0.0985309333026394
"VIII","base_sum_12g","18-29","Men","All","Occasional (frequency proxy)",2699,1755.54984019356,0.933894314668126,0.126962714036935,0.0108566321502393,0.106869908939782,0.150197909633101,77,"ok",0.118569756813929,0.184675442145802
"VIII","base_sum_12g","18-29","Men","All","Heavy",2699,1755.54984019356,0.933894314668126,0.0125220514219469,0.00306205210850228,0.00768504294290081,0.0203410929232704,77,"ok",0.0116942726309382,0.077799957962812
"VIII","base_sum_12g","18-29","Women","All","Occasional (frequency proxy)",3018,1552.5207406039,0.959917537174353,0.110631878172758,0.00941239111282307,0.0932421282686856,0.130797011409405,80,"ok",0.106197480028567,0.146279942854214
"VIII","base_sum_12g","18-29","Women","All","Heavy",3018,1552.5207406039,0.959917537174353,0.00965641992954942,0.00231845010008357,0.00598265366208626,0.0155508416584616,80,"ok",0.00926936683669442,0.0493518296623412
"VIII","sum_10g","66-70","Women","All","Occasional (frequency proxy)",528,283.377806525407,0.983421355505362,0.11322748129772,0.024890668766727,0.0722677891312988,0.173071338918808,72,"ok",0.111350323138261,0.1279289676329
"VIII","sum_10g","66-70","Women","All","Heavy",528,283.377806525407,0.983421355505362,0,0,,,72,"boundary_no_CI",0,0.0165786444946381
"VIII","sum_10g","66-70","Men","All","Occasional (frequency proxy)",431,277.200808091295,0.952739969313613,0.109260511051203,0.019587222388182,0.075870728097757,0.154881976278656,69,"ok",0.104096855946113,0.151356886632499
"VIII","sum_10g","66-70","Men","All","Heavy",431,277.200808091295,0.952739969313613,0.00808858534928898,0.00531146802899996,0.00217214061169953,0.0296414401203018,69,"sparse_or_low_df",0.00770631855747213,0.0549663492438586
"VIII","sum_10g","60-65","Women","All","Occasional (frequency proxy)",752,469.730753726229,0.970821152810601,0.0808597253208115,0.0128920254543024,0.058606520208432,0.11057014613499,72,"ok",0.0785003317518988,0.107679178941298
"VIII","sum_10g","60-65","Women","All","Heavy",752,469.730753726229,0.970821152810601,0,0,,,72,"boundary_no_CI",0,0.029178847189399
"VIII","sum_10g","71-76","Women","All","Occasional (frequency proxy)",462,302.742611045205,0.983809603932943,0.0795984450999389,0.0179881171910542,0.0503181067538484,0.123697868127069,68,"ok",0.0783097147474491,0.0945001108145056
"VIII","sum_10g","71-76","Women","All","Heavy",462,302.742611045205,0.983809603932943,0,0,,,68,"boundary_no_CI",0,0.0161903960670566
"VIII","sum_10g","77+","Women","All","Occasional (frequency proxy)",521,251.765304833991,0.974374058303917,0.0380277189246745,0.00968906844962172,0.0227808745628861,0.0628229931798214,71,"ok",0.0370532228166757,0.0626791645127591
"VIII","sum_10g","77+","Women","All","Heavy",521,251.765304833991,0.974374058303917,0.00693196911022299,0.00685842692525756,0.000956554875835818,0.0484253304387133,71,"sparse_or_low_df",0.00675433087396536,0.0323802725700488
"VIII","sum_10g","71-76","Men","All","Occasional (frequency proxy)",408,264.658509742551,0.94847991086213,0.12271860933826,0.0199787205289937,0.0880771650660713,0.168467782710049,67,"ok",0.116396135646277,0.167916224784147
"VIII","sum_10g","71-76","Men","All","Heavy",408,264.658509742551,0.94847991086213,0.00507733049528092,0.0038633171762915,0.00110767537179051,0.0229465146033423,67,"sparse_or_low_df",0.00481574597558162,0.0563358351134516
"VIII","sum_10g","60-65","Men","All","Occasional (frequency proxy)",564,385.85535127825,0.952266545108474,0.106647136222561,0.0167713522999493,0.0775251788375141,0.144989205449817,71,"ok",0.101556499956371,0.149289954847897
"VIII","sum_10g","60-65","Men","All","Heavy",564,385.85535127825,0.952266545108474,0.00506018711886715,0.0028656003357552,0.00163219133004428,0.0155754807000232,71,"sparse_or_low_df",0.00481864690528603,0.052552101796812
"VIII","sum_10g","45-59","Women","All","Occasional (frequency proxy)",1557,985.645654552439,0.969490611224373,0.0895635478566678,0.0118374850816122,0.0686184289093175,0.11610498271932,76,"ok",0.0868310187549843,0.117340407530611
"VIII","sum_10g","45-59","Women","All","Heavy",1557,985.645654552439,0.969490611224373,0.00122835078191051,0.000916218688581084,0.000277820867932372,0.00541339193581772,76,"sparse_or_low_df",0.00119087455035236,0.0317002633259794
"VIII","sum_10g","77+","Men","All","Occasional (frequency proxy)",425,157.80818573848,0.974910706352618,0.0851558260433422,0.0224024543148968,0.0498473786850257,0.141743352517054,71,"ok",0.0830193265179553,0.108108620165338
"VIII","sum_10g","77+","Men","All","Heavy",425,157.80818573848,0.974910706352618,0.00612980573174608,0.00348809578940751,0.00196543922140991,0.018950084711023,71,"sparse_or_low_df",0.0059760132357409,0.0310653068831234
"VIII","sum_10g","30-44","Women","All","Occasional (frequency proxy)",1473,881.65276493253,0.943340803357205,0.109656889888401,0.0114443687795088,0.0888614973456764,0.134599905353651,78,"ok",0.103443818600977,0.160103015243772
"VIII","sum_10g","30-44","Women","All","Heavy",1473,881.65276493253,0.943340803357205,0.00495671208699885,0.00282907584646173,0.00158752085599317,0.0153662786436278,78,"ok",0.00467586876215986,0.0613350654049546
"VIII","sum_10g","45-59","Men","All","Occasional (frequency proxy)",1143,631.225366060503,0.9201417517097,0.0890538868594692,0.0111691011636489,0.0691656737705697,0.113960709355385,74,"ok",0.0819421994514295,0.161800447741729
"VIII","sum_10g","45-59","Men","All","Heavy",1143,631.225366060503,0.9201417517097,0.0028099768073943,0.0015008975264277,0.000968256619903331,0.00812633633590441,74,"sparse_or_low_df",0.00258557698181943,0.0824438252721189
"VIII","sum_10g","30-44","Men","All","Occasional (frequency proxy)",1089,685.492262717335,0.912919472865126,0.108839538614975,0.0145336592003475,0.0830800393663509,0.141354655866751,74,"ok",0.0993617342192663,0.18644226135414
"VIII","sum_10g","30-44","Men","All","Heavy",1089,685.492262717335,0.912919472865126,0.0079453847368113,0.00331204023343496,0.00345513514428825,0.0181647381460701,74,"ok",0.00725349644564039,0.094334023580514
"VIII","sum_10g","18-29","Men","All","Occasional (frequency proxy)",2699,1755.54984019356,0.933894314668126,0.126962714036935,0.0108566321502393,0.106869908939782,0.150197909633101,77,"ok",0.118569756813929,0.184675442145802
"VIII","sum_10g","18-29","Men","All","Heavy",2699,1755.54984019356,0.933894314668126,0.0097344299274899,0.00263171695558588,0.00567533341012958,0.0166480549794792,77,"ok",0.00909092876581808,0.0751966140976919
"VIII","sum_10g","18-29","Women","All","Occasional (frequency proxy)",3018,1552.5207406039,0.959917537174353,0.110631878172758,0.00941239111282307,0.0932421282686856,0.130797011409405,80,"ok",0.106197480028567,0.146279942854214
"VIII","sum_10g","18-29","Women","All","Heavy",3018,1552.5207406039,0.959917537174353,0.00748106481465695,0.0020647439863357,0.00431531438450692,0.0129390558527716,80,"ok",0.00718120531232721,0.047263668137974
"VIII","sum_15.7g","66-70","Women","All","Occasional (frequency proxy)",528,283.377806525407,0.983421355505362,0.11322748129772,0.024890668766727,0.0722677891312988,0.173071338918808,72,"ok",0.111350323138261,0.1279289676329
"VIII","sum_15.7g","66-70","Women","All","Heavy",528,283.377806525407,0.983421355505362,0,0,,,72,"boundary_no_CI",0,0.0165786444946381
"VIII","sum_15.7g","66-70","Men","All","Occasional (frequency proxy)",431,277.200808091295,0.952739969313613,0.109260511051203,0.019587222388182,0.075870728097757,0.154881976278656,69,"ok",0.104096855946113,0.151356886632499
"VIII","sum_15.7g","66-70","Men","All","Heavy",431,277.200808091295,0.952739969313613,0.0134431231154687,0.00666008869817929,0.00497882026250103,0.0357798229796736,69,"ok",0.0128078007045108,0.0600678313908973
"VIII","sum_15.7g","60-65","Women","All","Occasional (frequency proxy)",752,469.730753726229,0.970821152810601,0.0808597253208115,0.0128920254543024,0.058606520208432,0.11057014613499,72,"ok",0.0785003317518988,0.107679178941298
"VIII","sum_15.7g","60-65","Women","All","Heavy",752,469.730753726229,0.970821152810601,0,0,,,72,"boundary_no_CI",0,0.029178847189399
"VIII","sum_15.7g","71-76","Women","All","Occasional (frequency proxy)",462,302.742611045205,0.983809603932943,0.0795984450999389,0.0179881171910542,0.0503181067538484,0.123697868127069,68,"ok",0.0783097147474491,0.0945001108145056
"VIII","sum_15.7g","71-76","Women","All","Heavy",462,302.742611045205,0.983809603932943,0,0,,,68,"boundary_no_CI",0,0.0161903960670566
"VIII","sum_15.7g","77+","Women","All","Occasional (frequency proxy)",521,251.765304833991,0.974374058303917,0.0380277189246745,0.00968906844962172,0.0227808745628861,0.0628229931798214,71,"ok",0.0370532228166757,0.0626791645127591
"VIII","sum_15.7g","77+","Women","All","Heavy",521,251.765304833991,0.974374058303917,0.00693196911022299,0.00685842692525756,0.000956554875835818,0.0484253304387133,71,"sparse_or_low_df",0.00675433087396536,0.0323802725700488
"VIII","sum_15.7g","71-76","Men","All","Occasional (frequency proxy)",408,264.658509742551,0.94847991086213,0.12271860933826,0.0199787205289937,0.0880771650660713,0.168467782710049,67,"ok",0.116396135646277,0.167916224784147
"VIII","sum_15.7g","71-76","Men","All","Heavy",408,264.658509742551,0.94847991086213,0.0112273528834873,0.0064107419149579,0.0035730375800177,0.0347079123051552,67,"ok",0.0106489186621477,0.0621690078000177
"VIII","sum_15.7g","60-65","Men","All","Occasional (frequency proxy)",564,385.85535127825,0.952266545108474,0.106647136222561,0.0167713522999493,0.0775251788375141,0.144989205449817,71,"ok",0.101556499956371,0.149289954847897
"VIII","sum_15.7g","60-65","Men","All","Heavy",564,385.85535127825,0.952266545108474,0.0210344048292902,0.00689301270247826,0.0109025566759762,0.0401992018997812,71,"ok",0.0200303600152012,0.0677638149067271
"VIII","sum_15.7g","45-59","Women","All","Occasional (frequency proxy)",1557,985.645654552439,0.969490611224373,0.0895635478566678,0.0118374850816122,0.0686184289093175,0.11610498271932,76,"ok",0.0868310187549843,0.117340407530611
"VIII","sum_15.7g","45-59","Women","All","Heavy",1557,985.645654552439,0.969490611224373,0.0044681157104524,0.00195765798314714,0.00186457219155207,0.0106681893770578,76,"ok",0.00433179623114772,0.0348411850067747
"VIII","sum_15.7g","77+","Men","All","Occasional (frequency proxy)",425,157.80818573848,0.974910706352618,0.0851558260433422,0.0224024543148968,0.0498473786850257,0.141743352517054,71,"ok",0.0830193265179553,0.108108620165338
"VIII","sum_15.7g","77+","Men","All","Heavy",425,157.80818573848,0.974910706352618,0.00612980573174608,0.00348809578940751,0.00196543922140991,0.018950084711023,71,"sparse_or_low_df",0.0059760132357409,0.0310653068831234
"VIII","sum_15.7g","30-44","Women","All","Occasional (frequency proxy)",1473,881.65276493253,0.943340803357205,0.109656889888401,0.0114443687795088,0.0888614973456764,0.134599905353651,78,"ok",0.103443818600977,0.160103015243772
"VIII","sum_15.7g","30-44","Women","All","Heavy",1473,881.65276493253,0.943340803357205,0.0140220647555408,0.00447362300570109,0.0074121279497222,0.0263699656334074,78,"ok",0.0132275858312186,0.0698867824740134
"VIII","sum_15.7g","45-59","Men","All","Occasional (frequency proxy)",1143,631.225366060503,0.9201417517097,0.0890538868594692,0.0111691011636489,0.0691656737705697,0.113960709355385,74,"ok",0.0819421994514295,0.161800447741729
"VIII","sum_15.7g","45-59","Men","All","Heavy",1143,631.225366060503,0.9201417517097,0.0137578365084869,0.00422772748068711,0.00744207746869967,0.025296892883039,74,"ok",0.0126591597846548,0.0925174080749542
"VIII","sum_15.7g","30-44","Men","All","Occasional (frequency proxy)",1089,685.492262717335,0.912919472865126,0.108839538614975,0.0145336592003475,0.0830800393663509,0.141354655866751,74,"ok",0.0993617342192663,0.18644226135414
"VIII","sum_15.7g","30-44","Men","All","Heavy",1089,685.492262717335,0.912919472865126,0.0255757512092776,0.00623906569771499,0.0156882572441402,0.0414325143475125,74,"ok",0.0233486013121033,0.110429128446977
"VIII","sum_15.7g","18-29","Men","All","Occasional (frequency proxy)",2699,1755.54984019356,0.933894314668126,0.126962714036935,0.0108566321502393,0.106869908939782,0.150197909633101,77,"ok",0.118569756813929,0.184675442145802
"VIII","sum_15.7g","18-29","Men","All","Heavy",2699,1755.54984019356,0.933894314668126,0.022721750883322,0.00402601323422494,0.0159459238023588,0.0322823444347154,77,"ok",0.0212197139692399,0.0873253993011137
"VIII","sum_15.7g","18-29","Women","All","Occasional (frequency proxy)",3018,1552.5207406039,0.959917537174353,0.110631878172758,0.00941239111282307,0.0932421282686856,0.130797011409405,80,"ok",0.106197480028567,0.146279942854214
"VIII","sum_15.7g","18-29","Women","All","Heavy",3018,1552.5207406039,0.959917537174353,0.0144496142180877,0.00274994596794687,0.0098848320489533,0.0210775224072299,80,"ok",0.0138704380933462,0.053952900918993
"VIII","frequency_0.25","66-70","Women","All","Occasional (frequency proxy)",528,283.377806525407,0.983421355505362,0.11322748129772,0.024890668766727,0.0722677891312988,0.173071338918808,72,"ok",0.111350323138261,0.1279289676329
"VIII","frequency_0.25","66-70","Women","All","Heavy",528,283.377806525407,0.983421355505362,0,0,,,72,"boundary_no_CI",0,0.0165786444946381
"VIII","frequency_0.25","66-70","Men","All","Occasional (frequency proxy)",431,277.200808091295,0.952739969313613,0.109260511051203,0.019587222388182,0.075870728097757,0.154881976278656,69,"ok",0.104096855946113,0.151356886632499
"VIII","frequency_0.25","66-70","Men","All","Heavy",431,277.200808091295,0.952739969313613,0.00808858534928898,0.00531146802899996,0.00217214061169953,0.0296414401203018,69,"sparse_or_low_df",0.00770631855747213,0.0549663492438586
"VIII","frequency_0.25","60-65","Women","All","Occasional (frequency proxy)",752,469.730753726229,0.970821152810601,0.0808597253208115,0.0128920254543024,0.058606520208432,0.11057014613499,72,"ok",0.0785003317518988,0.107679178941298
"VIII","frequency_0.25","60-65","Women","All","Heavy",752,469.730753726229,0.970821152810601,0,0,,,72,"boundary_no_CI",0,0.029178847189399
"VIII","frequency_0.25","71-76","Women","All","Occasional (frequency proxy)",462,302.742611045205,0.983809603932943,0.0795984450999389,0.0179881171910542,0.0503181067538484,0.123697868127069,68,"ok",0.0783097147474491,0.0945001108145056
"VIII","frequency_0.25","71-76","Women","All","Heavy",462,302.742611045205,0.983809603932943,0,0,,,68,"boundary_no_CI",0,0.0161903960670566
"VIII","frequency_0.25","77+","Women","All","Occasional (frequency proxy)",521,251.765304833991,0.974374058303917,0.0380277189246745,0.00968906844962172,0.0227808745628861,0.0628229931798214,71,"ok",0.0370532228166757,0.0626791645127591
"VIII","frequency_0.25","77+","Women","All","Heavy",521,251.765304833991,0.974374058303917,0.00693196911022299,0.00685842692525756,0.000956554875835818,0.0484253304387133,71,"sparse_or_low_df",0.00675433087396536,0.0323802725700488
"VIII","frequency_0.25","71-76","Men","All","Occasional (frequency proxy)",408,264.658509742551,0.94847991086213,0.12271860933826,0.0199787205289937,0.0880771650660713,0.168467782710049,67,"ok",0.116396135646277,0.167916224784147
"VIII","frequency_0.25","71-76","Men","All","Heavy",408,264.658509742551,0.94847991086213,0.00779485877012229,0.00452251901048361,0.00243922530596755,0.0246192701371677,67,"sparse_or_low_df",0.00739326695146849,0.0589133560893385
"VIII","frequency_0.25","60-65","Men","All","Occasional (frequency proxy)",564,385.85535127825,0.952266545108474,0.106647136222561,0.0167713522999493,0.0775251788375141,0.144989205449817,71,"ok",0.101556499956371,0.149289954847897
"VIII","frequency_0.25","60-65","Men","All","Heavy",564,385.85535127825,0.952266545108474,0.00754690950257,0.00336440732122917,0.00309551798624937,0.0182820650352424,71,"ok",0.00718666943825865,0.0549201243297846
"VIII","frequency_0.25","45-59","Women","All","Occasional (frequency proxy)",1557,985.645654552439,0.969490611224373,0.0895635478566678,0.0118374850816122,0.0686184289093175,0.11610498271932,76,"ok",0.0868310187549843,0.117340407530611
"VIII","frequency_0.25","45-59","Women","All","Heavy",1557,985.645654552439,0.969490611224373,0.00122835078191051,0.000916218688581084,0.000277820867932372,0.00541339193581772,76,"sparse_or_low_df",0.00119087455035236,0.0317002633259794
"VIII","frequency_0.25","77+","Men","All","Occasional (frequency proxy)",425,157.80818573848,0.974910706352618,0.0851558260433422,0.0224024543148968,0.0498473786850257,0.141743352517054,71,"ok",0.0830193265179553,0.108108620165338
"VIII","frequency_0.25","77+","Men","All","Heavy",425,157.80818573848,0.974910706352618,0.00612980573174608,0.00348809578940751,0.00196543922140991,0.018950084711023,71,"sparse_or_low_df",0.0059760132357409,0.0310653068831234
"VIII","frequency_0.25","30-44","Women","All","Occasional (frequency proxy)",1473,881.65276493253,0.943340803357205,0.109656889888401,0.0114443687795088,0.0888614973456764,0.134599905353651,78,"ok",0.103443818600977,0.160103015243772
"VIII","frequency_0.25","30-44","Women","All","Heavy",1473,881.65276493253,0.943340803357205,0.00651511797715913,0.00293845616351833,0.00264906463385184,0.0159331660747027,78,"ok",0.00614597662654026,0.062805173269335
"VIII","frequency_0.25","45-59","Men","All","Occasional (frequency proxy)",1143,631.225366060503,0.9201417517097,0.0890538868594692,0.0111691011636489,0.0691656737705697,0.113960709355385,74,"ok",0.0819421994514295,0.161800447741729
"VIII","frequency_0.25","45-59","Men","All","Heavy",1143,631.225366060503,0.9201417517097,0.00459540740934642,0.00203031007472396,0.00190286993851263,0.0110556508520231,74,"ok",0.00422842622345576,0.0840866745137552
"VIII","frequency_0.25","30-44","Men","All","Occasional (frequency proxy)",1089,685.492262717335,0.912919472865126,0.108839538614975,0.0145336592003475,0.0830800393663509,0.141354655866751,74,"ok",0.0993617342192663,0.18644226135414
"VIII","frequency_0.25","30-44","Men","All","Heavy",1089,685.492262717335,0.912919472865126,0.0125426245228723,0.00444824049006666,0.00617144462498477,0.0253235867526781,74,"ok",0.0114504061677658,0.0985309333026394
"VIII","frequency_0.25","18-29","Men","All","Occasional (frequency proxy)",2699,1755.54984019356,0.933894314668126,0.126962714036935,0.0108566321502393,0.106869908939782,0.150197909633101,77,"ok",0.118569756813929,0.184675442145802
"VIII","frequency_0.25","18-29","Men","All","Heavy",2699,1755.54984019356,0.933894314668126,0.0125220514219469,0.00306205210850228,0.00768504294290081,0.0203410929232704,77,"ok",0.0116942726309382,0.077799957962812
"VIII","frequency_0.25","18-29","Women","All","Occasional (frequency proxy)",3018,1552.5207406039,0.959917537174353,0.110631878172758,0.00941239111282307,0.0932421282686856,0.130797011409405,80,"ok",0.106197480028567,0.146279942854214
"VIII","frequency_0.25","18-29","Women","All","Heavy",3018,1552.5207406039,0.959917537174353,0.00928477466798157,0.00232496093091516,0.00563535016504469,0.0152612760477348,80,"ok",0.00891261803250769,0.0489950808581545
"VIII","frequency_0.75","66-70","Women","All","Occasional (frequency proxy)",528,283.377806525407,0.983421355505362,0.11322748129772,0.024890668766727,0.0722677891312988,0.173071338918808,72,"ok",0.111350323138261,0.1279289676329
"VIII","frequency_0.75","66-70","Women","All","Heavy",528,283.377806525407,0.983421355505362,0,0,,,72,"boundary_no_CI",0,0.0165786444946381
"VIII","frequency_0.75","66-70","Men","All","Occasional (frequency proxy)",431,277.200808091295,0.952739969313613,0.109260511051203,0.019587222388182,0.075870728097757,0.154881976278656,69,"ok",0.104096855946113,0.151356886632499
"VIII","frequency_0.75","66-70","Men","All","Heavy",431,277.200808091295,0.952739969313613,0.00808858534928898,0.00531146802899996,0.00217214061169953,0.0296414401203018,69,"sparse_or_low_df",0.00770631855747213,0.0549663492438586
"VIII","frequency_0.75","60-65","Women","All","Occasional (frequency proxy)",752,469.730753726229,0.970821152810601,0.0808597253208115,0.0128920254543024,0.058606520208432,0.11057014613499,72,"ok",0.0785003317518988,0.107679178941298
"VIII","frequency_0.75","60-65","Women","All","Heavy",752,469.730753726229,0.970821152810601,0,0,,,72,"boundary_no_CI",0,0.029178847189399
"VIII","frequency_0.75","71-76","Women","All","Occasional (frequency proxy)",462,302.742611045205,0.983809603932943,0.0795984450999389,0.0179881171910542,0.0503181067538484,0.123697868127069,68,"ok",0.0783097147474491,0.0945001108145056
"VIII","frequency_0.75","71-76","Women","All","Heavy",462,302.742611045205,0.983809603932943,0,0,,,68,"boundary_no_CI",0,0.0161903960670566
"VIII","frequency_0.75","77+","Women","All","Occasional (frequency proxy)",521,251.765304833991,0.974374058303917,0.0380277189246745,0.00968906844962172,0.0227808745628861,0.0628229931798214,71,"ok",0.0370532228166757,0.0626791645127591
"VIII","frequency_0.75","77+","Women","All","Heavy",521,251.765304833991,0.974374058303917,0.00693196911022299,0.00685842692525756,0.000956554875835818,0.0484253304387133,71,"sparse_or_low_df",0.00675433087396536,0.0323802725700488
"VIII","frequency_0.75","71-76","Men","All","Occasional (frequency proxy)",408,264.658509742551,0.94847991086213,0.12271860933826,0.0199787205289937,0.0880771650660713,0.168467782710049,67,"ok",0.116396135646277,0.167916224784147
"VIII","frequency_0.75","71-76","Men","All","Heavy",408,264.658509742551,0.94847991086213,0.00779485877012229,0.00452251901048361,0.00243922530596755,0.0246192701371677,67,"sparse_or_low_df",0.00739326695146849,0.0589133560893385
"VIII","frequency_0.75","60-65","Men","All","Occasional (frequency proxy)",564,385.85535127825,0.952266545108474,0.106647136222561,0.0167713522999493,0.0775251788375141,0.144989205449817,71,"ok",0.101556499956371,0.149289954847897
"VIII","frequency_0.75","60-65","Men","All","Heavy",564,385.85535127825,0.952266545108474,0.00754690950257,0.00336440732122917,0.00309551798624937,0.0182820650352424,71,"ok",0.00718666943825865,0.0549201243297846
"VIII","frequency_0.75","45-59","Women","All","Occasional (frequency proxy)",1557,985.645654552439,0.969490611224373,0.0895635478566678,0.0118374850816122,0.0686184289093175,0.11610498271932,76,"ok",0.0868310187549843,0.117340407530611
"VIII","frequency_0.75","45-59","Women","All","Heavy",1557,985.645654552439,0.969490611224373,0.00122835078191051,0.000916218688581084,0.000277820867932372,0.00541339193581772,76,"sparse_or_low_df",0.00119087455035236,0.0317002633259794
"VIII","frequency_0.75","77+","Men","All","Occasional (frequency proxy)",425,157.80818573848,0.974910706352618,0.0851558260433422,0.0224024543148968,0.0498473786850257,0.141743352517054,71,"ok",0.0830193265179553,0.108108620165338
"VIII","frequency_0.75","77+","Men","All","Heavy",425,157.80818573848,0.974910706352618,0.00612980573174608,0.00348809578940751,0.00196543922140991,0.018950084711023,71,"sparse_or_low_df",0.0059760132357409,0.0310653068831234
"VIII","frequency_0.75","30-44","Women","All","Occasional (frequency proxy)",1473,881.65276493253,0.943340803357205,0.109656889888401,0.0114443687795088,0.0888614973456764,0.134599905353651,78,"ok",0.103443818600977,0.160103015243772
"VIII","frequency_0.75","30-44","Women","All","Heavy",1473,881.65276493253,0.943340803357205,0.00651511797715913,0.00293845616351833,0.00264906463385184,0.0159331660747027,78,"ok",0.00614597662654026,0.062805173269335
"VIII","frequency_0.75","45-59","Men","All","Occasional (frequency proxy)",1143,631.225366060503,0.9201417517097,0.0890538868594692,0.0111691011636489,0.0691656737705697,0.113960709355385,74,"ok",0.0819421994514295,0.161800447741729
"VIII","frequency_0.75","45-59","Men","All","Heavy",1143,631.225366060503,0.9201417517097,0.00459540740934642,0.00203031007472396,0.00190286993851263,0.0110556508520231,74,"ok",0.00422842622345576,0.0840866745137552
"VIII","frequency_0.75","30-44","Men","All","Occasional (frequency proxy)",1089,685.492262717335,0.912919472865126,0.108839538614975,0.0145336592003475,0.0830800393663509,0.141354655866751,74,"ok",0.0993617342192663,0.18644226135414
"VIII","frequency_0.75","30-44","Men","All","Heavy",1089,685.492262717335,0.912919472865126,0.0125426245228723,0.00444824049006666,0.00617144462498477,0.0253235867526781,74,"ok",0.0114504061677658,0.0985309333026394
"VIII","frequency_0.75","18-29","Men","All","Occasional (frequency proxy)",2699,1755.54984019356,0.933894314668126,0.126962714036935,0.0108566321502393,0.106869908939782,0.150197909633101,77,"ok",0.118569756813929,0.184675442145802
"VIII","frequency_0.75","18-29","Men","All","Heavy",2699,1755.54984019356,0.933894314668126,0.0125220514219469,0.00306205210850228,0.00768504294290081,0.0203410929232704,77,"ok",0.0116942726309382,0.077799957962812
"VIII","frequency_0.75","18-29","Women","All","Occasional (frequency proxy)",3018,1552.5207406039,0.959917537174353,0.110631878172758,0.00941239111282307,0.0932421282686856,0.130797011409405,80,"ok",0.106197480028567,0.146279942854214
"VIII","frequency_0.75","18-29","Women","All","Heavy",3018,1552.5207406039,0.959917537174353,0.00987194583070703,0.00234045200089959,0.00615297336556648,0.0158029928298643,80,"ok",0.00947625392893091,0.0495587167545777
"VIII","Calvo_max_complete","66-70","Women","All","Occasional (frequency proxy)",528,283.377806525407,0.983421355505362,0.11322748129772,0.024890668766727,0.0722677891312988,0.173071338918808,72,"ok",0.111350323138261,0.1279289676329
"VIII","Calvo_max_complete","66-70","Women","All","Heavy",528,283.377806525407,0.983421355505362,0,0,,,72,"boundary_no_CI",0,0.0165786444946381
"VIII","Calvo_max_complete","66-70","Men","All","Occasional (frequency proxy)",431,277.200808091295,0.952739969313613,0.109260511051203,0.019587222388182,0.075870728097757,0.154881976278656,69,"ok",0.104096855946113,0.151356886632499
"VIII","Calvo_max_complete","66-70","Men","All","Heavy",431,277.200808091295,0.952739969313613,0.00579566034228181,0.00486993293368625,0.0010787180584972,0.0305085687216898,69,"sparse_or_low_df",0.0055217572566577,0.0527817879430442
"VIII","Calvo_max_complete","60-65","Women","All","Occasional (frequency proxy)",752,469.730753726229,0.970821152810601,0.0808597253208115,0.0128920254543024,0.058606520208432,0.11057014613499,72,"ok",0.0785003317518988,0.107679178941298
"VIII","Calvo_max_complete","60-65","Women","All","Heavy",752,469.730753726229,0.970821152810601,0,0,,,72,"boundary_no_CI",0,0.029178847189399
"VIII","Calvo_max_complete","71-76","Women","All","Occasional (frequency proxy)",462,302.742611045205,0.983809603932943,0.0795984450999389,0.0179881171910542,0.0503181067538484,0.123697868127069,68,"ok",0.0783097147474491,0.0945001108145056
"VIII","Calvo_max_complete","71-76","Women","All","Heavy",462,302.742611045205,0.983809603932943,0,0,,,68,"boundary_no_CI",0,0.0161903960670566
"VIII","Calvo_max_complete","77+","Women","All","Occasional (frequency proxy)",521,251.765304833991,0.974374058303917,0.0380277189246745,0.00968906844962172,0.0227808745628861,0.0628229931798214,71,"ok",0.0370532228166757,0.0626791645127591
"VIII","Calvo_max_complete","77+","Women","All","Heavy",521,251.765304833991,0.974374058303917,0.00693196911022299,0.00685842692525756,0.000956554875835818,0.0484253304387133,71,"sparse_or_low_df",0.00675433087396536,0.0323802725700488
"VIII","Calvo_max_complete","71-76","Men","All","Occasional (frequency proxy)",408,264.658509742551,0.94847991086213,0.12271860933826,0.0199787205289937,0.0880771650660713,0.168467782710049,67,"ok",0.116396135646277,0.167916224784147
"VIII","Calvo_max_complete","71-76","Men","All","Heavy",408,264.658509742551,0.94847991086213,0.00507733049528092,0.0038633171762915,0.00110767537179051,0.0229465146033423,67,"sparse_or_low_df",0.00481574597558162,0.0563358351134516
"VIII","Calvo_max_complete","60-65","Men","All","Occasional (frequency proxy)",564,385.85535127825,0.952266545108474,0.106647136222561,0.0167713522999493,0.0775251788375141,0.144989205449817,71,"ok",0.101556499956371,0.149289954847897
"VIII","Calvo_max_complete","60-65","Men","All","Heavy",564,385.85535127825,0.952266545108474,0.00506018711886715,0.0028656003357552,0.00163219133004428,0.0155754807000232,71,"sparse_or_low_df",0.00481864690528603,0.052552101796812
"VIII","Calvo_max_complete","45-59","Women","All","Occasional (frequency proxy)",1557,985.645654552439,0.969490611224373,0.0895635478566678,0.0118374850816122,0.0686184289093175,0.11610498271932,76,"ok",0.0868310187549843,0.117340407530611
"VIII","Calvo_max_complete","45-59","Women","All","Heavy",1557,985.645654552439,0.969490611224373,0.00122835078191051,0.000916218688581084,0.000277820867932372,0.00541339193581772,76,"sparse_or_low_df",0.00119087455035236,0.0317002633259794
"VIII","Calvo_max_complete","77+","Men","All","Occasional (frequency proxy)",425,157.80818573848,0.974910706352618,0.0851558260433422,0.0224024543148968,0.0498473786850257,0.141743352517054,71,"ok",0.0830193265179553,0.108108620165338
"VIII","Calvo_max_complete","77+","Men","All","Heavy",425,157.80818573848,0.974910706352618,0.00612980573174608,0.00348809578940751,0.00196543922140991,0.018950084711023,71,"sparse_or_low_df",0.0059760132357409,0.0310653068831234
"VIII","Calvo_max_complete","30-44","Women","All","Occasional (frequency proxy)",1473,881.65276493253,0.943340803357205,0.109656889888401,0.0114443687795088,0.0888614973456764,0.134599905353651,78,"ok",0.103443818600977,0.160103015243772
"VIII","Calvo_max_complete","30-44","Women","All","Heavy",1473,881.65276493253,0.943340803357205,0.00219361339048249,0.00128058273281794,0.000685431425757512,0.00699707217951827,78,"sparse_or_low_df",0.00206932501803288,0.0587285216608276
"VIII","Calvo_max_complete","45-59","Men","All","Occasional (frequency proxy)",1143,631.225366060503,0.9201417517097,0.0890538868594692,0.0111691011636489,0.0691656737705697,0.113960709355385,74,"ok",0.0819421994514295,0.161800447741729
"VIII","Calvo_max_complete","45-59","Men","All","Heavy",1143,631.225366060503,0.9201417517097,0.00113085169717071,0.000806175311136418,0.000273009881013584,0.00467157759330829,74,"sparse_or_low_df",0.00104054386155855,0.080898792151858
"VIII","Calvo_max_complete","30-44","Men","All","Occasional (frequency proxy)",1089,685.492262717335,0.912919472865126,0.108839538614975,0.0145336592003475,0.0830800393663509,0.141354655866751,74,"ok",0.0993617342192663,0.18644226135414
"VIII","Calvo_max_complete","30-44","Men","All","Heavy",1089,685.492262717335,0.912919472865126,0.00601689808381826,0.0020964283790498,0.00300161182210921,0.0120246746704425,74,"ok",0.00549294342696255,0.0925734705618362
"VIII","Calvo_max_complete","18-29","Men","All","Occasional (frequency proxy)",2699,1755.54984019356,0.933894314668126,0.126962714036935,0.0108566321502393,0.106869908939782,0.150197909633101,77,"ok",0.118569756813929,0.184675442145802
"VIII","Calvo_max_complete","18-29","Men","All","Heavy",2699,1755.54984019356,0.933894314668126,0.00636683114762612,0.00195339722168281,0.00345278831359006,0.0117113307145464,77,"ok",0.00594594741121997,0.0720516327430938
"VIII","Calvo_max_complete","18-29","Women","All","Occasional (frequency proxy)",3018,1552.5207406039,0.959917537174353,0.110631878172758,0.00941239111282307,0.0932421282686856,0.130797011409405,80,"ok",0.106197480028567,0.146279942854214
"VIII","Calvo_max_complete","18-29","Women","All","Heavy",3018,1552.5207406039,0.959917537174353,0.00445562802820759,0.00150781763701026,0.00227026015796962,0.00872624713557256,80,"ok",0.00427703548340205,0.0443594983090488
"VIII","quantity_cap15","66-70","Women","All","Occasional (frequency proxy)",528,283.377806525407,0.983421355505362,0.11322748129772,0.024890668766727,0.0722677891312988,0.173071338918808,72,"ok",0.111350323138261,0.1279289676329
"VIII","quantity_cap15","66-70","Women","All","Heavy",528,283.377806525407,0.983421355505362,0,0,,,72,"boundary_no_CI",0,0.0165786444946381
"VIII","quantity_cap15","66-70","Men","All","Occasional (frequency proxy)",431,277.200808091295,0.952739969313613,0.109260511051203,0.019587222388182,0.075870728097757,0.154881976278656,69,"ok",0.104096855946113,0.151356886632499
"VIII","quantity_cap15","66-70","Men","All","Heavy",431,277.200808091295,0.952739969313613,0.00808858534928898,0.00531146802899996,0.00217214061169953,0.0296414401203018,69,"sparse_or_low_df",0.00770631855747213,0.0549663492438586
"VIII","quantity_cap15","60-65","Women","All","Occasional (frequency proxy)",752,469.730753726229,0.970821152810601,0.0808597253208115,0.0128920254543024,0.058606520208432,0.11057014613499,72,"ok",0.0785003317518988,0.107679178941298
"VIII","quantity_cap15","60-65","Women","All","Heavy",752,469.730753726229,0.970821152810601,0,0,,,72,"boundary_no_CI",0,0.029178847189399
"VIII","quantity_cap15","71-76","Women","All","Occasional (frequency proxy)",462,302.742611045205,0.983809603932943,0.0795984450999389,0.0179881171910542,0.0503181067538484,0.123697868127069,68,"ok",0.0783097147474491,0.0945001108145056
"VIII","quantity_cap15","71-76","Women","All","Heavy",462,302.742611045205,0.983809603932943,0,0,,,68,"boundary_no_CI",0,0.0161903960670566
"VIII","quantity_cap15","77+","Women","All","Occasional (frequency proxy)",521,251.765304833991,0.974374058303917,0.0380277189246745,0.00968906844962172,0.0227808745628861,0.0628229931798214,71,"ok",0.0370532228166757,0.0626791645127591
"VIII","quantity_cap15","77+","Women","All","Heavy",521,251.765304833991,0.974374058303917,0.00693196911022299,0.00685842692525756,0.000956554875835818,0.0484253304387133,71,"sparse_or_low_df",0.00675433087396536,0.0323802725700488
"VIII","quantity_cap15","71-76","Men","All","Occasional (frequency proxy)",408,264.658509742551,0.94847991086213,0.12271860933826,0.0199787205289937,0.0880771650660713,0.168467782710049,67,"ok",0.116396135646277,0.167916224784147
"VIII","quantity_cap15","71-76","Men","All","Heavy",408,264.658509742551,0.94847991086213,0.00779485877012229,0.00452251901048361,0.00243922530596755,0.0246192701371677,67,"sparse_or_low_df",0.00739326695146849,0.0589133560893385
"VIII","quantity_cap15","60-65","Men","All","Occasional (frequency proxy)",564,385.85535127825,0.952266545108474,0.106647136222561,0.0167713522999493,0.0775251788375141,0.144989205449817,71,"ok",0.101556499956371,0.149289954847897
"VIII","quantity_cap15","60-65","Men","All","Heavy",564,385.85535127825,0.952266545108474,0.00754690950257,0.00336440732122917,0.00309551798624937,0.0182820650352424,71,"ok",0.00718666943825865,0.0549201243297846
"VIII","quantity_cap15","45-59","Women","All","Occasional (frequency proxy)",1557,985.645654552439,0.969490611224373,0.0895635478566678,0.0118374850816122,0.0686184289093175,0.11610498271932,76,"ok",0.0868310187549843,0.117340407530611
"VIII","quantity_cap15","45-59","Women","All","Heavy",1557,985.645654552439,0.969490611224373,0.00122835078191051,0.000916218688581084,0.000277820867932372,0.00541339193581772,76,"sparse_or_low_df",0.00119087455035236,0.0317002633259794
"VIII","quantity_cap15","77+","Men","All","Occasional (frequency proxy)",425,157.80818573848,0.974910706352618,0.0851558260433422,0.0224024543148968,0.0498473786850257,0.141743352517054,71,"ok",0.0830193265179553,0.108108620165338
"VIII","quantity_cap15","77+","Men","All","Heavy",425,157.80818573848,0.974910706352618,0.00612980573174608,0.00348809578940751,0.00196543922140991,0.018950084711023,71,"sparse_or_low_df",0.0059760132357409,0.0310653068831234
"VIII","quantity_cap15","30-44","Women","All","Occasional (frequency proxy)",1473,881.65276493253,0.943340803357205,0.109656889888401,0.0114443687795088,0.0888614973456764,0.134599905353651,78,"ok",0.103443818600977,0.160103015243772
"VIII","quantity_cap15","30-44","Women","All","Heavy",1473,881.65276493253,0.943340803357205,0.00651511797715913,0.00293845616351833,0.00264906463385184,0.0159331660747027,78,"ok",0.00614597662654026,0.062805173269335
"VIII","quantity_cap15","45-59","Men","All","Occasional (frequency proxy)",1143,631.225366060503,0.9201417517097,0.0890538868594692,0.0111691011636489,0.0691656737705697,0.113960709355385,74,"ok",0.0819421994514295,0.161800447741729
"VIII","quantity_cap15","45-59","Men","All","Heavy",1143,631.225366060503,0.9201417517097,0.00459540740934642,0.00203031007472396,0.00190286993851263,0.0110556508520231,74,"ok",0.00422842622345576,0.0840866745137552
"VIII","quantity_cap15","30-44","Men","All","Occasional (frequency proxy)",1089,685.492262717335,0.912919472865126,0.108839538614975,0.0145336592003475,0.0830800393663509,0.141354655866751,74,"ok",0.0993617342192663,0.18644226135414
"VIII","quantity_cap15","30-44","Men","All","Heavy",1089,685.492262717335,0.912919472865126,0.0125426245228723,0.00444824049006666,0.00617144462498477,0.0253235867526781,74,"ok",0.0114504061677658,0.0985309333026394
"VIII","quantity_cap15","18-29","Men","All","Occasional (frequency proxy)",2699,1755.54984019356,0.933894314668126,0.126962714036935,0.0108566321502393,0.106869908939782,0.150197909633101,77,"ok",0.118569756813929,0.184675442145802
"VIII","quantity_cap15","18-29","Men","All","Heavy",2699,1755.54984019356,0.933894314668126,0.0125220514219469,0.00306205210850228,0.00768504294290081,0.0203410929232704,77,"ok",0.0116942726309382,0.077799957962812
"VIII","quantity_cap15","18-29","Women","All","Occasional (frequency proxy)",3018,1552.5207406039,0.959917537174353,0.110631878172758,0.00941239111282307,0.0932421282686856,0.130797011409405,80,"ok",0.106197480028567,0.146279942854214
"VIII","quantity_cap15","18-29","Women","All","Heavy",3018,1552.5207406039,0.959917537174353,0.00965641992954942,0.00231845010008357,0.00598265366208626,0.0155508416584616,80,"ok",0.00926936683669442,0.0493518296623412
