"wave","age_group","sex","education","outcome","n_valid","n_eff","coverage","estimate","se","lower","upper","df","flag","bound_lower","bound_upper"
"VI","45-59","Men","Primary completed or less","Declared current use",820,471.913992635802,0.993341002031616,0.517717718299994,0.023049688539969,0.472452759733402,0.56269375080213,819,"ok",0.514270237065638,0.520929235034022
"VI","45-59","Men","Primary completed or less","Current abstainer (history unknown)",792,452.121620582172,0.962812799274239,0.497574154941747,0.0235206708306739,0.451555187917069,0.543634258248951,791,"ok",0.479070764965978,0.516257965691738
"VI","45-59","Men","Primary completed or less","Occasional (frequency proxy)",792,452.121620582172,0.962812799274239,0.135085074585303,0.0147826112153827,0.108603329635442,0.166815691487628,791,"ok",0.130061638801645,0.167248839527406
"VI","45-59","Men","Primary completed or less","Moderate",792,452.121620582172,0.962812799274239,0.32153203253214,0.0218854553763853,0.280159300933682,0.365908810570903,791,"ok",0.309575156298605,0.346762357024366
"VI","45-59","Men","Primary completed or less","Heavy",792,452.121620582172,0.962812799274239,0.0458087379408098,0.0103878546760565,0.0292300245807331,0.0711018706194355,791,"ok",0.0441052392080112,0.0812924399337718
"VI","45-59","Women","Secondary completed or less","Declared current use",896,506.098111862037,0.995724587285336,0.250425989251135,0.0185441298828785,0.215814141006691,0.288546298392686,895,"ok",0.249355314792609,0.253630727507273
"VI","45-59","Women","Secondary completed or less","Current abstainer (history unknown)",882,496.0532175361,0.980039477909116,0.761570619670427,0.0184434650117427,0.723513870907698,0.795867011102445,881,"ok",0.746369272492727,0.766329794583611
"VI","45-59","Women","Secondary completed or less","Occasional (frequency proxy)",882,496.0532175361,0.980039477909116,0.127408834048243,0.0138485172894749,0.102611111166547,0.157149896952177,881,"ok",0.124865687201649,0.144826209292532
"VI","45-59","Women","Secondary completed or less","Moderate",882,496.0532175361,0.980039477909116,0.103548125419605,0.0133763917680793,0.0800821609024921,0.132896812008866,881,"ok",0.101481250774698,0.121441772865581
"VI","45-59","Women","Secondary completed or less","Heavy",882,496.0532175361,0.980039477909116,0.0074724208617256,0.00437391435009256,0.00236051893872575,0.0233949744600931,881,"sparse_or_low_df",0.00732326744004274,0.0272837895309263
"VI","45-59","Men","Tertiary completed or higher","Declared current use",195,76.6612811526623,0.990131582178087,0.644193459749867,0.05218799228506,0.53607472290343,0.739365586800255,194,"ok",0.637836289530912,0.647704707352824
"VI","45-59","Men","Tertiary completed or higher","Current abstainer (history unknown)",191,74.7375250580851,0.974294962154329,0.361589976682412,0.053031502239487,0.26471218232453,0.47120170938343,190,"ok",0.352295292647176,0.378000330492846
"VI","45-59","Men","Tertiary completed or higher","Occasional (frequency proxy)",191,74.7375250580851,0.974294962154329,0.163665399428999,0.0326765486429952,0.10889308187898,0.23861070026733,190,"ok",0.15945837414265,0.185163411988321
"VI","45-59","Men","Tertiary completed or higher","Moderate",191,74.7375250580851,0.974294962154329,0.460656478652851,0.0591564105493528,0.348109660646151,0.577363263804052,190,"ok",0.448815286435226,0.474520324280897
"VI","45-59","Men","Tertiary completed or higher","Heavy",191,74.7375250580851,0.974294962154329,0.0140881452357372,0.0099730738519828,0.0034547313603368,0.0556236295643066,190,"sparse_or_low_df",0.0137260089292773,0.0394310467749481
"VI","45-59","Men","Secondary completed or less","Declared current use",735,410.291216836895,0.997279024906669,0.531802909206765,0.0248641856958117,0.482840957015538,0.58016002689471,734,"ok",0.530355886736253,0.533076861829584
"VI","45-59","Men","Secondary completed or less","Current abstainer (history unknown)",714,396.442287560096,0.971540833991307,0.480600631321065,0.0252308874703691,0.431415557174681,0.530164611344708,713,"ok",0.466923138170416,0.495382304179109
"VI","45-59","Men","Secondary completed or less","Occasional (frequency proxy)",714,396.442287560096,0.971540833991307,0.187061684663956,0.0195915349298337,0.151593977333492,0.228591757395276,713,"ok",0.181738065126239,0.210197231134932
"VI","45-59","Men","Secondary completed or less","Moderate",714,396.442287560096,0.971540833991307,0.320535351925549,0.0221495013466738,0.278687778643236,0.365482779086729,713,"ok",0.311413183133445,0.339872349142138
"VI","45-59","Men","Secondary completed or less","Heavy",714,396.442287560096,0.971540833991307,0.0118023320894298,0.00391974275233926,0.00613607334920841,0.0225821182428466,713,"ok",0.011466447561207,0.0399256135699
"VI","45-59","Women","Primary completed or less","Declared current use",871,566.185454899883,0.99759477481867,0.204787934847982,0.0168388546825772,0.173707117124897,0.239815907875454,870,"ok",0.204295373750253,0.206700598931583
"VI","45-59","Women","Primary completed or less","Current abstainer (history unknown)",861,557.441283806547,0.984700276259188,0.805625244751743,0.0166982727315464,0.770747338494566,0.836323750963703,860,"ok",0.793299401068417,0.808599124809229
"VI","45-59","Women","Primary completed or less","Occasional (frequency proxy)",861,557.441283806547,0.984700276259188,0.0989031860771589,0.0129766249810243,0.0761913895041425,0.127451088579024,860,"ok",0.0973899946530923,0.112689718393904
"VI","45-59","Women","Primary completed or less","Moderate",861,557.441283806547,0.984700276259188,0.0934375142667349,0.0118386368493223,0.0726500092029773,0.119407122347831,860,"ok",0.0920079461114257,0.107307669852237
"VI","45-59","Women","Primary completed or less","Heavy",861,557.441283806547,0.984700276259188,0.00203405490436338,0.00203180075714431,0.000285713564318091,0.0143275377885867,860,"sparse_or_low_df",0.00200293442625298,0.0173026581670647
"VI","60-65","Women","Primary completed or less","Declared current use",394,251.015990404335,0.99414540490065,0.201898095182383,0.0302706291935521,0.14883007946743,0.267932063286319,393,"ok",0.20071606358376,0.20657065868311
"VI","60-65","Women","Primary completed or less","Current abstainer (history unknown)",389,247.919135122738,0.978583922479532,0.810793354653223,0.0301190702067714,0.74443756381719,0.863088752626046,388,"ok",0.79342934131689,0.814845418837357
"VI","60-65","Women","Primary completed or less","Occasional (frequency proxy)",389,247.919135122738,0.978583922479532,0.0994228244947546,0.0264118522329817,0.0582161810334696,0.164695792033902,388,"ok",0.0972935775780711,0.118709655098539
"VI","60-65","Women","Primary completed or less","Moderate",389,247.919135122738,0.978583922479532,0.0797429657970256,0.0168011715637346,0.05235266126202,0.119654153797407,388,"ok",0.0780351842598045,0.0994512617802723
"VI","60-65","Women","Primary completed or less","Heavy",389,247.919135122738,0.978583922479532,0.0100408550549966,0.00996025526534118,0.00141233510876196,0.0678050498781572,388,"sparse_or_low_df",0.00982581932476698,0.0312418968452348
"VI","45-59","Women","Tertiary completed or higher","Declared current use",292,154.235589524621,0.984532602079591,0.322605239556475,0.0372395788971576,0.254033525408425,0.399767203951241,291,"ok",0.317615375945046,0.333082773865455
"VI","45-59","Women","Tertiary completed or higher","Current abstainer (history unknown)",286,151.555438257402,0.974533922498495,0.684344803949679,0.0374909604840289,0.606398407929977,0.753139087073,285,"ok",0.666917226134545,0.692383303636049
"VI","45-59","Women","Tertiary completed or higher","Occasional (frequency proxy)",286,151.555438257402,0.974533922498495,0.100288869020215,0.019780948139089,0.0675135849071816,0.146475968482584,285,"ok",0.0977349049092082,0.123200982410713
"VI","45-59","Women","Tertiary completed or higher","Moderate",286,151.555438257402,0.974533922498495,0.215366327030106,0.0350680818995316,0.15428906778334,0.292266129643116,285,"ok",0.209881791454742,0.235347868956247
"VI","45-59","Women","Tertiary completed or higher","Heavy",286,151.555438257402,0.974533922498495,0,0,,,285,"boundary_no_CI",0,0.0254660775015045
"VI","77+","Women","Primary completed or less","Declared current use",420,269.730760796459,0.993785408742636,0.106842996223453,0.0170426123834079,0.0776688463271709,0.145249855064357,419,"ok",0.106179010673212,0.112393601930576
"VI","77+","Women","Primary completed or less","Current abstainer (history unknown)",419,268.990864676682,0.991979248766823,0.894783231779142,0.016988280781035,0.856419522084965,0.923808364401327,418,"ok",0.887606398069424,0.8956271493026
"VI","77+","Women","Primary completed or less","Occasional (frequency proxy)",419,268.990864676682,0.991979248766823,0.071228649844344,0.0149069062893041,0.0469361520255088,0.106686664076961,418,"ok",0.0706573425632675,0.0786780937964443
"VI","77+","Women","Primary completed or less","Moderate",419,268.990864676682,0.991979248766823,0.0339881183765139,0.00868144624614266,0.0204941322805102,0.0558602770315539,418,"ok",0.0337155081341321,0.041736259367309
"VI","77+","Women","Primary completed or less","Heavy",419,268.990864676682,0.991979248766823,0,0,,,418,"boundary_no_CI",0,0.00802075123317688
"VI","30-44","Men","Secondary completed or less","Declared current use",576,297.606498897454,0.997405571402586,0.594484038011088,0.0284594036217509,0.537595312138644,0.648944221984806,575,"ok",0.592941691622166,0.59553612021958
"VI","30-44","Men","Secondary completed or less","Current abstainer (history unknown)",559,298.608182685634,0.958105600626857,0.422149583006083,0.0287512981869347,0.366917495124653,0.479399938695524,558,"ok",0.40446387978042,0.446358279153563
"VI","30-44","Men","Secondary completed or less","Occasional (frequency proxy)",559,298.608182685634,0.958105600626857,0.169275827387636,0.0228379245349412,0.129006447714495,0.218955357333728,558,"ok",0.162184118270839,0.204078517643983
"VI","30-44","Men","Secondary completed or less","Moderate",559,298.608182685634,0.958105600626857,0.395075222839249,0.0278754490528384,0.341834103517935,0.450927385344004,558,"ok",0.378523783671188,0.420418183044331
"VI","30-44","Men","Secondary completed or less","Heavy",559,298.608182685634,0.958105600626857,0.013499366767032,0.00424439347477544,0.00726386823369711,0.0249530399039846,558,"ok",0.0129338189044094,0.0548282182775528
"VI","77+","Men","Primary completed or less","Declared current use",339,239.010856853457,0.990766257569764,0.256554292059203,0.0267481505608327,0.207542244581802,0.312575368777648,338,"ok",0.254185335806957,0.263419078237193
"VI","77+","Men","Primary completed or less","Current abstainer (history unknown)",333,234.51784235986,0.969442151313403,0.759798736587721,0.0261056183196037,0.704786418954101,0.80736164961252,332,"ok",0.736580921762807,0.767138770449403
"VI","77+","Men","Primary completed or less","Occasional (frequency proxy)",333,234.51784235986,0.969442151313403,0.103089776590499,0.0176550697379328,0.0731711850687315,0.143349550065363,332,"ok",0.0999395747963116,0.130497423482908
"VI","77+","Men","Primary completed or less","Moderate",333,234.51784235986,0.969442151313403,0.132147293029103,0.0206406976636571,0.0965511635459724,0.178277227494201,332,"ok",0.128109156044377,0.158667004730973
"VI","77+","Men","Primary completed or less","Heavy",333,234.51784235986,0.969442151313403,0.00496419379267607,0.00495026084412854,0.000694288706885853,0.034585351109993,332,"sparse_or_low_df",0.00481249870990853,0.0353703473965052
"VI","30-44","Women","Tertiary completed or higher","Declared current use",327,150.876558609998,1,0.349078785499104,0.0362292975967182,0.281555299255227,0.423255810192844,326,"ok",0.349078785499104,0.349078785499104
"VI","30-44","Women","Tertiary completed or higher","Current abstainer (history unknown)",325,150.264782801225,0.997781341938334,0.652368597348581,0.0362695601656275,0.578064855627113,0.719927004401294,324,"ok",0.650921214500896,0.653139872562562
"VI","30-44","Women","Tertiary completed or higher","Occasional (frequency proxy)",325,150.264782801225,0.997781341938334,0.120253043783557,0.0202598276116817,0.0857406007589648,0.166133127947766,324,"ok",0.119986243398527,0.122204901460193
"VI","30-44","Women","Tertiary completed or higher","Moderate",325,150.264782801225,0.997781341938334,0.225874077404694,0.0321120900465833,0.168954713801277,0.295158553537481,324,"ok",0.225372940061938,0.227591598123604
"VI","30-44","Women","Tertiary completed or higher","Heavy",325,150.264782801225,0.997781341938334,0.00150428146316776,0.00150706611334001,0.000209231834065706,0.0107290778848658,324,"sparse_or_low_df",0.00150094397697248,0.00371960203863805
"VI","71-76","Women","Primary completed or less","Declared current use",289,161.949741998581,0.996094120608477,0.139230418895095,0.029278991401656,0.0909120489306081,0.207371313917411,288,"ok",0.138686601671259,0.142592481062782
"VI","71-76","Women","Primary completed or less","Current abstainer (history unknown)",289,161.949741998581,0.996094120608477,0.860769581104905,0.029278991401656,0.792628686082589,0.909087951069392,288,"ok",0.857407518937218,0.861313398328741
"VI","71-76","Women","Primary completed or less","Occasional (frequency proxy)",289,161.949741998581,0.996094120608477,0.0894049577160233,0.0263466312528022,0.0493650897885189,0.156572116856423,288,"ok",0.0890557527341803,0.0929616321257033
"VI","71-76","Women","Primary completed or less","Moderate",289,161.949741998581,0.996094120608477,0.0498254611790716,0.0151235804870684,0.0272024758421516,0.0895313056163424,288,"ok",0.0496308489370791,0.0535367283286022
"VI","71-76","Women","Primary completed or less","Heavy",289,161.949741998581,0.996094120608477,0,0,,,288,"boundary_no_CI",0,0.00390587939152302
"VI","66-70","Men","Secondary completed or less","Declared current use",109,54.7398128226772,1,0.46558043535806,0.0692893471284199,0.33405839655498,0.602069004715537,108,"ok",0.46558043535806,0.46558043535806
"VI","66-70","Men","Secondary completed or less","Current abstainer (history unknown)",107,53.4245696518833,0.984769297198627,0.542685039188573,0.0705685738441421,0.403094429124083,0.675879974944378,106,"ok",0.53441956464194,0.549650267443313
"VI","66-70","Men","Secondary completed or less","Occasional (frequency proxy)",107,53.4245696518833,0.984769297198627,0.14496596421239,0.0459990208418503,0.0751324490881515,0.261364884952462,106,"ok",0.142758030695156,0.15798873349653
"VI","66-70","Men","Secondary completed or less","Moderate",107,53.4245696518833,0.984769297198627,0.305412599081749,0.0750903641048285,0.178955429770393,0.470068806459042,106,"ok",0.30076095055334,0.315991653354713
"VI","66-70","Men","Secondary completed or less","Heavy",107,53.4245696518833,0.984769297198627,0.00693639751728841,0.00695338692606946,0.000943144481104935,0.0491407769884471,106,"sparse_or_low_df",0.0068307513081904,0.0220614541095638
"VI","60-65","Women","Tertiary completed or higher","Declared current use",72,44.9862602427895,1,0.365828832405602,0.0709515114564061,0.238675092438352,0.514908165499936,71,"ok",0.365828832405602,0.365828832405602
"VI","60-65","Women","Tertiary completed or higher","Current abstainer (history unknown)",71,44.3079683190558,0.990352710540741,0.640348797801679,0.0713360873260765,0.489776838918648,0.767572579569381,70,"ok",0.634171167594398,0.643818457053657
"VI","60-65","Women","Tertiary completed or higher","Occasional (frequency proxy)",71,44.3079683190558,0.990352710540741,0.204121045544957,0.0580302702702945,0.11173297360112,0.343371081463409,70,"ok",0.202151830733859,0.211799120193118
"VI","60-65","Women","Tertiary completed or higher","Moderate",71,44.3079683190558,0.990352710540741,0.155530156653363,0.0551787964050418,0.073797193977465,0.298601509556968,70,"ok",0.154029712212485,0.163677001671744
"VI","60-65","Women","Tertiary completed or higher","Heavy",71,44.3079683190558,0.990352710540741,0,0,,,70,"boundary_no_CI",0,0.00964728945925914
"VI","30-44","Women","Secondary completed or less","Declared current use",718,391.298736703279,0.998246904644304,0.321617899082738,0.0241098541968563,0.276218449278778,0.370657905481983,717,"ok",0.321054072237548,0.322807167593243
"VI","30-44","Women","Secondary completed or less","Current abstainer (history unknown)",708,385.644831719424,0.988852657202191,0.684826831858622,0.0242497938179165,0.635401813130632,0.730394667502208,707,"ok",0.677192832406757,0.688340175204566
"VI","30-44","Women","Secondary completed or less","Occasional (frequency proxy)",708,385.644831719424,0.988852657202191,0.143306217066476,0.0181172931224636,0.111270597056552,0.182669372510647,707,"ok",0.141708733539779,0.152856076337588
"VI","30-44","Women","Secondary completed or less","Moderate",708,385.644831719424,0.988852657202191,0.16406497777065,0.0200215255390978,0.128430838412695,0.20723523713408,707,"ok",0.162236089222326,0.173383432020135
"VI","30-44","Women","Secondary completed or less","Heavy",708,385.644831719424,0.988852657202191,0.00780197330425105,0.003959577565631,0.00287223711173861,0.0210144961734985,707,"ok",0.00771500203332921,0.0188623448311387
"VI","60-65","Men","Primary completed or less","Declared current use",351,229.734914258421,0.997291047287451,0.481306485143196,0.0328046330060697,0.417450986445571,0.545778519365877,350,"ok",0.480002648634699,0.482711601347249
"VI","60-65","Men","Primary completed or less","Current abstainer (history unknown)",342,222.970131152502,0.966100941919102,0.535439286111437,0.0330742206012092,0.470150698498755,0.599535447437046,341,"ok",0.517288398652751,0.551187456733649
"VI","60-65","Men","Primary completed or less","Occasional (frequency proxy)",342,222.970131152502,0.966100941919102,0.152242810220155,0.0215320825158605,0.114531624127373,0.199572338057832,341,"ok",0.147081922354103,0.180980980435001
"VI","60-65","Men","Primary completed or less","Moderate",342,222.970131152502,0.966100941919102,0.272143065036963,0.0291562680148904,0.218693185968555,0.333087181831358,341,"ok",0.262917671468961,0.296816729549859
"VI","60-65","Men","Primary completed or less","Heavy",342,222.970131152502,0.966100941919102,0.040174838631445,0.0109741893988149,0.0233554684308754,0.0682600611903787,341,"ok",0.038812949443287,0.0727120075241848
"VI","77+","Women","Secondary completed or less","Declared current use",91,41.8730059373706,1,0.164612689042535,0.0544142034175232,0.0823816966633666,0.301917825196358,90,"ok",0.164612689042535,0.164612689042535
"VI","77+","Women","Secondary completed or less","Current abstainer (history unknown)",91,41.8730059373706,1,0.835387310957465,0.0544142034175232,0.698082174803642,0.917618303336633,90,"ok",0.835387310957465,0.835387310957465
"VI","77+","Women","Secondary completed or less","Occasional (frequency proxy)",91,41.8730059373706,1,0.113444504802189,0.0409577124904572,0.0539072513174861,0.223222608068965,90,"ok",0.113444504802189,0.113444504802189
"VI","77+","Women","Secondary completed or less","Moderate",91,41.8730059373706,1,0.0511681842403467,0.0395976976542007,0.0105558998631762,0.214203911950822,90,"sparse_or_low_df",0.0511681842403467,0.0511681842403467
"VI","77+","Women","Secondary completed or less","Heavy",91,41.8730059373706,1,0,0,,,90,"boundary_no_CI",0,0
"VI","71-76","Women","Secondary completed or less","Declared current use",101,74.0601398585016,1,0.216348690056159,0.0471915096200828,0.137133448722643,0.324133525286233,100,"ok",0.216348690056159,0.216348690056159
"VI","71-76","Women","Secondary completed or less","Current abstainer (history unknown)",101,74.0601398585016,1,0.783651309943841,0.0471915096200828,0.675866474713767,0.862866551277357,100,"ok",0.783651309943841,0.783651309943841
"VI","71-76","Women","Secondary completed or less","Occasional (frequency proxy)",101,74.0601398585016,1,0.164898023909117,0.0428052852534331,0.0963084389516159,0.267857305693015,100,"ok",0.164898023909117,0.164898023909117
"VI","71-76","Women","Secondary completed or less","Moderate",101,74.0601398585016,1,0.0514506661470418,0.0244303479713559,0.019695774807735,0.12773204867185,100,"ok",0.0514506661470418,0.0514506661470418
"VI","71-76","Women","Secondary completed or less","Heavy",101,74.0601398585016,1,0,0,,,100,"boundary_no_CI",0,0
"VI","30-44","Men","Tertiary completed or higher","Declared current use",244,85.8997968309682,0.996391421799137,0.633252624870896,0.0502040558643343,0.530061365349324,0.725518296472941,243,"ok",0.630967483253147,0.63457606145401
"VI","30-44","Men","Tertiary completed or higher","Current abstainer (history unknown)",238,82.4033564584225,0.948206030181722,0.38538453343938,0.052048736231986,0.28912210740433,0.491536102970916,237,"ok",0.365423938545989,0.417217908364268
"VI","30-44","Men","Tertiary completed or higher","Occasional (frequency proxy)",238,82.4033564584225,0.948206030181722,0.176721623082454,0.0544121912996397,0.0931735139247504,0.309608621719584,237,"ok",0.167568508670284,0.219362478488562
"VI","30-44","Men","Tertiary completed or higher","Moderate",238,82.4033564584225,0.948206030181722,0.433265210559492,0.0532383949512964,0.332772037652921,0.539564921018164,237,"ok",0.410824685320464,0.462618655138742
"VI","30-44","Men","Tertiary completed or higher","Heavy",238,82.4033564584225,0.948206030181722,0.00462863291867373,0.0046354262069434,0.000640293076625519,0.0326484489469462,237,"sparse_or_low_df",0.00438889764498405,0.0561828674632625
"VI","18-29","Women","Secondary completed or less","Declared current use",2126,1818.65780306219,0.99699648467474,0.342086495210694,0.011420215931747,0.320054906578419,0.364820953778398,2125,"ok",0.341059033179764,0.344062548505024
"VI","18-29","Women","Secondary completed or less","Current abstainer (history unknown)",2073,1771.77599593246,0.973029817105224,0.674118552138924,0.0114867356598351,0.651202730834838,0.696231117972036,2072,"ok",0.655937451494976,0.682907634389751
"VI","18-29","Women","Secondary completed or less","Occasional (frequency proxy)",2073,1771.77599593246,0.973029817105224,0.138417911570522,0.00806698433827915,0.123342857685104,0.15500966327942,2072,"ok",0.134684755179553,0.161654938074328
"VI","18-29","Women","Secondary completed or less","Moderate",2073,1771.77599593246,0.973029817105224,0.179314893905196,0.00999032780276241,0.160551555903048,0.199749274209047,2072,"ok",0.174478738420816,0.201448921315592
"VI","18-29","Women","Secondary completed or less","Heavy",2073,1771.77599593246,0.973029817105224,0.00814864238535735,0.00209202585513659,0.00492085506731647,0.0134650160002599,2072,"ok",0.00792887200988014,0.0348990549046558
"VI","66-70","Women","Secondary completed or less","Declared current use",126,75.0696017208961,1,0.208730704804306,0.0452921082568951,0.132926801676791,0.312198285138052,125,"ok",0.208730704804306,0.208730704804306
"VI","66-70","Women","Secondary completed or less","Current abstainer (history unknown)",123,73.3999219499687,0.986538684662892,0.802066160706184,0.0454218154278885,0.69696214623514,0.877142375922661,122,"ok",0.791269295195694,0.804730610532802
"VI","66-70","Women","Secondary completed or less","Occasional (frequency proxy)",123,73.3999219499687,0.986538684662892,0.0727901025023211,0.0262166747953224,0.0351088675074726,0.144842538597194,122,"ok",0.0718102519791169,0.0852715673162248
"VI","66-70","Women","Secondary completed or less","Moderate",123,73.3999219499687,0.986538684662892,0.125143736791495,0.0396424108293276,0.0652906881242477,0.226565464516777,122,"ok",0.123459137488081,0.136920452825189
"VI","66-70","Women","Secondary completed or less","Heavy",123,73.3999219499687,0.986538684662892,0,0,,,122,"boundary_no_CI",0,0.0134613153371079
"VI","60-65","Men","Secondary completed or less","Declared current use",204,119.199085662587,1,0.462739592850455,0.0449166894181764,0.376237509983897,0.551544275864514,203,"ok",0.462739592850455,0.462739592850455
"VI","60-65","Men","Secondary completed or less","Current abstainer (history unknown)",200,115.931260212428,0.978233706929875,0.549214776942928,0.0452117957711482,0.459436070108184,0.635899420817865,199,"ok",0.537260407149545,0.55902670021967
"VI","60-65","Men","Secondary completed or less","Occasional (frequency proxy)",200,115.931260212428,0.978233706929875,0.121681295808537,0.0252057570849946,0.0800493121427002,0.180711977746688,199,"ok",0.119032745062815,0.140799038132941
"VI","60-65","Men","Secondary completed or less","Moderate",200,115.931260212428,0.978233706929875,0.315117073014432,0.0410397989303687,0.240253716123218,0.400995635081249,199,"ok",0.3082581424518,0.330024435521925
"VI","60-65","Men","Secondary completed or less","Heavy",200,115.931260212428,0.978233706929875,0.0139868542341027,0.00701965613650475,0.00517222429551226,0.0372609420851278,199,"sparse_or_low_df",0.0136824122657141,0.0354487053358395
"VI","60-65","Women","Secondary completed or less","Declared current use",194,142.523588911281,1,0.186514211892506,0.032623622830122,0.130459349306265,0.259467392351393,193,"ok",0.186514211892506,0.186514211892506
"VI","60-65","Women","Secondary completed or less","Current abstainer (history unknown)",190,140.161831809326,0.970044592023417,0.838606590662645,0.0301562822057667,0.770012860037167,0.88967343464967,189,"ok",0.813485788107494,0.843441196084077
"VI","60-65","Women","Secondary completed or less","Occasional (frequency proxy)",190,140.161831809326,0.970044592023417,0.0588543544718536,0.0148868050367562,0.0354961877674491,0.096052559465969,189,"ok",0.0570913482724508,0.0870467562490334
"VI","60-65","Women","Secondary completed or less","Moderate",190,140.161831809326,0.970044592023417,0.0966551339667998,0.0268436557032241,0.0551268609249942,0.16403642229706,189,"ok",0.093759789995793,0.123715197972376
"VI","60-65","Women","Secondary completed or less","Heavy",190,140.161831809326,0.970044592023417,0.00588392089870187,0.00587044791134652,0.000816752457776089,0.0410950677823749,189,"sparse_or_low_df",0.00570766564767932,0.0356630736242619
"VI","66-70","Women","Primary completed or less","Declared current use",288,158.646143892797,1,0.133549610348992,0.0225862252777348,0.0949949238170192,0.18456100281007,287,"ok",0.133549610348992,0.133549610348992
"VI","66-70","Women","Primary completed or less","Current abstainer (history unknown)",286,157.345286500984,0.994362090597173,0.871363055615539,0.0223217645674276,0.820698673824179,0.909293679956989,285,"ok",0.866450389651008,0.872088299053835
"VI","66-70","Women","Primary completed or less","Occasional (frequency proxy)",286,157.345286500984,0.994362090597173,0.0554803637799325,0.0138371524346404,0.0337515325354164,0.0898964886276356,285,"ok",0.0551675705153053,0.0608054799181325
"VI","66-70","Women","Primary completed or less","Moderate",286,157.345286500984,0.994362090597173,0.0715297194028953,0.0178351149407944,0.0434378826592381,0.115593516634766,285,"ok",0.0711264413252921,0.0767643507281192
"VI","66-70","Women","Primary completed or less","Heavy",286,157.345286500984,0.994362090597173,0.00162686120163307,0.00162943047944215,0.000226142695273904,0.0116028829384134,285,"sparse_or_low_df",0.00161768910556729,0.00725559850839445
"VI","30-44","Men","Primary completed or less","Declared current use",300,191.060042959495,0.99812244380017,0.564598825494613,0.0365109208459959,0.491891986510116,0.634629643500172,299,"ok",0.563538759469388,0.565416315669219
"VI","30-44","Men","Primary completed or less","Current abstainer (history unknown)",293,185.976115988771,0.978574583951991,0.444098683388758,0.0369773606828687,0.373008321475453,0.517553921105824,292,"ok",0.434583684330781,0.45600910037879
"VI","30-44","Men","Primary completed or less","Occasional (frequency proxy)",293,185.976115988771,0.978574583951991,0.111890729958227,0.0191362423878432,0.079396165586476,0.155438905564506,292,"ok",0.109493424516957,0.130918840564966
"VI","30-44","Men","Primary completed or less","Moderate",293,185.976115988771,0.978574583951991,0.410243502873796,0.0358463110887395,0.341963797001052,0.482166915101233,292,"ok",0.401453865143732,0.422879281191741
"VI","30-44","Men","Primary completed or less","Heavy",293,185.976115988771,0.978574583951991,0.0337670837792187,0.0113578907237614,0.0173093025632971,0.0648405090067654,292,"ok",0.0330436099605209,0.0544690260085298
"VI","71-76","Men","Primary completed or less","Declared current use",284,181.846544030458,1,0.392525405944115,0.0380967301103443,0.320560974242454,0.469482183844791,283,"ok",0.392525405944115,0.392525405944115
"VI","71-76","Men","Primary completed or less","Current abstainer (history unknown)",274,174.75323259272,0.973723128462428,0.623867890470187,0.0390465539028501,0.544484732023784,0.697112578051883,273,"ok",0.607474594055885,0.633751465593458
"VI","71-76","Men","Primary completed or less","Occasional (frequency proxy)",274,174.75323259272,0.973723128462428,0.0973518745291812,0.0268514878080851,0.0557998616555491,0.164456698328889,273,"ok",0.094793771828236,0.121070643365808
"VI","71-76","Men","Primary completed or less","Moderate",274,174.75323259272,0.973723128462428,0.26811723612343,0.0366841487541374,0.202259528069335,0.346115009648505,273,"ok",0.261071953952806,0.287348825490378
"VI","71-76","Men","Primary completed or less","Heavy",274,174.75323259272,0.973723128462428,0.0106629988772017,0.00657694592054526,0.00314863277057802,0.0354726132701811,273,"sparse_or_low_df",0.0103828086255002,0.0366596801630723
"VI","66-70","Men","Tertiary completed or higher","Declared current use",32,26.2134887161257,1,0.620475204897931,0.096267616765157,0.415276020201607,0.790066768571254,31,"sparse_or_low_df",0.620475204897931,0.620475204897931
"VI","66-70","Men","Tertiary completed or higher","Current abstainer (history unknown)",30,24.5106200040233,0.952629004844731,0.398397270261498,0.099907836701201,0.220167755697534,0.608352854530324,29,"sparse_or_low_df",0.379524795102069,0.426895790257338
"VI","66-70","Men","Tertiary completed or higher","Occasional (frequency proxy)",30,24.5106200040233,0.952629004844731,0.404050439106178,0.0974783667021886,0.228540901851233,0.608100760764697,29,"sparse_or_low_df",0.384910167712795,0.432281162868064
"VI","66-70","Men","Tertiary completed or higher","Moderate",30,24.5106200040233,0.952629004844731,0.197552290632323,0.0829583477330032,0.077847555988707,0.417907630807758,29,"sparse_or_low_df",0.188194042029867,0.235565037185136
"VI","66-70","Men","Tertiary completed or higher","Heavy",30,24.5106200040233,0.952629004844731,0,0,,,29,"boundary_no_CI",0,0.047370995155269
"VI","18-29","Men","Secondary completed or less","Declared current use",2116,1490.66273085911,0.996734175038447,0.577657515294562,0.0124283876543322,0.553114374348221,0.601823079384164,2115,"ok",0.575770986961885,0.579036811923438
"VI","18-29","Men","Secondary completed or less","Current abstainer (history unknown)",2027,1424.32013166633,0.953019761873598,0.441715067113578,0.0128670886575463,0.416652303989184,0.46707831467666,2026,"ok",0.420963188076562,0.467943426202964
"VI","18-29","Men","Secondary completed or less","Occasional (frequency proxy)",2027,1424.32013166633,0.953019761873598,0.157909511727534,0.00900877790012211,0.141033914431025,0.176389720801763,2026,"ok",0.15049088526415,0.197471123390553
"VI","18-29","Men","Secondary completed or less","Moderate",2027,1424.32013166633,0.953019761873598,0.374842149031592,0.0136305409698873,0.348515225168878,0.401930868706449,2026,"ok",0.357231975610275,0.404212213736678
"VI","18-29","Men","Secondary completed or less","Heavy",2027,1424.32013166633,0.953019761873598,0.0255332721272962,0.0039452038423403,0.0188378922796623,0.0345245948349449,2026,"ok",0.0243337129226096,0.0713139510490118
"VI","60-65","Men","Tertiary completed or higher","Declared current use",54,34.4722002843016,0.986255363289869,0.66459593598343,0.0743951853835172,0.503607267094431,0.794661635386084,53,"ok",0.655461306284308,0.669205942994439
"VI","60-65","Men","Tertiary completed or higher","Current abstainer (history unknown)",52,33.24565011668,0.964397266779707,0.343006008416159,0.0761879128381041,0.209381723294864,0.507200111471175,51,"ok",0.33079405700556,0.366396790225854
"VI","60-65","Men","Tertiary completed or higher","Occasional (frequency proxy)",52,33.24565011668,0.964397266779707,0.082307092364453,0.0322743177934135,0.036642160730519,0.174568993536767,51,"ok",0.0793767349128633,0.114979468133156
"VI","60-65","Men","Tertiary completed or higher","Moderate",52,33.24565011668,0.964397266779707,0.574686899219388,0.0816636252854163,0.408600780158752,0.725468615496141,51,"ok",0.554226474861283,0.589829208081576
"VI","60-65","Men","Tertiary completed or higher","Heavy",52,33.24565011668,0.964397266779707,0,0,,,51,"boundary_no_CI",0,0.0356027332202932
"VI","30-44","Women","Primary completed or less","Declared current use",289,163.524884647255,0.998559421699754,0.262295199666227,0.0359270978476246,0.197892029228171,0.338804869047058,288,"ok",0.26191734289333,0.263357921193575
"VI","30-44","Women","Primary completed or less","Current abstainer (history unknown)",285,161.734657420849,0.981588019319077,0.750459525084088,0.0355072284897909,0.674334672670379,0.813705977476366,284,"ok",0.736642078806425,0.755054059487348
"VI","30-44","Women","Primary completed or less","Occasional (frequency proxy)",285,161.734657420849,0.981588019319077,0.124373620943854,0.0239704321115122,0.0843320065585001,0.179696306457331,284,"ok",0.122083656237819,0.140495636918742
"VI","30-44","Women","Primary completed or less","Moderate",285,161.734657420849,0.981588019319077,0.107459596123678,0.0293172334452193,0.0618835895496205,0.180155444309534,284,"ok",0.105481052115869,0.123893032796793
"VI","30-44","Women","Primary completed or less","Heavy",285,161.734657420849,0.981588019319077,0.01770725784838,0.0102486016136468,0.00562052642844727,0.0543650064687299,284,"sparse_or_low_df",0.0173812321589635,0.0357932128398869
"VI","71-76","Men","Secondary completed or less","Declared current use",96,72.2827382134104,1,0.37023994950614,0.0578504663191208,0.264297012740823,0.490345658659371,95,"ok",0.37023994950614,0.37023994950614
"VI","71-76","Men","Secondary completed or less","Current abstainer (history unknown)",94,70.5551330191851,0.974464739946188,0.646262532319677,0.0581308565594483,0.524404568217898,0.751682468608991,93,"ok",0.62976005049386,0.655295310547671
"VI","71-76","Men","Secondary completed or less","Occasional (frequency proxy)",94,70.5551330191851,0.974464739946188,0.0719451598595995,0.0229137684147961,0.0377360442291622,0.132883532291008,93,"ok",0.0701080214929715,0.0956432815467833
"VI","71-76","Men","Secondary completed or less","Moderate",94,70.5551330191851,0.974464739946188,0.281792307820723,0.0573640170257618,0.182657835967702,0.407880599705209,93,"ok",0.274596667959357,0.300131928013169
"VI","71-76","Men","Secondary completed or less","Heavy",94,70.5551330191851,0.974464739946188,0,0,,,93,"boundary_no_CI",0,0.0255352600538117
"VI","77+","Men","Secondary completed or less","Declared current use",68,32.3013784956194,1,0.403611624749021,0.0864858980423912,0.248319162345217,0.580960833636424,67,"ok",0.403611624749021,0.403611624749021
"VI","77+","Men","Secondary completed or less","Current abstainer (history unknown)",68,32.3013784956194,1,0.596388375250979,0.0864858980423912,0.419039166363576,0.751680837654783,67,"ok",0.596388375250979,0.596388375250979
"VI","77+","Men","Secondary completed or less","Occasional (frequency proxy)",68,32.3013784956194,1,0.234768610177124,0.0812723505075576,0.110607978044341,0.430794623572553,67,"ok",0.234768610177124,0.234768610177124
"VI","77+","Men","Secondary completed or less","Moderate",68,32.3013784956194,1,0.168843014571897,0.0560046319885533,0.0839067312016933,0.310606308093482,67,"ok",0.168843014571897,0.168843014571897
"VI","77+","Men","Secondary completed or less","Heavy",68,32.3013784956194,1,0,0,,,67,"boundary_no_CI",0,0
"VI","77+","Women","Tertiary completed or higher","Declared current use",26,16.8785879398676,1,0.416041142773732,0.123531737183749,0.20000755819386,0.66999321593315,25,"sparse_or_low_df",0.416041142773732,0.416041142773732
"VI","77+","Women","Tertiary completed or higher","Current abstainer (history unknown)",25,16.2465334347382,0.976523938027044,0.59799748320158,0.126332489367469,0.334592563938483,0.814835610591714,24,"sparse_or_low_df",0.583958857226268,0.607434919199224
"VI","77+","Women","Tertiary completed or higher","Occasional (frequency proxy)",25,16.2465334347382,0.976523938027044,0.13169700843826,0.101504205044843,0.0237060000138971,0.486493769384028,24,"sparse_or_low_df",0.128605281306511,0.152081343279466
"VI","77+","Women","Tertiary completed or higher","Moderate",25,16.2465334347382,0.976523938027044,0.27030550836016,0.113268078029043,0.10171654572246,0.547890109902034,24,"sparse_or_low_df",0.263959799494266,0.287435861467221
"VI","77+","Women","Tertiary completed or higher","Heavy",25,16.2465334347382,0.976523938027044,0,0,,,24,"boundary_no_CI",0,0.0234760619729558
"VI","71-76","Women","Tertiary completed or higher","Declared current use",15,11.4217706383567,1,0.113088434992883,0.0786320897273439,0.0231795874340922,0.406580524648731,14,"sparse_or_low_df",0.113088434992883,0.113088434992883
"VI","71-76","Women","Tertiary completed or higher","Current abstainer (history unknown)",14,10.4905519859247,0.934845913138034,0.948724867427602,0.0510910404909943,0.656776005129,0.994441572786227,13,"sparse_or_low_df",0.886911565007117,0.952065651869083
"VI","71-76","Women","Tertiary completed or higher","Occasional (frequency proxy)",14,10.4905519859247,0.934845913138034,0.0512751325723977,0.0510910404909943,0.00555842721377251,0.343223994871,13,"sparse_or_low_df",0.0479343481309168,0.113088434992883
"VI","71-76","Women","Tertiary completed or higher","Moderate",14,10.4905519859247,0.934845913138034,0,0,,,13,"boundary_no_CI",0,0.0651540868619663
"VI","71-76","Women","Tertiary completed or higher","Heavy",14,10.4905519859247,0.934845913138034,0,0,,,13,"boundary_no_CI",0,0.0651540868619663
"VI","66-70","Men","Primary completed or less","Declared current use",273,158.498600034513,0.994011621334429,0.392372585295675,0.0378673053572471,0.320812705169449,0.468875145021096,272,"ok",0.390022909676935,0.396011288342506
"VI","66-70","Men","Primary completed or less","Current abstainer (history unknown)",265,153.307401073394,0.972145952278836,0.621294271957483,0.0382456481198101,0.543635969829093,0.693195580451833,264,"ok",0.603988711657494,0.631842759378657
"VI","66-70","Men","Primary completed or less","Occasional (frequency proxy)",265,153.307401073394,0.972145952278836,0.113813201387702,0.0221571453985697,0.0769219568148971,0.165230239457137,264,"ok",0.11064304304495,0.138497090766114
"VI","66-70","Men","Primary completed or less","Moderate",265,153.307401073394,0.972145952278836,0.239389027580162,0.0323433184059997,0.181564296371569,0.308683957704211,264,"ok",0.232721074182021,0.260575121903185
"VI","66-70","Men","Primary completed or less","Heavy",265,153.307401073394,0.972145952278836,0.0255034990746531,0.0185248389207583,0.00599545506377989,0.101974979365334,264,"sparse_or_low_df",0.0247931233943711,0.0526471711155345
"VI","71-76","Men","Tertiary completed or higher","Declared current use",27,16.7704331324866,0.97386210790982,0.387948439711478,0.111667706990203,0.194248258646016,0.624982389993712,26,"sparse_or_low_df",0.377808285257746,0.403946177347926
"VI","71-76","Men","Tertiary completed or higher","Current abstainer (history unknown)",26,15.7848078422305,0.909092833002401,0.655657817346911,0.107252494597307,0.417174796961392,0.835124244009167,25,"sparse_or_low_df",0.596053822652074,0.686960989649673
"VI","71-76","Men","Tertiary completed or higher","Occasional (frequency proxy)",26,15.7848078422305,0.909092833002401,0.156775573583185,0.0746413971855214,0.0549258319256865,0.372956057476678,25,"sparse_or_low_df",0.142523550334314,0.233430717331914
"VI","71-76","Men","Tertiary completed or higher","Moderate",26,15.7848078422305,0.909092833002401,0.187566609069903,0.081150288334775,0.071579716580292,0.408751980302658,25,"sparse_or_low_df",0.170515460016012,0.261422627013612
"VI","71-76","Men","Tertiary completed or higher","Heavy",26,15.7848078422305,0.909092833002401,0,0,,,25,"boundary_no_CI",0,0.0909071669975993
"VI","77+","Men","Tertiary completed or higher","Declared current use",29,13.2648169170927,1,0.474590918027973,0.139394074164439,0.223250329388915,0.739500982027462,28,"sparse_or_low_df",0.474590918027973,0.474590918027973
"VI","77+","Men","Tertiary completed or higher","Current abstainer (history unknown)",28,12.9424174078206,0.986594859527238,0.532547962213989,0.141760918339381,0.261525941501931,0.785633784100908,27,"sparse_or_low_df",0.525409081972027,0.538814222444789
"VI","77+","Men","Tertiary completed or higher","Occasional (frequency proxy)",28,12.9424174078206,0.986594859527238,0.0748621927000871,0.0383473595327243,0.0253235380103494,0.201295644048631,27,"sparse_or_low_df",0.0738586544908434,0.0872637949636053
"VI","77+","Men","Tertiary completed or higher","Moderate",28,12.9424174078206,0.986594859527238,0.392589845085924,0.149152234381235,0.151896450096002,0.69992190117954,27,"sparse_or_low_df",0.387327123064368,0.40073226353713
"VI","77+","Men","Tertiary completed or higher","Heavy",28,12.9424174078206,0.986594859527238,0,0,,,27,"boundary_no_CI",0,0.0134051404727619
"VI","66-70","Women","Tertiary completed or higher","Declared current use",44,31.9407958328801,1,0.373190205783563,0.0898512755386153,0.215313152150163,0.563672771664757,43,"ok",0.373190205783563,0.373190205783563
"VI","66-70","Women","Tertiary completed or higher","Current abstainer (history unknown)",44,31.9407958328801,1,0.626809794216437,0.0898512755386152,0.436327228335242,0.784686847849837,43,"ok",0.626809794216437,0.626809794216437
"VI","66-70","Women","Tertiary completed or higher","Occasional (frequency proxy)",44,31.9407958328801,1,0.117339096326754,0.0596347735766592,0.0399613363840027,0.298032402378902,43,"sparse_or_low_df",0.117339096326754,0.117339096326754
"VI","66-70","Women","Tertiary completed or higher","Moderate",44,31.9407958328801,1,0.255851109456808,0.08487455019216,0.122747364515055,0.457943554185404,43,"ok",0.255851109456808,0.255851109456808
"VI","66-70","Women","Tertiary completed or higher","Heavy",44,31.9407958328801,1,0,0,,,43,"boundary_no_CI",0,0
"VI","18-29","Women","Primary completed or less","Declared current use",476,417.89798921385,0.995007215268694,0.268868680808342,0.021882064422351,0.228094834166973,0.313966582452151,475,"ok",0.267526277364076,0.272519062095382
"VI","18-29","Women","Primary completed or less","Current abstainer (history unknown)",466,408.87799957504,0.977457970356268,0.74425802435215,0.0218703236362212,0.698975954813375,0.784825371073169,465,"ok",0.727480937904618,0.750022967548351
"VI","18-29","Women","Primary completed or less","Occasional (frequency proxy)",466,408.87799957504,0.977457970356268,0.115633389445482,0.015957446639816,0.0877769010824803,0.150868216097781,465,"ok",0.113026778152797,0.135568807796529
"VI","18-29","Women","Primary completed or less","Moderate",466,408.87799957504,0.977457970356268,0.129779963710053,0.0171290236162156,0.0996655213894226,0.167302791539219,465,"ok",0.126854459920939,0.149396489564671
"VI","18-29","Women","Primary completed or less","Heavy",466,408.87799957504,0.977457970356268,0.0103286224923147,0.00470399102525683,0.00420714475545653,0.0251321750692066,465,"ok",0.010095794377914,0.0326378240216464
"VI","18-29","Men","Primary completed or less","Declared current use",480,417.709183380584,0.999113580886492,0.580676205596168,0.0241467754552419,0.532626078922651,0.627243581277946,479,"ok",0.580161483108769,0.581047902222277
"VI","18-29","Men","Primary completed or less","Current abstainer (history unknown)",465,404.079249985701,0.972076929900285,0.430986565868505,0.024621078049108,0.383406006657617,0.47987638339022,464,"ok",0.418952097777723,0.446875167877438
"VI","18-29","Men","Primary completed or less","Occasional (frequency proxy)",465,404.079249985701,0.972076929900285,0.138061466491388,0.0168669566604608,0.108127324519228,0.174659737960586,464,"ok",0.134206366484479,0.162129436584194
"VI","18-29","Men","Primary completed or less","Moderate",465,404.079249985701,0.972076929900285,0.385779916560736,0.0243834378156022,0.339101361014345,0.434658058041635,464,"ok",0.375007756907549,0.402930827007264
"VI","18-29","Men","Primary completed or less","Heavy",465,404.079249985701,0.972076929900285,0.0451720510793705,0.00958764309049309,0.0296593608456664,0.0682278277227814,464,"ok",0.0439107087305334,0.0718337788302482
"VI","18-29","Women","Tertiary completed or higher","Declared current use",786,654.155938242514,1,0.458831540142501,0.0195820133330082,0.420711278241029,0.497439830699754,785,"ok",0.458831540142501,0.458831540142501
"VI","18-29","Women","Tertiary completed or higher","Current abstainer (history unknown)",769,640.271404379726,0.978174431845447,0.553243309413146,0.0197788909042891,0.51416971443296,0.591670023357123,768,"ok",0.541168459857499,0.562994028012052
"VI","18-29","Women","Tertiary completed or higher","Occasional (frequency proxy)",769,640.271404379726,0.978174431845447,0.170219572317292,0.0146717443582938,0.143320117102235,0.200983268382893,768,"ok",0.166504433440442,0.188330001594995
"VI","18-29","Women","Tertiary completed or higher","Moderate",769,640.271404379726,0.978174431845447,0.260134164053204,0.0180517047611515,0.226287974763041,0.297098846406855,768,"ok",0.254456588126333,0.276282156280886
"VI","18-29","Women","Tertiary completed or higher","Heavy",769,640.271404379726,0.978174431845447,0.0164029542163584,0.00537808205311623,0.00859347427063979,0.0310869081747428,768,"ok",0.0160449504211733,0.0378705185757261
"VI","18-29","Men","Tertiary completed or higher","Declared current use",590,506.807821439807,0.997921928422075,0.656467934490314,0.0208965541831948,0.614343824740841,0.696265750649307,589,"ok",0.655103747133831,0.657181818711756
"VI","18-29","Men","Tertiary completed or higher","Current abstainer (history unknown)",581,498.622868950482,0.982817493669538,0.348811639491953,0.0211433792113539,0.308510856668981,0.391397103589635,580,"ok",0.342818181288244,0.360000687618706
"VI","18-29","Men","Tertiary completed or higher","Occasional (frequency proxy)",581,498.622868950482,0.982817493669538,0.1592459234577,0.0156927125715471,0.130782791869699,0.192531567988598,580,"ok",0.156509679369788,0.17369218570025
"VI","18-29","Men","Tertiary completed or higher","Moderate",581,498.622868950482,0.982817493669538,0.446018234983727,0.0223741445649461,0.402605181501012,0.490270723367175,580,"ok",0.438354523837618,0.45553703016808
"VI","18-29","Men","Tertiary completed or higher","Heavy",581,498.622868950482,0.982817493669538,0.0459242020666193,0.0100392163199812,0.0297775787473747,0.0701927613443022,580,"ok",0.0451351091738882,0.0623176155043504
"VII_presencial","60-65","Women","Primary completed or less","Declared current use",238,135.14406871013,1,0.16108729877866,0.0304132413318185,0.109064454123799,0.231477466673361,60,"ok",0.16108729877866,0.16108729877866
"VII_presencial","60-65","Women","Primary completed or less","Current abstainer (history unknown)",234,133.540486500513,0.993261941613452,0.844603690199397,0.0304440922026585,0.773626645775753,0.896309371999848,60,"ok",0.83891270122134,0.845650759607887
"VII_presencial","60-65","Women","Primary completed or less","Occasional (frequency proxy)",234,133.540486500513,0.993261941613452,0.0744905734421493,0.0197215525545704,0.043443471414556,0.124830129014304,60,"ok",0.0739886516090486,0.0807267099955963
"VII_presencial","60-65","Women","Primary completed or less","Moderate",234,133.540486500513,0.993261941613452,0.0809057363584537,0.0233528851399583,0.044860448630104,0.141619086252276,60,"ok",0.0803605887830638,0.0870986471696115
"VII_presencial","60-65","Women","Primary completed or less","Heavy",234,133.540486500513,0.993261941613452,0,0,,,60,"boundary_no_CI",0,0.0067380583865477
"VII_presencial","66-70","Women","Secondary completed or less","Declared current use",83,55.8236062390829,1,0.284191191031822,0.0661613759860882,0.170405803792978,0.434189588120671,37,"ok",0.284191191031822,0.284191191031822
"VII_presencial","66-70","Women","Secondary completed or less","Current abstainer (history unknown)",81,54.4404594849523,0.971418991970216,0.736869275652504,0.0688070027947227,0.576896879164735,0.851886128891857,36,"ok",0.715808808968178,0.744389816997962
"VII_presencial","66-70","Women","Secondary completed or less","Occasional (frequency proxy)",81,54.4404594849523,0.971418991970216,0.104426906971575,0.0507583156438937,0.0373373427914335,0.259562469603795,36,"ok",0.101442280704895,0.13002328873468
"VII_presencial","66-70","Women","Secondary completed or less","Moderate",81,54.4404594849523,0.971418991970216,0.150405500653271,0.045857695555502,0.0787650514095393,0.268233684038044,36,"ok",0.146106759831376,0.17468776786116
"VII_presencial","66-70","Women","Secondary completed or less","Heavy",81,54.4404594849523,0.971418991970216,0.00829831672265012,0.00834044376701673,0.00107022436025481,0.061345645162112,36,"sparse_or_low_df",0.00806114246576636,0.0366421504955507
"VII_presencial","60-65","Women","Secondary completed or less","Declared current use",207,130.531793882012,0.996466157644828,0.216681229487048,0.0342378694543161,0.155901096071511,0.292933931013429,57,"ok",0.215915512180716,0.219449354535888
"VII_presencial","60-65","Women","Secondary completed or less","Current abstainer (history unknown)",202,127.480280835368,0.981297903232685,0.795426794343234,0.0352324344303645,0.71593441887635,0.857113829352465,57,"ok",0.780550645464112,0.799252742231427
"VII_presencial","60-65","Women","Secondary completed or less","Occasional (frequency proxy)",202,127.480280835368,0.981297903232685,0.0761399086058912,0.0262611271141164,0.0375585632875571,0.148248566676426,57,"ok",0.0747159326672893,0.0934180294346043
"VII_presencial","60-65","Women","Secondary completed or less","Moderate",202,127.480280835368,0.981297903232685,0.128433297050875,0.0316608977745506,0.0771820227791613,0.206115712228462,57,"ok",0.126031325101284,0.144733421868599
"VII_presencial","60-65","Women","Secondary completed or less","Heavy",202,127.480280835368,0.981297903232685,0,0,,,57,"boundary_no_CI",0,0.018702096767315
"VII_presencial","60-65","Women","Tertiary completed or higher","Declared current use",50,36.6902375497599,1,0.368003982579682,0.114200888507728,0.176013434932823,0.61349213659436,30,"ok",0.368003982579682,0.368003982579682
"VII_presencial","60-65","Women","Tertiary completed or higher","Current abstainer (history unknown)",49,35.7009099102224,0.975529347737715,0.647849312669001,0.117953064290294,0.389878236599658,0.841178369931295,29,"ok",0.631996017420318,0.656466669682603
"VII_presencial","60-65","Women","Tertiary completed or higher","Occasional (frequency proxy)",49,35.7009099102224,0.975529347737715,0.163860492507918,0.0625881450050216,0.0714869913177871,0.332812637124586,29,"ok",0.159850719376229,0.184321371638515
"VII_presencial","60-65","Women","Tertiary completed or higher","Moderate",49,35.7009099102224,0.975529347737715,0.188290194823081,0.0738779390144801,0.0794549192964972,0.384015023973475,29,"ok",0.183682610941168,0.208153263203453
"VII_presencial","60-65","Women","Tertiary completed or higher","Heavy",49,35.7009099102224,0.975529347737715,0,0,,,29,"boundary_no_CI",0,0.0244706522622851
"VII_presencial","66-70","Men","Tertiary completed or higher","Declared current use",37,23.1327533658906,1,0.653357680500246,0.0968918916106798,0.435714573701344,0.821454831249644,20,"sparse_or_low_df",0.653357680500246,0.653357680500246
"VII_presencial","66-70","Men","Tertiary completed or higher","Current abstainer (history unknown)",35,21.738990625925,0.929244108211586,0.373036876356309,0.110946230860344,0.180630465900768,0.616249892602825,19,"sparse_or_low_df",0.346642319499754,0.417398211288168
"VII_presencial","66-70","Men","Tertiary completed or higher","Occasional (frequency proxy)",35,21.738990625925,0.929244108211586,0.137786965686859,0.0685857698667303,0.0455587451477338,0.348539833944621,19,"sparse_or_low_df",0.128037726052866,0.19879361784128
"VII_presencial","66-70","Men","Tertiary completed or higher","Moderate",35,21.738990625925,0.929244108211586,0.489176157956832,0.121036180000554,0.257863317332572,0.725219047863009,19,"sparse_or_low_df",0.454564062658966,0.525319954447381
"VII_presencial","66-70","Men","Tertiary completed or higher","Heavy",35,21.738990625925,0.929244108211586,0,0,,,19,"boundary_no_CI",0,0.0707558917884145
"VII_presencial","60-65","Men","Primary completed or less","Declared current use",174,97.8906599324803,1,0.579127885545894,0.0533315804245439,0.470067668927405,0.68097611776373,52,"ok",0.579127885545894,0.579127885545894
"VII_presencial","60-65","Men","Primary completed or less","Current abstainer (history unknown)",165,93.300871497233,0.929605482649661,0.452742719690606,0.0567320673754278,0.343152055943017,0.567114716041722,51,"ok",0.420872114454106,0.491266631804445
"VII_presencial","60-65","Men","Primary completed or less","Occasional (frequency proxy)",165,93.300871497233,0.929605482649661,0.162450902835756,0.0480188881912441,0.0871750378116801,0.282603868662349,51,"ok",0.151015249937506,0.221409767287845
"VII_presencial","60-65","Men","Primary completed or less","Moderate",165,93.300871497233,0.929605482649661,0.366460795538736,0.0515508398205133,0.270280906925351,0.474606159046689,51,"ok",0.340663964708966,0.411058482059304
"VII_presencial","60-65","Men","Primary completed or less","Heavy",165,93.300871497233,0.929605482649661,0.0183455819349021,0.0087932220482859,0.0069634758244816,0.0474433864213323,51,"ok",0.0170541535490836,0.0874486708994224
"VII_presencial","66-70","Men","Primary completed or less","Declared current use",135,73.1472341715193,1,0.469790939332174,0.0593166328687933,0.354658668070357,0.588230790624374,53,"ok",0.469790939332174,0.469790939332174
"VII_presencial","66-70","Men","Primary completed or less","Current abstainer (history unknown)",129,71.0602219958069,0.930002804542076,0.570115550273954,0.0597298628127582,0.448502938824415,0.683816419664015,52,"ok",0.530209060667826,0.60020625612575
"VII_presencial","66-70","Men","Primary completed or less","Occasional (frequency proxy)",129,71.0602219958069,0.930002804542076,0.143380552174894,0.0542064402631594,0.0645792192798594,0.288664484003381,52,"ok",0.133344315639443,0.203341511097367
"VII_presencial","66-70","Men","Primary completed or less","Moderate",129,71.0602219958069,0.930002804542076,0.286503897551152,0.0455168330901124,0.204365032563404,0.385654178013177,52,"ok",0.266449428234807,0.336446623692731
"VII_presencial","66-70","Men","Primary completed or less","Heavy",129,71.0602219958069,0.930002804542076,0,0,,,52,"boundary_no_CI",0,0.0699971954579241
"VII_presencial","60-65","Men","Secondary completed or less","Declared current use",151,103.134340661795,1,0.461214518847613,0.0639957747453177,0.337887169506735,0.589479844358329,50,"ok",0.461214518847613,0.461214518847613
"VII_presencial","60-65","Men","Secondary completed or less","Current abstainer (history unknown)",141,94.9684664958857,0.932034164102814,0.578074819468691,0.066300227717124,0.442410414840816,0.702897900706772,49,"ok",0.538785481152387,0.606751317049573
"VII_presencial","60-65","Men","Secondary completed or less","Occasional (frequency proxy)",141,94.9684664958857,0.932034164102814,0.142399085063672,0.0444974803270096,0.0739365924023488,0.256683957007289,49,"ok",0.132720812216325,0.200686648113511
"VII_presencial","60-65","Men","Secondary completed or less","Moderate",141,94.9684664958857,0.932034164102814,0.279526095467636,0.0522033581689976,0.187288979663473,0.395104779772515,49,"ok",0.260527870734102,0.328493706631288
"VII_presencial","60-65","Men","Secondary completed or less","Heavy",141,94.9684664958857,0.932034164102814,0,0,,,49,"boundary_no_CI",0,0.067965835897186
"VII_presencial","66-70","Men","Secondary completed or less","Declared current use",79,53.8824731983906,1,0.36069776045886,0.0670038118302759,0.238369605625352,0.504241161690835,36,"ok",0.36069776045886,0.36069776045886
"VII_presencial","66-70","Men","Secondary completed or less","Current abstainer (history unknown)",79,53.8824731983906,1,0.63930223954114,0.0670038118302759,0.495758838309165,0.761630394374648,36,"ok",0.63930223954114,0.63930223954114
"VII_presencial","66-70","Men","Secondary completed or less","Occasional (frequency proxy)",79,53.8824731983906,1,0.117275808182887,0.0376027603256347,0.0597960840605992,0.217241939507675,36,"ok",0.117275808182887,0.117275808182887
"VII_presencial","66-70","Men","Secondary completed or less","Moderate",79,53.8824731983906,1,0.213513903158231,0.0554303849391691,0.122032299098916,0.346508508477281,36,"ok",0.213513903158231,0.213513903158231
"VII_presencial","66-70","Men","Secondary completed or less","Heavy",79,53.8824731983906,1,0.0299080491177418,0.0239458456985526,0.00574812956045643,0.141193738800881,36,"sparse_or_low_df",0.0299080491177418,0.0299080491177418
"VII_presencial","66-70","Women","Tertiary completed or higher","Declared current use",37,27.7503731191671,1,0.372940880368646,0.0896298602301418,0.212657712780774,0.567028425268969,25,"sparse_or_low_df",0.372940880368646,0.372940880368646
"VII_presencial","66-70","Women","Tertiary completed or higher","Current abstainer (history unknown)",36,26.7778043942807,0.969857073975915,0.646547967176993,0.0917897172856163,0.443962920981828,0.807351701296597,24,"sparse_or_low_df",0.627059119631354,0.657202045655439
"VII_presencial","66-70","Women","Tertiary completed or higher","Occasional (frequency proxy)",36,26.7778043942807,0.969857073975915,0.235214400665463,0.103911010448733,0.0853883107715106,0.503273502000567,24,"sparse_or_low_df",0.228124350386405,0.25826727641049
"VII_presencial","66-70","Women","Tertiary completed or higher","Moderate",36,26.7778043942807,0.969857073975915,0.118237632157544,0.0636869826216878,0.0366153863390114,0.321155175043273,24,"sparse_or_low_df",0.114673603958156,0.144816529982241
"VII_presencial","66-70","Women","Tertiary completed or higher","Heavy",36,26.7778043942807,0.969857073975915,0,0,,,24,"boundary_no_CI",0,0.0301429260240848
"VII_presencial","66-70","Women","Primary completed or less","Declared current use",189,90.9853303476862,1,0.252669534260831,0.0592894898177232,0.152654443708646,0.388192033473737,54,"ok",0.252669534260831,0.252669534260831
"VII_presencial","66-70","Women","Primary completed or less","Current abstainer (history unknown)",187,120.644966657896,0.931862965024404,0.801974639822281,0.0393082327228818,0.711407354583916,0.869339881307503,53,"ok",0.747330465739169,0.815467500714765
"VII_presencial","66-70","Women","Primary completed or less","Occasional (frequency proxy)",187,120.644966657896,0.931862965024404,0.0841122083714795,0.0261290115885957,0.0444450933663116,0.153495194289251,53,"ok",0.0783810518877974,0.146518086863393
"VII_presencial","66-70","Women","Primary completed or less","Moderate",187,120.644966657896,0.931862965024404,0.113913151806239,0.0328413597177176,0.0627390081753611,0.198009955541315,53,"ok",0.106151447397437,0.174288482373033
"VII_presencial","66-70","Women","Primary completed or less","Heavy",187,120.644966657896,0.931862965024404,0,0,,,53,"boundary_no_CI",0,0.068137034975596
"VII_presencial","45-59","Men","Secondary completed or less","Declared current use",418,236.533577294009,1,0.552325249959459,0.0404677616905248,0.470734699790783,0.631192349293783,61,"ok",0.552325249959459,0.552325249959459
"VII_presencial","45-59","Men","Secondary completed or less","Current abstainer (history unknown)",398,223.42605647028,0.94761929006566,0.472420469627124,0.0420166682422974,0.389949163365137,0.55642500057484,61,"ok",0.447674750040541,0.500055459974881
"VII_presencial","45-59","Men","Secondary completed or less","Occasional (frequency proxy)",398,223.42605647028,0.94761929006566,0.124263051273212,0.0335014722138393,0.0712091667739948,0.207992619559422,61,"ok",0.117754064428914,0.170134774363254
"VII_presencial","45-59","Men","Secondary completed or less","Moderate",398,223.42605647028,0.94761929006566,0.390221917210769,0.0350236822160329,0.322850193042977,0.462059352758048,61,"ok",0.369781816155329,0.422162526089669
"VII_presencial","45-59","Men","Secondary completed or less","Heavy",398,223.42605647028,0.94761929006566,0.0130945618888954,0.00681607292074839,0.00460019544590444,0.0366957366919468,61,"ok",0.0124086594408759,0.0647893693752159
"VII_presencial","71-76","Women","Secondary completed or less","Declared current use",86,62.6011577547523,1,0.217650773818958,0.0499072149577939,0.133282532003422,0.33479498611306,39,"ok",0.217650773818958,0.217650773818958
"VII_presencial","71-76","Women","Secondary completed or less","Current abstainer (history unknown)",83,62.3123322701314,0.943501682536793,0.829197489163496,0.0407933374765656,0.730441769664004,0.896880642452623,38,"ok",0.782349226181043,0.83884754364425
"VII_presencial","71-76","Women","Secondary completed or less","Occasional (frequency proxy)",83,62.3123322701314,0.943501682536793,0.0988970719464937,0.0321342111382545,0.050234663514629,0.185492366439255,38,"ok",0.0933095537794791,0.149807871242686
"VII_presencial","71-76","Women","Secondary completed or less","Moderate",83,62.3123322701314,0.943501682536793,0.0719054388900104,0.031402583844859,0.0290185310353253,0.167257395485311,38,"ok",0.0678429025762714,0.124341220039478
"VII_presencial","71-76","Women","Secondary completed or less","Heavy",83,62.3123322701314,0.943501682536793,0,0,,,38,"boundary_no_CI",0,0.056498317463207
"VII_presencial","60-65","Men","Tertiary completed or higher","Declared current use",39,22.1825682326096,1,0.683621735855468,0.0964737835817043,0.463462845904475,0.843874288690982,26,"sparse_or_low_df",0.683621735855468,0.683621735855468
"VII_presencial","60-65","Men","Tertiary completed or higher","Current abstainer (history unknown)",37,26.477891577026,0.855640072473921,0.369756249528828,0.0987212197117686,0.196614224581844,0.584449483922098,24,"sparse_or_low_df",0.316378264144531,0.46073819167061
"VII_presencial","60-65","Men","Tertiary completed or higher","Occasional (frequency proxy)",37,26.477891577026,0.855640072473921,0.0680317531540975,0.0483272676752483,0.0149134535206516,0.260343764189699,24,"sparse_or_low_df",0.0582106941992999,0.202570621725378
"VII_presencial","60-65","Men","Tertiary completed or higher","Moderate",37,26.477891577026,0.855640072473921,0.562211997317075,0.0989409590711319,0.359043866974022,0.746457057000134,24,"sparse_or_low_df",0.48105111413009,0.625411041656169
"VII_presencial","60-65","Men","Tertiary completed or higher","Heavy",37,26.477891577026,0.855640072473921,0,0,,,24,"boundary_no_CI",0,0.144359927526079
"VII_presencial","71-76","Women","Primary completed or less","Declared current use",185,91.3604789297057,0.992936793555211,0.148988419355996,0.0305305253400938,0.0975967249909302,0.220819562043815,60,"ok",0.147936083392201,0.154999289836991
"VII_presencial","71-76","Women","Primary completed or less","Current abstainer (history unknown)",181,87.7183163164304,0.955096953621501,0.884727678126254,0.0269449251934884,0.818958627455477,0.928684614613026,59,"ok",0.845000710163009,0.889903756541508
"VII_presencial","71-76","Women","Primary completed or less","Occasional (frequency proxy)",181,87.7183163164304,0.955096953621501,0.03743651185187,0.0163843009369601,0.0154168015855549,0.0880928652874976,59,"ok",0.0357554984239363,0.080658544802435
"VII_presencial","71-76","Women","Primary completed or less","Moderate",181,87.7183163164304,0.955096953621501,0.0778358100218758,0.0233895885147004,0.0421211315094137,0.139425283894245,59,"ok",0.0743407450345555,0.119243791413054
"VII_presencial","71-76","Women","Primary completed or less","Heavy",181,87.7183163164304,0.955096953621501,0,0,,,59,"boundary_no_CI",0,0.0449030463784987
"VII_presencial","77+","Men","Primary completed or less","Declared current use",168,83.4217557997369,1,0.367102116250247,0.058458841177185,0.259062845756836,0.490377954079233,47,"ok",0.367102116250247,0.367102116250247
"VII_presencial","77+","Men","Primary completed or less","Current abstainer (history unknown)",163,80.7659817650684,0.979853948783122,0.645910428320207,0.0583906609294875,0.521711807077825,0.753119589805444,45,"ok",0.632897883749753,0.653043934966631
"VII_presencial","77+","Men","Primary completed or less","Occasional (frequency proxy)",163,80.7659817650684,0.979853948783122,0.0827482117685342,0.0265193641629907,0.0427254274625573,0.154222078186059,45,"ok",0.0810811620561402,0.101227213273018
"VII_presencial","77+","Men","Primary completed or less","Moderate",163,80.7659817650684,0.979853948783122,0.261240310854556,0.053627803503983,0.168093836203181,0.382283611955873,45,"ok",0.255977350172166,0.276123401389045
"VII_presencial","77+","Men","Primary completed or less","Heavy",163,80.7659817650684,0.979853948783122,0.0101010490567032,0.00603411506135812,0.00301716436347812,0.0332620277829678,45,"sparse_or_low_df",0.00989755280506267,0.0300436040219407
"VII_presencial","77+","Women","Primary completed or less","Declared current use",244,134.307713390683,1,0.133113149993299,0.0257534817789162,0.0894565718756785,0.193546325000452,59,"ok",0.133113149993299,0.133113149993299
"VII_presencial","77+","Women","Primary completed or less","Current abstainer (history unknown)",242,133.094550963143,0.993891817586507,0.872214495247365,0.0256992133792761,0.811425566987574,0.915449379803558,59,"ok",0.866886850006701,0.872995032420194
"VII_presencial","77+","Women","Primary completed or less","Occasional (frequency proxy)",242,133.094550963143,0.993891817586507,0.0699261608724998,0.0207216661222203,0.0382219683814117,0.124523372094661,59,"ok",0.0694990391264153,0.0756072215399088
"VII_presencial","77+","Women","Primary completed or less","Moderate",242,133.094550963143,0.993891817586507,0.0578593438801353,0.0163357340672617,0.0326161948844194,0.100607487914063,59,"ok",0.0575059284533904,0.0636141108668838
"VII_presencial","77+","Women","Primary completed or less","Heavy",242,133.094550963143,0.993891817586507,0,0,,,59,"boundary_no_CI",0,0.00610818241349345
"VII_presencial","77+","Women","Secondary completed or less","Declared current use",59,36.6433865655067,1,0.175167237212369,0.0614120943775909,0.0816523713729269,0.336535020776327,28,"ok",0.175167237212369,0.175167237212369
"VII_presencial","77+","Women","Secondary completed or less","Current abstainer (history unknown)",59,36.6433865655067,1,0.824832762787631,0.0614120943775909,0.663464979223673,0.918347628627073,28,"ok",0.824832762787631,0.824832762787631
"VII_presencial","77+","Women","Secondary completed or less","Occasional (frequency proxy)",59,36.6433865655067,1,0.061934952854654,0.0410211886096231,0.0153069070069926,0.219010271775193,28,"sparse_or_low_df",0.061934952854654,0.061934952854654
"VII_presencial","77+","Women","Secondary completed or less","Moderate",59,36.6433865655067,1,0.113232284357715,0.0515790052659952,0.0426816083366686,0.267779939964431,28,"ok",0.113232284357715,0.113232284357715
"VII_presencial","77+","Women","Secondary completed or less","Heavy",59,36.6433865655067,1,0,0,,,28,"boundary_no_CI",0,0
"VII_presencial","77+","Men","Secondary completed or less","Declared current use",55,30.6847629696774,1,0.474780586122275,0.0935996668345643,0.296184518822383,0.66007016705398,32,"ok",0.474780586122275,0.474780586122275
"VII_presencial","77+","Men","Secondary completed or less","Current abstainer (history unknown)",52,28.9814392030236,0.96450398694006,0.544548722441274,0.0947053224059896,0.354315146728497,0.722613392815323,31,"sparse_or_low_df",0.525219413877725,0.560715426937665
"VII_presencial","77+","Men","Secondary completed or less","Occasional (frequency proxy)",52,28.9814392030236,0.96450398694006,0.0597530029333066,0.0287880794789523,0.0218604266752666,0.153050655379719,31,"sparse_or_low_df",0.0576320095608153,0.0931280226207554
"VII_presencial","77+","Men","Secondary completed or less","Moderate",52,28.9814392030236,0.96450398694006,0.39569827462542,0.0844493561039896,0.241640300955844,0.573675787706722,31,"sparse_or_low_df",0.38165256350152,0.41714857656146
"VII_presencial","77+","Men","Secondary completed or less","Heavy",52,28.9814392030236,0.96450398694006,0,0,,,31,"boundary_no_CI",0,0.0354960130599401
"VII_presencial","77+","Men","Tertiary completed or higher","Declared current use",17,13.0549881582961,1,0.420608228787848,0.138830191936842,0.174941308640523,0.713092212347419,13,"sparse_or_low_df",0.420608228787848,0.420608228787848
"VII_presencial","77+","Men","Tertiary completed or higher","Current abstainer (history unknown)",17,13.0549881582961,1,0.579391771212152,0.138830191936842,0.286907787652581,0.825058691359477,13,"sparse_or_low_df",0.579391771212152,0.579391771212152
"VII_presencial","77+","Men","Tertiary completed or higher","Occasional (frequency proxy)",17,13.0549881582961,1,0.0425126142202523,0.0309663188039346,0.00850972212128447,0.186787086835732,13,"sparse_or_low_df",0.0425126142202523,0.0425126142202523
"VII_presencial","77+","Men","Tertiary completed or higher","Moderate",17,13.0549881582961,1,0.378095614567595,0.138109730710208,0.145973421426083,0.683793234115978,13,"sparse_or_low_df",0.378095614567595,0.378095614567595
"VII_presencial","77+","Men","Tertiary completed or higher","Heavy",17,13.0549881582961,1,0,0,,,13,"boundary_no_CI",0,0
"VII_presencial","45-59","Women","Secondary completed or less","Declared current use",637,324.879991990265,1,0.283222374791221,0.029894672142018,0.227543888024395,0.346415139006241,70,"ok",0.283222374791221,0.283222374791221
"VII_presencial","45-59","Women","Secondary completed or less","Current abstainer (history unknown)",617,312.768617774723,0.971220152413511,0.738017661008748,0.0291415331056187,0.675920630198348,0.791879850302892,70,"ok",0.716777625208779,0.745557472795269
"VII_presencial","45-59","Women","Secondary completed or less","Occasional (frequency proxy)",617,312.768617774723,0.971220152413511,0.109546811731719,0.0186696843263618,0.0774792327367024,0.152689962832565,70,"ok",0.106394071186494,0.135173918772983
"VII_presencial","45-59","Women","Secondary completed or less","Moderate",617,312.768617774723,0.971220152413511,0.152435527259533,0.0222602420659538,0.113120515352047,0.202297714585757,70,"ok",0.148048456018237,0.176828303604727
"VII_presencial","45-59","Women","Secondary completed or less","Heavy",617,312.768617774723,0.971220152413511,0,0,,,70,"boundary_no_CI",0,0.0287798475864891
"VII_presencial","71-76","Men","Primary completed or less","Declared current use",156,101.678891833984,1,0.500483299374112,0.0459278540518949,0.409294363479174,0.591640095864392,51,"ok",0.500483299374112,0.500483299374112
"VII_presencial","71-76","Men","Primary completed or less","Current abstainer (history unknown)",149,97.8344971829163,0.949083256949259,0.526314943360752,0.0509464920350551,0.424312209131082,0.626167530429788,50,"ok",0.499516700625888,0.550433443676629
"VII_presencial","71-76","Men","Primary completed or less","Occasional (frequency proxy)",149,97.8344971829163,0.949083256949259,0.0978129786353319,0.025899626298976,0.0567183962220644,0.163520606019284,50,"ok",0.0928326603351291,0.14374940338587
"VII_presencial","71-76","Men","Primary completed or less","Moderate",149,97.8344971829163,0.949083256949259,0.355626864206752,0.0564120979773037,0.251835125877267,0.475035010279022,50,"ok",0.337519502539996,0.388436245590738
"VII_presencial","71-76","Men","Primary completed or less","Heavy",149,97.8344971829163,0.949083256949259,0.0202452137971633,0.0167363993584129,0.00378039670011569,0.101139321884034,50,"sparse_or_low_df",0.0192143934482458,0.070131136498987
"VII_presencial","45-59","Men","Tertiary completed or higher","Declared current use",146,90.8814468245046,1,0.595665335312165,0.0576266336613195,0.47660726462077,0.704435869428945,48,"ok",0.595665335312165,0.595665335312165
"VII_presencial","45-59","Men","Tertiary completed or higher","Current abstainer (history unknown)",132,81.2393228872262,0.90675397736552,0.4459144098409,0.0597013407678902,0.331082210734373,0.566825332941279,47,"ok",0.404334664687835,0.497580687322315
"VII_presencial","45-59","Men","Tertiary completed or higher","Occasional (frequency proxy)",132,81.2393228872262,0.90675397736552,0.146421465714197,0.0446660484339081,0.0771366538591432,0.260380068894455,47,"ok",0.132768246408037,0.226014269042518
"VII_presencial","45-59","Men","Tertiary completed or higher","Moderate",132,81.2393228872262,0.90675397736552,0.403786595529048,0.0541468499198304,0.30107501578151,0.515684765328674,47,"ok",0.366135101502847,0.459381124137327
"VII_presencial","45-59","Men","Tertiary completed or higher","Heavy",132,81.2393228872262,0.90675397736552,0.00387752891585448,0.00384679955156895,0.000524658323565313,0.0280557251622064,47,"sparse_or_low_df",0.00351596476680086,0.0967619874012809
"VII_presencial","45-59","Women","Tertiary completed or higher","Declared current use",197,98.508096265522,1,0.421992771699568,0.0443989770100571,0.336430693504687,0.51250857974075,56,"ok",0.421992771699568,0.421992771699568
"VII_presencial","45-59","Women","Tertiary completed or higher","Current abstainer (history unknown)",187,104.966473198002,0.922093263638375,0.626842480141048,0.0486199910751391,0.525469644346986,0.718174088502395,54,"ok",0.578007228300432,0.655913964662057
"VII_presencial","45-59","Women","Tertiary completed or higher","Occasional (frequency proxy)",187,104.966473198002,0.922093263638375,0.13057270479062,0.033673974746132,0.0765195652846578,0.213962138573767,54,"ok",0.120400211502473,0.198306947864098
"VII_presencial","45-59","Women","Tertiary completed or higher","Moderate",187,104.966473198002,0.922093263638375,0.230433869138133,0.0435156760106664,0.154748046424516,0.328739978736934,54,"ok",0.2124815184464,0.290388254808025
"VII_presencial","45-59","Women","Tertiary completed or higher","Heavy",187,104.966473198002,0.922093263638375,0.0121509459301989,0.00874086286844706,0.00284856889509917,0.0502991026899583,54,"sparse_or_low_df",0.0112043053890705,0.0891110417506959
"VII_presencial","45-59","Men","Primary completed or less","Declared current use",348,216.130737728653,1,0.503909020697317,0.033185076137127,0.437825327834296,0.569856419641885,59,"ok",0.503909020697317,0.503909020697317
"VII_presencial","45-59","Men","Primary completed or less","Current abstainer (history unknown)",322,203.699652693887,0.910856321298129,0.54464240704359,0.0356240184920121,0.472905920247754,0.614572883819255,58,"ok",0.496090979302683,0.585234658004554
"VII_presencial","45-59","Men","Primary completed or less","Occasional (frequency proxy)",322,203.699652693887,0.910856321298129,0.089943582313045,0.0224523412730754,0.0539931964284697,0.14613325248655,58,"ok",0.0819256805100356,0.171069359211907
"VII_presencial","45-59","Men","Primary completed or less","Moderate",322,203.699652693887,0.910856321298129,0.348629696070546,0.0290767578987042,0.292893422150084,0.408839868735599,58,"ok",0.317551562458102,0.406695241159974
"VII_presencial","45-59","Men","Primary completed or less","Heavy",322,203.699652693887,0.910856321298129,0.0167843145728183,0.00749850237890897,0.00682760559438186,0.0406663789765008,58,"ok",0.0152880990273078,0.104431777729179
"VII_presencial","77+","Women","Tertiary completed or higher","Declared current use",20,9.71214900766545,1,0.0657213261385431,0.0487995033453238,0.0115185689270266,0.298072549275907,9,"sparse_or_low_df",0.0657213261385431,0.0657213261385431
"VII_presencial","77+","Women","Tertiary completed or higher","Current abstainer (history unknown)",20,9.71214900766545,1,0.934278673861457,0.0487995033453238,0.701927450724093,0.988481431072973,9,"sparse_or_low_df",0.934278673861457,0.934278673861457
"VII_presencial","77+","Women","Tertiary completed or higher","Occasional (frequency proxy)",20,9.71214900766545,1,0.0370922860793743,0.0383928134314028,0.00337419876584545,0.304728835257469,9,"sparse_or_low_df",0.0370922860793743,0.0370922860793743
"VII_presencial","77+","Women","Tertiary completed or higher","Moderate",20,9.71214900766545,1,0.0286290400591688,0.0289258742625981,0.00279461574234163,0.236617996209398,9,"sparse_or_low_df",0.0286290400591688,0.0286290400591688
"VII_presencial","77+","Women","Tertiary completed or higher","Heavy",20,9.71214900766545,1,0,0,,,9,"boundary_no_CI",0,0
"VII_presencial","71-76","Men","Secondary completed or less","Declared current use",85,59.6337970647243,1,0.450987441635882,0.0614375444153006,0.332666234262396,0.575123676921938,46,"ok",0.450987441635882,0.450987441635882
"VII_presencial","71-76","Men","Secondary completed or less","Current abstainer (history unknown)",83,58.0218078095643,0.973151389437087,0.564159455890713,0.0618275551805978,0.438220576902424,0.682331639835143,45,"ok",0.549012558364118,0.575861168927031
"VII_presencial","71-76","Men","Secondary completed or less","Occasional (frequency proxy)",83,58.0218078095643,0.973151389437087,0.186391047379958,0.0477845746381665,0.108295148204426,0.301747310016325,45,"ok",0.18138670673644,0.208235317299353
"VII_presencial","71-76","Men","Secondary completed or less","Moderate",83,58.0218078095643,0.973151389437087,0.249449496729329,0.0498761228594564,0.162723413171378,0.362391723685595,45,"ok",0.242752124336529,0.269600734899442
"VII_presencial","71-76","Men","Secondary completed or less","Heavy",83,58.0218078095643,0.973151389437087,0,0,,,45,"boundary_no_CI",0,0.0268486105629131
"VII_presencial","71-76","Men","Tertiary completed or higher","Declared current use",22,13.0430648018571,1,0.6702018928809,0.121984732864153,0.386783273335495,0.867502034146676,16,"sparse_or_low_df",0.6702018928809,0.6702018928809
"VII_presencial","71-76","Men","Tertiary completed or higher","Current abstainer (history unknown)",22,13.0430648018571,1,0.3297981071191,0.121984732864153,0.132497965853324,0.613216726664505,16,"sparse_or_low_df",0.3297981071191,0.3297981071191
"VII_presencial","71-76","Men","Tertiary completed or higher","Occasional (frequency proxy)",22,13.0430648018571,1,0.12144822163328,0.0849890712776022,0.024907474488194,0.427952642440851,16,"sparse_or_low_df",0.12144822163328,0.12144822163328
"VII_presencial","71-76","Men","Tertiary completed or higher","Moderate",22,13.0430648018571,1,0.54875367124762,0.134961116485661,0.276924631428478,0.794299708332309,16,"sparse_or_low_df",0.54875367124762,0.54875367124762
"VII_presencial","71-76","Men","Tertiary completed or higher","Heavy",22,13.0430648018571,1,0,0,,,16,"boundary_no_CI",0,0
"VII_presencial","71-76","Women","Tertiary completed or higher","Declared current use",20,11.2319311731959,1,0.147232268925362,0.0830261852954674,0.0401264024433766,0.416250538164599,14,"sparse_or_low_df",0.147232268925362,0.147232268925362
"VII_presencial","71-76","Women","Tertiary completed or higher","Current abstainer (history unknown)",20,11.2319311731959,1,0.852767731074638,0.0830261852954675,0.583749461835401,0.959873597556623,14,"sparse_or_low_df",0.852767731074638,0.852767731074638
"VII_presencial","71-76","Women","Tertiary completed or higher","Occasional (frequency proxy)",20,11.2319311731959,1,0.0629212035276654,0.0457543047688445,0.0125522016634441,0.261818003428922,14,"sparse_or_low_df",0.0629212035276654,0.0629212035276654
"VII_presencial","71-76","Women","Tertiary completed or higher","Moderate",20,11.2319311731959,1,0.0843110653976963,0.0701736274677829,0.0129366009429492,0.392777139212318,14,"sparse_or_low_df",0.0843110653976963,0.0843110653976963
"VII_presencial","71-76","Women","Tertiary completed or higher","Heavy",20,11.2319311731959,1,0,0,,,14,"boundary_no_CI",0,0
"VII_presencial","45-59","Women","Primary completed or less","Declared current use",456,236.261624700459,0.998987783756855,0.183975634774954,0.0225766322057475,0.14312566748711,0.233310173531981,70,"ok",0.183789411649092,0.184801627892237
"VII_presencial","45-59","Women","Primary completed or less","Current abstainer (history unknown)",449,231.547768480833,0.983371469880589,0.828983143274181,0.0215293529554447,0.781693111746219,0.867762094550959,70,"ok",0.815198372107763,0.831826902227174
"VII_presencial","45-59","Women","Primary completed or less","Occasional (frequency proxy)",449,231.547768480833,0.983371469880589,0.0825319526043923,0.0167508630645623,0.0546998599354763,0.122687463419546,70,"ok",0.0811595675446964,0.0977880976641072
"VII_presencial","45-59","Women","Primary completed or less","Moderate",449,231.547768480833,0.983371469880589,0.0807299232216413,0.0164626713574967,0.0534084330413203,0.120252391328437,70,"ok",0.0793875032618125,0.0960160333812233
"VII_presencial","45-59","Women","Primary completed or less","Heavy",449,231.547768480833,0.983371469880589,0.00775498089978491,0.00472257291145602,0.00229280175206598,0.025892100026541,70,"sparse_or_low_df",0.00762602696631738,0.0242545570857281
"VII_presencial","30-44","Men","Secondary completed or less","Declared current use",357,108.311535623116,1,0.614851940151935,0.0458821607297076,0.520132038311111,0.701601472568308,63,"ok",0.614851940151935,0.614851940151935
"VII_presencial","30-44","Men","Secondary completed or less","Current abstainer (history unknown)",335,144.360096442984,0.887175733449459,0.434128262673007,0.0433776382925833,0.350262650138458,0.521943414412485,63,"ok",0.385148059848065,0.497972326398606
"VII_presencial","30-44","Men","Secondary completed or less","Occasional (frequency proxy)",335,144.360096442984,0.887175733449459,0.0848459996808363,0.0190997635245293,0.0536663357690229,0.131621223597035,63,"ok",0.0752733119970986,0.188097578547639
"VII_presencial","30-44","Men","Secondary completed or less","Moderate",335,144.360096442984,0.887175733449459,0.458935675547672,0.043913220799569,0.373313913457637,0.547052828485876,63,"ok",0.407156594560129,0.519980861110669
"VII_presencial","30-44","Men","Secondary completed or less","Heavy",335,144.360096442984,0.887175733449459,0.0220900620984845,0.00846642473835335,0.0102164037492678,0.047106694871633,63,"ok",0.0195977670441671,0.132422033594708
"VII_presencial","30-44","Women","Tertiary completed or higher","Declared current use",266,114.600140726761,1,0.443465434179988,0.0485194009351849,0.349761182028896,0.541372756205183,62,"ok",0.443465434179988,0.443465434179988
"VII_presencial","30-44","Women","Tertiary completed or higher","Current abstainer (history unknown)",245,102.337280150889,0.914991884343362,0.608239892990314,0.0501808534076978,0.504631126123598,0.702935183351892,59,"ok",0.556534565820012,0.64154268147665
"VII_presencial","30-44","Women","Tertiary completed or higher","Occasional (frequency proxy)",245,102.337280150889,0.914991884343362,0.0769143559275293,0.0260587334351781,0.0384399860313042,0.14797151197696,59,"ok",0.0703760114631861,0.155384127119824
"VII_presencial","30-44","Women","Tertiary completed or higher","Moderate",245,102.337280150889,0.914991884343362,0.307356785627551,0.0469848813071854,0.221986219290972,0.408327763154822,59,"ok",0.281228964447072,0.36623708010371
"VII_presencial","30-44","Women","Tertiary completed or higher","Heavy",245,102.337280150889,0.914991884343362,0.00748896545460585,0.00522274193857099,0.00184613262449131,0.0298634801474724,59,"sparse_or_low_df",0.00685234261309215,0.0918604582697303
"VII_presencial","30-44","Men","Tertiary completed or higher","Declared current use",165,57.6222545638424,1,0.790501544619566,0.0438830939869034,0.68948800341099,0.865084172471921,59,"ok",0.790501544619566,0.790501544619566
"VII_presencial","30-44","Men","Tertiary completed or higher","Current abstainer (history unknown)",149,50.0807755945846,0.917055910620063,0.228446764209592,0.0483533324297899,0.146010993202643,0.338951869856615,58,"ok",0.209498455380434,0.292442544760371
"VII_presencial","30-44","Men","Tertiary completed or higher","Occasional (frequency proxy)",149,50.0807755945846,0.917055910620063,0.118398940431145,0.046744756552128,0.0519508339233629,0.247637711010112,58,"ok",0.108578448133534,0.191522537513472
"VII_presencial","30-44","Men","Tertiary completed or higher","Moderate",149,50.0807755945846,0.917055910620063,0.631478883620619,0.065285889667569,0.494250345657875,0.750284951808,58,"ok",0.579101442656047,0.662045532035984
"VII_presencial","30-44","Men","Tertiary completed or higher","Heavy",149,50.0807755945846,0.917055910620063,0.0216754117386447,0.0105720389771303,0.008101122173997,0.0566947990453705,58,"ok",0.0198775644500476,0.102821653829985
"VII_presencial","30-44","Women","Secondary completed or less","Declared current use",460,214.701573714108,0.998666035049666,0.371067388209199,0.0367858051179868,0.30104057465659,0.446966922505987,66,"ok",0.370572397319116,0.37190636226945
"VII_presencial","30-44","Women","Secondary completed or less","Current abstainer (history unknown)",428,197.276600301353,0.93876301593047,0.669065170945198,0.0367754191351312,0.592026250365719,0.737994692050433,66,"ok",0.62809363773055,0.68933062180008
"VII_presencial","30-44","Women","Secondary completed or less","Occasional (frequency proxy)",428,197.276600301353,0.93876301593047,0.105767912034418,0.0232280894022802,0.0675433611818209,0.161869487229087,66,"ok",0.0992910040900991,0.160527988159629
"VII_presencial","30-44","Women","Secondary completed or less","Moderate",428,197.276600301353,0.93876301593047,0.223372058651991,0.0347953232237027,0.161570957505978,0.300344139303387,66,"ok",0.209693427454741,0.270930411524271
"VII_presencial","30-44","Women","Secondary completed or less","Heavy",428,197.276600301353,0.93876301593047,0.00179485836839283,0.0017905208897744,0.000244425998021134,0.0130515374923158,66,"sparse_or_low_df",0.00168494665508049,0.0629219307246103
"VII_presencial","30-44","Women","Primary completed or less","Declared current use",115,53.8515342580278,1,0.279515090845508,0.0569453853116325,0.179827791057133,0.407038494225353,42,"ok",0.279515090845508,0.279515090845508
"VII_presencial","30-44","Women","Primary completed or less","Current abstainer (history unknown)",110,51.4250827722299,0.972541300388653,0.740827056770306,0.0570724841711626,0.610522526766084,0.839030763407051,40,"ok",0.720484909154492,0.747943608765839
"VII_presencial","30-44","Women","Primary completed or less","Occasional (frequency proxy)",110,51.4250827722299,0.972541300388653,0.0503951625626716,0.0238851917903979,0.0189858802405346,0.12703750891259,40,"ok",0.0490113769319982,0.0764700765433453
"VII_presencial","30-44","Women","Primary completed or less","Moderate",110,51.4250827722299,0.972541300388653,0.208777780667022,0.0510919475662904,0.123747364249051,0.330216835263326,40,"ok",0.203045014302163,0.23050371391351
"VII_presencial","30-44","Women","Primary completed or less","Heavy",110,51.4250827722299,0.972541300388653,0,0,,,40,"boundary_no_CI",0,0.0274586996113471
"VII_presencial","18-29","Women","Secondary completed or less","Declared current use",493,402.83871944689,1,0.449718029598545,0.0293287547679645,0.392098934237113,0.508718587961148,65,"ok",0.449718029598545,0.449718029598545
"VII_presencial","18-29","Women","Secondary completed or less","Current abstainer (history unknown)",470,384.752577169096,0.947954126582766,0.580494303437593,0.0281010140068769,0.52355138595026,0.635371411526863,64,"ok",0.550281970401455,0.602327843818689
"VII_presencial","18-29","Women","Secondary completed or less","Occasional (frequency proxy)",470,384.752577169096,0.947954126582766,0.122750073076084,0.0169496744891759,0.0927010190152832,0.160813107471177,64,"ok",0.11636143831081,0.168407311728044
"VII_presencial","18-29","Women","Secondary completed or less","Moderate",470,384.752577169096,0.947954126582766,0.266085626537261,0.0239872417168798,0.220980700515611,0.316654793913496,64,"ok",0.252236967700357,0.304282841117591
"VII_presencial","18-29","Women","Secondary completed or less","Heavy",470,384.752577169096,0.947954126582766,0.0306699969490618,0.0103117340291422,0.0155773079893382,0.0595019583682356,64,"ok",0.029073750170144,0.0811196235873779
"VII_presencial","18-29","Men","Secondary completed or less","Declared current use",432,354.978289160974,1,0.651605432493272,0.0260563341654096,0.597903864141105,0.701712993797679,63,"ok",0.651605432493272,0.651605432493272
"VII_presencial","18-29","Men","Secondary completed or less","Current abstainer (history unknown)",391,319.383452721563,0.911173154539405,0.382358244172415,0.0267947413100679,0.330405024343436,0.437147365828937,62,"ok",0.348394567506728,0.437221412967323
"VII_presencial","18-29","Men","Secondary completed or less","Occasional (frequency proxy)",391,319.383452721563,0.911173154539405,0.0902422786347288,0.0154386601442763,0.0637694644367384,0.126223189949972,62,"ok",0.0822263416964298,0.171053187157025
"VII_presencial","18-29","Men","Secondary completed or less","Moderate",391,319.383452721563,0.911173154539405,0.477291317190319,0.0316959133055205,0.414629888117585,0.540675785454625,62,"ok",0.434895035118571,0.523721880579166
"VII_presencial","18-29","Men","Secondary completed or less","Heavy",391,319.383452721563,0.911173154539405,0.0501081600025366,0.0111122096564494,0.032020026059431,0.0775951977112599,62,"ok",0.0456572102176765,0.134484055678272
"VII_presencial","18-29","Women","Tertiary completed or higher","Declared current use",310,243.844437479099,1,0.571284768612395,0.0300519428431915,0.510432849055155,0.63005490190175,61,"ok",0.571284768612395,0.571284768612395
"VII_presencial","18-29","Women","Tertiary completed or higher","Current abstainer (history unknown)",283,227.085916181691,0.901050455254963,0.475794922345714,0.0310017839204308,0.414466817288571,0.537861841518226,60,"ok",0.428715231387605,0.527664776132642
"VII_presencial","18-29","Women","Tertiary completed or higher","Occasional (frequency proxy)",283,227.085916181691,0.901050455254963,0.149763743501745,0.0240305849477886,0.10774818152462,0.204409551830001,60,"ok",0.134944689262935,0.233894234007972
"VII_presencial","18-29","Women","Tertiary completed or higher","Moderate",283,227.085916181691,0.901050455254963,0.348691944938154,0.0323188916853764,0.287112098085542,0.415776369173817,60,"ok",0.314189035730262,0.413138580475299
"VII_presencial","18-29","Women","Tertiary completed or higher","Heavy",283,227.085916181691,0.901050455254963,0.0257493892143872,0.011553390092841,0.0104104073897417,0.0622671535365618,60,"ok",0.0232014988741608,0.122151043619198
"VII_presencial","18-29","Men","Primary completed or less","Declared current use",48,39.372067384454,1,0.544117100666732,0.0721101184220918,0.394694104800098,0.685998979966793,21,"ok",0.544117100666732,0.544117100666732
"VII_presencial","18-29","Men","Primary completed or less","Current abstainer (history unknown)",47,38.4229187946654,0.980284764646438,0.465051499089341,0.0722394191861217,0.322153442999025,0.61392670612166,21,"ok",0.455882899333268,0.47559813468683
"VII_presencial","18-29","Men","Primary completed or less","Occasional (frequency proxy)",47,38.4229187946654,0.980284764646438,0.122862722307479,0.060314893878084,0.0419064246549506,0.309665108196618,21,"sparse_or_low_df",0.120440454821007,0.140155690174569
"VII_presencial","18-29","Men","Primary completed or less","Moderate",47,38.4229187946654,0.980284764646438,0.352424392482543,0.0553810394312507,0.247303445704948,0.474085034441843,21,"ok",0.345476262640414,0.365191497993975
"VII_presencial","18-29","Men","Primary completed or less","Heavy",47,38.4229187946654,0.980284764646438,0.0596613861206371,0.0435482352425904,0.0124707147797094,0.24171737939162,21,"sparse_or_low_df",0.058485147851749,0.0782003832053106
"VII_presencial","18-29","Men","Tertiary completed or higher","Declared current use",214,179.403654932716,1,0.64584073934731,0.0383149623345465,0.565986784338231,0.718314588788108,58,"ok",0.64584073934731,0.64584073934731
"VII_presencial","18-29","Men","Tertiary completed or higher","Current abstainer (history unknown)",196,164.443013784187,0.910341307169202,0.389040086244118,0.0414221375875423,0.309927989259175,0.474461756567002,56,"ok",0.35415926065269,0.443817953483488
"VII_presencial","18-29","Men","Tertiary completed or higher","Occasional (frequency proxy)",196,164.443013784187,0.910341307169202,0.0893138108487328,0.0233961877933098,0.0522393670089585,0.148575337422585,56,"ok",0.0813060513162983,0.170964744147096
"VII_presencial","18-29","Men","Tertiary completed or higher","Moderate",196,164.443013784187,0.910341307169202,0.478200375141919,0.0406197859205058,0.398107079966793,0.559430455449371,56,"ok",0.435325554595498,0.524984247426296
"VII_presencial","18-29","Men","Tertiary completed or higher","Heavy",196,164.443013784187,0.910341307169202,0.0434457277652295,0.0199556915437158,0.0170609569297457,0.106224909041436,56,"ok",0.0395504406047163,0.129209133435514
"VII_presencial","18-29","Women","Primary completed or less","Declared current use",67,55.8357653508832,1,0.322815439135696,0.065558025771493,0.205707349710869,0.467364282805412,33,"ok",0.322815439135696,0.322815439135696
"VII_presencial","18-29","Women","Primary completed or less","Current abstainer (history unknown)",66,55.0656201180627,0.990655839024427,0.683571967365759,0.0657204429733854,0.537762827515237,0.800453751143382,32,"ok",0.677184560864304,0.686528721839877
"VII_presencial","18-29","Women","Primary completed or less","Occasional (frequency proxy)",66,55.0656201180627,0.990655839024427,0.0905156090157635,0.0423767895282968,0.0337025477523136,0.221178333920199,32,"ok",0.0896698165943182,0.0990139775698909
"VII_presencial","18-29","Women","Primary completed or less","Moderate",66,55.0656201180627,0.990655839024427,0.1934692756669,0.0527985318602086,0.107469292322788,0.323356135081445,32,"ok",0.191661467611241,0.201005628586814
"VII_presencial","18-29","Women","Primary completed or less","Heavy",66,55.0656201180627,0.990655839024427,0.0324431479515773,0.0189207317196173,0.00972724245863998,0.102705369198656,32,"sparse_or_low_df",0.0321399939545635,0.0414841549301362
"VII_presencial","30-44","Men","Primary completed or less","Declared current use",106,49.8310596819616,1,0.745676043465042,0.0514182465062873,0.628737754463236,0.835422936666248,38,"ok",0.745676043465042,0.745676043465042
"VII_presencial","30-44","Men","Primary completed or less","Current abstainer (history unknown)",93,41.7029207567296,0.872557628849771,0.2914695237611,0.0650106218460209,0.178477242198799,0.437868615006741,36,"ok",0.254323956534957,0.381766327685186
"VII_presencial","30-44","Men","Primary completed or less","Occasional (frequency proxy)",93,41.7029207567296,0.872557628849771,0.0635119624801181,0.0232249017542026,0.0298046291910982,0.130223598426278,36,"ok",0.0554178473852475,0.182860218535476
"VII_presencial","30-44","Men","Primary completed or less","Moderate",93,41.7029207567296,0.872557628849771,0.602274258028324,0.070804138194748,0.454000067772335,0.733884647448657,36,"ok",0.52551899850245,0.652961369652678
"VII_presencial","30-44","Men","Primary completed or less","Heavy",93,41.7029207567296,0.872557628849771,0.0427442557304581,0.0210647960907393,0.015475056386044,0.112571260632325,36,"sparse_or_low_df",0.0372968264271168,0.164739197577345
"VIII","66-70","Women","Primary completed or less","Declared current use",236,148.635360696776,1,0.165957959522368,0.0322521873287977,0.111038087164056,0.240686862358643,63,"ok",0.165957959522368,0.165957959522368
"VIII","66-70","Women","Primary completed or less","Current abstainer (history unknown)",234,147.781103106825,0.99667372566031,0.836825551837505,0.0323867473947442,0.761482947487924,0.89175213347426,63,"ok",0.834042040477632,0.837368314817321
"VIII","66-70","Women","Primary completed or less","Occasional (frequency proxy)",234,147.781103106825,0.99667372566031,0.094794732752985,0.022317196921574,0.058625130422007,0.149730316142263,63,"ok",0.094479419465891,0.0978056938055806
"VIII","66-70","Women","Primary completed or less","Moderate",234,147.781103106825,0.99667372566031,0.0683797154095096,0.0211796608265416,0.0363954281880166,0.12483054738185,63,"ok",0.0681522657167877,0.0714785400564773
"VIII","66-70","Women","Primary completed or less","Heavy",234,147.781103106825,0.99667372566031,0,0,,,63,"boundary_no_CI",0,0.00332627433968961
"VIII","66-70","Women","Secondary completed or less","Declared current use",225,103.431719555287,0.988167056848777,0.230971269143092,0.052681782393251,0.142274103043125,0.352255189267756,58,"ok",0.228238199245756,0.240071142396979
"VIII","66-70","Women","Secondary completed or less","Current abstainer (history unknown)",223,102.022182449848,0.976070308482494,0.77855954740032,0.0532152600456494,0.654624967437826,0.867053270413235,58,"ok",0.759928857603021,0.783858549120527
"VIII","66-70","Women","Secondary completed or less","Occasional (frequency proxy)",223,102.022182449848,0.976070308482494,0.132166588505039,0.0509888307485776,0.0588676137888249,0.27050133621723,58,"ok",0.129003882813192,0.152933574330698
"VIII","66-70","Women","Secondary completed or less","Moderate",223,102.022182449848,0.976070308482494,0.0892738640946412,0.0194170831676283,0.0572925764517503,0.136522074635867,58,"ok",0.0871375680662808,0.111067259583786
"VIII","66-70","Women","Secondary completed or less","Heavy",223,102.022182449848,0.976070308482494,0,0,,,58,"boundary_no_CI",0,0.0239296915175057
"VIII","66-70","Men","Secondary completed or less","Declared current use",192,142.416927192854,0.990869342909251,0.371153436553345,0.0381094055351795,0.298370230124753,0.450296521440982,51,"ok",0.367764561796123,0.376895218886872
"VIII","66-70","Men","Secondary completed or less","Current abstainer (history unknown)",181,134.203831924097,0.916816441991862,0.679639623128246,0.0410582573333177,0.592313363319899,0.755967193426021,51,"ok",0.623104781113128,0.706288339121266
"VIII","66-70","Men","Secondary completed or less","Occasional (frequency proxy)",181,134.203831924097,0.916816441991862,0.108713584766039,0.0242011875011307,0.0687931127357279,0.167629663162808,51,"ok",0.0996704019813801,0.182853959989519
"VIII","66-70","Men","Secondary completed or less","Moderate",181,134.203831924097,0.916816441991862,0.211646792105716,0.0336928195273856,0.151816748506419,0.287075084750404,51,"ok",0.194041258897353,0.277224816905492
"VIII","66-70","Men","Secondary completed or less","Heavy",181,134.203831924097,0.916816441991862,0,0,,,51,"boundary_no_CI",0,0.0831835580081385
"VIII","60-65","Women","Secondary completed or less","Declared current use",341,209.015476915796,0.987287007129187,0.212060204008733,0.0288424195167643,0.160083800834476,0.27537943475859,62,"ok",0.209364284146986,0.222077277017799
"VIII","60-65","Women","Secondary completed or less","Current abstainer (history unknown)",334,205.608227743168,0.958343903042042,0.811736497214481,0.0283874623818305,0.748383620238147,0.862077862162552,62,"ok",0.777922722982201,0.819578819940159
"VIII","60-65","Women","Secondary completed or less","Occasional (frequency proxy)",334,205.608227743168,0.958343903042042,0.0672920777294912,0.0160624262024861,0.0414623437240209,0.107409818150101,62,"ok",0.0644889524150891,0.106145049373047
"VIII","60-65","Women","Secondary completed or less","Moderate",334,205.608227743168,0.958343903042042,0.120971425056028,0.0223894173350958,0.0828569220208029,0.173305700067512,62,"ok",0.115932227644752,0.15758832460271
"VIII","60-65","Women","Secondary completed or less","Heavy",334,205.608227743168,0.958343903042042,0,0,,,62,"boundary_no_CI",0,0.041656096957958
"VIII","66-70","Women","Tertiary completed or higher","Declared current use",72,37.3729376720682,1,0.247683521705878,0.0750292254715539,0.127178761150871,0.426566561969018,38,"ok",0.247683521705878,0.247683521705878
"VIII","66-70","Women","Tertiary completed or higher","Current abstainer (history unknown)",70,35.9868619977079,0.975092677015633,0.771533307579194,0.0766036760159482,0.583515928463315,0.890587409697086,38,"ok",0.752316478294122,0.777223801278489
"VIII","66-70","Women","Tertiary completed or higher","Occasional (frequency proxy)",70,35.9868619977079,0.975092677015633,0.12200586163664,0.0593146093478196,0.0433340250073038,0.298882393004722,38,"ok",0.118967022234871,0.143874345219238
"VIII","66-70","Women","Tertiary completed or higher","Moderate",70,35.9868619977079,0.975092677015633,0.106460830784165,0.0510252483603598,0.0386690070376296,0.260851853912225,38,"ok",0.10380917648664,0.128716499471007
"VIII","66-70","Women","Tertiary completed or higher","Heavy",70,35.9868619977079,0.975092677015633,0,0,,,38,"boundary_no_CI",0,0.0249073229843671
"VIII","71-76","Women","Secondary completed or less","Declared current use",138,85.0485568434043,0.99381070331212,0.163935787986747,0.0373415276738451,0.101715492756826,0.253476875361723,44,"ok",0.162921140757135,0.169110437445015
"VIII","71-76","Women","Secondary completed or less","Current abstainer (history unknown)",136,83.4899324781932,0.979767857174793,0.848047378233957,0.0363266524086214,0.759736059251292,0.907836694941297,44,"ok",0.830889562554985,0.851121705380192
"VIII","71-76","Women","Secondary completed or less","Occasional (frequency proxy)",136,83.4899324781932,0.979767857174793,0.086478131496675,0.0309306249642363,0.0412298161728233,0.172452912725197,44,"ok",0.0847284935889772,0.104960636414185
"VIII","71-76","Women","Secondary completed or less","Moderate",136,83.4899324781932,0.979767857174793,0.0654744902693681,0.0226886612996816,0.0321182132524637,0.128860697713139,44,"ok",0.0641498010308306,0.0843819438560381
"VIII","71-76","Women","Secondary completed or less","Heavy",136,83.4899324781932,0.979767857174793,0,0,,,44,"boundary_no_CI",0,0.0202321428252074
"VIII","77+","Women","Primary completed or less","Declared current use",340,141.865264239947,0.995853411102187,0.118524248309692,0.0269969287383644,0.0742601183852986,0.183930642212196,62,"ok",0.11803277697753,0.122179365875343
"VIII","77+","Women","Primary completed or less","Current abstainer (history unknown)",338,145.431346595813,0.972414199018663,0.902722970325333,0.0196212133477391,0.855845285764621,0.935505264740648,62,"ok",0.877820634124657,0.905406435105994
"VIII","77+","Women","Primary completed or less","Occasional (frequency proxy)",338,145.431346595813,0.972414199018663,0.0533811966443318,0.0150770425436326,0.0301233663598165,0.0928764856759861,62,"ok",0.0519086335775556,0.0794944345588928
"VIII","77+","Women","Primary completed or less","Moderate",338,145.431346595813,0.972414199018663,0.0438958330303352,0.0124826605429033,0.0247084009605296,0.0768098919028703,62,"ok",0.0426849313164504,0.0702707322977875
"VIII","77+","Women","Primary completed or less","Heavy",338,145.431346595813,0.972414199018663,0,0,,,62,"boundary_no_CI",0,0.0275858009813371
"VIII","71-76","Men","Primary completed or less","Declared current use",209,129.147594489508,0.990824857154251,0.321119619222205,0.0383439240413336,0.249556795099528,0.4022052254511,56,"ok",0.318173300845268,0.327348443691017
"VIII","71-76","Men","Primary completed or less","Current abstainer (history unknown)",206,127.090379841328,0.979823373983757,0.686502867934372,0.0390931151993699,0.603469077431422,0.75909049018474,56,"ok",0.672651556308983,0.692828182325225
"VIII","71-76","Men","Primary completed or less","Occasional (frequency proxy)",206,127.090379841328,0.979823373983757,0.0902715649399181,0.02312964365649,0.0534270055938343,0.148537818912861,56,"ok",0.0884501893342245,0.108626815350467
"VIII","71-76","Men","Primary completed or less","Moderate",206,127.090379841328,0.979823373983757,0.211783613166821,0.0354033346705187,0.149432195444567,0.291243197638207,56,"ok",0.207510534407585,0.227687160423828
"VIII","71-76","Men","Primary completed or less","Heavy",206,127.090379841328,0.979823373983757,0.0114419539588887,0.00799258751466624,0.00280235843532491,0.0455018137612201,56,"sparse_or_low_df",0.0112110939329651,0.0313877199492077
"VIII","71-76","Women","Tertiary completed or higher","Declared current use",64,46.1638120746293,1,0.333474088986741,0.0662074502408655,0.214290168201139,0.478570345218658,32,"ok",0.333474088986741,0.333474088986741
"VIII","71-76","Women","Tertiary completed or higher","Current abstainer (history unknown)",62,44.7220717043785,0.978994587374666,0.680826962282454,0.0666065352822599,0.533059249428313,0.799427387942004,31,"ok",0.666525911013259,0.687531323638593
"VIII","71-76","Women","Tertiary completed or higher","Occasional (frequency proxy)",62,44.7220717043785,0.978994587374666,0.161423259734201,0.0559379103444169,0.076528621626138,0.308983145789202,31,"ok",0.158032497556158,0.179037910181492
"VIII","71-76","Women","Tertiary completed or higher","Moderate",62,44.7220717043785,0.978994587374666,0.157749777983345,0.0516776807759061,0.0781080705184293,0.292805019739725,31,"ok",0.15443617880525,0.175441591430584
"VIII","71-76","Women","Tertiary completed or higher","Heavy",62,44.7220717043785,0.978994587374666,0,0,,,31,"boundary_no_CI",0,0.0210054126253341
"VIII","66-70","Men","Primary completed or less","Declared current use",201,149.922790214751,1,0.379581215847258,0.0407168535138612,0.301932719865511,0.463927536475186,53,"ok",0.379581215847258,0.379581215847258
"VIII","66-70","Men","Primary completed or less","Current abstainer (history unknown)",197,146.334233092975,0.977416639181559,0.634753654973841,0.0413832581352189,0.548467902527584,0.713173570779906,52,"ok",0.620418784152742,0.643002144971184
"VIII","66-70","Men","Primary completed or less","Occasional (frequency proxy)",197,146.334233092975,0.977416639181559,0.102609421400988,0.0286462449278336,0.0577129838322305,0.175911755802775,52,"ok",0.100292155814118,0.12287551663256
"VIII","66-70","Men","Primary completed or less","Moderate",197,146.334233092975,0.977416639181559,0.243458854153097,0.0339765341102514,0.181834007643307,0.317855003653447,52,"ok",0.237960735005313,0.260544095823754
"VIII","66-70","Men","Primary completed or less","Heavy",197,146.334233092975,0.977416639181559,0.0191780694720738,0.012372585690732,0.00519676161109669,0.0681959272835726,52,"sparse_or_low_df",0.0187449642093848,0.0413283250278262
"VIII","71-76","Women","Primary completed or less","Declared current use",263,175.691421605707,1,0.108674468865627,0.0204081328477914,0.0740795278370121,0.156691159199036,61,"ok",0.108674468865627,0.108674468865627
"VIII","71-76","Women","Primary completed or less","Current abstainer (history unknown)",258,172.339885501056,0.986246423610031,0.903755400067042,0.0203258761305009,0.854755055574797,0.937434824246857,61,"ok",0.891325531134374,0.905079107524342
"VIII","71-76","Women","Primary completed or less","Occasional (frequency proxy)",258,172.339885501056,0.986246423610031,0.0626385188335242,0.0179451973997249,0.0349980182483593,0.109628788449009,61,"ok",0.0617770151797928,0.0755305915697618
"VIII","71-76","Women","Primary completed or less","Moderate",258,172.339885501056,0.986246423610031,0.0336060810994333,0.0111309903248844,0.0172217451147876,0.0645541822916714,61,"ok",0.0331438772958648,0.0468974536858337
"VIII","71-76","Women","Primary completed or less","Heavy",258,172.339885501056,0.986246423610031,0,0,,,61,"boundary_no_CI",0,0.013753576389969
"VIII","71-76","Men","Tertiary completed or higher","Declared current use",58,47.7306122189356,0.981589445588185,0.446105486831663,0.0775237074795638,0.297932751792875,0.604517424172432,30,"ok",0.43789243749294,0.456302991904754
"VIII","71-76","Men","Tertiary completed or higher","Current abstainer (history unknown)",56,46.158089438783,0.959296357110141,0.566766468011117,0.0798020310480184,0.402496244557789,0.7175651133158,30,"ok",0.543697008095246,0.584400650985105
"VIII","71-76","Men","Tertiary completed or higher","Occasional (frequency proxy)",56,46.158089438783,0.959296357110141,0.15431282091482,0.0494376040216419,0.0776406291599348,0.283433952264671,30,"ok",0.148031726958977,0.188735369848836
"VIII","71-76","Men","Tertiary completed or higher","Moderate",56,46.158089438783,0.959296357110141,0.278920711074063,0.0629537056336837,0.16951446871738,0.422975400219628,30,"ok",0.267567622055918,0.308271264945778
"VIII","71-76","Men","Tertiary completed or higher","Heavy",56,46.158089438783,0.959296357110141,0,0,,,30,"boundary_no_CI",0,0.0407036428898592
"VIII","60-65","Women","Primary completed or less","Declared current use",318,205.388242049879,0.996213052385495,0.162819330586403,0.0259803196373361,0.117343064192296,0.221497199078337,67,"ok",0.162202742310843,0.165989689925348
"VIII","60-65","Women","Primary completed or less","Current abstainer (history unknown)",315,203.297721800429,0.989554967807266,0.842813524470215,0.0259362282917946,0.783881816883968,0.887972153015123,66,"ok",0.834010310074652,0.844455342267386
"VIII","60-65","Women","Primary completed or less","Occasional (frequency proxy)",315,203.297721800429,0.989554967807266,0.0811364476517801,0.0224939162903601,0.0461151953707647,0.138881590078121,66,"ok",0.0802889748440532,0.0907340070367872
"VIII","60-65","Women","Primary completed or less","Moderate",315,203.297721800429,0.989554967807266,0.0760500278780052,0.0156670019896723,0.0500954209124317,0.113840243587104,66,"ok",0.0752556828885612,0.0857007150812951
"VIII","60-65","Women","Primary completed or less","Heavy",315,203.297721800429,0.989554967807266,0,0,,,66,"boundary_no_CI",0,0.010445032192734
"VIII","66-70","Men","Tertiary completed or higher","Declared current use",52,22.0627402616866,1,0.347348218536175,0.0882652770144765,0.19293637276681,0.542301182804386,26,"sparse_or_low_df",0.347348218536175,0.347348218536175
"VIII","66-70","Men","Tertiary completed or higher","Current abstainer (history unknown)",51,21.6163175052344,0.988347432407581,0.660346513850891,0.0883095087726656,0.463548485888978,0.813928687399539,25,"sparse_or_low_df",0.652651781463825,0.664304349056245
"VIII","66-70","Men","Tertiary completed or higher","Occasional (frequency proxy)",51,21.6163175052344,0.988347432407581,0.136558328091584,0.0516788410061025,0.060264815240645,0.280597581605783,25,"sparse_or_low_df",0.134967072943189,0.146619640535609
"VIII","66-70","Men","Tertiary completed or higher","Moderate",51,21.6163175052344,0.988347432407581,0.203095158057524,0.0685737406827522,0.0962439151480482,0.378846401501007,25,"sparse_or_low_df",0.200728578000566,0.212381145592985
"VIII","66-70","Men","Tertiary completed or higher","Heavy",51,21.6163175052344,0.988347432407581,0,0,,,25,"boundary_no_CI",0,0.0116525675924194
"VIII","60-65","Men","Primary completed or less","Declared current use",243,168.039006732582,1,0.399644955134914,0.0388844367823893,0.32475403004861,0.479541328364956,53,"ok",0.399644955134914,0.399644955134914
"VIII","60-65","Men","Primary completed or less","Current abstainer (history unknown)",234,161.606044935117,0.973824991875803,0.616491720661912,0.0395254036509297,0.534709970089894,0.692174240680294,51,"ok",0.600355044865086,0.626530052989284
"VIII","60-65","Men","Primary completed or less","Occasional (frequency proxy)",234,161.606044935117,0.973824991875803,0.130042391972636,0.026236139560646,0.085789833508869,0.192319577088128,51,"ok",0.126638531306262,0.15281353943046
"VIII","60-65","Men","Primary completed or less","Moderate",234,161.606044935117,0.973824991875803,0.2412816210569,0.0351712334424363,0.177793050104007,0.318654987034227,51,"ok",0.234966072665516,0.261141080789714
"VIII","60-65","Men","Primary completed or less","Heavy",234,161.606044935117,0.973824991875803,0.0121842663085514,0.00702890938785805,0.0038044239241177,0.0383121666677591,51,"sparse_or_low_df",0.0118653430389377,0.038040351163135
"VIII","45-59","Women","Tertiary completed or higher","Declared current use",388,241.260992615694,0.989626341182334,0.361709804408239,0.0362197535116717,0.292877381376373,0.436728134374095,63,"ok",0.357957550306303,0.368331209123969
"VIII","45-59","Women","Tertiary completed or higher","Current abstainer (history unknown)",373,230.271422969586,0.95232080289624,0.663294122059469,0.0374857053931176,0.584795494989152,0.733709711824155,62,"ok",0.631668790876031,0.67934798797979
"VIII","45-59","Women","Tertiary completed or higher","Occasional (frequency proxy)",373,230.271422969586,0.95232080289624,0.120735133835343,0.0256557644960457,0.0780898069600407,0.182069968720282,62,"ok",0.114978579591859,0.162657776695619
"VIII","45-59","Women","Tertiary completed or higher","Moderate",373,230.271422969586,0.95232080289624,0.215970744105187,0.0306899080129189,0.160891615041118,0.283534188328165,62,"ok",0.20567343242835,0.25335262953211
"VIII","45-59","Women","Tertiary completed or higher","Heavy",373,230.271422969586,0.95232080289624,0,0,,,62,"boundary_no_CI",0,0.0476791971037597
"VIII","71-76","Men","Secondary completed or less","Declared current use",149,100.996688174268,0.997904069257371,0.434602284634444,0.0432783017416813,0.35045561958376,0.522694627186609,49,"ok",0.433691388345262,0.435787319087891
"VIII","71-76","Men","Secondary completed or less","Current abstainer (history unknown)",139,93.5930003584656,0.927606966731376,0.608245411200645,0.0444410411286614,0.516280820430793,0.693118515380851,49,"ok",0.564212680912109,0.636605714180733
"VIII","71-76","Men","Secondary completed or less","Occasional (frequency proxy)",139,93.5930003584656,0.927606966731376,0.174036309350808,0.0398649927003858,0.107686366996747,0.268945542181862,49,"ok",0.161437293018026,0.23383032628665
"VIII","71-76","Men","Secondary completed or less","Moderate",139,93.5930003584656,0.927606966731376,0.21270538200302,0.0393134471179708,0.144245878062473,0.302182755973226,49,"ok",0.19730699420726,0.269700027475884
"VIII","71-76","Men","Secondary completed or less","Heavy",139,93.5930003584656,0.927606966731376,0.00501289744552691,0.00500607006080903,0.000669931641980081,0.0364821938212439,49,"sparse_or_low_df",0.00464999859398068,0.0770430318626045
"VIII","77+","Men","Primary completed or less","Declared current use",277,150.074930812225,0.997885159586509,0.292142020744783,0.0408375261635728,0.217612835834382,0.379805317361278,63,"ok",0.291524186992833,0.293639027406324
"VIII","77+","Men","Primary completed or less","Current abstainer (history unknown)",271,146.125240341762,0.97282069191416,0.726095752757697,0.0410953481120447,0.636880377471568,0.800265905476738,62,"ok",0.706360972593676,0.733540280679516
"VIII","77+","Men","Primary completed or less","Occasional (frequency proxy)",271,146.125240341762,0.97282069191416,0.0821233295744169,0.0191760601867077,0.0510587877875477,0.129508371416845,62,"ok",0.0798912742988789,0.107070582384719
"VIII","77+","Men","Primary completed or less","Moderate",271,146.125240341762,0.97282069191416,0.186271466755961,0.035615643103563,0.125195628909509,0.268014294445835,62,"ok",0.181208737173399,0.20838804525924
"VIII","77+","Men","Primary completed or less","Heavy",271,146.125240341762,0.97282069191416,0.00550945091192461,0.00394431541919747,0.0013121258298704,0.0228266007751201,62,"sparse_or_low_df",0.0053597078482056,0.0325390159340456
"VIII","77+","Men","Secondary completed or less","Declared current use",116,27.2704970947473,0.992424716385323,0.277049258495788,0.074761539235228,0.153447674512367,0.447573616121264,53,"sparse_or_low_df",0.274950531787447,0.282525815402124
"VIII","77+","Men","Secondary completed or less","Current abstainer (history unknown)",115,26.6997357272152,0.979822974977402,0.732248786689681,0.0748101893220377,0.559810291613987,0.854672930444945,52,"sparse_or_low_df",0.717474184597876,0.737651209620474
"VIII","77+","Men","Secondary completed or less","Occasional (frequency proxy)",115,26.6997357272152,0.979822974977402,0.101577871491806,0.0622143972274962,0.0279822870871366,0.30750145362264,52,"sparse_or_low_df",0.0995283322369732,0.119705357259571
"VIII","77+","Men","Secondary completed or less","Moderate",115,26.6997357272152,0.979822974977402,0.156862518904028,0.0448060422873131,0.0861501929759762,0.268558880847234,52,"sparse_or_low_df",0.153697499934994,0.173874524957592
"VIII","77+","Men","Secondary completed or less","Heavy",115,26.6997357272152,0.979822974977402,0.00931082291448526,0.00822645235553238,0.00156730073689314,0.0532713002783941,52,"sparse_or_low_df",0.00912295820755872,0.0292999832301567
"VIII","60-65","Men","Secondary completed or less","Declared current use",259,172.695030377748,0.991769028522024,0.447178683785849,0.0437177717319035,0.36222973649975,0.535327619555057,61,"ok",0.443497968794049,0.451728940272025
"VIII","60-65","Men","Secondary completed or less","Current abstainer (history unknown)",251,166.393489573816,0.955638262700162,0.57372238128979,0.0440046781745244,0.484290280247511,0.658579226907105,60,"ok",0.548271059727975,0.592632797027813
"VIII","60-65","Men","Secondary completed or less","Occasional (frequency proxy)",251,166.393489573816,0.955638262700162,0.0819625371521828,0.0255354258108704,0.0433219538175139,0.149676005987897,60,"ok",0.0783265366106095,0.122688273910447
"VIII","60-65","Men","Secondary completed or less","Moderate",251,166.393489573816,0.955638262700162,0.33867789901846,0.0389421448346509,0.265616166230756,0.420333748371557,60,"ok",0.323653559032942,0.36801529633278
"VIII","60-65","Men","Secondary completed or less","Heavy",251,166.393489573816,0.955638262700162,0.00563718253956694,0.00419405677208258,0.00126758450930765,0.0246971122973982,60,"sparse_or_low_df",0.00538710732863544,0.0497488446284732
"VIII","60-65","Women","Tertiary completed or higher","Declared current use",100,59.4636142994441,0.98712267134884,0.351391152712316,0.073525200983384,0.220292911536392,0.509523990970719,42,"ok",0.34686617335373,0.35974350200489
"VIII","60-65","Women","Tertiary completed or higher","Current abstainer (history unknown)",99,58.4636453767986,0.970430470284625,0.659765452137261,0.0711896960701838,0.50555914226541,0.786215235236692,42,"ok",0.64025649799511,0.669826027710485
"VIII","60-65","Women","Tertiary completed or higher","Occasional (frequency proxy)",99,58.4636453767986,0.970430470284625,0.131872986425098,0.0453685448040439,0.0639091955877912,0.252608484445004,42,"ok",0.127973564234346,0.157543093949721
"VIII","60-65","Women","Tertiary completed or higher","Moderate",99,58.4636453767986,0.970430470284625,0.208361561437641,0.0685258211436463,0.102180828424564,0.37837876585274,42,"ok",0.202200408055169,0.231769937770544
"VIII","60-65","Women","Tertiary completed or higher","Heavy",99,58.4636453767986,0.970430470284625,0,0,,,42,"boundary_no_CI",0,0.029569529715375
"VIII","77+","Women","Secondary completed or less","Declared current use",143,90.9923646031807,0.981858793858292,0.134581703783142,0.0483804903505704,0.0632935449126993,0.263569770951487,52,"ok",0.13214022935191,0.150281435493617
"VIII","77+","Women","Secondary completed or less","Current abstainer (history unknown)",143,90.9923646031807,0.981858793858292,0.865418296216858,0.0483804903505704,0.736430229048513,0.936706455087301,52,"ok",0.849718564506383,0.86785977064809
"VIII","77+","Women","Secondary completed or less","Occasional (frequency proxy)",143,90.9923646031807,0.981858793858292,0.012580622146145,0.00866732685148592,0.00313178477930458,0.0491322769329319,52,"sparse_or_low_df",0.0123523944864008,0.0304936006281084
"VIII","77+","Women","Secondary completed or less","Moderate",143,90.9923646031807,0.981858793858292,0.0961147745273516,0.0300620870481048,0.0504252393513916,0.175549470309002,52,"ok",0.0943711365893871,0.112512342731095
"VIII","77+","Women","Secondary completed or less","Heavy",143,90.9923646031807,0.981858793858292,0.0258863071096454,0.0250953617126365,0.0035941606368887,0.163723044577569,52,"sparse_or_low_df",0.0254166982761218,0.0435579044178294
"VIII","45-59","Women","Secondary completed or less","Declared current use",813,521.873682061805,0.989301368689057,0.213442571322383,0.0175609866959256,0.180514268114222,0.250541064164816,71,"ok",0.211159027945745,0.221857659256688
"VIII","45-59","Women","Secondary completed or less","Current abstainer (history unknown)",800,511.766640660302,0.975261828489133,0.797880444012459,0.0175617635084342,0.760598197968468,0.830649425027564,71,"ok",0.778142340743312,0.802880512254179
"VIII","45-59","Women","Secondary completed or less","Occasional (frequency proxy)",800,511.766640660302,0.975261828489133,0.0786695843795282,0.0115219111358074,0.0585505664529712,0.104931323489816,71,"ok",0.0767234427084588,0.101461614219326
"VIII","45-59","Women","Secondary completed or less","Moderate",800,511.766640660302,0.975261828489133,0.123449971608013,0.0150058388865962,0.0965059964881554,0.156612586748456,71,"ok",0.120396045037362,0.145134216548229
"VIII","45-59","Women","Secondary completed or less","Heavy",800,511.766640660302,0.975261828489133,0,0,,,71,"boundary_no_CI",0,0.0247381715108671
"VIII","60-65","Men","Tertiary completed or higher","Declared current use",79,58.0388177234329,0.94040402942573,0.477113294736148,0.0753445939764081,0.331027044549872,0.627223029619257,37,"ok",0.44867926486246,0.50827523543673
"VIII","60-65","Men","Tertiary completed or higher","Current abstainer (history unknown)",77,56.5289058592166,0.923786085030861,0.532292889589091,0.0753748235837882,0.381147949004637,0.677734929122789,36,"ok",0.49172476456327,0.56793867953241
"VIII","60-65","Men","Tertiary completed or higher","Occasional (frequency proxy)",77,56.5289058592166,0.923786085030861,0.117083836492598,0.0431129913601793,0.0538517853882788,0.236039599733585,36,"ok",0.108160418933891,0.18437433390303
"VIII","60-65","Men","Tertiary completed or higher","Moderate",77,56.5289058592166,0.923786085030861,0.350623273918311,0.0666368716379121,0.229725561516994,0.494315281520411,36,"ok",0.323900901533699,0.400114816502839
"VIII","60-65","Men","Tertiary completed or higher","Heavy",77,56.5289058592166,0.923786085030861,0,0,,,36,"boundary_no_CI",0,0.0762139149691394
"VIII","77+","Women","Tertiary completed or higher","Declared current use",30,17.1377894004268,1,0.103402579666905,0.0653756957729953,0.025213257745963,0.339593705357686,16,"sparse_or_low_df",0.103402579666905,0.103402579666905
"VIII","77+","Women","Tertiary completed or higher","Current abstainer (history unknown)",30,17.1377894004268,1,0.896597420333095,0.0653756957729953,0.660406294642313,0.974786742254037,16,"sparse_or_low_df",0.896597420333095,0.896597420333095
"VIII","77+","Women","Tertiary completed or higher","Occasional (frequency proxy)",30,17.1377894004268,1,0,0,,,16,"boundary_no_CI",0,0
"VIII","77+","Women","Tertiary completed or higher","Moderate",30,17.1377894004268,1,0.103402579666905,0.0653756957729953,0.025213257745963,0.339593705357686,16,"sparse_or_low_df",0.103402579666905,0.103402579666905
"VIII","77+","Women","Tertiary completed or higher","Heavy",30,17.1377894004268,1,0,0,,,16,"boundary_no_CI",0,0
"VIII","77+","Men","Tertiary completed or higher","Declared current use",30,18.7006528532247,0.98668616732969,0.197842522015109,0.0702288194901006,0.0889887427302971,0.383759378256141,19,"sparse_or_low_df",0.195208479781928,0.208522312452237
"VIII","77+","Men","Tertiary completed or higher","Current abstainer (history unknown)",30,18.7006528532247,0.98668616732969,0.802157477984891,0.0702288194901006,0.616240621743859,0.911011257269703,19,"sparse_or_low_df",0.791477687547763,0.804791520218072
"VIII","77+","Men","Tertiary completed or higher","Occasional (frequency proxy)",30,18.7006528532247,0.98668616732969,0.0508677738970982,0.030551696121484,0.0140527835478637,0.167722551679805,19,"sparse_or_low_df",0.0501905288671211,0.0635043615374308
"VIII","77+","Men","Tertiary completed or higher","Moderate",30,18.7006528532247,0.98668616732969,0.146974748118011,0.0640843911822986,0.0558099213305847,0.334326583362994,19,"sparse_or_low_df",0.145017950914806,0.158331783585116
"VIII","77+","Men","Tertiary completed or higher","Heavy",30,18.7006528532247,0.98668616732969,0,0,,,19,"boundary_no_CI",0,0.0133138326703097
"VIII","30-44","Women","Secondary completed or less","Declared current use",760,427.716446111828,0.982506138201275,0.296443525387841,0.021886188126535,0.254751183826392,0.341829483225827,73,"ok",0.291257583323579,0.308751445122304
"VIII","30-44","Women","Secondary completed or less","Current abstainer (history unknown)",727,434.742897874564,0.925229758641241,0.747110162012989,0.0185294637146349,0.708436096204293,0.782231250923319,73,"ok",0.691248554877696,0.766018796236455
"VIII","30-44","Women","Secondary completed or less","Occasional (frequency proxy)",727,434.742897874564,0.925229758641241,0.109485807694877,0.0149266140492404,0.0830870911068174,0.142964245233812,73,"ok",0.101299527428172,0.176069768786931
"VIII","30-44","Women","Secondary completed or less","Moderate",727,434.742897874564,0.925229758641241,0.136361017743099,0.0157423611167479,0.107910806188983,0.170875266946525,73,"ok",0.126165271534521,0.20093551289328
"VIII","30-44","Women","Secondary completed or less","Heavy",727,434.742897874564,0.925229758641241,0.00704301254903564,0.00296284560359224,0.0030395255691875,0.0162337962203485,73,"ok",0.00651640480085147,0.0812866461596105
"VIII","45-59","Men","Secondary completed or less","Declared current use",626,386.309983959192,0.981230107940908,0.476071506392938,0.0254693398427491,0.425668245940497,0.526966963660139,68,"ok",0.467135695605534,0.485905587664626
"VIII","45-59","Men","Secondary completed or less","Current abstainer (history unknown)",586,371.541450783645,0.91106687189609,0.564277363378885,0.027159671818981,0.509526855631766,0.617504156111025,68,"ok",0.514094412335374,0.603027540439284
"VIII","45-59","Men","Secondary completed or less","Occasional (frequency proxy)",586,371.541450783645,0.91106687189609,0.0804352158215844,0.0123172862932024,0.0590364555925913,0.108694352857035,68,"ok",0.0732818604688578,0.162214988572768
"VIII","45-59","Men","Secondary completed or less","Moderate",586,371.541450783645,0.91106687189609,0.350444874762206,0.0273050698203641,0.298082660203115,0.406676015753126,68,"ok",0.31927871582162,0.40821184392553
"VIII","45-59","Men","Secondary completed or less","Heavy",586,371.541450783645,0.91106687189609,0.0048425460373242,0.00298897029753608,0.00140948646924199,0.0164992848591738,68,"sparse_or_low_df",0.00441188327023777,0.0933450113741478
"VIII","45-59","Women","Primary completed or less","Declared current use",383,252.556073353434,0.997753012443094,0.198902175488656,0.0260349756512703,0.151924759218324,0.256020507419993,64,"ok",0.198455244775292,0.200702232332198
"VIII","45-59","Women","Primary completed or less","Current abstainer (history unknown)",375,246.986136121795,0.983118340972177,0.813022943786605,0.0264142652679657,0.754479900467947,0.860193375792292,64,"ok",0.799297767667802,0.816179426695625
"VIII","45-59","Women","Primary completed or less","Occasional (frequency proxy)",375,246.986136121795,0.983118340972177,0.0811256915979479,0.0235589462712915,0.0448514445603116,0.142364538474658,64,"ok",0.079756155333995,0.0966378143618184
"VIII","45-59","Women","Primary completed or less","Moderate",375,246.986136121795,0.983118340972177,0.100725393061665,0.0181252554074174,0.0698535262522739,0.143141453645096,64,"ok",0.0990249813205542,0.115906640348378
"VIII","45-59","Women","Primary completed or less","Heavy",375,246.986136121795,0.983118340972177,0.00512597155378254,0.00380779642383307,0.0011579524174599,0.022386665772382,64,"sparse_or_low_df",0.00503943664982526,0.0219210956776486
"VIII","45-59","Men","Tertiary completed or higher","Declared current use",235,125.833668782887,0.982059618090014,0.488121282915802,0.0406368104964427,0.407953341039185,0.568905010122893,64,"ok",0.479364200681901,0.497304582591886
"VIII","45-59","Men","Tertiary completed or higher","Current abstainer (history unknown)",223,117.903444694998,0.931158243135149,0.539860352538545,0.0388532246089337,0.461904404417748,0.61591361455767,64,"ok",0.502695417408114,0.571537174272965
"VIII","45-59","Men","Tertiary completed or higher","Occasional (frequency proxy)",223,117.903444694998,0.931158243135149,0.0947980636258818,0.0227159369819886,0.0581266373579685,0.150898495459338,64,"ok",0.0882719983784901,0.157113755243342
"VIII","45-59","Men","Tertiary completed or higher","Moderate",223,117.903444694998,0.931158243135149,0.357750950970198,0.0355851349882384,0.290173898653381,0.431498838194755,64,"ok",0.333122746985338,0.401964503850189
"VIII","45-59","Men","Tertiary completed or higher","Heavy",223,117.903444694998,0.931158243135149,0.0075906328653754,0.00589165418255438,0.00160077217425376,0.0352034099535355,64,"sparse_or_low_df",0.00706808036320688,0.0759098372280584
"VIII","45-59","Men","Primary completed or less","Declared current use",347,172.958092911673,0.982686590953,0.49096507436334,0.0351828525726673,0.421272068890683,0.561011042471742,62,"ok",0.482464795203097,0.499778204250096
"VIII","45-59","Men","Primary completed or less","Current abstainer (history unknown)",327,160.833943208397,0.933389568431515,0.53591963384644,0.0383183764195236,0.459078650509082,0.61109213735205,62,"ok",0.500221795749904,0.566832227318389
"VIII","45-59","Men","Primary completed or less","Occasional (frequency proxy)",327,160.833943208397,0.933389568431515,0.100812122015331,0.0244088968992157,0.0614280635073242,0.161112454005558,62,"ok",0.0940969830605546,0.16070741462904
"VIII","45-59","Men","Primary completed or less","Moderate",327,160.833943208397,0.933389568431515,0.361549965450494,0.0363336616345198,0.292496898273028,0.436839605785039,62,"ok",0.337466966218265,0.40407739778675
"VIII","45-59","Men","Primary completed or less","Heavy",327,160.833943208397,0.933389568431515,0.00171827868773631,0.00172646860531091,0.000230122435781589,0.012707724561859,62,"sparse_or_low_df",0.00160382340279126,0.0682142549712763
"VIII","30-44","Men","Tertiary completed or higher","Declared current use",434,249.482726727514,0.987935061351737,0.63025583808147,0.0336363165248416,0.560976991464165,0.694554860520013,66,"ok",0.622651840062308,0.634716778710571
"VIII","30-44","Men","Tertiary completed or higher","Current abstainer (history unknown)",401,227.507638343603,0.925806793552664,0.394556643819497,0.0348288850019282,0.327529427594691,0.465799451825535,65,"ok",0.365283221289429,0.439476427736765
"VIII","30-44","Men","Tertiary completed or higher","Occasional (frequency proxy)",401,227.507638343603,0.925806793552664,0.124919710300244,0.0218054081978287,0.0874623724879707,0.175336533360516,65,"ok",0.115651516444597,0.189844722891933
"VIII","30-44","Men","Tertiary completed or higher","Moderate",401,227.507638343603,0.925806793552664,0.465760085918273,0.0377120770239393,0.391774648378203,0.541283291111842,65,"ok",0.431203851708809,0.505397058156145
"VIII","30-44","Men","Tertiary completed or higher","Heavy",401,227.507638343603,0.925806793552664,0.014763559961986,0.00746406560817784,0.00534864009052146,0.0400831968354136,65,"ok",0.0136682041098287,0.0878614105571649
"VIII","30-44","Men","Secondary completed or less","Declared current use",604,434.713172503693,0.982874192300777,0.497614805821505,0.0233056963869989,0.451320235367663,0.543950308707491,73,"ok",0.489092750348719,0.506218558047942
"VIII","30-44","Men","Secondary completed or less","Current abstainer (history unknown)",573,427.078333352315,0.919345300525775,0.537101175879904,0.0263554978786156,0.484345009205458,0.589039561273051,72,"ok",0.493781441952058,0.574436141426283
"VIII","30-44","Men","Secondary completed or less","Occasional (frequency proxy)",573,427.078333352315,0.919345300525775,0.107536566741482,0.0166927586584851,0.0785015070722579,0.145613741670111,72,"ok",0.0988632372684574,0.179517936742682
"VIII","30-44","Men","Secondary completed or less","Moderate",573,427.078333352315,0.919345300525775,0.34463159010219,0.0239425746501074,0.298585946876445,0.393791469020242,72,"ok",0.316835432773174,0.397490132247399
"VIII","30-44","Men","Secondary completed or less","Heavy",573,427.078333352315,0.919345300525775,0.0107306672764241,0.00444190459699609,0.00468825429009142,0.0243701068696723,72,"ok",0.00986518853208623,0.0905198880063111
"VIII","30-44","Men","Primary completed or less","Declared current use",115,79.4837989018837,0.993821111074398,0.385885547099916,0.0565288694993926,0.279461444819365,0.504463277573472,39,"ok",0.383501203166391,0.389680092091992
"VIII","30-44","Men","Primary completed or less","Current abstainer (history unknown)",111,76.5001880777261,0.95091206841968,0.641825809322515,0.0559521501757014,0.52251965140776,0.745822619749829,37,"ok",0.610319907908008,0.659407839488328
"VIII","30-44","Men","Primary completed or less","Occasional (frequency proxy)",111,76.5001880777261,0.95091206841968,0.0550586717350157,0.0169413213724859,0.0292411587202888,0.101292421351735,37,"ok",0.052355955423984,0.101443887004304
"VIII","30-44","Men","Primary completed or less","Moderate",111,76.5001880777261,0.95091206841968,0.29099830511477,0.0516139570240508,0.198224841700763,0.405245735549435,37,"ok",0.276713800223307,0.325801731803627
"VIII","30-44","Men","Primary completed or less","Heavy",111,76.5001880777261,0.95091206841968,0.0121172138276991,0.0086577193167146,0.00282503959423096,0.0504277452151966,37,"sparse_or_low_df",0.0115224048643809,0.0606103364447011
"VIII","30-44","Women","Tertiary completed or higher","Declared current use",650,377.601522626967,0.994336043872025,0.364709957381016,0.0283417415619089,0.310289131223001,0.422824159972711,73,"ok",0.362644256182975,0.36830821231095
"VIII","30-44","Women","Tertiary completed or higher","Current abstainer (history unknown)",629,367.280228296163,0.958350615845866,0.659144761055433,0.0271132026194222,0.60323755068531,0.710948945793331,73,"ok",0.63169178768905,0.673341171843184
"VIII","30-44","Women","Tertiary completed or higher","Occasional (frequency proxy)",629,367.280228296163,0.958350615845866,0.11281004380461,0.0147148249003243,0.0866395792278334,0.145625214816694,73,"ok",0.108111574953747,0.149760959107881
"VIII","30-44","Women","Tertiary completed or higher","Moderate",629,367.280228296163,0.958350615845866,0.226538762078307,0.024327910406441,0.181729592548401,0.278634319331505,73,"ok",0.217103562150706,0.25875294630484
"VIII","30-44","Women","Tertiary completed or higher","Heavy",629,367.280228296163,0.958350615845866,0.00150643306164936,0.00147907265650405,0.000212521498712701,0.0105946885808421,73,"sparse_or_low_df",0.00144369105236224,0.0430930752064962
"VIII","18-29","Men","Secondary completed or less","Declared current use",2213,1502.32477742938,0.991649951053201,0.431382772216842,0.0180506395366423,0.395860066831777,0.467625772822775,77,"ok",0.427780704954025,0.436130753900824
"VIII","18-29","Men","Secondary completed or less","Current abstainer (history unknown)",2097,1418.53493888435,0.938634707805585,0.600733428468072,0.0186354544002424,0.563114224357461,0.637200327955485,77,"ok",0.563869246099176,0.625234538293591
"VIII","18-29","Men","Secondary completed or less","Occasional (frequency proxy)",2097,1418.53493888435,0.938634707805585,0.123904486237581,0.0118638646504468,0.102147132740362,0.149524380351895,77,"ok",0.116301051235413,0.177666343429828
"VIII","18-29","Men","Secondary completed or less","Moderate",2097,1418.53493888435,0.938634707805585,0.26280916918203,0.0152994301772827,0.233497727088258,0.294386958017659,77,"ok",0.246681807723803,0.308047099918218
"VIII","18-29","Men","Secondary completed or less","Heavy",2097,1418.53493888435,0.938634707805585,0.0125529161123169,0.0034103286063972,0.00729659952382933,0.0215137111521508,77,"ok",0.0117826027471926,0.0731478949416078
"VIII","18-29","Women","Tertiary completed or higher","Declared current use",777,519.656939700958,0.993917631276573,0.406049875024275,0.0255213075922931,0.356365730150351,0.457734705823616,74,"ok",0.403580129964276,0.409662498687703
"VIII","18-29","Women","Tertiary completed or higher","Current abstainer (history unknown)",736,489.823780621982,0.952029990277607,0.620082883250514,0.02617236200949,0.566732826625708,0.670680983202235,74,"ok",0.590337501312297,0.638307511034691
"VIII","18-29","Women","Tertiary completed or higher","Occasional (frequency proxy)",736,489.823780621982,0.952029990277607,0.125198704615418,0.0162673504456439,0.0962118340873185,0.161359588773377,74,"ok",0.119192921537786,0.167162931260179
"VIII","18-29","Women","Tertiary completed or higher","Moderate",736,489.823780621982,0.952029990277607,0.247304124703426,0.0255225204793616,0.200008334611164,0.301567946452472,74,"ok",0.235440943437014,0.283410953159408
"VIII","18-29","Women","Tertiary completed or higher","Heavy",736,489.823780621982,0.952029990277607,0.00741428743064188,0.00299465298241743,0.00330927840425851,0.0165269371995963,74,"ok",0.00705862399050938,0.0550286337129026
"VIII","18-29","Men","Primary completed or less","Declared current use",172,122.087534936944,0.98177147103229,0.391756552480876,0.051343572971291,0.294323619190107,0.498651912633828,43,"ok",0.384615406815689,0.402843935783398
"VIII","18-29","Men","Primary completed or less","Current abstainer (history unknown)",167,118.218643119631,0.959644717422607,0.622267859526628,0.0516457149043041,0.513774305445304,0.719757585872658,40,"ok",0.597156064216602,0.637511346793995
"VIII","18-29","Men","Primary completed or less","Occasional (frequency proxy)",167,118.218643119631,0.959644717422607,0.069571268354352,0.0251462731419254,0.0329765326075557,0.140860528422643,40,"ok",0.0667637001606444,0.107118982738038
"VIII","18-29","Men","Primary completed or less","Moderate",167,118.218643119631,0.959644717422607,0.3025562029794,0.0494518642344209,0.212688294738303,0.410593310796658,40,"ok",0.290346461912623,0.330701744490016
"VIII","18-29","Men","Primary completed or less","Heavy",167,118.218643119631,0.959644717422607,0.00560466913961955,0.00553014516815299,0.000758070144509236,0.040190917350436,40,"sparse_or_low_df",0.0053784911327374,0.0457337737101305
"VIII","18-29","Women","Secondary completed or less","Declared current use",2204,1018.06302765909,0.996670441380776,0.336355339007385,0.021227040757393,0.295483790228821,0.379832311077363,78,"ok",0.335235424189271,0.338564982808495
"VIII","18-29","Women","Secondary completed or less","Current abstainer (history unknown)",2131,971.053603579106,0.964881119931814,0.685509337397179,0.0222330640100882,0.639651735045871,0.728012591385179,77,"ok",0.661435017191505,0.696553897259692
"VIII","18-29","Women","Secondary completed or less","Occasional (frequency proxy)",2131,971.053603579106,0.964881119931814,0.107188614781293,0.010757955940608,0.0875733729358,0.130568684789943,77,"ok",0.103424270674114,0.1385431507423
"VIII","18-29","Women","Secondary completed or less","Moderate",2131,971.053603579106,0.964881119931814,0.19720058340382,0.0227161321976174,0.155827537881082,0.246352737493637,77,"ok",0.190275119765885,0.225393999834071
"VIII","18-29","Women","Secondary completed or less","Heavy",2131,971.053603579106,0.964881119931814,0.0101014644177085,0.00325673089292938,0.0053067367381658,0.0191449302195839,77,"ok",0.00974671230030996,0.044865592368496
"VIII","18-29","Men","Tertiary completed or higher","Declared current use",464,299.74405067308,0.995531100958769,0.579125693265001,0.029288169544555,0.519901188817929,0.636157198156505,72,"ok",0.576537639009616,0.581006538050848
"VIII","18-29","Men","Tertiary completed or higher","Current abstainer (history unknown)",433,284.884057521744,0.917709208637542,0.456564517393481,0.0307733174435784,0.396160667614054,0.518273447166516,71,"ok",0.418993461949152,0.501284253311611
"VIII","18-29","Men","Tertiary completed or higher","Occasional (frequency proxy)",433,284.884057521744,0.917709208637542,0.150829350458057,0.0214066517567852,0.11290861704888,0.198634135020199,71,"ok",0.138417483848178,0.220708275210636
"VIII","18-29","Men","Tertiary completed or higher","Moderate",433,284.884057521744,0.917709208637542,0.378348274269595,0.0321790735618906,0.316616092207212,0.444291514912454,71,"ok",0.34721369536933,0.429504486731788
"VIII","18-29","Men","Tertiary completed or higher","Heavy",433,284.884057521744,0.917709208637542,0.0142578578788671,0.00613091851653631,0.00602443257317694,0.0333659552795257,71,"ok",0.0130845674708816,0.09537535883334
"VIII","30-44","Women","Primary completed or less","Declared current use",113,79.1100625248927,1,0.238746210671099,0.0531030800670748,0.148293211362092,0.360987536270434,45,"ok",0.238746210671099,0.238746210671099
"VIII","30-44","Women","Primary completed or less","Current abstainer (history unknown)",110,76.6156034533824,0.97401391078349,0.781563569986956,0.0539964750626564,0.654250216254832,0.871224418108072,45,"ok",0.761253789328901,0.787239878545411
"VIII","30-44","Women","Primary completed or less","Occasional (frequency proxy)",110,76.6156034533824,0.97401391078349,0.101512849651648,0.0399645048350842,0.0446576352839752,0.214500195987119,45,"ok",0.0988749276839778,0.124861016900488
"VIII","30-44","Women","Primary completed or less","Moderate",110,76.6156034533824,0.97401391078349,0.0846406265343516,0.030698248734778,0.0399658798244242,0.170390533247638,45,"ok",0.0824411476618887,0.108427236878398
"VIII","30-44","Women","Primary completed or less","Heavy",110,76.6156034533824,0.97401391078349,0.0322829538270447,0.0317944304447339,0.00427707864933377,0.205771974007692,45,"sparse_or_low_df",0.0314440461087227,0.0574301353252324
"VIII","18-29","Women","Primary completed or less","Declared current use",151,107.217511486376,0.993785014728899,0.286058866620367,0.0466230326639517,0.201954626791843,0.388152826681501,46,"ok",0.284281014977653,0.290496000248755
"VIII","18-29","Women","Primary completed or less","Current abstainer (history unknown)",146,104.955912102134,0.942794787053668,0.752554012277178,0.044291091891035,0.653221791547175,0.830803082575463,45,"ok",0.709503999751245,0.766709212697577
"VIII","18-29","Women","Primary completed or less","Occasional (frequency proxy)",146,104.955912102134,0.942794787053668,0.072862317470708,0.0202531502674478,0.041194725179453,0.125682666993516,45,"ok",0.0686942130840329,0.125899426030365
"VIII","18-29","Women","Primary completed or less","Moderate",146,104.955912102134,0.942794787053668,0.156588171440159,0.0389183643890582,0.0930154911619607,0.251559358396539,45,"ok",0.147630511748048,0.20483572469438
"VIII","18-29","Women","Primary completed or less","Heavy",146,104.955912102134,0.942794787053668,0.017995498811955,0.0130318036042927,0.00413239889089465,0.0748692217228408,45,"sparse_or_low_df",0.0169660624703416,0.0741712754166734
