"sex","age","expected_deaths","deaths","mc_variance","year","seed"
"female",15,26.7072780268087,0,12850.2593873931,2012,2125
"female",16,50.3234679403818,0,24209.0312276648,2012,2125
"female",17,32.0821696427099,0,15435.952335619,2012,2125
"female",18,39.1698018165617,0,18845.1727720373,2012,2125
"female",19,32.973341021674,0,15864.7287893862,2012,2125
"female",20,36.5658886378249,0,17592.9006768811,2012,2125
"female",21,43.0269140136321,0,20700.6869622425,2012,2125
"female",22,34.4214945124908,0,16561.4905267579,2012,2125
"female",23,52.5606760458757,0,25285.5253605273,2012,2125
"female",24,44.9763854522144,0,21637.7625042134,2012,2125
"female",25,40.5483553839278,0,19507.8507239112,2012,2125
"female",26,52.0501448384979,0,25038.9561731325,2012,2125
"female",27,42.8877064424617,0,20632.7174531528,2012,2125
"female",28,44.7814572820651,0,21543.5684822274,2012,2125
"female",29,45.9511222110743,0,22106.2736291512,2012,2125
"female",30,47.3992872128249,0,22802.7402376136,2012,2125
"female",31,66.1744574312806,0,31830.1415520506,2012,2125
"female",32,71.0156735847623,0,34156.4757874398,2012,2125
"female",33,72.2271559396015,0,34738.1578545756,2012,2125
"female",34,64.5546053330632,0,31049.7885796064,2012,2125
"female",35,76.5856120078151,0,36833.3214669518,2012,2125
"female",36,75.1513322934315,0,36144.5610065827,2012,2125
"female",37,81.4870911763152,481.24944,39190.6540408368,2012,2125
"female",38,99.3712215844102,0,47785.9069548193,2012,2125
"female",39,93.2953493257303,0,44865.8569228143,2012,2125
"female",40,109.030527314832,481.24944,52425.3336388899,2012,2125
"female",41,121.200987770389,0,58270.5259316477,2012,2125
"female",42,144.400127801394,0,69410.7104563922,2012,2125
"female",43,151.474031572991,0,72808.2045206234,2012,2125
"female",44,190.43665262329,481.24944,91509.6384431235,2012,2125
"female",45,174.663970862966,0,83941.815514214,2012,2125
"female",46,211.129586878273,0,101438.417623821,2012,2125
"female",47,185.896943530579,0,89333.3704826117,2012,2125
"female",48,208.660160759352,0,100253.904828951,2012,2125
"female",49,241.083283430522,0,115798.508747558,2012,2125
"female",50,268.549287593462,0,128957.480517272,2012,2125
"female",51,310.995173348024,0,149279.381025057,2012,2125
"female",52,272.959713385575,0,131053.829022874,2012,2125
"female",53,304.98954893832,0,146376.82806606,2012,2125
"female",54,318.006546521952,481.24944,152582.878929431,2012,2125
"female",55,342.146163546496,481.24944,164100.201999045,2012,2125
"female",56,362.869429947058,0,173978.857365091,2012,2125
"female",57,390.825726470632,0,187297.3179373,2012,2125
"female",58,465.469682195683,481.24944,222872.667741591,2012,2125
"female",59,441.211420110578,481.24944,211245.220820569,2012,2125
"female",60,448.729995986181,962.49888,214759.588218618,2012,2125
"female",61,479.781142750388,1924.99776,229473.480685142,2012,2125
"female",62,474.587140099383,0,226978.235947755,2012,2125
"female",63,591.218978092443,962.49888,282254.062643473,2012,2125
"female",64,580.372401990626,481.24944,276897.949699498,2012,2125
"female",65,604.028377555932,962.49888,287965.555152656,2012,2125
"male",15,53.1172769708002,0,25552.7946038204,2012,2125
"male",16,69.3842912870581,0,33374.4932648341,2012,2125
"male",17,75.5948340769042,0,36360.7951270101,2012,2125
"male",18,91.9616303037352,0,44228.572387311,2012,2125
"male",19,132.546152517752,481.24944,63730.7211455717,2012,2125
"male",20,119.481408670107,0,57454.8966593402,2012,2125
"male",21,128.60940467695,0,61841.3532617372,2012,2125
"male",22,138.725036486437,481.24944,66701.0181113276,2012,2125
"male",23,138.61648075532,0,66646.3111606969,2012,2125
"male",24,116.401193738281,0,55971.6078022089,2012,2125
"male",25,117.538379972134,0,56515.7624405755,2012,2125
"male",26,139.7449723202,0,67180.6561287294,2012,2125
"male",27,142.571839758071,0,68537.0539931851,2012,2125
"male",28,135.536512857049,481.24944,65159.3336093698,2012,2125
"male",29,156.719267842002,0,75333.0278829013,2012,2125
"male",30,176.307688720357,481.24944,84736.9607461451,2012,2125
"male",31,142.929665613634,0,68709.7153252414,2012,2125
"male",32,174.142859570394,0,83688.6120376331,2012,2125
"male",33,140.995740703582,0,67774.2827061985,2012,2125
"male",34,158.708816487513,0,76275.7189008175,2012,2125
"male",35,155.773096803322,0,74869.0412702474,2012,2125
"male",36,186.274843746628,481.24944,89509.6513309311,2012,2125
"male",37,201.233417782041,481.24944,96691.2331942155,2012,2125
"male",38,249.517294307511,0,119849.469710773,2012,2125
"male",39,222.08636536493,0,106692.816874146,2012,2125
"male",40,211.889005400119,0,101796.768885091,2012,2125
"male",41,275.169733009506,0,132123.613055358,2012,2125
"male",42,262.824407073219,0,126206.682381141,2012,2125
"male",43,288.815532737574,481.24944,138659.985058795,2012,2125
"male",44,318.734836441102,962.49888,152990.993451437,2012,2125
"male",45,360.162674055094,1443.74832,172817.387749954,2012,2125
"male",46,362.464246352867,481.24944,173918.470184095,2012,2125
"male",47,387.401292337318,481.24944,185843.454355043,2012,2125
"male",48,410.49484503761,0,196879.075580892,2012,2125
"male",49,424.609224099801,962.49888,203610.052970561,2012,2125
"male",50,484.771871590073,0,232321.072363317,2012,2125
"male",51,510.002146488759,0,244336.119475229,2012,2125
"male",52,509.243431234255,481.24944,243935.708770711,2012,2125
"male",53,568.896512478768,0,272296.526021248,2012,2125
"male",54,590.843014318967,0,282656.418234763,2012,2125
"male",55,600.302111276925,481.24944,287056.470062412,2012,2125
"male",56,625.213642423156,962.49888,298804.502005696,2012,2125
"male",57,636.132438116684,481.24944,303890.243616021,2012,2125
"male",58,661.627305188574,1924.99776,315934.602365111,2012,2125
"male",59,735.618737206811,962.49888,350756.256379287,2012,2125
"male",60,725.512539250131,481.24944,345756.577778012,2012,2125
"male",61,700.797349251791,962.49888,333939.974281461,2012,2125
"male",62,727.998193759596,962.49888,346693.679135974,2012,2125
"male",63,746.024338007279,481.24944,354990.807117742,2012,2125
"male",64,824.366871775314,481.24944,391245.605563513,2012,2125
"male",65,861.518960512865,481.24944,408315.560352782,2012,2125
"female",15,30.982135476963,481.24944,14906.5402444772,2013,2125
"female",16,31.7944012010782,0,15297.3484156807,2013,2125
"female",17,37.419948127162,0,18003.2922014652,2013,2125
"female",18,49.4601257872955,0,23794.1637262055,2013,2125
"female",19,44.7257351087843,0,21517.3843192763,2013,2125
"female",20,33.0847374440445,0,15918.3258461071,2013,2125
"female",21,40.9196555059614,0,19687.0533426094,2013,2125
"female",22,41.7272802856843,0,20075.6136059504,2013,2125
"female",23,49.0794943004866,0,23611.7338203872,2013,2125
"female",24,37.4709915494816,0,18028.1977957281,2013,2125
"female",25,57.0815761528587,0,27459.0838783838,2013,2125
"female",26,55.9583350459611,0,26918.4891733212,2013,2125
"female",27,46.197131377717,481.24944,22224.4098692683,2013,2125
"female",28,59.2631494489508,0,28507.1540229792,2013,2125
"female",29,43.6999736099325,0,21023.4886170383,2013,2125
"female",30,55.0857168468147,0,26498.9760504683,2013,2125
"female",31,55.2853027774191,0,26594.9868332598,2013,2125
"female",32,78.6603439180275,0,37832.2447889912,2013,2125
"female",33,59.4116997625677,481.24944,28578.059153978,2013,2125
"female",34,52.9506397725906,0,25471.16021299,2013,2125
"female",35,62.5447941950651,481.24944,30083.6804413683,2013,2125
"female",36,76.8919544558463,0,36980.6547528196,2013,2125
"female",37,75.1513322934315,0,36144.5610065827,2013,2125
"female",38,106.180526579359,481.24944,51056.9343528734,2013,2125
"female",39,97.212860244618,0,46748.8906557378,2013,2125
"female",40,109.466796168144,0,52636.1217445756,2013,2125
"female",41,119.933771933966,0,57662.9490490818,2013,2125
"female",42,139.568099736771,0,67091.2750757334,2013,2125
"female",43,142.032862083583,0,68274.1242259425,2013,2125
"female",44,176.720363421767,0,84925.9964474223,2013,2125
"female",45,181.891191776025,0,87409.2379639596,2013,2125
"female",46,196.805104206277,0,94566.1867580668,2013,2125
"female",47,195.811725775674,0,94090.6795099906,2013,2125
"female",48,273.891622574312,0,131529.228857551,2013,2125
"female",49,245.701737136087,0,118016.870984101,2013,2125
"female",50,276.366031498463,481.24944,132707.235649942,2013,2125
"female",51,273.302566846558,0,131234.932663262,2013,2125
"female",52,333.044464922069,481.24944,159833.787776385,2013,2125
"female",53,345.977631177012,0,166006.911003261,2013,2125
"female",54,363.989573351137,962.49888,174598.707610434,2013,2125
"female",55,385.715699245679,0,184952.266973207,2013,2125
"female",56,372.533494613001,0,178617.510761316,2013,2125
"female",57,386.26604725872,481.24944,185148.023117034,2013,2125
"female",58,419.273561682783,0,200864.336095525,2013,2125
"female",59,448.037871487837,481.24944,214561.459308696,2013,2125
"female",60,476.94406228557,962.49888,228258.249263074,2013,2125
"female",61,497.550814704106,1443.74832,237972.498488295,2013,2125
"female",62,491.768606463926,481.24944,235161.277263491,2013,2125
"female",63,540.554802385063,481.24944,258292.332048632,2013,2125
"female",64,592.352411227038,481.24944,282775.923838691,2013,2125
"female",65,571.709273491848,481.24944,272783.318117977,2013,2125
"male",15,60.8816024718218,0,29285.9993475828,2013,2125
"male",16,45.3439370030757,0,21814.5552250103,2013,2125
"male",17,84.074989111359,0,40436.666932006,2013,2125
"male",18,112.419216243198,481.24944,54059.4170355863,2013,2125
"male",19,115.6762682666,0,55625.1228803803,2013,2125
"male",20,132.546152517752,0,63730.7211455717,2013,2125
"male",21,132.704622549184,0,63808.1188845207,2013,2125
"male",22,140.609534940099,0,67606.4754444703,2013,2125
"male",23,143.060320006307,0,68783.5413495683,2013,2125
"male",24,136.288006167898,0,65528.0236482385,2013,2125
"male",25,124.763672584224,0,59989.3213723862,2013,2125
"male",26,143.328176738667,0,68903.2370551071,2013,2125
"male",27,128.614501575112,0,61835.0645877831,2013,2125
"male",28,136.986181753477,0,65855.0224640384,2013,2125
"male",29,137.271529286296,0,65992.8228872571,2013,2125
"male",30,175.678018403499,0,84434.3287434803,2013,2125
"male",31,161.08631283381,0,77430.0235565704,2013,2125
"male",32,160.180456827125,0,76992.4250780668,2013,2125
"male",33,150.767092676603,0,72468.475369748,2013,2125
"male",34,153.403861909069,0,73731.0136221208,2013,2125
"male",35,159.356607575217,0,76587.0483657188,2013,2125
"male",36,189.500559578181,0,91054.5363430337,2013,2125
"male",37,201.410444648083,481.24944,96770.8186884285,2013,2125
"male",38,227.744682619349,0,109407.009843986,2013,2125
"male",39,212.821697033655,962.49888,102252.570388673,2013,2125
"male",40,244.896603672186,0,117630.0350865,2013,2125
"male",41,254.968116038108,0,122450.310764712,2013,2125
"male",42,294.50131108345,962.49888,141383.049116942,2013,2125
"male",43,282.001847037904,0,135393.853288315,2013,2125
"male",44,309.284413137498,0,148461.847642234,2013,2125
"male",45,337.147100243853,0,161804.340720676,2013,2125
"male",46,357.861104469611,0,171716.264902946,2013,2125
"male",47,415.401157926506,0,199232.211942417,2013,2125
"male",48,467.641967391888,481.24944,224188.051490429,2013,2125
"male",49,455.300459951507,0,218283.897348077,2013,2125
"male",50,461.735464747626,962.49888,221339.731228116,2013,2125
"male",51,521.908638104424,0,250033.287208383,2013,2125
"male",52,569.600929668197,0,272739.510472772,2013,2125
"male",53,568.725024408136,481.24944,272273.717777415,2013,2125
"male",54,641.997922247679,0,307070.492250151,2013,2125
"male",55,615.993613280344,481.24944,294604.600213372,2013,2125
"male",56,627.284303932845,1924.99776,299862.345127135,2013,2125
"male",57,677.820332859379,1924.99776,323743.755054978,2013,2125
"male",58,651.256333512939,962.49888,311047.277576423,2013,2125
"male",59,761.585955220632,962.49888,363217.285102764,2013,2125
"male",60,766.89573073343,1443.74832,365481.988137896,2013,2125
"male",61,810.18144405844,481.24944,385637.067730109,2013,2125
"male",62,839.32462106821,481.24944,399132.219380681,2013,2125
"male",63,897.519683127773,481.24944,426297.686980919,2013,2125
"male",64,875.78155240143,481.24944,415829.72483547,2013,2125
"male",65,912.296685570075,0,432220.258860011,2013,2125
"female",15,19.6800066443657,0,9469.53065731985,2014,2125
"female",16,24.7856863612263,0,11925.7968190022,2014,2125
"female",17,33.0661831246337,0,15909.091701206,2014,2125
"female",18,34.9645707100514,0,16822.2982776192,2014,2125
"female",19,41.5834078905985,0,20006.008439494,2014,2125
"female",20,28.5592425615144,0,13741.3357682707,2014,2125
"female",21,49.7943069778187,0,23955.1619690439,2014,2125
"female",22,53.7953227986312,0,25879.4806542309,2014,2125
"female",23,47.6359712973696,0,22917.4880934758,2014,2125
"female",24,49.2373061792663,0,23687.6557940862,2014,2125
"female",25,47.3435636339099,0,22776.5921096983,2014,2125
"female",26,52.1336646288848,0,25079.8596890915,2014,2125
"female",27,40.9939417068281,0,19722.2227098882,2014,2125
"female",28,47.6220890348538,0,22909.7041857126,2014,2125
"female",29,49.5715488943293,0,23847.0766304979,2014,2125
"female",30,51.3817550354334,0,24717.6627453509,2014,2125
"female",31,62.9995982473668,0,30304.1930396608,2014,2125
"female",32,63.227033620101,0,30413.5944585765,2014,2125
"female",33,62.8928540455306,0,30252.5548075314,2014,2125
"female",34,60.8366630609131,0,29263.2088638818,2014,2125
"female",35,64.721689443759,0,31130.4539208057,2014,2125
"female",36,62.5447941950651,0,30083.6804413683,2014,2125
"female",37,95.9133083204332,481.24944,46121.7205101647,2014,2125
"female",38,94.6043364161544,0,45493.5940750678,2014,2125
"female",39,114.015616226754,0,54821.2639669586,2014,2125
"female",40,113.625683638446,481.24944,54634.8304589197,2014,2125
"female",41,112.372459186551,0,54032.2404170934,2014,2125
"female",42,128.906105469939,0,61972.5682301899,2014,2125
"female",43,138.375185392551,481.24944,66518.4758421922,2014,2125
"female",44,156.236481655944,0,75092.9944488061,2014,2125
"female",45,150.271829999534,0,72231.0463018796,2014,2125
"female",46,185.553529532577,481.24944,89166.6192029679,2014,2125
"female",47,214.026083753602,0,102827.075727184,2014,2125
"female",48,228.415618933116,481.24944,109728.746988392,2014,2125
"female",49,245.386060465685,481.24944,117866.382390142,2014,2125
"female",50,270.609906537028,0,129954.527407639,2014,2125
"female",51,294.469395957427,0,141379.72334336,2014,2125
"female",52,300.643390882156,0,144330.006841028,2014,2125
"female",53,328.402496396279,0,157612.124686754,2014,2125
"female",54,317.698720342777,481.24944,152473.524295556,2014,2125
"female",55,361.835660034531,0,173568.87667368,2014,2125
"female",56,409.502148330487,481.24944,196310.443156084,2014,2125
"female",57,412.312217752449,481.24944,197611.620238678,2014,2125
"female",58,440.051106581498,481.24944,210806.123731708,2014,2125
"female",59,443.840786918706,962.49888,212572.116382262,2014,2125
"female",60,475.511621366094,0,227643.3454004,2014,2125
"female",61,494.938552990743,481.24944,236812.698252011,2014,2125
"female",62,571.345898723453,962.49888,273005.186405832,2014,2125
"female",63,522.141036349223,481.24944,249576.135957584,2014,2125
"female",64,593.989087204876,481.24944,283609.635101174,2014,2125
"female",65,625.884217040838,481.24944,298629.250974552,2014,2125
"male",15,53.5657657535455,0,25768.0609856622,2014,2125
"male",16,64.6867596391087,0,31115.5226486192,2014,2125
"male",17,83.2052478446897,481.24944,40018.3565844335,2014,2125
"male",18,97.2119917956622,0,46750.6298151922,2014,2125
"male",19,112.419216243198,0,54059.4170355863,2014,2125
"male",20,119.807669182137,0,57610.1569989939,2014,2125
"male",21,124.577761897109,0,59902.7528460088,2014,2125
"male",22,154.109273295784,481.24944,74089.6057006067,2014,2125
"male",23,151.228040313593,0,72707.1638559647,2014,2125
"male",24,153.656186875316,0,73873.1719370153,2014,2125
"male",25,143.708271654754,481.24944,69092.4730905234,2014,2125
"male",26,157.153868988273,962.49888,75546.2068915893,2014,2125
"male",27,145.113026647525,0,69760.624054589,2014,2125
"male",28,148.243453080376,0,71262.1656099384,2014,2125
"male",29,159.59155808879,0,76709.3646917504,2014,2125
"male",30,173.770938526946,481.24944,83516.9612372997,2014,2125
"male",31,149.670351417402,0,71948.7684681802,2014,2125
"male",32,133.656381524791,0,64258.4857067041,2014,2125
"male",33,163.242826237349,0,78462.9061821042,2014,2125
"male",34,219.404696782083,0,105402.524830519,2014,2125
"male",35,168.743080979064,0,81093.6163155359,2014,2125
"male",36,152.670047066204,0,73377.6261055014,2014,2125
"male",37,183.792441208236,481.24944,88315.9631321198,2014,2125
"male",38,206.86939527067,962.49888,99389.9087407157,2014,2125
"male",39,227.744682619349,481.24944,109407.009843986,2014,2125
"male",40,273.98138578694,1443.74832,131575.366999805,2014,2125
"male",41,273.709900893222,0,131440.030452424,2014,2125
"male",42,245.653634244579,481.24944,117985.865711766,2014,2125
"male",43,278.581173901995,0,133757.840825505,2014,2125
"male",44,289.857809603928,481.24944,139155.128108822,2014,2125
"male",45,322.930453960579,481.24944,154994.625712753,2014,2125
"male",46,394.278934738085,481.24944,189132.066434333,2014,2125
"male",47,371.670562668024,0,178322.395789598,2014,2125
"male",48,405.741726123509,1924.99776,194612.281452649,2014,2125
"male",49,461.226433116855,0,221120.796687963,2014,2125
"male",50,434.91156692385,1443.74832,208544.355747449,2014,2125
"male",51,550.507802112825,962.49888,263689.527055431,2014,2125
"male",52,538.143960997791,0,257769.768895684,2014,2125
"male",53,548.091594233657,481.24944,262484.993324981,2014,2125
"male",54,635.857937074977,481.24944,304217.270313254,2014,2125
"male",55,611.637829185382,481.24944,292618.414472306,2014,2125
"male",56,661.310733419015,0,316122.09385006,2014,2125
"male",57,698.693911793311,962.49888,333716.659054598,2014,2125
"male",58,733.453188625895,0,350066.079103748,2014,2125
"male",59,712.961439498592,481.24944,340256.596791236,2014,2125
"male",60,778.168051681572,481.24944,371012.792450188,2014,2125
"male",61,822.064606783777,1443.74832,391472.179402522,2014,2125
"male",62,867.340579714782,1443.74832,412490.307615446,2014,2125
"male",63,810.157932943819,962.49888,385361.459290344,2014,2125
"male",64,903.474853945204,962.49888,429048.409686258,2014,2125
"male",65,994.739743926561,1443.74832,471333.562933184,2014,2125
"female",15,41.7505324080025,0,20085.6378237132,2015,2125
"female",16,29.5200519281879,481.24944,14203.2200310384,2015,2125
"female",17,42.2935835129595,0,20347.0889513305,2015,2125
"female",18,24.2519079076076,0,11669.078353878,2015,2125
"female",19,33.7902601273629,0,16257.4659720353,2015,2125
"female",20,45.7654448461129,481.24944,22017.3723727084,2015,2125
"female",21,38.2090000305198,0,18383.0941272281,2015,2125
"female",22,32.0264657408346,0,15409.299721263,2015,2125
"female",23,51.2981618865448,0,24678.6400150888,2015,2125
"female",24,42.1310926755458,0,20269.8937376209,2015,2125
"female",25,52.4678268155539,0,25241.3451620127,2015,2125
"female",26,51.8644374575113,0,24950.824462896,2015,2125
"female",27,45.7654448461129,0,22017.3723727084,2015,2125
"female",28,43.7138904219768,0,21030.3867146214,2015,2125
"female",29,65.6499515722478,0,31578.1571502396,2015,2125
"female",30,36.2085109575777,0,17420.4518064537,2015,2125
"female",31,58.0748952344542,0,27936.1112013438,2015,2125
"female",32,54.38947719079,0,26164.3025179924,2015,2125
"female",33,67.5808325008434,0,32506.9264781879,2015,2125
"female",34,75.7500518237464,0,36433.5741732692,2015,2125
"female",35,68.258558098075,0,32831.3338259773,2015,2125
"female",36,95.1520915877313,0,45755.6751092903,2015,2125
"female",37,79.9275864480945,0,38439.1370354636,2015,2125
"female",38,115.798124625899,0,55674.5714956652,2015,2125
"female",39,117.812549171685,0,56643.6333650337,2015,2125
"female",40,104.101066772061,0,50057.9919522393,2015,2125
"female",41,124.180795072857,0,59705.4513847652,2015,2125
"female",42,134.847382533855,0,64827.6294987453,2015,2125
"female",43,162.957586116909,0,78321.8914332276,2015,2125
"female",44,165.812322680611,0,79690.1079551717,2015,2125
"female",45,190.12115727097,0,91354.5049436418,2015,2125
"female",46,189.471228005084,0,91044.8479649368,2015,2125
"female",47,222.177122158751,0,106734.924845525,2015,2125
"female",48,225.946180508341,0,108544.549243965,2015,2125
"female",49,251.875371660123,0,120976.380798636,2015,2125
"female",50,265.215992002215,0,127371.603725939,2015,2125
"female",51,298.902165484204,0,143509.358227528,2015,2125
"female",52,324.641885003214,1443.74832,155828.370152578,2015,2125
"female",53,353.909818403495,0,169827.716977723,2015,2125
"female",54,343.270817523571,481.24944,164725.656355523,2015,2125
"female",55,390.415973686202,481.24944,187255.001348729,2015,2125
"female",56,386.011674994176,962.49888,185122.859077085,2015,2125
"female",57,457.456234898084,962.49888,219195.003413288,2015,2125
"female",58,470.205909032073,481.24944,225223.380421334,2015,2125
"female",59,446.55030874083,962.49888,213905.050122169,2015,2125
"female",60,474.146043946692,481.24944,227011.609424487,2015,2125
"female",61,494.815037024113,0,236827.108828534,2015,2125
"female",62,582.549033203624,0,278434.088792257,2015,2125
"female",63,540.950643551166,0,258569.377416648,2015,2125
"female",64,573.503932794964,0,273929.850514674,2015,2125
"female",65,645.976372159254,0,308200.86047418,2015,2125
"male",15,46.132173966437,0,22193.1419266033,2015,2125
"male",16,68.5145930901981,0,32955.5395584264,2015,2125
"male",17,86.5574773732348,0,41629.0748913004,2015,2125
"male",18,105.30716783193,0,50640.3758272531,2015,2125
"male",19,129.185048191721,0,62112.8823506104,2015,2125
"male",20,107.359160788396,962.49888,51628.1160436016,2015,2125
"male",21,103.621853016902,0,49832.7538560719,2015,2125
"male",22,130.598199969038,0,62795.2916006395,2015,2125
"male",23,142.163390100311,0,68352.2965762168,2015,2125
"male",24,156.075230499513,0,75035.4667242851,2015,2125
"male",25,148.781776795471,962.49888,71532.4013702848,2015,2125
"male",26,158.172880758029,0,76039.6437501004,2015,2125
"male",27,146.154704731698,0,70264.7035969978,2015,2125
"male",28,171.179474538125,0,82276.1169967711,2015,2125
"male",29,156.284435478669,0,75123.3013128947,2015,2125
"male",30,123.214649560285,0,59241.165476175,2015,2125
"male",31,158.209771533207,0,76047.3445644888,2015,2125
"male",32,175.012005173453,0,84115.8152916723,2015,2125
"male",33,187.171019350597,0,89952.1567608922,2015,2125
"male",34,173.770938526946,481.24944,83516.9612372997,2015,2125
"male",35,183.737810728872,0,88293.8739697437,2015,2125
"male",36,191.022764756364,0,91784.2212887415,2015,2125
"male",37,165.599201471026,0,79583.4982941279,2015,2125
"male",38,183.375624388704,0,88116.5050067143,2015,2125
"male",39,220.895218480422,0,106116.5734577,2015,2125
"male",40,247.025818085256,481.24944,118651.631525836,2015,2125
"male",41,255.633290176762,962.49888,122781.346709418,2015,2125
"male",42,277.311591669125,481.24944,133165.853030713,2015,2125
"male",43,271.26856473019,481.24944,130261.515550012,2015,2125
"male",44,297.912786127078,481.24944,143016.767754895,2015,2125
"male",45,301.093494284949,0,144535.521914288,2015,2125
"male",46,344.536882541767,481.24944,165335.250852565,2015,2125
"male",47,395.425210836193,481.24944,189680.133223975,2015,2125
"male",48,401.156601461373,481.24944,192420.316213114,2015,2125
"male",49,452.739877322945,0,217070.640899595,2015,2125
"male",50,495.788657632601,481.24944,237618.705505247,2015,2125
"male",51,529.069575786773,481.24944,253490.281983992,2015,2125
"male",52,562.565567159846,0,269431.977256267,2015,2125
"male",53,614.61809025664,0,294197.404200001,2015,2125
"male",54,618.598855194238,1924.99776,296058.015549668,2015,2125
"male",55,656.494949106584,481.24944,314022.334983917,2015,2125
"male",56,708.184651836872,481.24944,338480.7903638,2015,2125
"male",57,693.215107118052,1443.74832,331253.758645511,2015,2125
"male",58,770.777416651693,1924.99776,367841.940617752,2015,2125
"male",59,698.633995196828,481.24944,333564.558848845,2015,2125
"male",60,794.291943457033,962.49888,378667.895647477,2015,2125
"male",61,888.9657697167,1924.99776,423246.301169042,2015,2125
"male",62,885.687936017952,481.24944,421364.505707819,2015,2125
"male",63,871.746594796299,1924.99776,414494.831259421,2015,2125
"male",64,918.265312578617,962.49888,436018.085741597,2015,2125
"male",65,973.898976993173,481.24944,461913.485741763,2015,2125
"female",15,24.7578416744869,0,11912.2842496272,2016,2125
"female",16,35.786138839817,0,17217.076211315,2016,2125
"female",17,39.508653963827,481.24944,19007.6494232981,2016,2125
"female",18,37.4570869568513,0,18020.986384606,2016,2125
"female",19,43.7138904219768,0,21030.3867146214,2016,2125
"female",20,43.1940318516342,481.24944,20780.4875960135,2016,2125
"female",21,33.88308449166,0,16302.2837130612,2016,2125
"female",22,43.9645171928301,0,21151.3692830685,2016,2125
"female",23,57.4714445211144,0,27647.1635151703,2016,2125
"female",24,61.6720525567599,0,29667.3318825895,2016,2125
"female",25,41.0681769035519,0,19758.699810218,2016,2125
"female",26,33.8412987994819,0,16282.4933721346,2016,2125
"female",27,53.7953227986312,0,25879.4806542309,2016,2125
"female",28,51.5024074006567,0,24776.420823067,2016,2125
"female",29,46.7865971603666,0,22508.205876954,2016,2125
"female",30,62.3172921291643,0,29975.9887829135,2016,2125
"female",31,51.572057831861,0,24809.2096444078,2016,2125
"female",32,59.5555557208212,0,28648.0856629142,2016,2125
"female",33,64.9815466153084,0,31257.2521996635,2016,2125
"female",34,74.3436233548802,0,35758.1581593009,2016,2125
"female",35,74.7613889629586,481.24944,35958.4030728531,2016,2125
"female",36,67.5808805436841,0,32505.6948570662,2016,2125
"female",37,82.7171760317767,0,39780.3351567789,2016,2125
"female",38,86.3330098238102,0,41517.6586449923,2016,2125
"female",39,92.7709190437483,481.24944,44611.9352751634,2016,2125
"female",40,100.165000071593,481.24944,48165.7616257488,2016,2125
"female",41,128.126250812103,0,61599.4314670002,2016,2125
"female",42,124.635669780084,0,59924.1526718889,2016,2125
"female",43,146.627964704001,481.24944,70484.9971612763,2016,2125
"female",44,158.696476771595,0,76276.8317483952,2016,2125
"female",45,155.679433486964,0,74826.701867247,2016,2125
"female",46,187.744576024616,0,90214.2844739985,2016,2125
"female",47,189.471228005084,481.24944,91044.8479649368,2016,2125
"female",48,225.472772437048,481.24944,108316.077398189,2016,2125
"female",49,249.405916531687,0,119792.610628971,2016,2125
"female",50,290.003565298983,0,139249.064379839,2016,2125
"female",51,304.87619402504,0,146373.372199375,2016,2125
"female",52,328.424769759716,481.24944,157647.206984118,2016,2125
"female",53,310.159056726175,0,148893.877589364,2016,2125
"female",54,359.828363074768,481.24944,172659.447438111,2016,2125
"female",55,366.388002026091,0,175784.903657098,2016,2125
"female",56,432.928379293273,0,207568.834777163,2016,2125
"female",57,449.279421149493,0,215341.651657396,2016,2125
"female",58,457.456234898084,1443.74832,219195.003413288,2016,2125
"female",59,445.843389851181,962.49888,213601.609576317,2016,2125
"female",60,505.290152761545,481.24944,241887.597333014,2016,2125
"female",61,511.578089617788,481.24944,244826.448507255,2016,2125
"female",62,558.162233953363,481.24944,266949.246051762,2016,2125
"female",63,583.343350222191,1443.74832,278800.197757105,2016,2125
"female",64,600.508013366784,481.24944,286808.630759685,2016,2125
"female",65,615.378211031276,962.49888,293753.645126674,2016,2125
"male",15,39.9126068138103,0,19201.9533253423,2016,2125
"male",16,49.7742315670435,0,23944.5767616219,2016,2125
"male",17,68.7637370650715,0,33075.3778840934,2016,2125
"male",18,100.917611141092,0,48530.4290809855,2016,2125
"male",19,117.82366238164,481.24944,56654.535500408,2016,2125
"male",20,116.401193738281,481.24944,55971.6078022089,2016,2125
"male",21,132.700248599718,0,63803.6112007189,2016,2125
"male",22,119.599257116271,0,57510.4827353911,2016,2125
"male",23,142.747837428125,0,68632.0061020524,2016,2125
"male",24,141.615224650031,0,68089.3796214595,2016,2125
"male",25,126.611591409734,0,60882.4328631991,2016,2125
"male",26,151.17363641604,481.24944,72681.6924718493,2016,2125
"male",27,171.015741195916,0,82207.4912723069,2016,2125
"male",28,155.242082939212,1443.74832,74629.2926456564,2016,2125
"male",29,160.089574677314,0,76953.0929986626,2016,2125
"male",30,146.608002596338,0,70477.9800578763,2016,2125
"male",31,158.209771533207,0,76047.3445644888,2016,2125
"male",32,181.947862484986,0,87442.794205682,2016,2125
"male",33,169.222416942014,481.24944,81337.0053096538,2016,2125
"male",34,186.545822908795,0,89652.5399076306,2016,2125
"male",35,196.295097516486,0,94327.2979092316,2016,2125
"male",36,191.53885152243,0,92037.4013106441,2016,2125
"male",37,219.183045811002,0,105291.078341456,2016,2125
"male",38,208.962832718436,481.24944,100387.175801328,2016,2125
"male",39,196.75797009533,481.24944,94537.246786922,2016,2125
"male",40,247.565335678389,0,118904.043655048,2016,2125
"male",41,267.308289773792,0,128374.347825483,2016,2125
"male",42,277.451617482769,0,133239.378713947,2016,2125
"male",43,288.116702166062,0,138342.751632188,2016,2125
"male",44,330.649907043302,962.49888,158699.676526603,2016,2125
"male",45,303.666454507558,0,145773.385323019,2016,2125
"male",46,333.677354098479,0,160133.085862518,2016,2125
"male",47,357.045978055512,0,171320.28125464,2016,2125
"male",48,382.81621091522,0,183650.845025716,2016,2125
"male",49,420.643455942394,0,201735.056398396,2016,2125
"male",50,488.629477057983,962.49888,234205.206781608,2016,2125
"male",51,517.397022520938,0,247930.494760556,2016,2125
"male",52,549.419029580626,0,263190.417770434,2016,2125
"male",53,570.273121275399,481.24944,273105.301607137,2016,2125
"male",54,600.598182833891,962.49888,287521.916560452,2016,2125
"male",55,609.63625287771,481.24944,291785.138228584,2016,2125
"male",56,636.321188934608,0,304421.605765775,2016,2125
"male",57,717.498172045771,481.24944,342889.969073336,2016,2125
"male",58,745.007369426236,1924.99776,355786.67645849,2016,2125
"male",59,717.421877343266,481.24944,342564.142945087,2016,2125
"male",60,728.983044880583,481.24944,347902.812449466,2016,2125
"male",61,857.201282777787,0,408328.814222973,2016,2125
"male",62,894.191157455943,1443.74832,425653.100058903,2016,2125
"male",63,872.208594543498,481.24944,414995.223734773,2016,2125
"male",64,960.171476106425,1443.74832,455894.540458523,2016,2125
"male",65,933.549364006489,481.24944,443089.155342345,2016,2125
"female",15,21.3045430654783,0,10251.0194842066,2017,2125
"female",16,26.1410178264689,0,12577.6808430924,2017,2125
"female",17,31.2559906178107,481.24944,15038.1560241327,2017,2125
"female",18,34.9599354020742,0,16819.9058511033,2017,2125
"female",19,42.9248310280783,0,20650.7768461265,2017,2125
"female",20,36.3895238385902,0,17507.7086925982,2017,2125
"female",21,41.1517462169937,0,19798.3336114024,2017,2125
"female",22,46.7123161187911,0,22472.9042149023,2017,2125
"female",23,51.6927009096387,0,24868.2058388467,2017,2125
"female",24,42.7484226607931,0,20566.7019333607,2017,2125
"female",25,45.1805885039721,0,21736.6320069243,2017,2125
"female",26,50.4998012095039,0,24295.0315836782,2017,2125
"female",27,46.1877990757167,0,22221.2066058048,2017,2125
"female",28,51.6323518662617,0,24839.4129142099,2017,2125
"female",29,54.9557246169343,0,26437.2085491662,2017,2125
"female",30,64.591645856506,481.24944,31070.002972071,2017,2125
"female",31,58.0656018439293,0,27931.9102623176,2017,2125
"female",32,54.6865449856059,0,26306.9544848852,2017,2125
"female",33,74.5710723043246,481.24944,35867.2115345813,2017,2125
"female",34,78.8134730372067,0,37906.9907758646,2017,2125
"female",35,71.1826933806932,0,34238.7898629358,2017,2125
"female",36,79.4261855130321,0,38200.950346783,2017,2125
"female",37,80.2617213841902,0,38601.3208973655,2017,2125
"female",38,104.514259136882,0,50254.2538580704,2017,2125
"female",39,70.5004743653678,0,33908.3526960767,2017,2125
"female",40,99.4223671418557,0,47808.1945611274,2017,2125
"female",41,116.299353183118,962.49888,55917.1766011216,2017,2125
"female",42,144.121452519944,481.24944,69281.438713223,2017,2125
"female",43,145.513904450286,0,69951.4875875012,2017,2125
"female",44,144.655235677426,0,69538.0366343831,2017,2125
"female",45,174.004861538955,962.49888,83625.0539462359,2017,2125
"female",46,189.944707774904,481.24944,91271.4831201781,2017,2125
"female",47,209.950797314468,0,100867.18870404,2017,2125
"female",48,215.641528375969,0,103599.198990988,2017,2125
"female",49,218.120166633164,0,104789.994381689,2017,2125
"female",50,258.049017174607,481.24944,123935.609311346,2017,2125
"female",51,312.312532226576,481.24944,149934.916191135,2017,2125
"female",52,311.07314142262,481.24944,149341.353762929,2017,2125
"female",53,349.336767181892,481.24944,167657.609702582,2017,2125
"female",54,322.228075990665,481.24944,154672.731380644,2017,2125
"female",55,390.604965393775,481.24944,187380.098351129,2017,2125
"female",56,423.025800621885,0,202862.25163077,2017,2125
"female",57,398.82288723483,0,191270.542410186,2017,2125
"female",58,455.876130985487,962.49888,218486.554281775,2017,2125
"female",59,455.367393642841,1443.74832,218194.112986744,2017,2125
"female",60,463.140524381239,0,221849.890244589,2017,2125
"female",61,502.751006265255,481.24944,240672.081768526,2017,2125
"female",62,532.715565274465,962.49888,254875.457607169,2017,2125
"female",63,634.561433324811,962.49888,303229.028483092,2017,2125
"female",64,616.590296568522,962.49888,294561.25725405,2017,2125
"female",65,635.747125783565,481.24944,303503.406398635,2017,2125
"male",15,35.7405731747773,0,17195.2738348769,2017,2125
"male",16,61.9144699402897,481.24944,29782.0002493927,2017,2125
"male",17,75.8305221272554,0,36472.0990194415,2017,2125
"male",18,90.6707401814084,0,43605.670335519,2017,2125
"male",19,109.737563527048,0,52768.8871948869,2017,2125
"male",20,111.110099782392,481.24944,53429.3943456284,2017,2125
"male",21,123.359317946793,0,59315.1921356615,2017,2125
"male",22,156.637221721543,0,75301.3947816528,2017,2125
"male",23,124.373878240903,0,59805.2795694835,2017,2125
"male",24,130.675132162581,0,62833.4666983048,2017,2125
"male",25,142.36715412685,0,68451.5563875262,2017,2125
"male",26,150.983289587439,0,72591.5449156323,2017,2125
"male",27,153.506562903942,481.24944,73803.3235285136,2017,2125
"male",28,160.831924503157,481.24944,77318.6745225932,2017,2125
"male",29,171.573130253756,481.24944,82472.3199195909,2017,2125
"male",30,155.790392509923,0,74890.0576773534,2017,2125
"male",31,146.145859577401,0,70257.1409517747,2017,2125
"male",32,149.135814448055,0,71691.8085807939,2017,2125
"male",33,166.753521762259,0,80151.0826066126,2017,2125
"male",34,201.518099290961,0,96838.9757634586,2017,2125
"male",35,179.415217542095,0,86231.3133170481,2017,2125
"male",36,191.420507883602,0,91989.2071485406,2017,2125
"male",37,178.192693513891,481.24944,85634.8588292059,2017,2125
"male",38,180.648386844882,481.24944,86808.4553222639,2017,2125
"male",39,216.310915999553,0,103912.34554115,2017,2125
"male",40,190.601302829432,0,91584.304145463,2017,2125
"male",41,204.939411958335,0,98465.4381520554,2017,2125
"male",42,261.02456446868,481.24944,125363.694793005,2017,2125
"male",43,314.211676822077,0,150851.219328809,2017,2125
"male",44,349.459895635917,481.24944,167718.272992064,2017,2125
"male",45,321.416517488535,0,154281.098204253,2017,2125
"male",46,344.767822339742,0,165447.63551308,2017,2125
"male",47,311.332420681389,0,149439.284527778,2017,2125
"male",48,391.162105214463,0,187636.951284654,2017,2125
"male",49,416.058296142313,0,199543.61449308,2017,2125
"male",50,438.984203273829,481.24944,210499.213730645,2017,2125
"male",51,494.338493375256,962.49888,236930.398718268,2017,2125
"male",52,560.614479121922,481.24944,268543.258339686,2017,2125
"male",53,557.285073181448,1443.74832,266940.844498645,2017,2125
"male",54,596.43684328545,2406.2472,285564.909603233,2017,2125
"male",55,674.324507359571,481.24944,322599.669008252,2017,2125
"male",56,726.341503050589,0,347267.580210669,2017,2125
"male",57,682.996789871195,962.49888,326599.963387336,2017,2125
"male",58,757.583200417245,1443.74832,361891.973087754,2017,2125
"male",59,827.860045821797,481.24944,394997.470736343,2017,2125
"male",60,828.11891773155,1443.74832,394903.294819625,2017,2125
"male",61,811.114413445013,481.24944,386713.514198284,2017,2125
"male",62,822.31185194421,1443.74832,391828.466335318,2017,2125
"male",63,941.954749526281,1443.74832,448065.025595602,2017,2125
"male",64,927.916299568588,962.49888,441109.65105954,2017,2125
"male",65,979.273016309168,962.49888,464750.946893169,2017,2125
"female",15,24.1730107687903,0,11630.8917082974,2018,2125
"female",16,29.7057179104964,0,14292.4131183002,2018,2125
"female",17,22.7526990551373,0,10947.7171465474,2018,2125
"female",18,34.1801598912473,0,16444.7406648333,2018,2125
"female",19,31.6783632404903,0,15241.5186769373,2018,2125
"female",20,35.9996360831768,0,17320.1260994632,2018,2125
"female",21,41.0078589924587,0,19729.1086687052,2018,2125
"female",22,54.0274184578645,0,25990.6340804303,2018,2125
"female",23,49.0609369152402,0,23602.5782986824,2018,2125
"female",24,39.7685510521736,0,19133.424499768,2018,2125
"female",25,60.8226411595931,0,29259.0049663571,2018,2125
"female",26,50.3419893307242,0,24219.1096099792,2018,2125
"female",27,62.0387116353752,0,29844.2890925348,2018,2125
"female",28,62.0387116353752,0,29844.2890925348,2018,2125
"female",29,61.2125298849751,0,29446.5626905004,2018,2125
"female",30,53.0898103684852,481.24944,25540.0776292574,2018,2125
"female",31,62.827839002185,0,30222.1563037336,2018,2125
"female",32,60.2100016768973,0,28963.1741131579,2018,2125
"female",33,64.5173927109133,0,31033.986112523,2018,2125
"female",34,66.2811893270648,0,31882.0952602603,2018,2125
"female",35,75.9310316827424,0,36521.6775506026,2018,2125
"female",36,85.2560012913002,0,41004.0767953033,2018,2125
"female",37,89.3545698735786,0,42973.2193684508,2018,2125
"female",38,89.4521061208922,0,43018.466586252,2018,2125
"female",39,98.238750070216,0,47239.4969790998,2018,2125
"female",40,114.628426221099,0,55112.7243551679,2018,2125
"female",41,124.060246360435,0,59644.0371427581,2018,2125
"female",42,115.969780600162,0,55759.2551265971,2018,2125
"female",43,144.655235677426,481.24944,69538.0366343831,2018,2125
"female",44,173.572975288838,481.24944,83423.1333382928,2018,2125
"female",45,163.463376095249,0,78568.781739958,2018,2125
"female",46,179.584210460961,0,86303.1007600217,2018,2125
"female",47,182.230094904765,0,87570.4087875689,2018,2125
"female",48,208.372564560111,0,100110.888821183,2018,2125
"female",49,234.710030962497,0,112743.808372876,2018,2125
"female",50,247.238215229791,0,118752.585701144,2018,2125
"female",51,259.01912626173,0,124401.532654622,2018,2125
"female",52,265.215992002215,0,127371.603725939,2018,2125
"female",53,342.058043979204,0,164177.025987203,2018,2125
"female",54,351.797010500556,481.24944,168835.091140097,2018,2125
"female",55,377.746118494197,962.49888,181241.292102746,2018,2125
"female",56,383.502647234336,481.24944,183983.67233598,2018,2125
"female",57,468.105572146739,0,224395.53310439,2018,2125
"female",58,467.897940058801,0,224263.419620821,2018,2125
"female",59,540.226159273875,481.24944,258714.648349278,2018,2125
"female",60,521.148721542332,481.24944,249556.677233985,2018,2125
"female",61,540.278262014515,481.24944,258591.617832807,2018,2125
"female",62,563.418637401319,481.24944,269541.668578528,2018,2125
"female",63,611.514326766182,962.49888,292312.357086825,2018,2125
"female",64,637.212870017042,0,304475.324804261,2018,2125
"female",65,687.389361916068,481.24944,328090.204479034,2018,2125
"male",15,36.0893827791851,481.24944,17362.9273786955,2018,2125
"male",16,50.4174881769102,0,24253.79578865,2018,2125
"male",17,68.7456377008088,0,33066.3606691937,2018,2125
"male",18,82.8565183924743,481.24944,39849.5058143099,2018,2125
"male",19,102.55747318489,0,49318.5603355484,2018,2125
"male",20,112.976496950224,0,54325.8631702392,2018,2125
"male",21,135.884960628696,0,65332.3904240691,2018,2125
"male",22,119.988901764461,0,57696.7600974825,2018,2125
"male",23,128.614010204181,0,61842.4025547984,2018,2125
"male",24,142.611855053309,481.24944,68567.9189628926,2018,2125
"male",25,177.045142327824,0,85105.8323107536,2018,2125
"male",26,177.892143696451,0,85514.5987319261,2018,2125
"male",27,168.949574506211,0,81221.9358612395,2018,2125
"male",28,191.210665524962,0,91910.8868443912,2018,2125
"male",29,135.653614161388,0,65226.0770819545,2018,2125
"male",30,166.032667450021,0,79813.625483131,2018,2125
"male",31,157.153868988273,0,75546.2068915893,2018,2125
"male",32,179.415217542095,0,86231.3133170481,2018,2125
"male",33,179.478743077101,0,86260.2190881599,2018,2125
"male",34,194.949335832252,0,93685.9069659189,2018,2125
"male",35,194.428212253431,0,93438.1154060611,2018,2125
"male",36,218.076040784415,0,104784.982299523,2018,2125
"male",37,212.581166905088,962.49888,102143.746344265,2018,2125
"male",38,201.233417782041,0,96691.2331942155,2018,2125
"male",39,197.917603395463,0,95095.3179880148,2018,2125
"male",40,224.89126830646,0,108028.098193054,2018,2125
"male",41,203.739008908464,0,97887.7680532718,2018,2125
"male",42,237.376376924743,0,114022.181501201,2018,2125
"male",43,270.529278627451,0,129919.996591783,2018,2125
"male",44,314.130041583098,0,150813.449884665,2018,2125
"male",45,324.161141024522,0,155608.807867399,2018,2125
"male",46,339.090160111115,0,162743.0031893,2018,2125
"male",47,366.768511054646,962.49888,175975.444346377,2018,2125
"male",48,372.61351219121,0,178764.680760583,2018,2125
"male",49,391.162105214463,481.24944,187636.951284654,2018,2125
"male",50,437.837901496627,0,209951.529380387,2018,2125
"male",51,476.812541147549,0,228567.151023319,2018,2125
"male",52,533.160250970138,481.24944,255455.056919105,2018,2125
"male",53,558.380955300719,1443.74832,267473.364880166,2018,2125
"male",54,644.575406340622,962.49888,308519.458381872,2018,2125
"male",55,626.733592563802,481.24944,299985.335695132,2018,2125
"male",56,680.034736771577,481.24944,325306.814034852,2018,2125
"male",57,720.070317577509,481.24944,344279.083780641,2018,2125
"male",58,758.405407598048,0,362391.282373974,2018,2125
"male",59,792.457563276711,0,378407.546335613,2018,2125
"male",60,838.244600177238,481.24944,399891.474369688,2018,2125
"male",61,787.097853791357,0,375495.066088659,2018,2125
"male",62,895.562910921576,1924.99776,426533.410880121,2018,2125
"male",63,866.675036374377,1443.74832,412719.86650625,2018,2125
"male",64,996.545921738213,0,473675.834781911,2018,2125
"male",65,952.237921872209,1924.99776,452451.421392306,2018,2125
"female",15,26.1549470216816,0,12584.2614390315,2019,2125
"female",16,37.1321935750254,0,17864.3321647538,2019,2125
"female",17,34.9970737879933,0,16837.6114114423,2019,2125
"female",18,31.6180291191753,0,15212.3431595473,2019,2125
"female",19,32.3421061219045,0,15560.7174303767,2019,2125
"female",20,41.2909992554283,0,19865.1373672062,2019,2125
"female",21,52.3564673715388,481.24944,25186.8000367057,2019,2125
"female",22,47.2739491468043,0,22742.8817381343,2019,2125
"female",23,45.4915867373594,0,21885.8326809078,2019,2125
"female",24,54.3244571212407,0,26134.0329229611,2019,2125
"female",25,39.2254861370828,481.24944,18872.3274584043,2019,2125
"female",26,54.7839587713447,0,26355.3410717345,2019,2125
"female",27,55.9861146064526,0,26933.6714400798,2019,2125
"female",28,58.5575317021166,0,28170.4510728022,2019,2125
"female",29,72.4265366275188,0,34839.4301834707,2019,2125
"female",30,51.9850987181354,0,25009.3544886701,2019,2125
"female",31,69.5952240566579,0,33476.8341882173,2019,2125
"female",32,72.0784982429933,0,34670.0054823451,2019,2125
"female",33,66.3740083284936,481.24944,31927.0504610848,2019,2125
"female",34,75.9171205408647,0,36514.6341254582,2019,2125
"female",35,80.4101795974476,0,38674.5870107862,2019,2125
"female",36,104.992135676145,0,50489.3949518116,2019,2125
"female",37,96.9157141873176,0,46608.2447120658,2019,2125
"female",38,116.494154452967,0,56014.622877375,2019,2125
"female",39,104.101066772061,0,50057.9919522393,2019,2125
"female",40,112.567485256417,0,54123.9251382272,2019,2125
"female",41,137.938900128949,0,66308.1084406081,2019,2125
"female",42,119.01473919884,0,57221.0873705448,2019,2125
"female",43,130.382129578374,0,62682.1777900776,2019,2125
"female",44,152.058711171836,0,73093.4741713032,2019,2125
"female",45,149.682107156145,0,71953.8376814375,2019,2125
"female",46,188.226970606813,0,90454.8198453676,2019,2125
"female",47,210.683952071258,0,101225.287780267,2019,2125
"female",48,203.526473765865,0,97788.2926149455,2019,2125
"female",49,215.191327118993,0,103381.912976721,2019,2125
"female",50,244.151465456855,481.24944,117271.102269315,2019,2125
"female",51,293.856377919488,962.49888,141093.587348603,2019,2125
"female",52,289.845696232988,0,139174.606880532,2019,2125
"female",53,317.214342895222,0,152283.758686732,2019,2125
"female",54,361.999863748987,0,173723.261928104,2019,2125
"female",55,371.646056908649,0,178335.205669196,2019,2125
"female",56,411.540155230589,962.49888,197402.064244668,2019,2125
"female",57,475.833968525742,0,228106.917295391,2019,2125
"female",58,466.949672735005,481.24944,223843.597841754,2019,2125
"female",59,518.03401606207,0,248185.416623333,2019,2125
"female",60,494.313823546512,0,236825.876174065,2019,2125
"female",61,544.425557153383,481.24944,260644.865202296,2019,2125
"female",62,627.306714166419,481.24944,299980.744155012,2019,2125
"female",63,588.010481758355,481.24944,281224.606803193,2019,2125
"female",64,670.304927223675,962.49888,320206.576170659,2019,2125
"female",65,736.857583989829,962.49888,351677.385605759,2019,2125
"male",15,45.0495487894881,0,21672.1114532874,2019,2125
"male",16,40.0439845511048,0,19264.9777532851,2019,2125
"male",17,70.4126792520652,0,33867.5626626894,2019,2125
"male",18,97.1668068449218,0,46727.1390594252,2019,2125
"male",19,120.895172862788,0,58128.1599841664,2019,2125
"male",20,106.978741614476,0,51443.7218162414,2019,2125
"male",21,110.915280239944,0,53336.2141321002,2019,2125
"male",22,144.120582213564,0,69289.3991784033,2019,2125
"male",23,132.11580786672,0,63523.8032197744,2019,2125
"male",24,146.933555965713,0,70643.8001110266,2019,2125
"male",25,180.528801775846,481.24944,86778.7963379087,2019,2125
"male",26,171.391427137586,0,82392.7425517482,2019,2125
"male",27,163.34581577123,0,78530.907720758,2019,2125
"male",28,171.966531193821,0,82672.3275730474,2019,2125
"male",29,208.53840972868,0,100231.461321731,2019,2125
"male",30,169.384600499603,0,81428.7711384526,2019,2125
"male",31,190.604095762309,0,91612.4139609438,2019,2125
"male",32,174.726204303505,0,83984.7834711421,2019,2125
"male",33,186.509363509942,481.24944,89638.3974881733,2019,2125
"male",34,185.916042171086,0,89351.5564266719,2019,2125
"male",35,183.283946110538,0,88089.0576554,2019,2125
"male",36,215.756407462047,0,103674.314120036,2019,2125
"male",37,235.734892285182,481.24944,113258.268099885,2019,2125
"male",38,216.137311517161,0,103851.469505986,2019,2125
"male",39,202.284327486233,0,97197.1042709368,2019,2125
"male",40,208.844559740148,481.24944,100337.925684027,2019,2125
"male",41,238.183222133194,0,114402.19090165,2019,2125
"male",42,227.618175371123,481.24944,109341.080690791,2019,2125
"male",43,275.069098965174,0,132090.247530698,2019,2125
"male",44,309.373196292902,0,148532.497486952,2019,2125
"male",45,310.315285495525,481.24944,148987.613658628,2019,2125
"male",46,358.158413279177,0,171884.888624122,2019,2125
"male",47,376.640022424457,0,180710.086720879,2019,2125
"male",48,392.384933068619,0,188228.864202532,2019,2125
"male",49,420.186389876607,0,201508.238414789,2019,2125
"male",50,466.935368615545,0,223847.191652646,2019,2125
"male",51,474.519893651921,0,227472.436529671,2019,2125
"male",52,551.325057385202,481.24944,264123.454891787,2019,2125
"male",53,574.266490403666,481.24944,275056.768179432,2019,2125
"male",54,630.880444153247,1443.74832,302018.819916441,2019,2125
"male",55,650.1716374645,0,311183.306643539,2019,2125
"male",56,691.165969785231,481.24944,330641.035085498,2019,2125
"male",57,744.243565961521,481.24944,355809.784510776,2019,2125
"male",58,739.770241750805,0,353624.23286565,2019,2125
"male",59,826.099629642231,1924.99776,394472.017642314,2019,2125
"male",60,859.484098717033,481.24944,410125.232116157,2019,2125
"male",61,905.245088572233,481.24944,431509.961279632,2019,2125
"male",62,948.190600735709,2406.2472,451508.359171743,2019,2125
"male",63,979.207780193761,481.24944,465856.410037216,2019,2125
"male",64,952.922860133768,1924.99776,453252.051759248,2019,2125
"male",65,1073.48416000265,1443.74832,509671.673490047,2019,2125
"female",15,12.4067478838942,0,5970.10702528329,2020,2125
"female",16,32.1007585290421,0,15444.3001681134,2020,2125
"female",17,25.834677773815,0,12430.2861457124,2020,2125
"female",18,45.1667120904817,0,21728.6981249724,2020,2125
"female",19,43.21261330945,0,20789.025918707,2020,2125
"female",20,42.9248310280783,0,20650.7768461265,2020,2125
"female",21,28.8980783003543,0,13904.2331195123,2020,2125
"female",22,59.9454234863587,0,28836.1807384358,2020,2125
"female",23,46.7123161187911,0,22472.9042149023,2020,2125
"female",24,60.2749510425291,0,28995.2564030486,2020,2125
"female",25,52.4678268155539,0,25241.3451620127,2020,2125
"female",26,57.5642546943936,0,27692.3450733719,2020,2125
"female",27,64.6658415158259,0,31107.4936244627,2020,2125
"female",28,61.4538677304232,0,29563.2298303177,2020,2125
"female",29,64.132042396078,0,30851.3049821602,2020,2125
"female",30,68.8246675565288,0,33107.7768299607,2020,2125
"female",31,63.1619735118851,0,30384.351311217,2020,2125
"female",32,83.4549906654896,0,40140.2006343689,2020,2125
"female",33,84.0909272550772,0,40444.9026133926,2020,2125
"female",34,88.8393099290655,0,42726.6529016641,2020,2125
"female",35,83.3390260841556,0,40082.4898322026,2020,2125
"female",36,78.5953063456744,0,37802.4237432558,2020,2125
"female",37,100.63827883216,0,48397.5485620552,2020,2125
"female",38,104.718264895857,0,50358.1800078352,2020,2125
"female",39,127.866185785632,481.24944,61477.9607216398,2020,2125
"female",40,126.107117467793,0,60629.8606834119,2020,2125
"female",41,152.058873393736,0,73089.3172793902,2020,2125
"female",42,146.154678002866,0,70253.4147942044,2020,2125
"female",43,161.124122165919,481.24944,77441.4261960056,2020,2125
"female",44,168.546142517873,0,81006.340438124,2020,2125
"female",45,195.29633138685,0,93847.5568156011,2020,2125
"female",46,209.244709328037,0,100542.530085717,2020,2125
"female",47,215.223397545513,0,103408.309431896,2020,2125
"female",48,245.061100587157,0,117711.431815066,2020,2125
"female",49,251.476277849132,481.24944,120782.36040407,2020,2125
"female",50,251.986950967025,481.24944,121025.293892841,2020,2125
"female",51,341.891124417964,481.24944,164092.148754404,2020,2125
"female",52,311.07314142262,962.49888,149341.353762929,2020,2125
"female",53,381.904724093814,481.24944,183247.213639752,2020,2125
"female",54,389.573243901535,481.24944,186917.714714315,2020,2125
"female",55,454.060794512618,1443.74832,217747.207543685,2020,2125
"female",56,448.202684318426,0,214942.081638385,2020,2125
"female",57,526.201008847615,0,252168.988905687,2020,2125
"female",58,540.940931845705,481.24944,259180.002516976,2020,2125
"female",59,604.504599240867,0,289449.926325934,2020,2125
"female",60,675.132271309189,481.24944,323007.845894463,2020,2125
"female",61,704.662171308151,0,336959.367610915,2020,2125
"female",62,697.071769500893,962.49888,333226.186491676,2020,2125
"female",63,711.822099484036,481.24944,340092.324798688,2020,2125
"female",64,772.763263355524,0,368860.60316784,2020,2125
"female",65,768.009815206895,481.24944,366466.851587853,2020,2125
"male",15,39.7948538033986,0,19144.9418233482,2020,2125
"male",16,38.4177526260271,0,18482.7790434943,2020,2125
"male",17,56.9677851700618,0,27403.3279609525,2020,2125
"male",18,95.753471472632,0,46047.4715821972,2020,2125
"male",19,92.2607667814365,0,44369.933211024,2020,2125
"male",20,98.362677102712,0,47302.67399511,2020,2125
"male",21,130.951766275365,0,62961.7369093227,2020,2125
"male",22,138.154507024365,0,66422.9441295501,2020,2125
"male",23,150.195386989859,0,72207.9649209088,2020,2125
"male",24,163.948734086228,0,78814.0852260121,2020,2125
"male",25,156.559936184294,0,75268.49612405,2020,2125
"male",26,193.747684912221,481.24944,93126.8670981029,2020,2125
"male",27,184.587610471882,481.24944,88730.6704401728,2020,2125
"male",28,171.46370507922,481.24944,82430.5956210794,2020,2125
"male",29,196.488040257602,481.24944,94448.4983897625,2020,2125
"male",30,205.326400461713,0,98691.3686188183,2020,2125
"male",31,210.554567850168,481.24944,101195.734053954,2020,2125
"male",32,199.605490444119,481.24944,95934.3448447428,2020,2125
"male",33,207.261925463763,0,99602.911616398,2020,2125
"male",34,189.761962843709,481.24944,91200.7719025401,2020,2125
"male",35,222.017369886865,481.24944,106675.763505804,2020,2125
"male",36,241.239332163102,0,115896.30582774,2020,2125
"male",37,226.61083271211,481.24944,108882.848267993,2020,2125
"male",38,234.656601700021,481.24944,112742.33207692,2020,2125
"male",39,268.190557205092,962.49888,128815.065345952,2020,2125
"male",40,254.12461889014,481.24944,122059.030450185,2020,2125
"male",41,275.613038074235,481.24944,132346.456588553,2020,2125
"male",42,267.89346214074,0,128643.239154198,2020,2125
"male",43,296.815612679537,481.24944,142503.503124013,2020,2125
"male",44,344.544320709091,962.49888,165363.796155174,2020,2125
"male",45,379.356829482732,962.49888,182034.222619312,2020,2125
"male",46,386.039144191627,962.49888,185237.230643336,2020,2125
"male",47,462.582406742873,0,221819.082098009,2020,2125
"male",48,439.349866159126,1443.74832,210694.46049587,2020,2125
"male",49,459.132732821447,962.49888,220127.438011313,2020,2125
"male",50,530.06158646898,0,253967.980511908,2020,2125
"male",51,549.145906960754,481.24944,263079.488666918,2020,2125
"male",52,623.547608889334,481.24944,298545.132767017,2020,2125
"male",53,700.358667875497,481.24944,335108.472589058,2020,2125
"male",54,763.067056648867,0,364905.787587374,2020,2125
"male",55,795.351828491854,481.24944,380222.12193984,2020,2125
"male",56,837.050692707838,481.24944,399981.990685704,2020,2125
"male",57,907.998654789725,962.49888,433538.587650392,2020,2125
"male",58,889.540691174752,481.24944,424709.409736107,2020,2125
"male",59,1004.16754676806,2887.49664,478832.471030835,2020,2125
"male",60,1066.65534715487,1443.74832,508155.681083952,2020,2125
"male",61,1154.48103007819,962.49888,549216.189173596,2020,2125
"male",62,1156.06587271951,481.24944,549571.849270358,2020,2125
"male",63,1184.61074227046,1924.99776,562507.836818333,2020,2125
"male",64,1204.00161941236,962.49888,571235.162165993,2020,2125
"male",65,1283.70081931633,962.49888,607971.444509753,2020,2125
"female",15,27.0693306360364,0,13024.0847831786,2021,2125
"female",16,21.51805647075,0,10353.6549758045,2021,2125
"female",17,24.1730107687903,0,11630.8917082974,2021,2125
"female",18,36.6912422564104,0,17652.3603877888,2021,2125
"female",19,44.2801723124898,0,21302.4091335457,2021,2125
"female",20,42.2935835129595,0,20347.0889513305,2021,2125
"female",21,45.7840272212159,0,22025.8871795907,2021,2125
"female",22,50.0913825403648,0,24097.61477312,2021,2125
"female",23,50.9732730780472,0,24521.8685543369,2021,2125
"female",24,67.7757410747845,0,32601.6228368914,2021,2125
"female",25,63.4961976998364,0,30544.2471933257,2021,2125
"female",26,65.7937574850278,0,31649.4666641369,2021,2125
"female",27,69.8087100024278,0,33580.1736708151,2021,2125
"female",28,78.6833978402676,0,37847.3501138901,2021,2125
"female",29,74.1903337086489,962.49888,35687.527404707,2021,2125
"female",30,78.4420098427651,0,37731.9687267366,2021,2125
"female",31,92.561719668425,0,44519.9276140086,2021,2125
"female",32,101.069818053098,481.24944,48608.3622370438,2021,2125
"female",33,98.1595817263906,0,47208.2620532292,2021,2125
"female",34,116.187707483424,0,55869.968545945,2021,2125
"female",35,97.2499063052049,962.49888,46768.9627972798,2021,2125
"female",36,98.2339513515283,0,47241.293135658,2021,2125
"female",37,116.299167114101,0,55921.9455174074,2021,2125
"female",38,115.992782284378,0,55775.698506351,2021,2125
"female",39,141.921060038785,481.24944,68230.921867591,2021,2125
"female",40,130.962164755481,0,62965.2891915261,2021,2125
"female",41,161.667075259037,481.24944,77705.3885340244,2021,2125
"female",42,168.393059220387,0,80930.4209194546,2021,2125
"female",43,162.233552910462,0,77972.3951033628,2021,2125
"female",44,169.038243355331,0,81240.4991605253,2021,2125
"female",45,226.795602239575,481.24944,108952.611459168,2021,2125
"female",46,209.337653635093,0,100584.274934695,2021,2125
"female",47,228.740168280354,0,109894.213374051,2021,2125
"female",48,271.593555990489,0,130436.989265511,2021,2125
"female",49,273.673414912919,0,131425.710736782,2021,2125
"female",50,283.217312383749,962.49888,135993.184214795,2021,2125
"female",51,361.025548634463,0,173243.958252515,2021,2125
"female",52,390.910556620607,481.24944,187546.656678614,2021,2125
"female",53,381.719122001083,0,183156.385280458,2021,2125
"female",54,456.548961486594,0,218936.182218772,2021,2125
"female",55,451.572629313301,1443.74832,216558.187515365,2021,2125
"female",56,538.659467452413,962.49888,258146.90280144,2021,2125
"female",57,563.040799556612,481.24944,269771.283987661,2021,2125
"female",58,611.897448103717,0,293035.233133513,2021,2125
"female",59,613.105767340301,481.24944,293576.891122637,2021,2125
"female",60,751.750119398823,1924.99776,359500.581069261,2021,2125
"female",61,738.893389678989,481.24944,353307.664139488,2021,2125
"female",62,736.641298419196,962.49888,352128.210579599,2021,2125
"female",63,779.099682287498,962.49888,372131.117680312,2021,2125
"female",64,825.795059732693,962.49888,394070.579263483,2021,2125
"female",65,826.483522414277,0,394241.783547394,2021,2125
"male",15,27.7226771003138,0,13338.5089207068,2021,2125
"male",16,41.0949367965709,0,19770.2137573664,2021,2125
"male",17,58.4355009935392,0,28108.8168278014,2021,2125
"male",18,79.8214810887207,481.24944,38389.8169566429,2021,2125
"male",19,94.8746389075804,962.49888,45625.2742080494,2021,2125
"male",20,111.617583036708,0,53671.4047418441,2021,2125
"male",21,136.369865851843,0,65562.4400941011,2021,2125
"male",22,135.382175779729,0,65090.0422406628,2021,2125
"male",23,182.712843389984,481.24944,87819.5433192486,2021,2125
"male",24,139.975465860765,0,67299.7063681547,2021,2125
"male",25,182.069262894403,481.24944,87515.1600559884,2021,2125
"male",26,192.270964594206,0,92416.1948916102,2021,2125
"male",27,200.316406374401,0,96280.5624430301,2021,2125
"male",28,191.210665524962,0,91910.8868443912,2021,2125
"male",29,200.438421659204,481.24944,96343.748262882,2021,2125
"male",30,230.160829448791,481.24944,110612.546122935,2021,2125
"male",31,234.215396398941,481.24944,112557.939445964,2021,2125
"male",32,229.291471673523,0,110188.510721094,2021,2125
"male",33,213.200591367555,481.24944,102459.726548715,2021,2125
"male",34,234.11265148724,481.24944,112486.290538352,2021,2125
"male",35,240.02046347262,481.24944,115315.08585472,2021,2125
"male",36,224.101255206536,0,107676.021535067,2021,2125
"male",37,253.974005463542,0,122003.947919465,2021,2125
"male",38,270.432475967996,0,129899.236122266,2021,2125
"male",39,301.705781425061,0,144888.216806434,2021,2125
"male",40,349.82025322691,0,167922.919114473,2021,2125
"male",41,320.423087436961,0,153824.5717797,2021,2125
"male",42,320.424030188439,0,153810.507469571,2021,2125
"male",43,331.682986811599,0,159192.511020999,2021,2125
"male",44,381.62815892653,481.24944,183098.183726679,2021,2125
"male",45,401.852608982747,0,192779.655462205,2021,2125
"male",46,480.039161796364,481.24944,230168.254556931,2021,2125
"male",47,487.836161078201,481.24944,233902.32414795,2021,2125
"male",48,529.367969105725,962.49888,253712.402690862,2021,2125
"male",49,608.995549737106,1443.74832,291646.815228688,2021,2125
"male",50,628.133258422599,1924.99776,300729.287199842,2021,2125
"male",51,690.414134510307,1443.74832,330347.071516304,2021,2125
"male",52,709.608408178972,1443.74832,339492.497290648,2021,2125
"male",53,809.50233976637,962.49888,386972.174524243,2021,2125
"male",54,829.039351908415,481.24944,396236.451943439,2021,2125
"male",55,948.097957842964,1443.74832,452676.052326406,2021,2125
"male",56,1039.42330421978,481.24944,495865.428218413,2021,2125
"male",57,1007.17617186626,1924.99776,480545.575900282,2021,2125
"male",58,1147.45449206563,1443.74832,546679.681264164,2021,2125
"male",59,1167.7055116913,962.49888,556105.537054016,2021,2125
"male",60,1217.65216508863,481.24944,579433.905771014,2021,2125
"male",61,1228.90100369116,962.49888,584480.407562574,2021,2125
"male",62,1298.26837367806,1924.99776,616648.412004727,2021,2125
"male",63,1317.00149870959,481.24944,624865.548436226,2021,2125
"male",64,1301.5517008128,1924.99776,617063.13247749,2021,2125
"male",65,1401.34602877106,962.49888,663110.953130502,2021,2125
"female",15,24.1730107687903,0,11630.8917082974,2022,2125
"female",16,25.0177709667378,0,12037.2336193658,2022,2125
"female",17,34.3936820756218,0,16547.1510669059,2022,2125
"female",18,39.6107815737046,0,19056.4153984476,2022,2125
"female",19,34.7278655280856,0,16708.091323662,2022,2125
"female",20,28.6103093951456,0,13765.6410843283,2022,2125
"female",21,59.3374035020636,0,28543.1476201929,2022,2125
"female",22,55.4848887080235,0,26690.9976160514,2022,2125
"female",23,46.7865888463218,0,22508.4190398031,2022,2125
"female",24,40.7989831909198,0,19628.8067311879,2022,2125
"female",25,53.2661884760217,0,25624.9283855008,2022,2125
"female",26,54.3244571212407,0,26134.0329229611,2022,2125
"female",27,74.2646247032096,0,35722.5739424726,2022,2125
"female",28,70.6813188774581,481.24944,33999.9258417003,2022,2125
"female",29,75.0536730022781,0,36102.4682421951,2022,2125
"female",30,79.5374271924778,0,38258.5143123124,2022,2125
"female",31,77.7828974750883,0,37415.2852691841,2022,2125
"female",32,87.0521421245599,481.24944,41871.5715530881,2022,2125
"female",33,77.6436789259902,0,37347.5973048764,2022,2125
"female",34,91.8191375102626,0,44161.0589730232,2022,2125
"female",35,87.7252906149006,0,42192.0945602133,2022,2125
"female",36,92.4783197615191,0,44475.9510662256,2022,2125
"female",37,111.337250079578,0,53538.0965763131,2022,2125
"female",38,113.06857439662,0,54370.1036185371,2022,2125
"female",39,125.02540680406,0,60115.5983874338,2022,2125
"female",40,157.466031456976,0,75696.3867422251,2022,2125
"female",41,142.041816971053,0,68286.9998467392,2022,2125
"female",42,154.026802988154,962.49888,74038.091153485,2022,2125
"female",43,152.012430347019,0,73067.6993478473,2022,2125
"female",44,176.038045416277,0,84598.0968472392,2022,2125
"female",45,168.462653450792,962.49888,80964.6501603144,2022,2125
"female",46,201.521071781208,0,96830.3703221156,2022,2125
"female",47,215.223397545513,0,103408.309431896,2022,2125
"female",48,254.339689164349,0,122170.624163447,2022,2125
"female",49,251.095214392213,481.24944,120610.993607532,2022,2125
"female",50,265.95397091511,0,127727.257135047,2022,2125
"female",51,295.425480846546,481.24944,141841.498493909,2022,2125
"female",52,340.42910125752,481.24944,163387.283792057,2022,2125
"female",53,348.018515230262,962.49888,167024.93947729,2022,2125
"female",54,363.127935364707,0,174261.250758194,2022,2125
"female",55,388.125016229038,481.24944,186222.853321325,2022,2125
"female",56,471.478000600329,481.24944,226069.077846862,2022,2125
"female",57,492.627582059227,962.49888,236171.21838782,2022,2125
"female",58,540.010824692357,0,258779.485502475,2022,2125
"female",59,577.080296132086,481.24944,276433.771401944,2022,2125
"female",60,624.897376987352,0,299194.124024893,2022,2125
"female",61,683.356673790899,481.24944,326974.424097863,2022,2125
"female",62,715.912951232055,962.49888,342379.213786225,2022,2125
"female",63,696.524793718474,962.49888,333064.956402142,2022,2125
"female",64,777.489137331041,1924.99776,371354.633534238,2022,2125
"female",65,806.666810905784,0,385002.476414911,2022,2125
"male",15,39.5819385755152,0,19042.6895484395,2022,2125
"male",16,69.8510133864733,0,33596.7760014661,2022,2125
"male",17,82.0140521897513,0,39442.8390227365,2022,2125
"male",18,81.5791327211756,0,39234.4132599907,2022,2125
"male",19,114.902021825453,0,55247.086187882,2022,2125
"male",20,130.027847746267,0,62514.5707920445,2022,2125
"male",21,146.662276042339,962.49888,70505.3994003675,2022,2125
"male",22,174.214571604403,0,83734.9133974231,2022,2125
"male",23,138.57583338137,0,66624.8847658618,2022,2125
"male",24,192.049446641818,0,92302.7608127652,2022,2125
"male",25,184.325305098861,0,88597.9009170401,2022,2125
"male",26,200.235160760977,0,96236.9768474076,2022,2125
"male",27,199.10236754789,0,95697.0438827693,2022,2125
"male",28,192.152958880331,481.24944,92362.9566710518,2022,2125
"male",29,198.100947354141,481.24944,95220.2060090875,2022,2125
"male",30,231.97297048168,0,111481.337691369,2022,2125
"male",31,246.455933279189,0,118433.729940676,2022,2125
"male",32,216.592871650834,481.24944,104100.778499268,2022,2125
"male",33,249.623080286931,962.49888,119945.516164006,2022,2125
"male",34,244.296045764115,0,117381.414476837,2022,2125
"male",35,238.425393170894,962.49888,114556.313520081,2022,2125
"male",36,220.041883290803,481.24944,105732.555155875,2022,2125
"male",37,231.485566541913,481.24944,111218.787048854,2022,2125
"male",38,278.356249303585,0,133695.2441947,2022,2125
"male",39,282.143409158056,481.24944,135514.227108914,2022,2125
"male",40,309.45273633582,481.24944,148601.528472035,2022,2125
"male",41,302.934155943831,481.24944,145467.139933282,2022,2125
"male",42,305.585628937182,481.24944,146719.594501696,2022,2125
"male",43,313.329218082401,481.24944,150413.360550421,2022,2125
"male",44,350.240327456246,0,168073.788457733,2022,2125
"male",45,385.460976323145,962.49888,184933.606337336,2022,2125
"male",46,423.785741680943,481.24944,203268.936317327,2022,2125
"male",47,444.43143927251,0,213153.527747205,2022,2125
"male",48,469.214387803181,0,225005.649904087,2022,2125
"male",49,526.939365241011,481.24944,252553.21065022,2022,2125
"male",50,562.052851336144,1443.74832,269267.915679107,2022,2125
"male",51,613.229937047038,481.24944,293630.196381325,2022,2125
"male",52,565.173468620001,962.49888,270706.599815864,2022,2125
"male",53,647.872908242659,481.24944,310109.517062012,2022,2125
"male",54,727.806930255953,962.49888,348146.307383802,2022,2125
"male",55,813.274094560726,481.24944,388742.043562322,2022,2125
"male",56,795.529232321674,481.24944,380296.115463765,2022,2125
"male",57,932.928390517476,1443.74832,445433.235489183,2022,2125
"male",58,958.995424128196,481.24944,457731.351468295,2022,2125
"male",59,978.432454161495,962.49888,466813.587306789,2022,2125
"male",60,1077.0596199671,2406.2472,513312.44534122,2022,2125
"male",61,1095.18698903587,481.24944,521703.506682401,2022,2125
"male",62,1106.73317692887,962.49888,526917.706161716,2022,2125
"male",63,1135.18462714742,1443.74832,539990.083083307,2022,2125
"male",64,1216.37712657317,1443.74832,577674.699981466,2022,2125
"male",65,1249.70750483568,0,592744.543267954,2022,2125
"female",15,28.7402769715943,0,13828.0406339921,2023,2125
"female",16,26.6887214506955,0,12841.0831010525,2023,2125
"female",17,28.7774142257934,0,13845.7752083533,2023,2125
"female",18,33.6510324884551,0,16190.0109725407,2023,2125
"female",19,42.6092224139053,0,20498.5446379402,2023,2125
"female",20,38.9145388666266,0,18721.820108662,2023,2125
"female",21,45.449837241499,0,21865.1142804696,2023,2125
"female",22,44.8371476443917,0,21570.5682464779,2023,2125
"female",23,48.4297065000602,0,23298.4519819095,2023,2125
"female",24,54.3987409214924,0,26169.2638679247,2023,2125
"female",25,51.0057547181485,0,24537.7313426494,2023,2125
"female",26,53.9717009061677,0,25964.3314104743,2023,2125
"female",27,62.2708103485731,0,29955.3642309641,2023,2125
"female",28,70.6813188774581,0,33999.9258417003,2023,2125
"female",29,63.9417509626491,0,30759.4667595036,2023,2125
"female",30,74.1903337086489,0,35687.527404707,2023,2125
"female",31,72.5936190430677,0,34920.1390016798,2023,2125
"female",32,94.4786783597829,0,45441.9379492099,2023,2125
"female",33,91.0114107974334,0,43775.1117679697,2023,2125
"female",34,102.935722386386,0,49505.7473860354,2023,2125
"female",35,95.6391669662611,0,45997.441127362,2023,2125
"female",36,84.3833297889528,0,40585.9300533109,2023,2125
"female",37,123.233737769638,0,59254.6874462548,2023,2125
"female",38,124.264210943765,0,59749.0180314043,2023,2125
"female",39,113.848357668321,0,54745.069850389,2023,2125
"female",40,146.126386735008,0,70251.3464288794,2023,2125
"female",41,147.504963777632,481.24944,70913.4229177676,2023,2125
"female",42,167.097633358555,481.24944,80318.6924129009,2023,2125
"female",43,169.799316831741,0,81610.2151193555,2023,2125
"female",44,162.358789768723,481.24944,78034.8470863965,2023,2125
"female",45,158.687249995645,0,76270.9237734933,2023,2125
"female",46,197.287868795007,962.49888,94797.2426522477,2023,2125
"female",47,209.764833115011,481.24944,100785.634917319,2023,2125
"female",48,208.288570460427,0,100082.136489649,2023,2125
"female",49,225.138093114041,0,108167.839528229,2023,2125
"female",50,295.721918033189,962.49888,142000.298233295,2023,2125
"female",51,289.678543844976,481.24944,139095.690318554,2023,2125
"female",52,284.294184293954,0,136510.268565421,2023,2125
"female",53,291.869836665308,962.49888,140137.050403968,2023,2125
"female",54,330.861848464542,0,158812.421856193,2023,2125
"female",55,390.39504311166,481.24944,187306.578311895,2023,2125
"female",56,435.399598772478,0,208828.451851856,2023,2125
"female",57,431.667371602021,481.24944,207044.394582186,2023,2125
"female",58,493.871679080267,0,236765.359901934,2023,2125
"female",59,579.377104439461,962.49888,277558.198271072,2023,2125
"female",60,573.47323764587,0,274713.900131151,2023,2125
"female",61,604.819387845,481.24944,289623.116239442,2023,2125
"female",62,583.517186016856,962.49888,279433.203934414,2023,2125
"female",63,732.710181397157,0,350351.114648781,2023,2125
"female",64,764.804619379602,962.49888,365473.626176004,2023,2125
"female",65,810.634745757528,3368.74608,387046.822622459,2023,2125
"male",15,48.5602116534656,0,23360.7758057214,2023,2125
"male",16,43.4097106491774,0,20883.6232533024,2023,2125
"male",17,71.844189222073,0,34555.1235706652,2023,2125
"male",18,87.6538953388873,0,42153.6081798904,2023,2125
"male",19,104.437606359428,0,50219.3802787282,2023,2125
"male",20,108.029875010528,0,51946.2524465706,2023,2125
"male",21,104.007109902963,0,50014.729543568,2023,2125
"male",22,161.77472809497,0,77763.1255565433,2023,2125
"male",23,142.36761437801,0,68444.6833615129,2023,2125
"male",24,178.622099823629,0,85855.7859949836,2023,2125
"male",25,163.772113328044,0,78728.4374865955,2023,2125
"male",26,188.116962272726,0,90419.5487056804,2023,2125
"male",27,199.215793122974,0,95748.8535766909,2023,2125
"male",28,174.458268322524,0,83866.2701763975,2023,2125
"male",29,211.297364213338,0,101554.647739241,2023,2125
"male",30,204.502002099536,481.24944,98294.1901621965,2023,2125
"male",31,200.782582782142,962.49888,96510.9936472967,2023,2125
"male",32,229.318045047263,0,110210.630575059,2023,2125
"male",33,215.265455203799,0,103464.734267593,2023,2125
"male",34,235.796718453932,481.24944,113312.5413949,2023,2125
"male",35,232.648694982056,481.24944,111794.483231716,2023,2125
"male",36,235.797758362601,0,113297.017792371,2023,2125
"male",37,216.0823792403,962.49888,103833.885354535,2023,2125
"male",38,229.075377752428,0,110063.909068313,2023,2125
"male",39,263.26557202542,481.24944,126461.464154567,2023,2125
"male",40,276.317299992392,0,132722.19053156,2023,2125
"male",41,284.843513637683,0,136808.513549051,2023,2125
"male",42,294.856331494603,962.49888,141597.568522571,2023,2125
"male",43,321.551003872218,0,154367.504105048,2023,2125
"male",44,302.659776938913,0,145305.218618191,2023,2125
"male",45,337.636064580566,481.24944,162043.594582558,2023,2125
"male",46,349.986017189109,0,167961.263622128,2023,2125
"male",47,397.371592251488,481.24944,190638.991403962,2023,2125
"male",48,406.368684906239,962.49888,194955.345926315,2023,2125
"male",49,435.695610917264,481.24944,208985.456117046,2023,2125
"male",50,449.225554205716,481.24944,215436.547893133,2023,2125
"male",51,523.643396783019,962.49888,250940.291434415,2023,2125
"male",52,577.691709297027,0,276694.729730214,2023,2125
"male",53,561.779969832483,481.24944,269083.728407257,2023,2125
"male",54,611.432578095233,1924.99776,292750.180996624,2023,2125
"male",55,661.466987929133,962.49888,316580.463214902,2023,2125
"male",56,687.029143663665,1443.74832,328736.772000239,2023,2125
"male",57,795.679451886125,1924.99776,380357.109303049,2023,2125
"male",58,836.978940817666,1443.74832,399936.325142449,2023,2125
"male",59,862.632567609059,481.24944,412053.743213349,2023,2125
"male",60,1042.25948767683,1443.74832,496944.46640458,2023,2125
"male",61,1007.53386723283,481.24944,480442.251336088,2023,2125
"male",62,1091.44610721707,962.49888,519891.816154342,2023,2125
"male",63,1141.81706149998,962.49888,543377.947241833,2023,2125
"male",64,1205.55370433561,1924.99776,572977.194932939,2023,2125
"male",65,1116.83017665869,481.24944,530874.375168839,2023,2125
"female",15,19.7542708203822,0,9505.264735272,2024,2125
"female",16,34.8624696580395,0,16772.8513675521,2024,2125
"female",17,38.5989220801837,0,18569.7974262248,2024,2125
"female",18,32.4906462844556,0,15631.8827612484,2024,2125
"female",19,36.2595805828056,0,17444.6855596972,2024,2125
"female",20,48.9078186818755,0,23527.5530576118,2024,2125
"female",21,39.2115964152268,0,18864.73476598,2024,2125
"female",22,42.1218395716291,0,20264.6598897294,2024,2125
"female",23,45.1620545113801,0,21726.8767120321,2024,2125
"female",24,50.0913825403648,481.24944,24097.61477312,2024,2125
"female",25,56.1393249461217,0,27006.3352217723,2024,2125
"female",26,40.3812389861461,0,19428.0131670488,2024,2125
"female",27,65.9747890714939,0,31736.243975056,2024,2125
"female",28,62.8695681403863,0,30243.3965793388,2024,2125
"female",29,80.1965543590984,0,38574.8183865,2024,2125
"female",30,81.1805611610505,0,39048.1290415491,2024,2125
"female",31,73.2991455025492,0,35259.1823543559,2024,2125
"female",32,92.0696993793466,0,44283.7052159812,2024,2125
"female",33,88.5838513701534,481.24944,42608.3147475706,2024,2125
"female",34,122.054474723421,481.24944,58695.5918448225,2024,2125
"female",35,94.2837669223593,0,45347.3150513796,2024,2125
"female",36,115.129307396601,0,55364.23308509,2024,2125
"female",37,114.293887159439,0,54960.8984914231,2024,2125
"female",38,126.826359623018,962.49888,60980.9565475158,2024,2125
"female",39,135.534144628745,0,65162.821941955,2024,2125
"female",40,123.758257410776,0,59506.3186740476,2024,2125
"female",41,147.110402807297,0,70724.4194688045,2024,2125
"female",42,170.133179862711,0,81779.3656588785,2024,2125
"female",43,169.019286195345,0,81241.5872836299,2024,2125
"female",44,192.042484630406,481.24944,92285.7384915149,2024,2125
"female",45,199.738720822003,0,95973.0280093461,2024,2125
"female",46,213.608450012873,0,102623.452448283,2024,2125
"female",47,190.654775162448,0,91615.3368244343,2024,2125
"female",48,243.130040122259,481.24944,116787.261521163,2024,2125
"female",49,240.010504465165,481.24944,115297.708485771,2024,2125
"female",50,240.845916012302,0,115701.26449352,2024,2125
"female",51,290.337302097697,481.24944,139421.441926961,2024,2125
"female",52,295.76865067992,0,142014.500862137,2024,2125
"female",53,362.724297721709,962.49888,174062.498046308,2024,2125
"female",54,328.355319309508,0,157609.297448192,2024,2125
"female",55,415.763952319187,481.24944,199433.868606746,2024,2125
"female",56,466.000414925775,0,223449.118922381,2024,2125
"female",57,464.013473056837,0,222502.834123825,2024,2125
"female",58,548.61238744548,962.49888,262896.361131996,2024,2125
"female",59,539.128486970349,481.24944,258366.66998761,2024,2125
"female",60,551.454091383991,481.24944,264235.0726078,2024,2125
"female",61,662.286242796372,481.24944,317024.794056941,2024,2125
"female",62,714.738440575474,0,341940.287612959,2024,2125
"female",63,755.966303549523,962.49888,361485.250274182,2024,2125
"female",64,761.392696362169,0,363963.372989834,2024,2125
"female",65,810.51754274119,1924.99776,387141.386056191,2024,2125
"male",15,48.7595116309754,0,23456.8735729699,2024,2125
"male",16,62.3765182234262,0,30004.2539825971,2024,2125
"male",17,66.208898302255,0,31846.1997588914,2024,2125
"male",18,79.5179773583453,0,38243.8480708762,2024,2125
"male",19,94.222413526754,0,45310.3381174649,2024,2125
"male",20,107.644862221773,0,51760.6310999493,2024,2125
"male",21,111.300553045632,0,53517.9522201086,2024,2125
"male",22,145.629443112463,0,70008.8825031818,2024,2125
"male",23,144.505840913765,0,69471.3483335192,2024,2125
"male",24,147.328051578332,0,70827.4619266166,2024,2125
"male",25,156.474188876157,0,75222.3099236315,2024,2125
"male",26,157.787787130857,0,75855.229578948,2024,2125
"male",27,171.962405573236,481.24944,82664.1121075285,2024,2125
"male",28,191.677535691137,481.24944,92130.9597221917,2024,2125
"male",29,186.100678373866,481.24944,89457.1542495726,2024,2125
"male",30,186.363307713499,481.24944,89585.0866428986,2024,2125
"male",31,201.02279023547,0,96624.6338263307,2024,2125
"male",32,219.424185913851,0,105460.595729212,2024,2125
"male",33,233.839130125109,481.24944,112381.35284196,2024,2125
"male",34,243.751294211493,0,117137.335721523,2024,2125
"male",35,229.490590131527,481.24944,110287.318189129,2024,2125
"male",36,224.562197239347,0,107914.789134417,2024,2125
"male",37,237.96318851828,0,114336.394001154,2024,2125
"male",38,249.529343577641,0,119878.996749655,2024,2125
"male",39,279.303039267203,0,134149.989923253,2024,2125
"male",40,248.066279803846,0,119173.863376404,2024,2125
"male",41,296.269031223855,0,142286.720902949,2024,2125
"male",42,346.75642541042,1443.74832,166474.195014854,2024,2125
"male",43,332.540593470752,481.24944,159652.333394389,2024,2125
"male",44,305.472285385067,481.24944,146666.559254599,2024,2125
"male",45,335.895774559683,962.49888,161219.019926714,2024,2125
"male",46,335.3073426579,0,160928.9961192,2024,2125
"male",47,348.803529350244,0,167395.357951103,2024,2125
"male",48,433.390971852457,1443.74832,207860.37860134,2024,2125
"male",49,434.608726401071,1443.74832,208458.214520426,2024,2125
"male",50,466.731497143901,962.49888,223819.241373834,2024,2125
"male",51,521.34386606736,0,249878.468211506,2024,2125
"male",52,479.221851967313,481.24944,229735.117726804,2024,2125
"male",53,550.287744585799,0,263624.015738869,2024,2125
"male",54,608.977025572762,481.24944,291574.477458485,2024,2125
"male",55,698.312469825616,0,334104.090247334,2024,2125
"male",56,750.963752310814,481.24944,359145.099030739,2024,2125
"male",57,775.299794788994,1924.99776,370688.84299448,2024,2125
"male",58,856.002873773859,1443.74832,408972.282016414,2024,2125
"male",59,883.006493345134,0,421737.736540398,2024,2125
"male",60,1015.68329397043,0,484498.630800412,2024,2125
"male",61,1034.40281482043,962.49888,493193.753024909,2024,2125
"male",62,1100.59438092798,481.24944,524324.270936623,2024,2125
"male",63,1150.42137216554,481.24944,547623.871420811,2024,2125
"male",64,1162.65925721346,1924.99776,553122.592518802,2024,2125
"male",65,1243.48515261307,1924.99776,590695.256719508,2024,2125
"female",15,20.348384228514,0,9791.1373588892,2025,2125
"female",16,36.0739068276238,481.24944,17355.6917625636,2025,2125
"female",17,39.9774550116189,0,19233.0044771614,2025,2125
"female",18,33.0104966250069,0,15881.9928854284,2025,2125
"female",19,36.4034678073405,0,17513.9105023944,2025,2125
"female",20,48.5272130890205,0,23344.4592594981,2025,2125
"female",21,38.6174813180264,481.24944,18578.905451344,2025,2125
"female",22,40.896476965909,0,19675.1425111191,2025,2125
"female",23,45.1620545113801,0,21726.8767120321,2025,2125
"female",24,49.5622482177553,481.24944,23843.0625043898,2025,2125
"female",25,54.6169025747015,0,26273.9600293175,2025,2125
"female",26,40.1120307262385,0,19298.4930792685,2025,2125
"female",27,64.693725206028,0,31120.0062279676,2025,2125
"female",28,62.2708103485731,0,29955.3642309641,2025,2125
"female",29,78.2285407551941,0,37628.1970764019,2025,2125
"female",30,80.9345594605625,0,38929.8013777869,2025,2125
"female",31,72.6446888462764,0,34944.368226192,2025,2125
"female",32,90.9928607901144,0,43765.7671432797,2025,2125
"female",33,87.8179967473566,0,42239.9431503293,2025,2125
"female",34,123.11275051582,0,59204.5131613961,2025,2125
"female",35,98.5307834503935,0,47389.9869005409,2025,2125
"female",36,121.284018798306,0,58323.9562374375,2025,2125
"female",37,120.309354904673,0,57853.5773593927,2025,2125
"female",38,130.669582641898,0,62828.8643216829,2025,2125
"female",39,138.319092806048,0,66501.7840366527,2025,2125
"female",40,123.758257410776,0,59506.3186740476,2025,2125
"female",41,145.142370662718,481.24944,69778.2733889543,2025,2125
"female",42,171.275013284609,0,82328.2204619583,2025,2125
"female",43,174.867704402796,0,84052.7148712988,2025,2125
"female",44,203.256644316853,0,97674.6867245961,2025,2125
"female",45,208.06116752292,0,99971.9041764022,2025,2125
"female",46,217.716304820813,0,104596.980379981,2025,2125
"female",47,187.776967235468,0,90232.4638157636,2025,2125
"female",48,238.627631971846,481.24944,114624.534455956,2025,2125
"female",49,233.967074496618,0,112394.528775698,2025,2125
"female",50,238.283725416426,481.24944,114470.399977631,2025,2125
"female",51,295.559196020318,481.24944,141929.021817734,2025,2125
"female",52,304.532166255621,0,146222.337924719,2025,2125
"female",53,370.968031760839,0,178018.463910997,2025,2125
"female",54,332.115113042059,0,159413.984060194,2025,2125
"female",55,411.057190594819,481.24944,197176.126697991,2025,2125
"female",56,462.509775113597,481.24944,221775.342750678,2025,2125
"female",57,462.282079500655,0,221672.59966814,2025,2125
"female",58,548.61238744548,481.24944,262896.361131996,2025,2125
"female",59,541.147694786718,481.24944,259334.335418276,2025,2125
"female",60,557.720615149719,962.49888,267237.743887434,2025,2125
"female",61,677.688248442799,481.24944,324397.463686172,2025,2125
"female",62,728.91975884086,962.49888,348724.817129089,2025,2125
"female",63,774.404506075121,0,370301.963695504,2025,2125
"female",64,790.428858511574,481.24944,377843.332129277,2025,2125
"female",65,846.540544640799,1443.74832,404347.66988091,2025,2125
"male",15,50.1728308086848,0,24136.7829518966,2025,2125
"male",16,64.2247113559722,481.24944,30893.2689154148,2025,2125
"male",17,68.9993116406642,0,33188.3767602239,2025,2125
"male",18,79.8214810887207,0,38389.8169566429,2025,2125
"male",19,95.6719891194733,0,46007.420242349,2025,2125
"male",20,106.032205109837,0,50985.1909336579,2025,2125
"male",21,110.077470045131,0,52929.8428550525,2025,2125
"male",22,142.014527857899,0,68271.0733630319,2025,2125
"male",23,142.01436089801,0,68273.5664656999,2025,2125
"male",24,146.825225463731,481.24944,70585.7299746486,2025,2125
"male",25,152.859273621593,0,73484.5007834816,2025,2125
"male",26,155.251005987274,0,74635.6921259102,2025,2125
"male",27,169.267070062684,0,81368.436369166,2025,2125
"male",28,190.490677885,0,91560.4893833546,2025,2125
"male",29,181.64317709545,481.24944,87314.4679202415,2025,2125
"male",30,184.718925586615,0,88794.6299960495,2025,2125
"male",31,199.854053082939,481.24944,96062.8626994334,2025,2125
"male",32,216.923625390617,0,104258.765578452,2025,2125
"male",33,231.868575657762,0,111434.318969696,2025,2125
"male",34,246.505546123487,481.24944,118460.92143589,2025,2125
"male",35,239.615174990271,0,115152.935168061,2025,2125
"male",36,236.344781662399,0,113576.984860606,2025,2125
"male",37,251.055014423817,962.49888,120626.74577468,2025,2125
"male",38,256.990353850727,481.24944,123463.418579379,2025,2125
"male",39,285.930569012526,481.24944,137333.210023127,2025,2125
"male",40,248.066279803846,0,119173.863376404,2025,2125
"male",41,293.306340911617,0,140863.853693919,2025,2125
"male",42,349.075866383065,962.49888,167587.73478084,2025,2125
"male",43,345.197847893514,0,165729.065807325,2025,2125
"male",44,323.375422990053,0,155262.401555235,2025,2125
"male",45,349.998268911426,0,167987.757404553,2025,2125
"male",46,343.135529646022,481.24944,164686.093304862,2025,2125
"male",47,343.457881390853,0,164829.911852236,2025,2125
"male",48,426.849221333929,962.49888,204722.863452641,2025,2125
"male",49,424.986392975217,0,203842.903497833,2025,2125
"male",50,461.621298270063,0,221368.665738354,2025,2125
"male",51,535.012057312572,0,256429.589100946,2025,2125
"male",52,495.93889331501,0,237749.13346146,2025,2125
"male",53,561.20615221647,481.24944,268854.650971783,2025,2125
"male",54,616.343683140174,1443.74832,295101.588072902,2025,2125
"male",55,692.703534325009,0,331420.523257396,2025,2125
"male",56,744.956042292327,481.24944,356271.938238493,2025,2125
"male",57,778.42600363895,481.24944,372183.556071071,2025,2125
"male",58,859.482560252615,481.24944,410634.7709677,2025,2125
"male",59,886.640264922686,481.24944,423473.282781305,2025,2125
"male",60,1024.14732142018,1443.74832,488536.119390415,2025,2125
"male",61,1061.15461175544,0,505948.763879002,2025,2125
"male",62,1119.98811451262,1924.99776,533563.465138149,2025,2125
"male",63,1176.56731244203,962.49888,560069.868498556,2025,2125
"male",64,1201.23089133902,481.24944,571472.63113317,2025,2125
"male",65,1299.44198448066,1443.74832,617276.543271885,2025,2125
"female",15,20.4226484045305,0,9826.87143684135,2026,2125
"female",16,37.1507398672544,0,17873.7721136849,2026,2125
"female",17,41.355987943054,0,19896.211528098,2026,2125
"female",18,34.3101224763851,0,16507.2681958783,2026,2125
"female",19,36.9790167054803,481.24944,17790.8102731833,2026,2125
"female",20,48.5272130890205,0,23344.4592594981,2026,2125
"female",21,38.3204237694262,0,18435.9907940259,2026,2125
"female",22,40.2837956630489,0,19380.383821814,2026,2125
"female",23,43.8624270434267,0,21101.6428498154,2026,2125
"female",24,49.3858701102188,0,23758.2117481464,2026,2125
"female",25,54.0459941854189,0,25999.3193321469,2026,2125
"female",26,39.0351976866079,0,18780.4127281472,2026,2125
"female",27,64.2667039175394,0,30914.5936456047,2026,2125
"female",28,61.0732947649467,0,29379.2995342148,2026,2125
"female",29,77.49053565373,0,37273.2140851151,2026,2125
"female",30,78.7205441561702,0,37864.8524039264,2026,2125
"female",31,72.2083844087612,0,34734.4921407494,2026,2125
"female",32,90.1852318481904,0,43377.3135887535,2026,2125
"female",33,86.7968572502944,0,41748.7810206743,2026,2125
"female",34,122.054474723421,0,58695.5918448225,2026,2125
"female",35,99.3801867560003,481.24944,47798.5212703731,2026,2125
"female",36,126.714646505693,0,60935.4766659795,2026,2125
"female",37,126.324822649907,0,60746.2562273623,2026,2125
"female",38,137.501979119905,0,66114.0336979801,2026,2125
"female",39,142.496515072003,0,68510.2271786993,2026,2125
"female",40,126.714939328439,481.24944,60927.9713386153,2026,2125
"female",41,145.142370662718,481.24944,69778.2733889543,2026,2125
"female",42,168.991346440814,0,81230.5108557988,2026,2125
"female",43,176.037388044287,0,84614.9403888326,2026,2125
"female",44,210.265494120883,0,101042.779370272,2026,2125
"female",45,220.166544542435,0,105788.451328484,2026,2125
"female",46,226.753585398281,481.24944,108938.741829716,2026,2125
"female",47,191.374227144193,0,91961.055076602,2026,2125
"female",48,235.926187081599,0,113326.898216832,2026,2125
"female",49,229.650338804798,481.24944,110320.828982788,2026,2125
"female",50,231.451217160758,0,111188.094601929,2026,2125
"female",51,291.381680882221,0,139922.957905115,2026,2125
"female",52,310.009363490435,0,148852.236088833,2026,2125
"female",53,383.333632819534,0,183952.41270803,2026,2125
"female",54,338.381435929645,481.24944,162421.795080198,2026,2125
"female",55,415.763952319187,962.49888,199433.868606746,2026,2125
"female",56,457.27381539533,0,219264.678493123,2026,2125
"female",57,458.81929238829,962.49888,220012.130756768,2026,2125
"female",58,546.565326298295,0,261915.404560608,2026,2125
"female",59,541.147694786718,481.24944,259334.335418276,2026,2125
"female",60,557.720615149719,481.24944,267237.743887434,2026,2125
"female",61,682.822250324941,0,326855.020229249,2026,2125
"female",62,745.937340759324,481.24944,356866.252548445,2026,2125
"female",63,786.696641092186,481.24944,376179.772643051,2026,2125
"female",64,809.78629994451,962.49888,387096.638222239,2026,2125
"female",65,875.358946160486,962.49888,418112.696940686,2026,2125
"male",15,50.1728308086848,0,24136.7829518966,2026,2125
"male",16,65.8418803469499,0,31671.1569816303,2026,2125
"male",17,71.0287031595073,0,34164.5054884658,2026,2125
"male",18,83.1600221228497,0,39995.4747000766,2026,2125
"male",19,96.3967769158329,0,46355.961304791,2026,2125
"male",20,107.644862221773,0,51760.6310999493,2026,2125
"male",21,108.038998377628,481.24944,51949.6605799589,2026,2125
"male",22,140.465278463085,0,67526.2980172534,2026,2125
"male",23,138.526288875954,0,66596.6718507529,2026,2125
"male",24,144.311094890722,0,69377.0702148087,2026,2125
"male",25,152.342857156655,0,73236.2423348888,2026,2125
"male",26,151.699512386258,0,72928.3396916574,2026,2125
"male",27,166.032667450021,0,79813.625483131,2026,2125
"male",28,187.523533369657,481.24944,90134.3135362618,2026,2125
"male",29,180.528801775846,481.24944,86778.7963379087,2026,2125
"male",30,179.785779205963,0,86423.2600555021,2026,2125
"male",31,198.100947354141,0,95220.2060090875,2026,2125
"male",32,215.048204998191,0,103357.392965382,2026,2125
"male",33,229.2411697013,481.24944,110171.607140011,2026,2125
"male",34,244.439857189492,0,117468.232150115,2026,2125
"male",35,242.315064285936,481.24944,116450.43302911,2026,2125
"male",36,247.434272884095,1443.74832,118906.110249959,2026,2125
"male",37,264.146840329353,0,126917.097548206,2026,2125
"male",38,271.083373255444,0,130233.993146635,2026,2125
"male",39,294.451678685085,0,141425.921580108,2026,2125
"male",40,253.932712096505,0,121992.164199495,2026,2125
"male",41,293.306340911617,0,140863.853693919,2026,2125
"male",42,344.436984437775,0,165360.655248868,2026,2125
"male",43,346.348507386493,481.24944,166281.496026682,2026,2125
"male",44,335.68383009348,481.24944,161172.043136922,2026,2125
"male",45,371.793032909573,481.24944,178448.533506668,2026,2125
"male",46,357.487205790913,0,171574.10481191,2026,2125
"male",47,351.476353329939,0,168678.081000537,2026,2125
"male",48,420.307470815401,0,201585.348303941,2026,2125
"male",49,418.571504024648,0,200766.029482772,2026,2125
"male",50,451.400900522386,0,216467.514467394,2026,2125
"male",51,529.154261064624,481.24944,253621.965862614,2026,2125
"male",52,507.083587546808,481.24944,243091.810617897,2026,2125
"male",53,583.042967477811,962.49888,279315.921437611,2026,2125
"male",54,631.076998274999,0,302155.809301737,2026,2125
"male",55,703.921405326224,481.24944,336787.657237272,2026,2125
"male",56,738.948332273841,1443.74832,353398.777446247,2026,2125
"male",57,772.173585939039,481.24944,369194.12991789,2026,2125
"male",58,859.482560252615,1443.74832,410634.7709677,2026,2125
"male",59,893.90780807779,1443.74832,426944.375263119,2026,2125
"male",60,1028.37933514506,962.49888,490554.863685417,2026,2125
"male",61,1070.07187740045,481.24944,510200.434163699,2026,2125
"male",62,1144.23028149341,1443.74832,545112.457890057,2026,2125
"male",63,1197.48406466322,1924.99776,570026.666160753,2026,2125
"male",64,1228.78205857157,1924.99776,584579.801572004,2026,2125
"male",65,1342.96396482211,481.24944,637950.877257068,2026,2125
"female",15,20.1998558764811,0,9719.6692029849,2027,2125
"female",16,37.2853439972082,0,17938.532157575,2027,2125
"female",17,42.4281802230591,0,20412.039234382,2027,2125
"female",18,35.3498231574877,0,17007.4884442383,2027,2125
"female",19,38.2740017262948,0,18413.8347574582,2027,2125
"female",20,49.2884242747306,481.24944,23710.6468557255,2027,2125
"female",21,38.3204237694262,481.24944,18435.9907940259,2027,2125
"female",22,39.8242846859039,0,19159.3148048351,2027,2125
"female",23,43.0501598759558,0,20710.8716859299,2027,2125
"female",24,48.1512233574633,0,23164.2564544428,2027,2125
"female",25,53.8556913889913,0,25907.77243309,2027,2125
"female",26,38.6313852967464,0,18586.1325964767,2027,2125
"female",27,62.5586187635848,0,30092.9433161535,2027,2125
"female",28,60.6741229037379,0,29187.2779686317,2027,2125
"female",29,75.7685237503138,0,36444.9204387792,2027,2125
"female",30,77.9825390547061,0,37509.8694126396,2027,2125
"female",31,70.4631666587005,0,33894.987798979,2027,2125
"female",32,89.9160222008823,0,43247.8290705781,2027,2125
"female",33,86.0310026274976,481.24944,41380.4094234331,2027,2125
"female",34,120.643440333555,0,58017.030089391,2027,2125
"female",35,98.5307834503935,0,47389.9869005409,2027,2125
"female",36,127.80077204717,0,61457.7807516879,2027,2125
"female",37,132.34029039514,0,63638.935095332,2027,2125
"female",38,144.334375597913,481.24944,69399.2030742772,2027,2125
"female",39,149.923043544811,481.24944,72080.7927645598,2027,2125
"female",40,130.516387508292,0,62755.8104787738,2027,2125
"female",41,148.094418879587,0,71197.4925087296,2027,2125
"female",42,168.991346440814,0,81230.5108557988,2027,2125
"female",43,173.698020761306,0,83490.489353765,2027,2125
"female",44,211.667264081689,0,101716.397899407,2027,2125
"female",45,227.732405179632,0,109423.793298535,2027,2125
"female",46,239.898720783688,481.24944,115254.031211148,2027,2125
"female",47,198.568746961644,0,95418.2375982787,2027,2125
"female",48,240.428595232011,481.24944,115489.625282039,2027,2125
"female",49,226.196950251343,0,108661.86914846,2027,2125
"female",50,228.034963032924,0,109546.941914077,2027,2125
"female",51,284.071029390553,0,136412.346058034,2027,2125
"female",52,305.627605702584,0,146748.317557542,2027,2125
"female",53,390.203411185475,1443.74832,187249.050928604,2027,2125
"female",54,349.6608171273,0,167835.854916204,2027,2125
"female",55,423.608555193134,0,203196.771788006,2027,2125
"female",56,462.509775113597,481.24944,221775.342750678,2027,2125
"female",57,453.625111719743,0,217521.42738971,2027,2125
"female",58,540.424142856741,962.49888,258972.534846444,2027,2125
"female",59,539.128486970349,481.24944,258366.66998761,2027,2125
"female",60,557.720615149719,0,267237.743887434,2027,2125
"female",61,685.389251266013,481.24944,328083.798500788,2027,2125
"female",62,754.446131718556,962.49888,360936.970258123,2027,2125
"female",63,805.134843617784,962.49888,384996.486064373,2027,2125
"female",64,822.691260899801,962.49888,393265.50895088,2027,2125
"female",65,896.97274730025,0,428436.467235518,2027,2125
"male",15,50.1728308086848,0,24136.7829518966,2027,2125
"male",16,66.0729044885181,481.24944,31782.2838482325,2027,2125
"male",17,72.804420738495,0,35018.6181256775,2027,2125
"male",18,85.5880519658526,0,41163.2257862103,2027,2125
"male",19,100.020715897631,0,48098.6666170012,2027,2125
"male",20,108.048026499758,481.24944,51954.4911415222,2027,2125
"male",21,109.66977571163,0,52733.8064000338,2027,2125
"male",22,138.399612603334,0,66533.264222882,2027,2125
"male",23,137.031400866501,481.24944,65878.0027300613,2027,2125
"male",24,140.791312088509,0,67684.9465510329,2027,2125
"male",25,149.244358367028,481.24944,71746.6916433317,2027,2125
"male",26,150.684799928825,0,72440.5247104422,2027,2125
"male",27,162.259197735248,481.24944,77999.6794494235,2027,2125
"male",28,184.556388854315,0,88708.1376891691,2027,2125
"male",29,177.185675817034,0,85171.7815909104,2027,2125
"male",30,178.689524454708,0,85896.2889576027,2027,2125
"male",31,193.425998744014,481.24944,92973.1215014984,2027,2125
"male",32,213.172784605764,0,102456.020352311,2027,2125
"male",33,227.270615233954,0,109224.573267747,2027,2125
"male",34,240.997042299499,481.24944,115813.750007155,2027,2125
"male",35,240.290147314187,481.24944,115477.309633323,2027,2125
"male",36,250.206645689519,0,120238.391597298,2027,2125
"male",37,275.698451422473,0,132467.407936612,2027,2125
"male",38,285.176392660161,0,137004.567713892,2027,2125
"male",39,310.547108066585,0,149156.598965516,2027,2125
"male",40,261.475267901351,0,125615.693829183,2027,2125
"male",41,300.219284973507,0,144183.877181655,2027,2125
"male",42,345.596704924098,0,165917.425131861,2027,2125
"male",43,342.896528907558,481.24944,164624.205368609,2027,2125
"male",44,336.802776193792,481.24944,161709.283280711,2027,2125
"male",45,384.613482320248,0,184601.931213794,2027,2125
"male",46,378.362371092572,0,181593.030640342,2027,2125
"male",47,366.176885218263,0,175733.057772423,2027,2125
"male",48,430.120096593193,0,206291.621026991,2027,2125
"male",49,412.156615074079,0,197689.15546771,2027,2125
"male",50,444.587302023935,0,213200.080286755,2027,2125
"male",51,515.486069819413,962.49888,247070.844973174,2027,2125
"male",52,503.368689469542,962.49888,241310.918232418,2027,2125
"male",53,596.145056634616,962.49888,285592.683717108,2027,2125
"male",54,653.176970977236,481.24944,312737.141144988,2027,2125
"male",55,717.943744077742,1443.74832,343496.574712118,2027,2125
"male",56,750.963752310814,962.49888,359145.099030739,2027,2125
"male",57,765.921168239127,481.24944,366204.703764708,2027,2125
"male",58,856.002873773859,481.24944,408972.282016414,2027,2125
"male",59,893.90780807779,0,426944.375263119,2027,2125
"male",60,1032.61134886993,1924.99776,492573.607980419,2027,2125
"male",61,1074.53051022295,962.49888,512326.269306048,2027,2125
"male",62,1153.92714828573,481.24944,549732.054990821,2027,2125
"male",63,1223.63000493971,1443.74832,582472.663238498,2027,2125
"male",64,1245.3127589111,481.24944,592444.103835304,2027,2125
"male",65,1374.05109363744,1924.99776,652718.258675056,2027,2125
"female",15,20.1255917004646,0,9683.93512503275,2028,2125
"female",16,36.8815316073468,0,17744.2520259046,2028,2125
"female",17,42.5813505487741,0,20485.7289067083,2028,2125
"female",18,36.2595612534524,0,17445.1811615532,2028,2125
"female",19,39.4250995225743,481.24944,18967.6342990359,2028,2125
"female",20,51.1914522390059,0,24626.1158462941,2028,2125
"female",21,38.9145388666266,0,18721.820108662,2028,2125
"female",22,39.8242846859039,0,19159.3148048351,2028,2125
"female",23,42.7252530089675,0,20554.5632203757,2028,2125
"female",24,47.2693328197808,0,22740.0026732259,2028,2125
"female",25,52.3332690175711,0,25175.3972406352,2028,2125
"female",26,38.4967811667926,0,18521.3725525865,2028,2125
"female",27,61.7045761866076,0,29682.1181514278,2028,2125
"female",28,58.8778495282983,0,28323.1809235077,2028,2125
"female",29,75.2765203493378,0,36208.2651112546,2028,2125
"female",30,76.5065288517779,0,36799.903430066,2028,2125
"female",31,69.5905577836702,0,33475.2356280938,2028,2125
"female",32,87.49313537511,0,42082.4684069997,2028,2125
"female",33,85.7757177532321,0,41257.6188910193,2028,2125
"female",34,119.585164541155,0,57508.1087728174,2028,2125
"female",35,97.3982457095844,481.24944,46845.2744074312,2028,2125
"female",36,126.352604658534,0,60761.3753040767,2028,2125
"female",37,133.092223863295,0,64000.5199538282,2028,2125
"female",38,150.739747296045,0,72479.0493645558,2028,2125
"female",39,157.349572017619,0,75651.3583504204,2028,2125
"female",40,136.852134474714,0,65802.2090457045,2028,2125
"female",41,152.52249120489,481.24944,73326.3211883927,2028,2125
"female",42,172.416846706506,481.24944,82877.075265038,2028,2125
"female",43,173.698020761306,481.24944,83490.489353765,2028,2125
"female",44,208.863724160077,0,100369.160841137,2028,2125
"female",45,228.488991243352,0,109787.32749554,2028,2125
"female",46,248.114430399568,0,119201.087074544,2028,2125
"female",47,210.079978669565,0,100949.729632962,2028,2125
"female",48,249.433411532836,0,119815.079412453,2028,2125
"female",49,230.513685943162,0,110735.56894137,2028,2125
"female",50,224.61870890509,0,107905.789226226,2028,2125
"female",51,278.849135467932,0,133904.766167261,2028,2125
"female",52,297.959529573845,481.24944,143066.460127783,2028,2125
"female",53,384.707588492722,0,184611.740352145,2028,2125
"female",54,355.927140014886,0,170843.665936208,2028,2125
"female",55,437.728840366239,0,209969.997514272,2028,2125
"female",56,471.236374644043,962.49888,225959.783179936,2028,2125
"female",57,458.81929238829,0,220012.130756768,2028,2125
"female",58,536.330020562372,962.49888,257010.621703668,2028,2125
"female",59,533.070863521244,0,255463.673695615,2028,2125
"female",60,555.631773894476,962.49888,266236.853460889,2028,2125
"female",61,685.389251266013,962.49888,328083.798500788,2028,2125
"female",62,754.446131718556,481.24944,360936.970258123,2028,2125
"female",63,814.353944880584,481.24944,389404.842775034,2028,2125
"female",64,842.048702332738,962.49888,402518.815043842,2028,2125
"female",65,914.984248250055,481.24944,437039.609147877,2028,2125
"male",15,49.6428361170438,481.24944,23881.8169347991,2028,2125
"male",16,65.8418803469499,481.24944,31671.1569816303,2028,2125
"male",17,72.804420738495,0,35018.6181256775,2028,2125
"male",18,87.7125780784802,0,42185.0079865772,2028,2125
"male",19,102.91986708307,481.24944,49492.8308667694,2028,2125
"male",20,112.079669279599,0,53893.0915572506,2028,2125
"male",21,110.077470045131,0,52929.8428550525,2028,2125
"male",22,139.948861998147,481.24944,67278.0395686605,2028,2125
"male",23,134.539920850747,0,64680.2208622421,2028,2125
"male",24,139.282833744703,0,66959.750695129,2028,2125
"male",25,146.145859577401,0,70257.1409517747,2028,2125
"male",26,148.148018785242,0,71220.9872574045,2028,2125
"male",27,161.720130633138,0,77740.544301751,2028,2125
"male",28,179.808957629766,481.24944,86426.2563338207,2028,2125
"male",29,174.399737518024,0,83832.6026350785,2028,2125
"male",30,175.948887576568,0,84578.8612128542,2028,2125
"male",31,191.672893015216,0,92130.4648111525,2028,2125
"male",32,208.171663559295,0,100052.360050791,2028,2125
"male",33,225.300060766608,0,108277.539395483,2028,2125
"male",34,239.619916343502,0,115151.957149972,2028,2125
"male",35,237.590258018522,0,114179.811772275,2028,2125
"male",36,248.127366085451,0,119239.180586794,2028,2125
"male",37,278.778881047306,0,133947.490706853,2028,2125
"male",38,297.611409781971,0,142978.604096765,2028,2125
"male",39,326.642537448085,481.24944,156887.276350923,2028,2125
"male",40,275.72231775495,0,132460.13868526,2028,2125
"male",41,309.107355910222,0,148452.478808743,2028,2125
"male",42,353.714748328355,481.24944,169814.814312811,2028,2125
"male",43,342.896528907558,0,164624.205368609,2028,2125
"male",44,333.445937892857,962.49888,160097.562849342,2028,2125
"male",45,387.177572202383,0,185832.61075522,2028,2125
"male",46,391.409349406109,481.24944,187854.859283113,2028,2125
"male",47,387.559477055826,481.24944,185994.842167893,2028,2125
"male",48,448.109910519144,481.24944,214919.787685914,2028,2125
"male",49,421.778948499933,481.24944,202304.466490303,2028,2125
"male",50,437.773703525484,1443.74832,209932.646106115,2028,2125
"male",51,509.628273571465,1924.99776,244263.221734843,2028,2125
"male",52,490.366546199111,0,235077.794883241,2028,2125
"male",53,589.594012056214,962.49888,282454.30257736,2028,2125
"male",54,667.910286112061,962.49888,319791.362373823,2028,2125
"male",55,743.183953830475,481.24944,355572.626166841,2028,2125
"male",56,765.98302735703,1443.74832,366328.001011354,2028,2125
"male",57,778.42600363895,481.24944,372183.556071071,2028,2125
"male",58,849.043500816348,0,405647.304113841,2028,2125
"male",59,886.640264922686,0,423473.282781305,2028,2125
"male",60,1036.84336259481,1443.74832,494592.35227542,2028,2125
"male",61,1083.44777586795,1924.99776,516577.939590746,2028,2125
"male",62,1158.77558168189,1924.99776,552041.853541202,2028,2125
"male",63,1234.08838105031,481.24944,587451.062069597,2028,2125
"male",64,1278.37415959015,481.24944,608172.708361905,2028,2125
"male",65,1392.70337092664,2406.2472,661578.687525849,2028,2125
"female",15,20.1255917004646,0,9683.93512503275,2029,2125
"female",16,36.6123233474391,0,17614.7319381242,2029,2125
"female",17,42.1218395716291,0,20264.6598897294,2029,2125
"female",18,36.3895238385902,0,17507.7086925982,2029,2125
"female",19,40.4323100943189,0,19452.2088979163,2029,2125
"female",20,52.5235718139986,0,25266.9441396921,2029,2125
"female",21,40.2512978353275,481.24944,19364.9360665931,2029,2125
"female",22,40.4369659887639,0,19454.0734941403,2029,2125
"female",23,42.7252530089675,481.24944,20554.5632203757,2029,2125
"female",24,46.7401984971714,0,22485.4504044957,2029,2125
"female",25,51.3817550354334,0,24717.6627453509,2029,2125
"female",26,37.419948127162,0,18003.2922014652,2029,2125
"female",27,61.4910655423633,0,29579.4118602464,2029,2125
"female",28,58.2790917364851,0,28035.1485751331,2029,2125
"female",29,73.3085067454335,0,35261.6438011565,2029,2125
"female",30,75.7685237503138,0,36444.9204387792,2029,2125
"female",31,68.2816444711247,0,32845.607371766,2029,2125
"female",32,86.4162967858779,481.24944,41564.5303342982,2029,2125
"female",33,83.4781538848419,0,40152.5040992956,2029,2125
"female",34,118.879647346222,481.24944,57168.8278951016,2029,2125
"female",35,96.5488424039775,0,46436.740037599,2029,2125
"female",36,124.904437269897,0,60064.9698564655,2029,2125
"female",37,131.964323661063,0,63458.1426660839,2029,2125
"female",38,151.593796855796,481.24944,72889.6955365929,2029,2125
"female",39,164.311942460876,481.24944,78998.7635871646,2029,2125
"female",40,143.610264572231,481.24944,69051.7008504307,2029,2125
"female",41,159.902611747062,481.24944,76874.368987831,2029,2125
"female",42,177.555097105044,481.24944,85346.9218788967,2029,2125
"female",43,177.207071685777,0,85177.1659063663,2029,2125
"female",44,208.162839179674,0,100032.351576569,2029,2125
"female",45,225.462646988473,0,108333.190707519,2029,2125
"female",46,248.936001361156,0,119595.792660883,2029,2125
"female",47,217.274498487016,0,104406.912154638,2029,2125
"female",48,263.841117614155,0,126735.806021114,2029,2125
"female",49,240.010504465165,962.49888,115297.708485771,2029,2125
"female",50,228.889026564882,481.24944,109957.23008604,2029,2125
"female",51,274.671620329836,962.49888,131898.702254643,2029,2125
"female",52,293.577771785995,0,140962.541596492,2029,2125
"female",53,373.715943107215,1443.74832,179337.119199226,2029,2125
"female",54,350.914081704817,481.24944,168437.417120205,2029,2125
"female",55,445.573443240185,481.24944,213732.900695532,2029,2125
"female",56,486.944253798844,0,233491.775952601,2029,2125
"female",57,467.476260169201,481.24944,224163.303035197,2029,2125
"female",58,540.424142856741,0,258972.534846444,2029,2125
"female",59,527.013240072139,481.24944,252560.677403619,2029,2125
"female",60,551.454091383991,0,264235.0726078,2029,2125
"female",61,682.822250324941,481.24944,326855.020229249,2029,2125
"female",62,754.446131718556,481.24944,360936.970258123,2029,2125
"female",63,814.353944880584,0,389404.842775034,2029,2125
"female",64,851.727423049206,962.49888,407145.468090323,2029,2125
"female",65,936.59804938982,481.24944,447363.379442709,2029,2125
"male",15,49.6428361170438,0,23881.8169347991,2029,2125
"male",16,65.1488079222452,0,31337.7763818236,2029,2125
"male",17,72.804420738495,0,35018.6181256775,2029,2125
"male",18,87.7125780784802,481.24944,42185.0079865772,2029,2125
"male",19,105.456624370329,0,50712.7245853165,2029,2125
"male",20,115.304983503473,0,55443.9718898333,2029,2125
"male",21,114.154413380136,0,54890.2074052396,2029,2125
"male",22,140.981694928023,0,67774.5564658462,2029,2125
"male",23,136.53310486335,0,65638.4463564975,2029,2125
"male",24,136.768703171694,0,65751.0909352891,2029,2125
"male",25,144.08019371765,481.24944,69264.1071574033,2029,2125
"male",26,144.596525184226,481.24944,69513.6348231517,2029,2125
"male",27,158.485728020475,481.24944,76185.7334157159,2029,2125
"male",28,179.215528726698,0,86141.0211644021,2029,2125
"male",29,170.49942389941,0,81957.7520969138,2029,2125
"male",30,172.6601233228,0,82997.947919156,2029,2125
"male",31,188.751050133886,0,90726.0369939093,2029,2125
"male",32,206.296243166869,0,99150.9874377208,2029,2125
"male",33,219.388397364568,962.49888,105436.437778692,2029,2125
"male",34,236.865664431507,0,113828.371435604,2029,2125
"male",35,235.565341046773,0,113206.688376488,2029,2125
"male",36,244.661900078671,481.24944,117573.828902621,2029,2125
"male",37,276.468558828681,481.24944,132837.428629172,2029,2125
"male",38,300.927414347786,0,144571.680465531,2029,2125
"male",39,340.844386902349,0,163708.462279224,2029,2125
"male",40,289.131305852456,0,138901.969138039,2029,2125
"male",41,324.908370908828,0,156041.103923567,2029,2125
"male",42,364.152232705257,962.49888,174825.743259746,2029,2125
"male",43,350.951145358406,0,168491.216904113,2029,2125
"male",44,333.445937892857,0,160097.562849342,2029,2125
"male",45,382.049392438113,0,183371.251672369,2029,2125
"male",46,394.018745068817,0,189107.225011667,2029,2125
"male",47,400.923596954303,962.49888,192408.457415061,2029,2125
"male",48,474.276912593255,481.24944,227469.848280712,2029,2125
"male",49,439.419893113998,481.24944,210765.870031722,2029,2125
"male",50,447.994101273161,481.24944,214833.797377075,2029,2125
"male",51,501.817878574201,962.49888,240519.724083734,2029,2125
"male",52,484.794199083212,0,232406.456305022,2029,2125
"male",53,576.491922899409,0,276177.540297863,2029,2125
"male",54,660.543628544649,481.24944,316264.251759405,2029,2125
"male",55,760.010760332297,481.24944,363623.327136657,2029,2125
"male",56,793.017722440219,962.49888,379257.22457646,2029,2125
"male",57,794.057047888728,1443.74832,379657.121454024,2029,2125
"male",58,862.96224673137,962.49888,412297.259918986,2029,2125
"male",59,883.006493345134,962.49888,421737.736540398,2029,2125
"male",60,1028.37933514506,1924.99776,490554.863685417,2029,2125
"male",61,1083.44777586795,1443.74832,516577.939590746,2029,2125
"male",62,1168.4724484742,0,556661.450641965,2029,2125
"male",63,1244.5467571609,0,592429.460900695,2029,2125
"male",64,1289.39462648317,962.49888,613415.576537439,2029,2125
"male",65,1430.00792550503,1443.74832,679299.545227434,2029,2125
"female",15,20.7939692846128,0,10005.5418266021,2030,2125
"female",16,36.6123233474391,0,17614.7319381242,2030,2125
"female",17,41.9686692459141,0,20190.9702174031,2030,2125
"female",18,35.9996360831768,0,17320.1260994632,2030,2125
"female",19,40.5761973188539,0,19521.4338406135,2030,2125
"female",20,53.8556913889913,0,25907.77243309,2030,2125
"female",21,41.2909992554283,0,19865.1373672062,2030,2125
"female",22,41.8154989201991,0,20117.2805450769,2030,2125
"female",23,43.21261330945,0,20789.025918707,2030,2125
"female",24,46.7401984971714,0,22485.4504044957,2030,2125
"female",25,50.8108466461508,0,24443.0220481804,2030,2125
"female",26,36.7469274773929,0,17679.4919820144,2030,2125
"female",27,59.7829803884087,0,28757.7615307951,2030,2125
"female",28,57.8799198752763,0,27843.12700955,2030,2125
"female",29,72.3244999434814,0,34788.3331461074,2030,2125
"female",30,73.8005101464096,0,35498.299128681,2030,2125
"female",31,67.6271878148519,0,32530.7932436022,2030,2125
"female",32,84.8010389020297,0,40787.6232252459,2030,2125
"female",33,82.4570143877796,0,39661.3419696406,2030,2125
"female",34,115.704819969023,481.24944,55642.0639453808,2030,2125
"female",35,95.982573533573,0,46164.3837910441,2030,2125
"female",36,123.81831172842,481.24944,59542.6657707571,2030,2125
"female",37,130.460456724755,0,62734.9729490915,2030,2125
"female",38,150.31272251617,481.24944,72273.7262785372,2030,2125
"female",39,165.240258519977,0,79445.0842853972,2030,2125
"female",40,149.946011538653,481.24944,72098.0994173614,2030,2125
"female",41,167.774740325379,481.24944,80658.9533072319,2030,2125
"female",42,186.118847769275,481.24944,89463.3329019946,2030,2125
"female",43,181.885806251738,481.24944,87426.0679765014,2030,2125
"female",44,212.368149062092,481.24944,102053.207163975,2030,2125
"female",45,225.462646988473,0,108333.190707519,2030,2125
"female",46,245.649717514804,0,118016.970315525,2030,2125
"female",47,218.713402450507,0,105098.348658974,2030,2125
"female",48,272.845933914979,0,131061.260151528,2030,2125
"female",49,252.960711540624,481.24944,121518.8078645,2030,2125
"female",50,237.429661884468,0,114060.111805669,2030,2125
"female",51,279.893514252456,0,134406.282145416,2030,2125
"female",52,288.100574551181,1443.74832,138332.643432378,2030,2125
"female",53,368.220120414462,481.24944,176699.808622767,2030,2125
"female",54,342.141229662197,962.49888,164226.4816922,2030,2125
"female",55,439.297760941028,0,210722.578150524,2030,2125
"female",56,495.670853329289,0,237676.216381859,2030,2125
"female",57,481.327408618659,481.24944,230805.178680685,2030,2125
"female",58,552.706509739849,481.24944,264858.274274772,2030,2125
"female",59,533.070863521244,481.24944,255463.673695615,2030,2125
"female",60,545.187567618264,481.24944,261232.401328166,2030,2125
"female",61,675.121247501728,0,323168.685414634,2030,2125
"female",62,751.609868065478,962.49888,359580.064354897,2030,2125
"female",63,814.353944880584,962.49888,389404.842775034,2030,2125
"female",64,851.727423049206,1443.74832,407145.468090323,2030,2125
"female",65,943.802649769741,481.24944,450804.636207653,2030,2125
"male",15,51.5861499863942,0,24816.6923308232,2030,2125
"male",16,65.1488079222452,0,31337.7763818236,2030,2125
"male",17,71.7897249790734,0,34530.5537615565,2030,2125
"male",18,87.4090743481048,0,42039.0391008105,2030,2125
"male",19,105.456624370329,0,50712.7245853165,2030,2125
"male",20,118.127133449362,0,56800.9921808432,2030,2125
"male",21,117.415968048139,0,56458.4990453893,2030,2125
"male",22,145.629443112463,0,70008.8825031818,2030,2125
"male",23,137.031400866501,0,65878.0027300613,2030,2125
"male",24,138.780007630102,0,66718.018743161,2030,2125
"male",25,141.498111392961,481.24944,68022.8149144391,2030,2125
"male",26,142.56710026936,0,68538.0048607215,2030,2125
"male",27,154.712258305702,0,74371.7873820084,2030,2125
"male",28,175.654955308287,0,84429.6101478908,2030,2125
"male",29,169.385048579806,0,81422.080514581,2030,2125
"male",30,168.823231693405,0,81153.5490765081,2030,2125
"male",31,185.244838676291,481.24944,89040.7236132175,2030,2125
"male",32,202.545402382017,0,97348.2422115804,2030,2125
"male",33,218.074694386337,0,104805.08186385,2030,2125
"male",34,231.357160607519,0,111181.200006869,2030,2125
"male",35,233.540424075024,0,112233.564980702,2030,2125
"male",36,242.582620474603,0,116574.617892117,2030,2125
"male",37,272.618021797641,481.24944,130987.325166371,2030,2125
"male",38,298.440410923425,481.24944,143376.873188956,2030,2125
"male",39,343.684756793202,481.24944,165072.699464885,2030,2125
"male",40,302.540293949961,0,145343.799590817,2030,2125
"male",41,341.696949344847,0,164104.018108067,2030,2125
"male",42,382.707760486417,0,183734.061387632,2030,2125
"male",43,361.307080795212,1443.74832,173463.088878333,2030,2125
"male",44,341.278560595038,1443.74832,163858.24385587,2030,2125
"male",45,382.049392438113,481.24944,183371.251672369,2030,2125
"male",46,390.104651574756,481.24944,187228.676418836,2030,2125
"male",47,403.596420933998,481.24944,193691.180464495,2030,2125
"male",48,490.631288889574,962.49888,235313.636152461,2030,2125
"male",49,465.079448916275,962.49888,223073.366091969,2030,2125
"male",50,465.028097519289,481.24944,223002.382828674,2030,2125
"male",51,511.580872320781,962.49888,245199.09614762,2030,2125
"male",52,477.36440292868,962.49888,228844.671534064,2030,2125
"male",53,567.757196794872,0,271993.032111531,2030,2125
"male",54,645.810313409824,481.24944,309210.030530571,2030,2125
"male",55,754.40182483169,481.24944,360939.760146718,2030,2125
"male",56,811.040852495679,0,387876.706953198,2030,2125
"male",57,822.192927538328,0,393109.53914334,2030,2125
"male",58,880.360679125148,0,420609.704675417,2030,2125
"male",59,897.541579655342,481.24944,428679.921504026,2030,2125
"male",60,1019.9153076953,481.24944,486517.375095413,2030,2125
"male",61,1074.53051022295,1443.74832,512326.269306048,2030,2125
"male",62,1168.4724484742,962.49888,556661.450641965,2030,2125
"male",63,1249.7759452162,1443.74832,594918.660316244,2030,2125
"male",64,1294.90485992968,1924.99776,616037.010625206,2030,2125
"male",65,1442.44277703116,481.24944,685206.497794629,2030,2125
"female",15,20.4226484045305,0,9826.87143684135,2031,2125
"female",16,37.8237605170235,0,18197.5723331357,2031,2125
"female",17,41.8154989201991,0,20117.2805450769,2031,2125
"female",18,35.7397109129011,0,17195.0710373732,2031,2125
"female",19,40.0006484207141,962.49888,19244.5340698247,2031,2125
"female",20,54.0459941854189,481.24944,25999.3193321469,2031,2125
"female",21,42.330700675529,0,20365.3386678193,2031,2125
"female",22,42.8876912002042,0,20633.1082513609,2031,2125
"female",23,44.6746942108976,0,21492.4140137008,2031,2125
"female",24,47.2693328197808,0,22740.0026732259,2031,2125
"female",25,50.8108466461508,0,24443.0220481804,2031,2125
"female",26,36.3431150875315,0,17485.2118503439,2031,2125
"female",27,58.7154271671871,0,28244.2300748881,2031,2125
"female",28,56.2832324304411,0,27075.0407472176,2031,2125
"female",29,71.8324965425053,0,34551.6778185829,2031,2125
"female",30,72.8165033444574,0,35024.9884736319,2031,2125
"female",31,65.8819700647912,0,31691.2889018318,2031,2125
"female",32,83.9934099601056,0,40399.1696707197,2031,2125
"female",33,80.6700202679206,481.24944,38801.8082427444,2031,2125
"female",34,114.646544176624,0,55133.1426288072,2031,2125
"female",35,93.4343636167524,0,44938.7806815474,2031,2125
"female",36,123.094228034101,0,59194.4630469515,2031,2125
"female",37,128.956589788446,0,62011.8032320991,2031,2125
"female",38,148.604623396668,0,71452.4339344629,2031,2125
"female",39,163.847784431326,481.24944,78775.6032380484,2031,2125
"female",40,150.790777800843,0,72504.2858929522,2031,2125
"female",41,175.154860867551,481.24944,84207.0011066703,2031,2125
"female",42,195.253515144454,481.24944,93854.1713266324,2031,2125
"female",43,191.24327538366,481.24944,91923.8721167716,2031,2125
"female",44,218.676113885718,0,105084.490545083,2031,2125
"female",45,230.002163370791,481.24944,110514.39588955,2031,2125
"female",46,245.649717514804,481.24944,118016.970315525,2031,2125
"female",47,215.116142541781,0,103369.757398135,2031,2125
"female",48,273.746415545062,481.24944,131493.805564569,2031,2125
"female",49,261.594182924263,481.24944,125666.207450319,2031,2125
"female",50,251.094678395804,481.24944,120624.722557074,2031,2125
"female",51,290.337302097697,962.49888,139421.441926961,2031,2125
"female",52,293.577771785995,0,140962.541596492,2031,2125
"female",53,362.724297721709,962.49888,174062.498046308,2031,2125
"female",54,335.874906774611,0,161218.670672196,2031,2125
"female",55,426.746396342713,0,204701.933060509,2031,2125
"female",56,488.689573704933,481.24944,234328.664038452,2031,2125
"female",57,489.98437639957,481.24944,234956.350959114,2031,2125
"female",58,569.082998917326,962.49888,272705.926845877,2031,2125
"female",59,545.186110419454,962.49888,261269.666279606,2031,2125
"female",60,551.454091383991,0,264235.0726078,2031,2125
"female",61,667.420244678514,962.49888,319482.350600018,2031,2125
"female",62,743.101077106246,962.49888,355509.346645219,2031,2125
"female",63,811.280911126317,0,387935.390538147,2031,2125
"female",64,851.727423049206,962.49888,407145.468090323,2031,2125
"female",65,947.404949959702,0,452525.264590125,2031,2125
"male",15,50.3494957058985,0,24221.7716242624,2031,2125
"male",16,67.6900734794959,0,32560.171914448,2031,2125
"male",17,71.7897249790734,0,34530.5537615565,2031,2125
"male",18,86.1950594266033,481.24944,41455.1635577437,2031,2125
"male",19,105.094230472149,0,50538.4540540955,2031,2125
"male",20,118.127133449362,0,56800.9921808432,2031,2125
"male",21,120.269828382643,0,57830.7542305203,2031,2125
"male",22,149.760774831966,481.24944,71994.9500919246,2031,2125
"male",23,141.51606489486,0,68034.0100921361,2031,2125
"male",24,138.780007630102,0,66718.018743161,2031,2125
"male",25,143.047360787774,0,68767.5902602176,2031,2125
"male",26,140.030319125777,481.24944,67318.4674076837,2031,2125
"male",27,152.55598989726,481.24944,73335.2467913184,2031,2125
"male",28,171.500952986807,962.49888,82432.963961961,2031,2125
"male",29,166.041922620994,0,79815.0657675827,2031,2125
"male",30,167.726976942149,0,80626.5779786087,2031,2125
"male",31,180.569890066164,0,86793.6391056284,2031,2125
"male",32,199.419701727973,0,95845.9545231301,2031,2125
"male",33,214.133585451644,481.24944,102911.014119322,2031,2125
"male",34,229.291471673523,962.49888,110188.510721094,2031,2125
"male",35,227.465673159778,481.24944,109314.194793342,2031,2125
"male",36,240.503340870535,481.24944,115575.406881613,2031,2125
"male",37,270.307699579017,481.24944,129877.263088689,2031,2125
"male",38,294.295405216155,0,141385.527727999,2031,2125
"male",39,340.844386902349,481.24944,163708.462279224,2031,2125
"male",40,305.054479218243,0,146551.642800713,2031,2125
"male",41,356.510400906039,481.24944,171218.354153215,2031,2125
"male",42,401.263288267576,0,192642.379515517,2031,2125
"male",43,379.717632682866,0,182301.972388057,2031,2125
"male",44,351.349075497843,481.24944,168693.405149978,2031,2125
"male",45,391.023707025586,481.24944,187678.630067358,2031,2125
"male",46,390.104651574756,0,187228.676418836,2031,2125
"male",47,399.587184964455,481.24944,191767.095890345,2031,2125
"male",48,493.902164148838,962.49888,236882.393726811,2031,2125
"male",49,481.116671292699,0,230765.551129623,2031,2125
"male",50,492.282491513093,481.24944,236072.119551234,2031,2125
"male",51,533.059458563256,481.24944,255493.714688169,2031,2125
"male",52,486.651648121845,481.24944,233296.902497762,2031,2125
"male",53,559.022470690336,962.49888,267808.5239252,2031,2125
"male",54,635.988103319941,481.24944,304507.216378015,2031,2125
"male",55,734.770550579564,481.24944,351547.275681934,2031,2125
"male",56,805.033142477192,1443.74832,385003.546160952,2031,2125
"male",57,840.950180638062,0,402077.817602884,2031,2125
"male",58,911.677857433948,962.49888,435572.105236993,2031,2125
"male",59,915.710437543102,962.49888,437357.652708561,2031,2125
"male",60,1036.84336259481,481.24944,494592.35227542,2031,2125
"male",61,1070.07187740045,962.49888,510200.434163699,2031,2125
"male",62,1163.62401507804,1443.74832,554351.652091584,2031,2125
"male",63,1249.7759452162,2406.2472,594918.660316244,2031,2125
"male",64,1305.9253268227,1443.74832,621279.878800739,2031,2125
"male",65,1448.66020279422,2406.2472,688159.974078226,2031,2125
"female",15,19.5314782923328,0,9398.06250141555,2032,2125
"female",16,37.1507398672544,0,17873.7721136849,2032,2125
"female",17,43.1940318516342,0,20780.4875960135,2032,2125
"female",18,35.6097483277633,0,17132.5435063282,2032,2125
"female",19,39.8567611961792,0,19175.3091271275,2032,2125
"female",20,53.2847829997087,0,25633.1317359195,2032,2125
"female",21,42.330700675529,0,20365.3386678193,2032,2125
"female",22,43.9598834802093,0,21148.9359576449,2032,2125
"female",23,45.8118682453568,0,22039.4936431405,2032,2125
"female",24,48.8567357876093,0,23503.6594794163,2032,2125
"female",25,51.3817550354334,0,24717.6627453509,2032,2125
"female",26,36.2085109575777,0,17420.4518064537,2032,2125
"female",27,57.8613845902099,481.24944,27833.4049101624,2032,2125
"female",28,55.2853027774191,0,26594.9868332598,2032,2125
"female",29,69.8644829386011,481.24944,33605.0565084847,2032,2125
"female",30,72.3244999434814,0,34788.3331461074,2032,2125
"female",31,65.0093611897609,0,31271.5367309466,2032,2125
"female",32,81.5705231343334,0,39233.8090071413,2032,2125
"female",33,80.1594505193895,0,38556.2271779169,2032,2125
"female",34,112.177233994358,0,53945.6595568021,2032,2125
"female",35,92.3018258759433,0,44394.0681884377,2032,2125
"female",36,119.835851409669,0,57627.5507898263,2032,2125
"female",37,128.204656320292,481.24944,61650.2183736029,2032,2125
"female",38,146.896524277166,0,70631.1415903887,2032,2125
"female",39,161.991152313124,481.24944,77882.9618415832,2032,2125
"female",40,149.523628407558,0,71895.0061795661,2032,2125
"female",41,176.138876939841,481.24944,84680.0741465954,2032,2125
"female",42,203.817265808684,0,97970.5823497303,2032,2125
"female",43,200.015902694837,0,96140.5634982749,2032,2125
"female",44,229.189388591762,0,110136.629513596,2032,2125
"female",45,236.054851880549,962.49888,113422.669465591,2032,2125
"female",46,250.579143284332,0,120385.203833563,2032,2125
"female",47,215.116142541781,481.24944,103369.757398135,2032,2125
"female",48,270.144489024732,481.24944,129763.623912404,2032,2125
"female",49,262.457530062627,0,126080.947408901,2032,2125
"female",50,258.78125018343,962.49888,124317.316104739,2032,2125
"female",51,307.047362650083,0,147445.697577433,2032,2125
"female",52,304.532166255621,962.49888,146222.337924719,2032,2125
"female",53,368.220120414462,0,176699.808622767,2032,2125
"female",54,330.861848464542,962.49888,158812.421856193,2032,2125
"female",55,420.470714043555,0,201691.610515502,2032,2125
"female",56,474.727014456221,481.24944,227633.559351639,2032,2125
"female",57,483.058802174841,0,231635.413136371,2032,2125
"female",58,579.318304653249,0,277610.709702817,2032,2125
"female",59,561.339772950401,2406.2472,269010.989724928,2032,2125
"female",60,561.898297660203,481.24944,269239.524740523,2032,2125
"female",61,675.121247501728,0,323168.685414634,2032,2125
"female",62,737.428549800092,481.24944,352795.534838767,2032,2125
"female",63,802.061809863518,481.24944,383527.033827486,2032,2125
"female",64,848.501182810383,962.49888,405603.250408163,2032,2125
"female",65,947.404949959702,1443.74832,452525.264590125,2032,2125
"male",15,47.876187144907,0,23031.9302111408,2032,2125
"male",16,66.0729044885181,0,31782.2838482325,2032,2125
"male",17,74.5801383174826,0,35872.7307628891,2032,2125
"male",18,86.1950594266033,962.49888,41455.1635577437,2032,2125
"male",19,103.644654879429,0,49841.3719292114,2032,2125
"male",20,117.320804893394,0,56413.2720976976,2032,2125
"male",21,119.862134049142,0,57634.7177755016,2032,2125
"male",22,152.859273621593,0,73484.5007834816,2032,2125
"male",23,145.004136916916,0,69710.9047070831,2032,2125
"male",24,143.80826877612,0,69135.3382628408,2032,2125
"male",25,143.563777252712,481.24944,69015.8487088104,2032,2125
"male",26,141.552387811926,0,68050.1898795064,2032,2125
"male",27,149.860654386707,0,72039.5710529559,2032,2125
"male",28,169.127237374533,962.49888,81292.0232842868,2032,2125
"male",29,162.141609002381,0,77940.215229418,2032,2125
"male",30,164.438212688381,0,79045.6646849105,2032,2125
"male",31,179.985521489898,0,86512.7535421798,2032,2125
"male",32,194.418580681504,0,93442.2942216096,2032,2125
"male",33,210.192476516952,0,101016.946374795,2032,2125
"male",34,225.160093805532,481.24944,108203.132149542,2032,2125
"male",35,225.440756188029,0,108341.071397556,2032,2125
"male",36,234.265502058331,481.24944,112577.773850102,2032,2125
"male",37,267.997377360393,481.24944,128767.201011008,2032,2125
"male",38,291.808401791793,481.24944,140190.720451424,2032,2125
"male",39,337.057227047879,0,161889.479365011,2032,2125
"male",40,302.540293949961,481.24944,145343.799590817,2032,2125
"male",41,359.473091218278,0,172641.221362244,2032,2125
"male",42,418.659095562414,1443.74832,200993.927760409,2032,2125
"male",43,398.12818457052,962.49888,191140.855897781,2032,2125
"male",44,369.252213102828,0,177289.247450614,2032,2125
"male",45,402.562111495193,481.24944,193216.688003771,2032,2125
"male",46,397.932838562878,0,190985.773604498,2032,2125
"male",47,398.250772974608,481.24944,191125.734365628,2032,2125
"male",48,487.36041363031,481.24944,233744.878578111,2032,2125
"male",49,482.720393530341,0,231534.769633388,2032,2125
"male",50,511.019887383834,481.24944,245057.563547994,2032,2125
"male",51,564.301038552312,481.24944,270467.705292603,2032,2125
"male",52,507.083587546808,481.24944,243091.810617897,2032,2125
"male",53,569.940878321006,481.24944,273039.159158114,2032,2125
"male",54,628.621445752528,481.24944,300980.105763598,2032,2125
"male",55,726.357147328653,1924.99776,347521.925197026,2032,2125
"male",56,784.00615741249,962.49888,374947.483388091,2032,2125
"male",57,834.697762938151,0,399088.391449702,2032,2125
"male",58,932.555976306481,2406.2472,445547.038944711,2032,2125
"male",59,948.41438174107,962.49888,452977.568876724,2032,2125
"male",60,1058.00343121919,0,504686.073750429,2032,2125
"male",61,1087.90640869045,481.24944,518703.774733094,2032,2125
"male",62,1153.92714828573,962.49888,549732.054990821,2032,2125
"male",63,1244.5467571609,962.49888,592429.460900695,2032,2125
"male",64,1305.9253268227,481.24944,621279.878800739,2032,2125
"male",65,1461.09505432035,1924.99776,694066.926645421,2032,2125
"female",15,18.4917798281021,0,8897.78541008544,2033,2125
"female",16,35.5354903078086,481.24944,17096.6515870029,2033,2125
"female",17,42.4281802230591,0,20412.039234382,2033,2125
"female",18,36.9093741791415,0,17757.8188167782,2033,2125
"female",19,39.7128739716442,0,19106.0841844303,2033,2125
"female",20,52.9041774068537,0,25450.0379378058,2033,2125
"female",21,41.7365855783286,0,20079.5093531833,2033,2125
"female",22,43.9598834802093,481.24944,21148.9359576449,2033,2125
"female",23,46.7865888463218,0,22508.4190398031,2033,2125
"female",24,50.0913825403648,0,24097.61477312,2033,2125
"female",25,52.9041774068537,0,25450.0379378058,2033,2125
"female",26,36.4777192174853,0,17549.9718942341,2033,2125
"female",27,57.6478739459656,0,27730.698618981,2033,2125
"female",28,54.4869590550015,0,26210.9437020936,2033,2125
"female",29,68.3884727356729,0,32895.0905259111,2033,2125
"female",30,70.1104846390891,0,33723.384172247,2033,2125
"female",31,64.5730567522457,0,31061.660645504,2033,2125
"female",32,80.4936845451012,0,38715.8709344397,2033,2125
"female",33,77.8618866509994,0,37451.1123861931,2033,2125
"female",34,111.118958201958,0,53436.7382402285,2033,2125
"female",35,90.3198848295274,0,43440.8213254958,2033,2125
"female",36,118.387684021033,962.49888,56931.1453422151,2033,2125
"female",37,124.820955713598,0,60023.0865103699,2033,2125
"female",38,146.042474717415,481.24944,70220.4954183515,2033,2125
"female",39,160.134520194922,481.24944,76990.3204451181,2033,2125
"female",40,147.411712752084,0,70879.5399905891,2033,2125
"female",41,174.170844795262,0,83733.9280667452,2033,2125
"female",42,204.959099230582,0,98519.4371528101,2033,2125
"female",43,208.788530006014,0,100357.254879778,2033,2125
"female",44,240.403548278209,0,115525.577746677,2033,2125
"female",45,248.160228900064,962.49888,119239.216617672,2033,2125
"female",46,257.151710977036,481.24944,123542.848524279,2033,2125
"female",47,219.432854432252,481.24944,105444.066911141,2033,2125
"female",48,269.244007394649,0,129331.078499362,2033,2125
"female",49,259.004141509171,481.24944,124421.987574573,2033,2125
"female",50,260.489377247347,481.24944,125137.892448665,2033,2125
"female",51,317.491150495324,0,152460.857358979,2033,2125
"female",52,322.059197407024,0,154638.012049883,2033,2125
"female",53,381.959677146345,0,183293.085063915,2033,2125
"female",54,335.874906774611,962.49888,161218.670672196,2033,2125
"female",55,414.195031744398,962.49888,198681.287970494,2033,2125
"female",56,467.745734831865,1443.74832,224286.007008233,2033,2125
"female",57,470.939047281566,481.24944,225823.771946569,2033,2125
"female",58,571.130060064511,481.24944,273686.883417265,2033,2125
"female",59,571.435812032243,481.24944,273849.316878254,2033,2125
"female",60,578.609027702142,481.24944,277246.648152881,2033,2125
"female",61,687.956252207084,481.24944,329312.576772326,2033,2125
"female",62,743.101077106246,962.49888,355509.346645219,2033,2125
"female",63,795.915742354985,0,380588.129353712,2033,2125
"female",64,838.822462093915,1443.74832,400976.597361682,2033,2125
"female",65,943.802649769741,481.24944,450804.636207653,2033,2125
"male",15,45.5795434811292,0,21927.0774703849,2033,2125
"male",16,62.8385665065627,0,30226.5077158015,2033,2125
"male",17,72.804420738495,481.24944,35018.6181256775,2033,2125
"male",18,89.5336004607323,481.24944,43060.8213011774,2033,2125
"male",19,103.28226098125,0,49667.1013979904,2033,2125
"male",20,115.708147781457,481.24944,55637.8319314062,2033,2125
"male",21,119.454439715642,0,57438.6813204829,2033,2125
"male",22,152.342857156655,481.24944,73236.2423348888,2033,2125
"male",23,148.492208938972,481.24944,71387.7993220301,2033,2125
"male",24,147.328051578332,481.24944,70827.4619266166,2033,2125
"male",25,148.211525437152,0,71250.174746146,2033,2125
"male",26,142.059744040643,0,68294.0973701139,2033,2125
"male",27,151.477855693039,0,72816.9764959734,2033,2125
"male",28,165.566663956121,0,79580.6122677755,2033,2125
"male",29,159.355670703371,481.24944,76601.0362735861,2033,2125
"male",30,160.053193683358,481.24944,76937.7802933129,2033,2125
"male",31,175.894941456037,0,84546.5545980393,2033,2125
"male",32,193.168300419886,0,92841.3791462294,2033,2125
"male",33,204.937664604028,0,98491.5227154252,2033,2125
"male",34,221.02871593754,0,106217.753577991,2033,2125
"male",35,221.390922244532,481.24944,106394.824605983,2033,2125
"male",36,232.186222454263,0,111578.562839598,2033,2125
"male",37,261.066410704521,481.24944,125437.014777965,2033,2125
"male",38,288.492397225977,481.24944,138597.644082658,2033,2125
"male",39,334.216857157026,481.24944,160525.242179351,2033,2125
"male",40,298.34998516949,481.24944,143330.727574324,2033,2125
"male",41,356.510400906039,0,171218.354153215,2033,2125
"male",42,423.297977507703,0,203221.00729238,2033,2125
"male",43,415.388076965196,0,199427.309188147,2033,2125
"male",44,387.155350707814,0,185885.08975125,2033,2125
"male",45,423.074830552273,481.24944,203062.124335174,2033,2125
"male",46,409.675119045061,962.49888,196621.419382991,2033,2125
"male",47,407.605656903541,481.24944,195615.265038646,2033,2125
"male",48,487.36041363031,481.24944,233744.878578111,2033,2125
"male",49,477.909226817414,0,229227.114122092,2033,2125
"male",50,512.723287008447,0,245874.422093154,2033,2125
"male",51,583.827026045471,0,279826.449420375,2033,2125
"male",52,536.802772164936,1443.74832,257338.94970173,2033,2125
"male",53,593.961375108482,0,284546.556670525,2033,2125
"male",54,640.899208364882,0,306858.623454293,2033,2125
"male",55,715.139276327439,0,342154.791217149,2033,2125
"male",56,774.99459238476,1443.74832,370637.742199723,2033,2125
"male",57,812.814300988462,962.49888,388625.399913568,2033,2125
"male",58,925.59660334897,962.49888,442222.061042138,2033,2125
"male",59,970.217011206382,962.49888,463390.846322166,2033,2125
"male",60,1096.09155474308,481.24944,522854.772405444,2033,2125
"male",61,1110.19957280296,2887.49664,529332.950444838,2033,2125
"male",62,1173.32088187036,0,558971.249192347,2033,2125
"male",63,1234.08838105031,1443.74832,587451.062069597,2033,2125
"male",64,1300.41509337619,1443.74832,618658.444712973,2033,2125
"male",65,1461.09505432035,1924.99776,694066.926645421,2033,2125
"female",15,18.5660440041186,0,8933.51948803759,2034,2125
"female",16,33.5164283585013,0,16125.2509286505,2034,2125
"female",17,40.4369659887639,0,19454.0734941403,2034,2125
"female",18,36.1295986683146,0,17382.6536305082,2034,2125
"female",19,41.0078589924587,0,19729.1086687052,2034,2125
"female",20,52.7138746104262,481.24944,25358.4910387489,2034,2125
"female",21,41.4395280297284,0,19936.5946958652,2034,2125
"female",22,43.3472021773492,0,20854.1772683397,2034,2125
"female",23,46.7865888463218,0,22508.4190398031,2034,2125
"female",24,51.1496511855837,0,24606.7193105803,2034,2125
"female",25,54.2362969818464,0,26090.8662312038,2034,2125
"female",26,37.6891563870697,0,18132.8122892455,2034,2125
"female",27,58.2884058786985,0,28038.8174925252,2034,2125
"female",28,54.2873731243971,0,26114.932919302,2034,2125
"female",29,67.4044659337207,0,32421.779870862,2034,2125
"female",30,68.8804761366489,962.49888,33131.7458534356,2034,2125
"female",31,62.6096867834274,0,30117.2182610123,2034,2125
"female",32,79.9552652504852,0,38456.9018980889,2034,2125
"female",33,76.5854622796715,0,36837.1597241244,2034,2125
"female",34,107.944130824759,0,51909.9742905077,2034,2125
"female",35,89.4704815239205,0,43032.2869556636,2034,2125
"female",36,115.853391090919,481.24944,55712.4358088956,2034,2125
"female",37,123.31708877729,0,59299.9167933775,2034,2125
"female",38,142.199251698536,0,68372.5876441843,2034,2125
"female",39,159.206204135821,0,76543.9997468855,2034,2125
"female",40,146.1445633588,0,70270.260277203,2034,2125
"female",41,172.202812650682,481.24944,82787.7819868949,2034,2125
"female",42,202.675432386787,481.24944,97421.7275466506,2034,2125
"female",43,209.958213647505,0,100919.480397312,2034,2125
"female",44,250.21593800385,0,120240.907450623,2034,2125
"female",45,259.50901985586,0,124692.229572749,2034,2125
"female",46,269.475275400855,481.24944,129463.432319372,2034,2125
"female",47,225.188470286212,481.24944,108209.812928483,2034,2125
"female",48,274.646897175144,0,131926.35097761,2034,2125
"female",49,259.004141509171,0,124421.987574573,2034,2125
"female",50,256.219059587555,962.49888,123086.451588851,2034,2125
"female",51,318.535529279848,481.24944,152962.373337133,2034,2125
"female",52,333.013591876651,0,159897.80837811,2034,2125
"female",53,403.942967917358,481.24944,193842.327369752,2034,2125
"female",54,348.407552549783,0,167234.292712204,2034,2125
"female",55,420.470714043555,481.24944,201691.610515502,2034,2125
"female",56,459.019135301419,481.24944,220101.566578975,2034,2125
"female",57,462.282079500655,481.24944,221672.59966814,2034,2125
"female",58,556.800632034218,481.24944,266820.187417548,2034,2125
"female",59,561.339772950401,481.24944,269010.989724928,2034,2125
"female",60,589.053233978354,0,282251.100285604,2034,2125
"female",61,708.492259735654,962.49888,339142.802944635,2034,2125
"female",62,760.11865902471,962.49888,363650.782064575,2034,2125
"female",63,802.061809863518,0,383527.033827486,2034,2125
"female",64,832.369981616269,0,397892.161997361,2034,2125
"female",65,932.995749199859,0,445642.751060237,2034,2125
"male",15,45.7562083783428,0,22012.0661427508,2034,2125
"male",16,59.6042285246073,0,28670.7315833706,2034,2125
"male",17,69.2529855805196,481.24944,33310.3928512542,2034,2125
"male",18,87.4090743481048,481.24944,42039.0391008105,2034,2125
"male",19,107.268593861228,481.24944,51584.0772414216,2034,2125
"male",20,115.708147781457,481.24944,55637.8319314062,2034,2125
"male",21,117.415968048139,481.24944,56458.4990453893,2034,2125
"male",22,151.826440691717,0,72987.9838862959,2034,2125
"male",23,147.993912935821,481.24944,71148.2429484663,2034,2125
"male",24,150.345008265943,0,72277.8536384245,2034,2125
"male",25,151.826440691717,0,72987.9838862959,2034,2125
"male",26,146.118593870376,0,70245.3572949743,2034,2125
"male",27,151.477855693039,0,72816.9764959734,2034,2125
"male",28,167.346950665327,0,80436.3177760311,2034,2125
"male",29,156.569732404361,481.24944,75261.8573177542,2034,2125
"male",30,157.860684180846,481.24944,75883.8380975141,2034,2125
"male",31,171.219992845909,0,82299.4700904503,2034,2125
"male",32,188.792319504225,0,90738.176382399,2034,2125
"male",33,203.623961625797,0,97860.1668005827,2034,2125
"male",34,215.520212113552,0,103570.582149256,2034,2125
"male",35,217.341088301034,0,104448.57781441,2034,2125
"male",36,228.027663246127,0,109580.14081859,2034,2125
"male",37,258.756088485897,962.49888,124326.952700284,2034,2125
"male",38,281.031386952892,481.24944,135013.222252934,2034,2125
"male",39,330.429697302555,0,158706.259265137,2034,2125
"male",40,295.835799901208,481.24944,142122.884364428,2034,2125
"male",41,351.572583718975,962.49888,168846.908804832,2034,2125
"male",42,418.659095562414,481.24944,200993.927760409,2034,2125
"male",43,419.990714937109,481.24944,201637.030065578,2034,2125
"male",44,403.939542212488,0,193943.691908096,2034,2125
"male",45,443.587549609353,0,212907.560666576,2034,2125
"male",46,430.55028434672,0,206640.345211424,2034,2125
"male",47,419.63336481217,0,201387.518761098,2034,2125
"male",48,498.808477037733,0,239235.530088335,2034,2125
"male",49,477.909226817414,0,229227.114122092,2034,2125
"male",50,507.613088134608,962.49888,243423.846457674,2034,2125
"male",51,587.732223544103,0,281698.19824593,2034,2125
"male",52,555.377262551266,0,266243.411629125,2034,2125
"male",53,628.900279526628,1924.99776,301284.58941585,2034,2125
"male",54,665.45473358959,0,318615.658835684,2034,2125
"male",55,729.161615078957,0,348863.708691995,2034,2125
"male",56,762.979172347787,1443.74832,364891.420615231,2034,2125
"male",57,803.435674438595,962.49888,384141.260683796,2034,2125
"male",58,901.238797997681,962.49888,430584.638383135,2034,2125
"male",59,959.315696473726,962.49888,458184.207599445,2034,2125
"male",60,1121.48363709234,0,534967.238175455,2034,2125
"male",61,1150.32726820548,962.49888,548465.466725977,2034,2125
"male",62,1197.56304885115,481.24944,570520.241944255,2034,2125
"male",63,1255.0051332715,481.24944,597407.859731793,2034,2125
"male",64,1294.90485992968,1443.74832,616037.010625206,2034,2125
"male",65,1454.87762855729,1924.99776,691113.450361824,2034,2125
