"sex","age","expected_deaths","deaths","mc_variance","year","seed"
"female",15,26.859805169847,0,12923.6331704623,2012,20260917
"female",16,50.6108437077237,0,24347.2263163674,2012,20260917
"female",17,32.2653905032482,0,15524.0863352906,2012,20260917
"female",18,39.3934946276479,0,18952.7644201986,2012,20260917
"female",19,33.1616513505606,0,15955.3109557153,2012,20260917
"female",20,36.7747139340486,0,17693.3471879609,2012,20260917
"female",21,43.2726330167065,0,20818.8704688543,2012,20260917
"female",22,34.6180752274434,0,16656.0509639055,2012,20260917
"female",23,52.8608290066646,0,25429.8676216774,2012,20260917
"female",24,45.2332325530585,0,21761.288729138,2012,20260917
"female",25,40.7799175354716,0,19619.2208959677,2012,20260917
"female",26,52.3473765912312,0,25181.8825694898,2012,20260917
"female",27,43.1326245145852,0,20750.5043354292,2012,20260917
"female",28,45.0371887230745,0,21666.5533880939,2012,20260917
"female",29,46.2135332046474,0,22232.4708273352,2012,20260917
"female",30,47.6699668633961,0,22932.911431231,2012,20260917
"female",31,66.5523257379868,0,32011.8040197575,2012,20260917
"female",32,71.4211723493126,0,34351.3953389766,2012,20260917
"female",33,72.6395662511632,0,34936.3882053765,2012,20260917
"female",34,64.9232168312313,0,31226.987054161,2012,20260917
"female",35,77.0229023290433,0,37043.498503094,2012,20260917
"female",36,75.5804393787406,0,36350.816877659,2012,20260917
"female",37,81.9523680781021,0,39414.282407292,2012,20260917
"female",38,99.9385779106863,0,48058.5296009444,2012,20260917
"female",39,93.8280260261527,0,45121.8353602423,2012,20260917
"female",40,109.6529998495,0,52724.3766478461,2012,20260917
"female",41,121.892903075221,0,58602.8527518769,2012,20260917
"female",42,145.224402890674,0,69806.4561843148,2012,20260917
"female",43,152.33866962547,0,73223.2968597134,2012,20260917
"female",44,191.523537153688,0,92031.1225104581,2012,20260917
"female",45,175.660903322571,0,84420.2707766887,2012,20260917
"female",46,212.334484957638,481.24944,102016.355987942,2012,20260917
"female",47,186.957949378962,0,89842.4973004658,2012,20260917
"female",48,209.850977613328,0,100825.1112012,2012,20260917
"female",49,242.458937411556,0,116457.992847208,2012,20260917
"female",50,270.081465184476,0,129691.616382861,2012,20260917
"female",51,312.769158712976,481.24944,150128.684293323,2012,20260917
"female",52,274.516925417719,0,131799.713560275,2012,20260917
"female",53,306.729158392633,481.24944,147209.446967318,2012,20260917
"female",54,319.820155609379,481.24944,153450.443041419,2012,20260917
"female",55,344.097052761165,481.24944,165032.691176871,2012,20260917
"female",56,364.938118749937,962.49888,174966.959191393,2012,20260917
"female",57,393.053281577124,481.24944,188360.326895759,2012,20260917
"female",58,468.121501751914,481.24944,224135.892557489,2012,20260917
"female",59,443.72496473289,0,212442.436354141,2012,20260917
"female",60,451.285861764419,962.49888,215975.985833757,2012,20260917
"female",61,482.512988160771,1443.74832,230771.952359024,2012,20260917
"female",62,477.289345148448,0,228262.493473222,2012,20260917
"female",63,594.58223324603,0,283846.730211576,2012,20260917
"female",64,583.672887183287,481.24944,278458.864105619,2012,20260917
"female",65,607.462077133869,962.49888,289586.977164629,2012,20260917
"male",15,53.325289898105,0,25652.8232910115,2012,20260917
"male",16,69.6559921656419,481.24944,33505.1184429666,2012,20260917
"male",17,75.8908505259522,0,36503.1023999813,2012,20260917
"male",18,92.3217176009569,0,44401.6451938439,2012,20260917
"male",19,133.065084881865,0,63980.0095413439,2012,20260917
"male",20,119.949215502154,0,57679.6717242024,2012,20260917
"male",21,129.112938541602,0,62083.2718435716,2012,20260917
"male",22,139.268157273226,481.24944,66961.9213821166,2012,20260917
"male",23,139.159166268892,0,66906.9856300696,2012,20260917
"male",24,116.856931950358,481.24944,56190.5675045672,2012,20260917
"male",25,117.998559654687,0,56736.835162938,2012,20260917
"male",26,140.292042250057,0,67443.3720545758,2012,20260917
"male",27,143.129965671825,481.24944,68805.0589975165,2012,20260917
"male",28,136.067115151391,0,65414.1558373105,2012,20260917
"male",29,157.332756367121,0,75627.5783282148,2012,20260917
"male",30,176.997808502005,481.24944,85068.2097077652,2012,20260917
"male",31,143.489194955288,0,68978.3993172946,2012,20260917
"male",32,174.824473319577,0,84015.7163311265,2012,20260917
"male",33,141.54767577148,0,68039.2748609114,2012,20260917
"male",34,159.330037384039,0,76573.8746915015,2012,20260917
"male",35,156.382843966367,0,75161.7234394531,2012,20260917
"male",36,187.00390541775,0,89859.4529288152,2012,20260917
"male",37,202.020999763445,481.24944,97069.0626121219,2012,20260917
"male",38,250.493677367896,0,120317.545355354,2012,20260917
"male",39,222.955486987573,962.49888,107109.621562686,2012,20260917
"male",40,212.71823204691,962.49888,102194.463722563,2012,20260917
"male",41,276.24630250821,1443.74832,132639.346433352,2012,20260917
"male",42,263.852720769636,0,126699.382714239,2012,20260917
"male",43,289.945425589313,962.49888,139201.140030796,2012,20260917
"male",44,319.981642510925,481.24944,153587.882916127,2012,20260917
"male",45,361.571294394718,481.24944,173491.282943871,2012,20260917
"male",46,363.881854851359,481.24944,174596.639643889,2012,20260917
"male",47,388.916265104397,481.24944,186567.88553438,2012,20260917
"male",48,412.09995238515,0,197646.272222703,2012,20260917
"male",49,426.269363604662,962.49888,204403.251994031,2012,20260917
"male",50,486.666668558789,481.24944,233225.304672051,2012,20260917
"male",51,511.995246982965,481.24944,245286.666855361,2012,20260917
"male",52,511.233415362857,962.49888,244884.480795717,2012,20260917
"male",53,571.118727503283,481.24944,273354.344844536,2012,20260917
"male",54,593.150363544403,0,283753.631239498,2012,20260917
"male",55,602.645886671866,481.24944,288170.025761167,2012,20260917
"male",56,627.654006236166,481.24944,299962.66267691,2012,20260917
"male",57,638.614876346427,481.24944,305067.335171326,2012,20260917
"male",58,664.208680356165,1443.74832,317157.551673241,2012,20260917
"male",59,738.486698204479,1924.99776,352110.993070252,2012,20260917
"male",60,728.340355583096,962.49888,347090.938746857,2012,20260917
"male",61,703.528676918304,0,335228.507471642,2012,20260917
"male",62,730.834680487544,481.24944,348030.199129601,2012,20260917
"male",63,748.929876858182,962.49888,356357.620355741,2012,20260917
"male",64,827.573312544869,1443.74832,392745.986869256,2012,20260917
"male",65,864.867586993694,481.24944,409878.093245101,2012,20260917
"female",15,31.1590731980754,0,14991.6502434382,2013,20260917
"female",16,31.9759777388489,0,15384.6897629291,2013,20260917
"female",17,37.633647788612,0,18106.0773498805,2013,20260917
"female",18,49.7425741183264,0,23929.9945369367,2013,20260917
"female",19,44.9811520573897,0,21640.2251147476,2013,20260917
"female",20,33.2736839564747,0,16009.2140332684,2013,20260917
"female",21,41.1533414666837,0,19799.4514905168,2013,20260917
"female",22,41.9655784693156,0,20190.2301383559,2013,20260917
"female",23,49.3597730666709,0,23746.5291044277,2013,20260917
"female",24,37.6849847885419,0,18131.128133324,2013,20260917
"female",25,57.4075382545127,0,27615.8224708592,2013,20260917
"female",26,56.2778813727833,0,27072.1397711997,2013,20260917
"female",27,46.4609459646868,0,22351.2796195693,2013,20260917
"female",28,59.6015611286219,0,28669.8632317301,2013,20260917
"female",29,43.9495302819069,0,21143.506311479,2013,20260917
"female",30,55.4002816721871,481.24944,26650.2342725774,2013,20260917
"female",31,55.6010073304197,481.24944,26746.7930924056,2013,20260917
"female",32,79.1094871318336,0,38048.1312843979,2013,20260917
"female",33,59.7509564197985,0,28741.1683133944,2013,20260917
"female",34,53.2530079224213,0,25616.5452294777,2013,20260917
"female",35,62.9019329916526,0,30255.3704223582,2013,20260917
"female",36,77.3309939383595,0,37191.6724971064,2013,20260917
"female",37,75.5804393787406,0,36350.816877659,2013,20260917
"female",38,106.786739780968,0,51348.1887649073,2013,20260917
"female",39,97.7678988749882,0,47015.6048113205,2013,20260917
"female",40,110.091765499027,0,52936.3758799784,2013,20260917
"female",41,120.618462898126,481.24944,57991.825142572,2013,20260917
"female",42,140.364811645844,481.24944,67473.824430819,2013,20260917
"female",43,142.843632053463,0,68663.4010579295,2013,20260917
"female",44,177.729008687058,0,85410.0260548002,2013,20260917
"female",45,182.929339860517,0,87907.4060808205,2013,20260917
"female",46,197.928313751787,481.24944,95105.0576347593,2013,20260917
"female",47,196.929276754324,0,94626.8564421067,2013,20260917
"female",48,275.454318245884,0,132278.060066431,2013,20260917
"female",49,247.103744641663,0,118688.988878764,2013,20260917
"female",50,277.942783635812,0,133462.685165333,2013,20260917
"female",51,274.861833405286,0,131981.99001514,2013,20260917
"female",52,334.944048715189,481.24944,160742.885812438,2013,20260917
"female",53,347.950780129518,481.24944,166950.829880791,2013,20260917
"female",54,366.065143269741,0,175591.043093819,2013,20260917
"female",55,387.914750587194,481.24944,186002.861222111,2013,20260917
"female",56,374.657308493699,0,179632.002206855,2013,20260917
"female",57,388.467828573902,962.49888,186199.142601809,2013,20260917
"female",58,421.662862329958,0,202003.775072508,2013,20260917
"female",59,450.590592292117,0,215777.881357944,2013,20260917
"female",60,479.660602554239,481.24944,229551.065119889,2013,20260917
"female",61,500.383839574133,962.49888,239319.061705655,2013,20260917
"female",62,494.568434137193,0,236491.540131413,2013,20260917
"female",63,543.631200090916,481.24944,259751.736675393,2013,20260917
"female",64,595.721998609711,481.24944,284371.370385901,2013,20260917
"female",65,574.960604383643,0,274321.197683178,2013,20260917
"male",15,61.1200134374878,0,29400.6306108599,2013,20260917
"male",16,45.5215137373698,0,21899.9575107995,2013,20260917
"male",17,84.4041999456678,0,40594.908202437,2013,20260917
"male",18,112.85937447965,0,54270.9113075237,2013,20260917
"male",19,116.129176791894,1443.74832,55842.7395036864,2013,20260917
"male",20,133.065084881865,0,63980.0095413439,2013,20260917
"male",21,133.224180255292,962.49888,64057.7171194461,2013,20260917
"male",22,141.160031101136,0,67870.9166853655,2013,20260917
"male",23,143.620405863691,0,69052.5790136574,2013,20260917
"male",24,136.821580717768,0,65784.3314294932,2013,20260917
"male",25,125.252138017384,0,60223.9782828156,2013,20260917
"male",26,143.889274102623,0,69172.6892867444,2013,20260917
"male",27,129.118019669201,0,62076.9070296633,2013,20260917
"male",28,137.52245417987,0,66112.5580414744,2013,20260917
"male",29,137.808921331275,0,66250.9010206162,2013,20260917
"male",30,176.365673471641,0,84764.3946730946,2013,20260917
"male",31,161.716887510747,0,77732.7602969967,2013,20260917
"male",32,160.807476616951,0,77293.4380530448,2013,20260917
"male",33,151.357267033417,481.24944,72751.8053397476,2013,20260917
"male",34,154.004337948638,962.49888,74019.2510495413,2013,20260917
"male",35,159.980364067239,0,76886.4211188138,2013,20260917
"male",36,190.242225323122,962.49888,91410.3449396145,2013,20260917
"male",37,202.198697082449,481.24944,97148.9268093007,2013,20260917
"male",38,228.635930845645,0,109834.393424422,2013,20260917
"male",39,213.654605311401,0,102652.091417419,2013,20260917
"male",40,245.854905564787,0,118089.442663588,2013,20260917
"male",41,255.965757762244,481.24944,122928.441904642,2013,20260917
"male",42,295.653420316893,0,141934.792184916,2013,20260917
"male",43,283.105104565611,0,135922.291506309,2013,20260917
"male",44,310.494280332238,481.24944,149041.108102339,2013,20260917
"male",45,338.465830178137,0,162435.471081977,2013,20260917
"male",46,359.260736490055,481.24944,172385.885427845,2013,20260917
"male",47,417.025449824016,962.49888,200008.578265206,2013,20260917
"male",48,469.470122258213,481.24944,225061.078509808,2013,20260917
"male",49,457.080418802449,481.24944,219134.005546634,2013,20260917
"male",50,463.540460743459,962.49888,222201.567726678,2013,20260917
"male",51,523.948240379715,481.24944,251005.956610903,2013,20260917
"male",52,571.826330111988,1443.74832,273799.674114673,2013,20260917
"male",53,570.946812580389,0,273331.797424116,2013,20260917
"male",54,644.504802010961,0,308262.132660613,2013,20260917
"male",55,618.398836653668,1443.74832,295747.70004412,2013,20260917
"male",56,629.733030041457,481.24944,301025.008112722,2013,20260917
"male",57,680.465201361238,962.49888,324997.385381943,2013,20260917
"male",58,653.797512401609,962.49888,312251.691257324,2013,20260917
"male",59,764.555481081928,962.49888,364620.61823522,2013,20260917
"male",60,769.884859832798,1443.74832,366892.494869989,2013,20260917
"male",61,813.337339090884,962.49888,387122.569961049,2013,20260917
"male",62,842.592486762297,481.24944,400667.488261418,2013,20260917
"male",63,901.012033018601,962.49888,427934.454619657,2013,20260917
"male",64,879.188727659946,1924.99776,417425.459172689,2013,20260917
"male",65,915.842013432102,962.49888,433873.320079824,2013,20260917
"female",15,19.7924032724413,0,9523.60472988146,2014,20260917
"female",16,24.9272398458035,0,11993.8929982378,2014,20260917
"female",17,33.2550218413509,0,15999.9245198063,2014,20260917
"female",18,35.1642500200776,0,16918.3436428007,2014,20260917
"female",19,41.8208821364937,0,20120.2242531902,2014,20260917
"female",20,28.7223464042524,0,13819.7975143995,2014,20260917
"female",21,50.0786650726724,0,24091.913841985,2014,20260917
"female",22,54.1025263323245,0,26027.2135054081,2014,20260917
"female",23,47.9080078419459,0,23048.3219544058,2014,20260917
"female",24,49.5184861633483,0,23822.8845034774,2014,20260917
"female",25,47.6139290032195,0,22906.6197148821,2014,20260917
"female",26,52.4313776540447,0,25223.0258241504,2014,20260917
"female",27,41.2280484973999,481.24944,19834.8167299893,2014,20260917
"female",28,47.894039704025,0,23040.4840867547,2014,20260917
"female",29,49.8546294005733,0,23983.2035513223,2014,20260917
"female",30,51.6751713796101,0,24858.7572019076,2014,20260917
"female",31,63.3593445079558,0,30477.1566208509,2014,20260917
"female",32,63.5880786036524,0,30587.1824570272,2014,20260917
"female",33,63.251989022521,0,30425.2211442574,2014,20260917
"female",34,61.1840549529687,0,29430.2260796194,2014,20260917
"female",35,65.0912567978984,481.24944,31308.1153338425,2014,20260917
"female",36,62.9019329916526,0,30255.3704223582,2014,20260917
"female",37,96.4609138434318,481.24944,46384.8373249941,2014,20260917
"female",38,95.1444763872954,0,45753.1388820799,2014,20260917
"female",39,114.666543102375,0,55133.9646506078,2014,20260917
"female",40,114.274390647755,481.24944,54946.476813081,2014,20260917
"female",41,113.01401133914,481.24944,54340.4494952897,2014,20260917
"female",42,129.641993654874,481.24944,62325.9878143769,2014,20260917
"female",43,139.165091493812,481.24944,66897.7646731071,2014,20260917
"female",44,157.128278546954,481.24944,75521.0752905755,2014,20260917
"female",45,151.129609858914,0,72642.8541700282,2014,20260917
"female",46,186.612565056864,0,89674.7808357616,2014,20260917
"female",47,215.247494080355,0,103412.900199997,2014,20260917
"female",48,229.719078196107,962.49888,110353.791066684,2014,20260917
"female",49,246.786273483798,481.24944,118537.65304942,2014,20260917
"female",50,272.153885800948,481.24944,130694.40423909,2014,20260917
"female",51,296.149310735264,0,142184.365277544,2014,20260917
"female",52,302.358444185509,0,145151.31967386,2014,20260917
"female",53,330.275640278553,0,158508.63893545,2014,20260917
"female",54,319.510803153629,0,153340.796945029,2014,20260917
"female",55,363.898967831557,0,174555.388025218,2014,20260917
"female",56,411.836527195677,1443.74832,197425.146606589,2014,20260917
"female",57,414.662340619832,0,198733.316548612,2014,20260917
"female",58,442.558738177832,962.49888,212001.8537315,2014,20260917
"female",59,446.369717965793,481.24944,213777.437610679,2014,20260917
"female",60,478.220425951543,481.24944,228933.286916973,2014,20260917
"female",61,497.757240738204,0,238153.470492064,2014,20260917
"female",62,574.597534273309,962.49888,274547.72167589,2014,20260917
"female",63,525.113132065184,0,250987.001983845,2014,20260917
"female",64,597.368299169667,962.49888,285210.236615697,2014,20260917
"female",65,629.443625313854,1443.74832,300312.818000123,2014,20260917
"male",15,53.7755330276379,481.24944,25868.9294899708,2014,20260917
"male",16,64.9400679208585,0,31237.3098475409,2014,20260917
"male",17,83.5310530496781,0,40174.9608762049,2014,20260917
"male",18,97.5926249425673,0,46933.5536174537,2014,20260917
"male",19,112.85937447965,0,54270.9113075237,2014,20260917
"male",20,120.276746770002,0,57835.5298708038,2014,20260917
"male",21,125.065511001113,0,60137.0877732402,2014,20260917
"male",22,154.712590482691,0,74379.3602747005,2014,20260917
"male",23,151.820089061588,0,72991.5280458678,2014,20260917
"male",24,154.257735980849,0,74162.0882779829,2014,20260917
"male",25,144.27088361883,481.24944,69362.703742529,2014,20260917
"male",26,157.769076254309,0,75841.6160544514,2014,20260917
"male",27,145.681108607229,0,70033.4252973562,2014,20260917
"male",28,148.823776164852,0,71540.8188785586,2014,20260917
"male",29,160.216272658801,0,77009.2710013792,2014,20260917
"male",30,174.45112550861,0,83843.4364029457,2014,20260917
"male",31,150.256263099342,481.24944,72230.110528049,2014,20260917
"male",32,134.179635802593,481.24944,64509.8027934442,2014,20260917
"male",33,163.881827498469,0,78769.6594922899,2014,20260917
"male",34,220.263315725117,481.24944,105814.277158946,2014,20260917
"male",35,169.403559418195,481.24944,81410.5778402389,2014,20260917
"male",36,153.267647871419,481.24944,73664.4779526114,2014,20260917
"male",37,184.511783591563,481.24944,88661.0949146022,2014,20260917
"male",38,207.678996861679,0,99778.2282040283,2014,20260917
"male",39,228.635930845645,0,109834.393424422,2014,20260917
"male",40,275.053397427651,0,132089.092106464,2014,20260917
"male",41,274.780829997691,962.49888,131953.197900504,2014,20260917
"male",42,246.614866596212,0,118446.617058229,2014,20260917
"male",43,279.671074773232,0,134279.930947243,2014,20260917
"male",44,290.991758516252,0,139698.184526028,2014,20260917
"male",45,324.193630258498,0,155599.271898329,2014,20260917
"male",46,395.8207593542,0,189869.253666794,2014,20260917
"male",47,373.124122198771,481.24944,179017.658281616,2014,20260917
"male",48,407.328300626537,1443.74832,195370.720744644,2014,20260917
"male",49,463.029541943157,0,221981.928570299,2014,20260917
"male",50,436.611962376958,0,209356.742368449,2014,20260917
"male",51,552.658985011044,0,264715.056745429,2014,20260917
"male",52,540.246840525492,481.24944,258772.290097726,2014,20260917
"male",53,550.233142086291,962.49888,263505.560256373,2014,20260917
"male",54,638.341184106139,1443.74832,305398.330887423,2014,20260917
"male",55,614.026442777139,962.49888,293754.379544516,2014,20260917
"male",56,663.892263707249,0,317347.765798664,2014,20260917
"male",57,701.420242419129,3368.74608,335008.926037392,2014,20260917
"male",58,736.314113769962,0,351420.168569205,2014,20260917
"male",59,715.742314566501,0,341572.570873584,2014,20260917
"male",60,781.201769450406,962.49888,372445.579565865,2014,20260917
"male",61,825.267526195285,481.24944,392981.212808399,2014,20260917
"male",62,870.717669763988,0,414077.167047585,2014,20260917
"male",63,813.312647984629,962.49888,386844.342847025,2014,20260917
"male",64,906.99005533487,1443.74832,430695.280437473,2014,20260917
"male",65,998.60568185205,0,473136.534815198,2014,20260917
"female",15,41.9889564403348,0,20200.3015689595,2015,20260917
"female",16,29.6886405672249,0,14284.3155515695,2015,20260917
"female",17,42.5351099095428,0,20463.2469452946,2015,20260917
"female",18,24.3904136029962,0,11735.7096431713,2015,20260917
"female",19,33.9832339984608,0,16350.2878304589,2015,20260917
"female",20,46.0267980364455,0,22143.065724386,2015,20260917
"female",21,38.4272069066177,0,18488.0491847418,2015,20260917
"female",22,32.2093693644028,0,15497.2828244558,2015,20260917
"female",23,51.5911079775518,0,24819.5219781524,2015,20260917
"female",24,42.3716969706315,0,20385.6194622755,2015,20260917
"female",25,52.7674524591246,0,25385.4394173936,2015,20260917
"female",26,52.160615915745,0,25093.25816026,2015,20260917
"female",27,46.0267980364455,0,22143.065724386,2015,20260917
"female",28,43.9635277796393,0,21150.4455367411,2015,20260917
"female",29,66.0248266733631,0,31758.3841062661,2015,20260917
"female",30,36.4152922846642,0,17519.9093781217,2015,20260917
"female",31,58.4065248181395,0,28095.5657355561,2015,20260917
"female",32,54.7000676739831,0,26313.6525726129,2015,20260917
"female",33,67.9667333402268,0,32692.4542270387,2015,20260917
"female",34,76.1825838392667,0,36641.4883615751,2015,20260917
"female",35,68.648319436302,0,33018.699426121,2015,20260917
"female",36,95.6953510351506,481.24944,46016.7036954307,2015,20260917
"female",37,80.383949992942,0,38658.4643360975,2015,20260917
"female",38,116.459205556811,481.24944,55992.1070342075,2015,20260917
"female",39,118.485133534262,481.24944,56966.7005830453,2015,20260917
"female",40,104.695413548691,0,50343.556220958,2015,20260917
"female",41,124.889735346925,0,60045.9816956424,2015,20260917
"female",42,135.617180298591,0,65197.3202530307,2015,20260917
"female",43,163.887737995235,0,78768.3661381682,2015,20260917
"female",44,166.758746232762,481.24944,80144.3490394434,2015,20260917
"female",45,191.206220077198,0,91875.0745452769,2015,20260917
"female",46,190.552597286003,481.24944,91563.675763925,2015,20260917
"female",47,223.44499977515,0,107342.941971053,2015,20260917
"female",48,227.235560394506,481.24944,109162.865887537,2015,20260917
"female",49,253.312571830032,0,121665.303040993,2015,20260917
"female",50,266.729240143802,1443.74832,128096.83869597,2015,20260917
"female",51,300.607377007006,0,144326.132617656,2015,20260917
"female",52,326.493705225479,481.24944,156714.919958857,2015,20260917
"female",53,355.928293916506,0,170793.488400375,2015,20260917
"female",54,345.228634028286,962.49888,165662.440975776,2015,20260917
"female",55,392.642115059388,481.24944,188319.097451176,2015,20260917
"female",56,388.212585271243,1443.74832,186174.669300128,2015,20260917
"female",57,460.063354710394,481.24944,220438.755607267,2015,20260917
"female",58,472.885207917781,962.49888,226500.643322276,2015,20260917
"female",59,449.094889177258,962.49888,215118.232825992,2015,20260917
"female",60,476.847201189639,962.49888,228298.160760569,2015,20260917
"female",61,497.633461695886,481.24944,238168.595712154,2015,20260917
"female",62,585.864881926785,481.24944,280007.950524428,2015,20260917
"female",63,544.029821090924,1443.74832,260031.104296101,2015,20260917
"female",64,576.767211390223,481.24944,275476.693616845,2015,20260917
"female",65,649.649954659085,1443.74832,309938.259801424,2015,20260917
"male",15,46.3128350465455,0,22280.0226522682,2015,20260917
"male",16,68.7828857941715,0,33084.5213231993,2015,20260917
"male",17,86.8964024292835,0,41791.9731752384,2015,20260917
"male",18,105.719483957645,0,50838.4995621997,2015,20260917
"male",19,129.690814295995,0,62355.8320716043,2015,20260917
"male",20,107.77951519377,0,51830.1099174889,2015,20260917
"male",21,104.027582029962,0,50027.7344888567,2015,20260917
"male",22,131.10951072743,0,63040.92795882,2015,20260917
"male",23,142.719964447617,0,68619.6474837912,2015,20260917
"male",24,156.686247036333,0,75328.9246046378,2015,20260917
"male",25,149.364254078506,481.24944,71812.1789095705,2015,20260917
"male",26,158.792091777537,0,76337.0035343001,2015,20260917
"male",27,146.726878140133,481.24944,70539.4955839388,2015,20260917
"male",28,171.849536846039,0,82597.7690334222,2015,20260917
"male",29,156.896218927423,0,75417.0275566728,2015,20260917
"male",30,123.697036683459,481.24944,59472.8761156175,2015,20260917
"male",31,158.829085948055,481.24944,76344.6752916932,2015,20260917
"male",32,175.697059755041,0,84444.6454578717,2015,20260917
"male",33,187.903637110402,0,90303.7576710145,2015,20260917
"male",34,174.45112550861,481.24944,83843.4364029457,2015,20260917
"male",35,184.456956314691,0,88638.9439738845,2015,20260917
"male",36,191.770381017231,0,92142.8710267724,2015,20260917
"male",37,166.24737749775,0,79894.561814063,2015,20260917
"male",38,184.093338796462,0,88460.8622217519,2015,20260917
"male",39,221.759662248783,0,106531.10339662,2015,20260917
"male",40,247.992447202722,0,119115.022378624,2015,20260917
"male",41,256.633581978045,0,123260.83874028,2015,20260917
"male",42,278.396597483349,0,133685.736200955,2015,20260917
"male",43,272.329916617656,481.24944,130770.045612688,2015,20260917
"male",44,299.078224714573,0,143574.86248479,2015,20260917
"male",45,302.271342349735,962.49888,145099.495022544,2015,20260917
"male",46,345.884453259499,0,165980.061766491,2015,20260917
"male",47,396.971510620713,481.24944,190419.446114012,2015,20260917
"male",48,402.725276488879,0,193170.255885608,2015,20260917
"male",49,454.5098846012,962.49888,217916.108722586,2015,20260917
"male",50,497.726588834769,0,238543.66303736,2015,20260917
"male",51,531.137270830009,0,254476.555112059,2015,20260917
"male",52,564.763731577435,0,270479.644893436,2015,20260917
"male",53,617.018970736512,0,295340.402160488,2015,20260917
"male",54,621.015101828524,481.24944,297207.977897683,2015,20260917
"male",55,659.058510221484,481.24944,315241.058438455,2015,20260917
"male",56,710.948964266386,0,339792.867992516,2015,20260917
"male",57,695.920691195059,481.24944,332537.395821871,2015,20260917
"male",58,773.783771720314,481.24944,369264.56241848,2015,20260917
"male",59,701.359584952851,481.24944,334855.509304772,2015,20260917
"male",60,797.388387634038,962.49888,380130.05455267,2015,20260917
"male",61,892.429000574525,0,424877.317916155,2015,20260917
"male",62,889.137075219819,962.49888,422986.379541904,2015,20260917
"male",63,875.140465883827,1443.74832,416088.866842982,2015,20260917
"male",64,921.83783698254,481.24944,437691.390387242,2015,20260917
"male",65,977.685796524854,1924.99776,463683.102668351,2015,20260917
"female",15,24.8992354494202,0,11980.3022821074,2016,20260917
"female",16,35.9905070721474,0,17315.3712313772,2016,20260917
"female",17,39.7342786243057,0,19116.1639499173,2016,20260917
"female",18,37.670997674738,0,18123.8710554104,2016,20260917
"female",19,43.9635277796393,0,21150.4455367411,2016,20260917
"female",20,43.4407016444654,0,20899.1215149275,2016,20260917
"female",21,34.0765894151236,0,16395.3628130486,2016,20260917
"female",22,44.2155882435883,0,21272.1222901335,2016,20260917
"female",23,57.799636135712,0,27804.9802776893,2016,20260917
"female",24,62.0242283938616,0,29836.6753269073,2016,20260917
"female",25,41.3027121853442,0,19871.5086475456,2016,20260917
"female",26,34.034566961719,0,16375.4621845083,2016,20260917
"female",27,54.1025263323245,0,26027.2135054081,2016,20260917
"female",28,51.7965170132418,0,24917.856864194,2016,20260917
"female",29,47.0537792629137,0,22636.6975696504,2016,20260917
"female",30,62.6731422208661,0,30147.0791123218,2016,20260917
"female",31,51.8665609032383,0,24950.8266730258,2016,20260917
"female",32,59.8956387847953,481.24944,28811.6016436051,2016,20260917
"female",33,65.3526085841546,0,31435.6528427752,2016,20260917
"female",34,74.7681308589181,0,35962.2268943411,2016,20260917
"female",35,75.1882777955154,0,36163.6086088656,2016,20260917
"female",36,67.9667741664802,0,32691.2047662612,2016,20260917
"female",37,83.1894650389018,0,40007.3118021441,2016,20260917
"female",38,86.8259345316637,0,41754.5342139556,2016,20260917
"female",39,93.3005911859912,0,44866.4501440551,2016,20260917
"female",40,100.736877342184,0,48440.5353526723,2016,20260917
"female",41,128.857697684387,0,61950.7384836868,2016,20260917
"female",42,125.347206904972,481.24944,60265.9303465422,2016,20260917
"female",43,147.464977215478,0,70886.89726195,2016,20260917
"female",44,159.602324099661,481.24944,76711.673955516,2016,20260917
"female",45,156.568059382938,0,75253.2771122553,2016,20260917
"female",46,188.81608557718,481.24944,90728.3717197728,2016,20260917
"female",47,190.552597286003,481.24944,91563.675763925,2016,20260917
"female",48,226.759444528792,0,108933.083551454,2016,20260917
"female",49,250.829039833975,0,120474.811620409,2016,20260917
"female",50,291.658083478559,481.24944,140041.69594606,2016,20260917
"female",51,306.615461496509,962.49888,147206.410371889,2016,20260917
"female",52,330.29818651796,0,158544.130909814,2016,20260917
"female",53,311.928367372814,481.24944,149741.124016851,2016,20260917
"female",54,361.880544246193,0,173641.250330851,2016,20260917
"female",55,368.477462059653,0,176784.288573866,2016,20260917
"female",56,435.396468409578,0,208747.708738247,2016,20260917
"female",57,451.840326871876,0,216564.096133703,2016,20260917
"female",58,460.063354710394,481.24944,220438.755607267,2016,20260917
"female",59,448.384152673245,481.24944,214813.374319123,2016,20260917
"female",60,508.1685238042,481.24944,243258.152940642,2016,20260917
"female",61,514.491852960861,0,246213.042474002,2016,20260917
"female",62,561.340299011068,481.24944,268459.662135173,2016,20260917
"female",63,586.663638984449,0,280376.012358569,2016,20260917
"female",64,603.924830062208,1443.74832,288428.030509741,2016,20260917
"female",65,618.878694597565,481.24944,295410.905971194,2016,20260917
"male",15,40.0689147536137,0,19277.1296108183,2016,20260917
"male",16,49.9691527716508,0,24038.3099370317,2016,20260917
"male",17,69.0330053788775,0,33204.8286734654,2016,20260917
"male",18,101.312744282144,0,48720.3033224395,2016,20260917
"male",19,118.2849655314,481.24944,56876.1605052054,2016,20260917
"male",20,116.856931950358,481.24944,56190.5675045672,2016,20260917
"male",21,133.219779351697,0,64053.1776218137,2016,20260917
"male",22,120.067520932369,0,57735.4688734873,2016,20260917
"male",23,143.306694618888,0,68900.4434287108,2016,20260917
"male",24,142.169655534097,962.49888,68355.7059479099,2016,20260917
"male",25,127.107310433289,0,61120.6103709556,2016,20260917
"male",26,151.765474975653,0,72965.9610798033,2016,20260917
"male",27,171.685203767488,0,82528.934421977,2016,20260917
"male",28,155.849814798401,962.49888,74921.1288314964,2016,20260917
"male",29,160.716256504048,481.24944,77253.977862155,2016,20260917
"male",30,147.181931590167,0,70753.5787114897,2016,20260917
"male",31,158.829085948055,0,76344.6752916932,2016,20260917
"male",32,182.660039331275,0,87784.5914942632,2016,20260917
"male",33,169.884824842735,962.49888,81654.995004828,2016,20260917
"male",34,187.275997003906,0,90002.9746728186,2016,20260917
"male",35,197.063388398816,481.24944,94695.942488798,2016,20260917
"male",36,192.288508912295,0,92397.0710613669,2016,20260917
"male",37,220.04077703699,0,105702.366029553,2016,20260917
"male",38,209.780592314006,481.24944,100779.341376759,2016,20260917
"male",39,197.528021607178,0,94906.6382893761,2016,20260917
"male",40,248.534048437428,0,119368.380615103,2016,20260917
"male",41,268.354206341115,0,128875.596242179,2016,20260917
"male",42,278.537196873251,962.49888,133759.585992127,2016,20260917
"male",43,289.243935853608,481.24944,138882.776287178,2016,20260917
"male",44,331.943278790574,481.24944,159318.776405859,2016,20260917
"male",45,304.854378999043,962.49888,146342.204760572,2016,20260917
"male",46,334.982487585988,0,160757.6617098,2016,20260917
"male",47,358.442402166589,0,171988.328997511,2016,20260917
"male",48,384.313281650965,481.24944,184366.770162278,2016,20260917
"male",49,422.288199327454,481.24944,202521.108364743,2016,20260917
"male",50,490.539497119204,481.24944,235116.98130938,2016,20260917
"male",51,519.419233690832,962.49888,248895.329520902,2016,20260917
"male",52,551.566049773312,0,264214.138434231,2016,20260917
"male",53,572.501327995319,962.49888,274167.146087307,2016,20260917
"male",54,602.944442450129,1443.74832,288639.187882415,2016,20260917
"male",55,612.017559557822,1443.74832,292918.601371131,2016,20260917
"male",56,638.806174167672,962.49888,305603.357657472,2016,20260917
"male",57,720.298665179011,0,344218.889217162,2016,20260917
"male",58,747.914208995982,0,357164.107791824,2016,20260917
"male",59,720.220884680702,0,343890.095739205,2016,20260917
"male",60,731.826411523052,481.24944,349248.358983103,2016,20260917
"male",61,860.541612807123,481.24944,409903.558589424,2016,20260917
"male",62,897.674411794339,1443.74832,427292.914121102,2016,20260917
"male",63,875.605420109548,481.24944,416592.837765402,2016,20260917
"male",64,963.90694732474,962.49888,457643.996712135,2016,20260917
"male",65,937.180583505431,962.49888,444788.500167461,2016,20260917
"female",15,21.4262165798925,481.24944,10309.554405855,2017,20260917
"female",16,26.2903102934465,0,12649.49718265,2017,20260917
"female",17,31.4344914485762,0,15124.0162431745,2017,20260917
"female",18,35.1595872717013,0,16915.9361588284,2017,20260917
"female",19,43.1699622962524,0,20768.6685414931,2017,20260917
"female",20,36.5973399110645,0,17607.6658902303,2017,20260917
"female",21,41.3867553323086,481.24944,19911.3637938145,2017,20260917
"female",22,46.9790766165099,0,22601.1981186836,2017,20260917
"female",23,51.9878986445009,0,25010.1679014512,2017,20260917
"female",24,42.992551249608,0,20684.1204981821,2017,20260917
"female",25,45.4386055047024,0,21860.7280813208,2017,20260917
"female",26,50.7881909367675,0,24433.7276958742,2017,20260917
"female",27,46.4515680478009,0,22348.0691531974,2017,20260917
"female",28,51.9272064008583,0,24981.2126750785,2017,20260917
"female",29,55.2695516950176,0,26588.120790979,2017,20260917
"female",30,64.960483177832,0,31247.3374740854,2017,20260917
"female",31,58.3971799678058,0,28091.3431404376,2017,20260917
"female",32,54.998830355722,0,26457.116632921,2017,20260917
"female",33,74.9968764919454,0,36071.8996456872,2017,20260917
"female",34,79.2634971562959,481.24944,38123.3132585505,2017,20260917
"female",35,71.5891576620384,0,34434.1962338898,2017,20260917
"female",36,79.8797038118874,0,38418.9440055285,2017,20260917
"female",37,80.7200016408374,0,38821.5864312425,2017,20260917
"female",38,105.1109504787,0,50540.9168387046,2017,20260917
"female",39,70.903029393962,0,34101.8534729701,2017,20260917
"female",40,99.9900017038062,0,48080.9244806902,2017,20260917
"female",41,116.963305253282,0,56236.1097714083,2017,20260917
"female",42,144.944164823523,0,69676.4877417867,2017,20260917
"female",43,146.344569551298,0,70350.3631143773,2017,20260917
"female",44,145.48099506361,481.24944,69934.548807497,2017,20260917
"female",45,174.998031989279,0,84101.703717154,2017,20260917
"female",46,191.028774080037,481.24944,91791.5948258638,2017,20260917
"female",47,211.148939031757,481.24944,101441.83055491,2017,20260917
"female",48,216.872133847199,0,104189.387898752,2017,20260917
"female",49,219.364916994868,0,105386.967070002,2017,20260917
"female",50,259.52140835787,0,124641.331833484,2017,20260917
"female",51,314.094170762941,962.49888,150788.148850198,2017,20260917
"female",52,312.847718280635,0,150191.22108239,2017,20260917
"female",53,351.329306372248,962.49888,168611.249752833,2017,20260917
"female",54,324.066145262904,0,155552.732213402,2017,20260917
"female",55,392.832390446539,481.24944,188445.202084948,2017,20260917
"female",56,425.437682659607,0,204014.750061634,2017,20260917
"female",57,401.09686493534,0,192357.313739801,2017,20260917
"female",58,458.474536830556,0,219726.705839086,2017,20260917
"female",59,457.962608798474,0,219432.185946959,2017,20260917
"female",60,465.779628076699,481.24944,223108.114344734,2017,20260917
"female",61,505.614913131817,0,242035.750162046,2017,20260917
"female",62,535.749319991075,481.24944,256318.390047818,2017,20260917
"female",63,638.172946207419,0,304942.486839636,2017,20260917
"female",64,620.099048714421,962.49888,296225.046622825,2017,20260917
"female",65,639.363634159047,481.24944,305215.900854891,2017,20260917
"male",15,35.8805443523215,0,17262.5967682255,2017,20260917
"male",16,62.1569221528217,0,29898.567996932,2017,20260917
"male",17,76.1274530670232,0,36614.8297530183,2017,20260917
"male",18,91.0257644426173,0,43776.2935240406,2017,20260917
"male",19,110.167218146421,0,52975.3267201855,2017,20260917
"male",20,111.545130339582,0,53638.4208390672,2017,20260917
"male",21,123.842289724058,481.24944,59547.2186836826,2017,20260917
"male",22,157.25042098358,0,75595.8675776564,2017,20260917
"male",23,124.860831399012,0,60039.2365117294,2017,20260917
"male",24,131.186748961229,0,63079.2593685863,2017,20260917
"male",25,142.924531489901,0,68719.3031439325,2017,20260917
"male",26,151.574388539209,0,72875.4690111364,2017,20260917
"male",27,154.10753477466,962.49888,74091.9789977015,2017,20260917
"male",28,161.461548055625,962.49888,77621.0403672126,2017,20260917
"male",29,172.244762083367,0,82794.7802524343,2017,20260917
"male",30,156.400259315062,0,75182.896930558,2017,20260917
"male",31,146.717984825074,0,70531.8838403978,2017,20260917
"male",32,149.719633588273,0,71972.1458475916,2017,20260917
"male",33,167.406268454866,481.24944,80464.4403530916,2017,20260917
"male",34,202.306840252559,0,97217.4471071946,2017,20260917
"male",35,180.117504422497,0,86568.4087110453,2017,20260917
"male",36,192.169737555035,0,92348.7397054949,2017,20260917
"male",37,178.890158745614,0,85969.5701992923,2017,20260917
"male",38,181.355437149635,0,87147.7151889663,2017,20260917
"male",39,217.157411699293,0,104318.25340631,2017,20260917
"male",40,191.347280185634,0,91942.1879774695,2017,20260917
"male",41,205.741471781349,0,98850.1621056624,2017,20260917
"male",42,262.045923274131,1443.74832,125853.229703449,2017,20260917
"male",43,315.440917652234,962.49888,151439.945221278,2017,20260917
"male",44,350.826805744599,0,168372.499111243,2017,20260917
"male",45,322.67382550163,0,154883.03814445,2017,20260917
"male",46,346.116302714885,0,166092.893939722,2017,20260917
"male",47,312.550276238272,962.49888,150022.325430885,2017,20260917
"male",48,392.691741493692,481.24944,188368.31095006,2017,20260917
"male",49,417.685142128787,0,200321.172058229,2017,20260917
"male",50,440.700529861767,0,211319.227247076,2017,20260917
"male",51,496.270783724092,0,237852.71655408,2017,20260917
"male",52,562.805207263497,481.24944,269587.739823355,2017,20260917
"male",53,559.462759870016,0,267979.048841198,2017,20260917
"male",54,598.76699050411,481.24944,286674.783379194,2017,20260917
"male",55,676.957892035771,962.49888,323851.969367358,2017,20260917
"male",56,729.177134281317,481.24944,348614.358991876,2017,20260917
"male",57,685.663432284827,962.49888,327866.917065001,2017,20260917
"male",58,760.53951667058,481.24944,363293.627967806,2017,20260917
"male",59,831.088692525962,481.24944,396524.607595593,2017,20260917
"male",60,831.347679422556,962.49888,396428.785251631,2017,20260917
"male",61,814.276543633578,1443.74832,388206.891460221,2017,20260917
"male",62,825.516715871991,962.49888,393340.278910832,2017,20260917
"male",63,945.622727612327,481.24944,449789.269990581,2017,20260917
"male",64,931.528468587993,481.24944,442805.495068549,2017,20260917
"male",65,983.081921976411,2406.2472,466533.134185021,2017,20260917
"female",15,24.3110645332922,0,11697.3030156009,2018,20260917
"female",16,29.8753660625741,0,14374.0167128097,2018,20260917
"female",17,22.8826425802655,0,11010.2294106844,2018,20260917
"female",18,34.3753585593213,0,16538.6290326092,2018,20260917
"female",19,31.8592770901669,0,15328.5412601447,2018,20260917
"female",20,36.2052255548745,0,17419.0123271207,2018,20260917
"female",21,41.2420463975802,0,19841.7436406893,2018,20260917
"female",22,54.335944402872,0,26138.9971289693,2018,20260917
"female",23,49.34110834623,0,23737.3193534077,2018,20260917
"female",24,39.9956643313776,0,19242.6634371802,2018,20260917
"female",25,61.169968151551,0,29426.0200812016,2018,20260917
"female",26,50.6294778400901,0,24357.3722968246,2018,20260917
"female",27,62.3929847027885,0,30014.6475845255,2018,20260917
"female",28,62.3929847027885,0,30014.6475845255,2018,20260917
"female",29,61.5620833320097,0,29614.6484150554,2018,20260917
"female",30,53.392985003376,0,25685.8730004191,2018,20260917
"female",31,63.186607948795,0,30394.656678968,2018,20260917
"female",32,60.5538235246887,0,29128.4909464222,2018,20260917
"female",33,64.8858042371249,0,31211.1124653268,2018,20260917
"female",34,66.6596707658803,0,32064.0595419978,2018,20260917
"female",35,76.3646034039483,0,36730.1036251811,2018,20260917
"female",36,85.7428027297376,0,41238.0596715148,2018,20260917
"female",37,89.8647612605252,0,43218.4209595428,2018,20260917
"female",38,89.9628444981289,0,43263.9120454172,2018,20260917
"female",39,98.7996297009883,0,47508.9865958901,2018,20260917
"female",40,115.28283262793,481.24944,55427.0600267468,2018,20260917
"female",41,124.768477796045,0,59984.1874112108,2018,20260917
"female",42,116.631854357639,481.24944,56077.292202426,2018,20260917
"female",43,145.48099506361,0,69934.548807497,2018,20260917
"female",44,174.563714343136,0,83898.6807814657,2018,20260917
"female",45,164.396437652148,0,79016.6965298392,2018,20260917
"female",46,180.60920633628,481.24944,86794.9862556759,2018,20260917
"female",47,183.270167180427,0,88069.4808851396,2018,20260917
"female",48,209.561711217855,0,100681.23868528,2018,20260917
"female",49,236.04935736044,0,113385.951961498,2018,20260917
"female",50,248.648976372259,0,119428.873792511,2018,20260917
"female",51,260.497052750193,0,125109.908268948,2018,20260917
"female",52,266.729240143802,1924.99776,128096.83869597,2018,20260917
"female",53,344.009142897909,962.49888,165110.977822449,2018,20260917
"female",54,353.803562843661,481.24944,169795.400597645,2018,20260917
"female",55,379.900394237708,481.24944,182271.758484438,2018,20260917
"female",56,385.689635194586,481.24944,185029.562148467,2018,20260917
"female",57,470.773969518712,481.24944,225669.636384701,2018,20260917
"female",58,470.56495888062,0,225536.492192729,2018,20260917
"female",59,543.304158030543,962.49888,260181.433070856,2018,20260917
"female",60,524.117894095406,481.24944,250971.353270921,2018,20260917
"female",61,543.355671424361,962.49888,260056.431109968,2018,20260917
"female",62,566.627101586865,962.49888,271067.428497943,2018,20260917
"female",63,614.995249170445,0,293964.959707724,2018,20260917
"female",64,640.839348985573,481.24944,306195.647338905,2018,20260917
"female",65,691.299239945356,0,329940.851181479,2018,20260917
"male",15,36.2307193353859,0,17430.9057449456,2018,20260917
"male",16,50.6149275097742,0,24348.7380824107,2018,20260917
"male",17,69.0148338675606,0,33195.7743301844,2018,20260917
"male",18,83.1809534820503,481.24944,40005.4426994039,2018,20260917
"male",19,102.959025148112,0,49511.5153832506,2018,20260917
"male",20,113.418830848166,481.24944,54538.390792545,2018,20260917
"male",21,136.416949685288,0,65587.9221100228,2018,20260917
"male",22,120.458686702252,0,57922.4685577902,2018,20260917
"male",23,129.117557337235,481.24944,62084.3183690818,2018,20260917
"male",24,143.170185155654,0,68836.1132487243,2018,20260917
"male",25,177.73820774647,0,85438.6083919826,2018,20260917
"male",26,178.588531397822,481.24944,85848.9826542703,2018,20260917
"male",27,169.610980100031,962.49888,81539.5704869123,2018,20260917
"male",28,191.959165953269,0,92270.2461286436,2018,20260917
"male",29,136.184717594298,0,65481.2219443227,2018,20260917
"male",30,166.682629304634,0,80125.7171439856,2018,20260917
"male",31,157.769076254309,962.49888,75841.6160544514,2018,20260917
"male",32,180.117504422497,0,86568.4087110453,2018,20260917
"male",33,180.181271966922,962.49888,86597.4178906337,2018,20260917
"male",34,195.712381128515,0,94052.0761485434,2018,20260917
"male",35,195.189228641083,481.24944,93803.3316845274,2018,20260917
"male",36,218.929545014703,0,105194.444573366,2018,20260917
"male",37,213.413161404241,481.24944,102542.881932354,2018,20260917
"male",38,202.020999763445,481.24944,97069.0626121219,2018,20260917
"male",39,198.692197030215,481.24944,95466.8953657648,2018,20260917
"male",40,225.771316740055,0,108450.047179918,2018,20260917
"male",41,204.536367006799,481.24944,98270.2294924412,2018,20260917
"male",42,238.305269106436,481.24944,114467.523866507,2018,20260917
"male",43,271.58779317783,0,130427.272896614,2018,20260917
"male",44,315.358968868058,481.24944,151402.036766563,2018,20260917
"male",45,325.429227449109,0,156215.988592819,2018,20260917
"male",46,340.416515354457,1443.74832,163377.831111099,2018,20260917
"male",47,368.202919649717,481.24944,176661.585686058,2018,20260917
"male",48,374.070718019425,0,179461.607958928,2018,20260917
"male",49,392.691741493692,481.24944,188368.31095006,2018,20260917
"male",50,439.549754434007,481.24944,210769.421052464,2018,20260917
"male",51,478.676475788144,481.24944,229457.129121834,2018,20260917
"male",52,535.243952873579,0,256449.003023924,2018,20260917
"male",53,560.56295544173,481.24944,268513.685083023,2018,20260917
"male",54,647.093237125279,481.24944,309717.996222938,2018,20260917
"male",55,629.181753211588,481.24944,301150.753617127,2018,20260917
"male",56,682.69032002646,962.49888,326569.477964384,2018,20260917
"male",57,722.881506319507,962.49888,345614.330223581,2018,20260917
"male",58,761.365369743619,1443.74832,363795.499147731,2018,20260917
"male",59,795.549379861621,2406.2472,379872.321778119,2018,20260917
"male",60,841.513496778899,1443.74832,401437.174250982,2018,20260917
"male",61,790.167308442958,1924.99776,376946.487591651,2018,20260917
"male",62,899.052444144154,1443.74832,428177.955845441,2018,20260917
"male",63,870.051782630939,1924.99776,414310.827903657,2018,20260917
"male",64,1000.42500850256,0,475496.533451248,2018,20260917
"male",65,955.943862544034,1443.74832,454189.572441679,2018,20260917
"female",15,26.3043183142623,0,12656.1143066389,2019,20260917
"female",16,37.3442468273549,0,17966.3195018019,2019,20260917
"female",17,35.1969367807163,0,16933.741406363,2019,20260917
"female",18,31.7985975271312,0,15299.1978985009,2019,20260917
"female",19,32.526809684241,0,15649.5612091536,2019,20260917
"female",20,41.5268024720187,0,19978.5472860038,2019,20260917
"female",21,52.65545127701,0,25330.5745373517,2019,20260917
"female",22,47.5439156581223,0,22872.7150060981,2019,20260917
"female",23,45.7513772638519,0,22010.7769146576,2019,20260917
"female",24,54.6346823290359,0,26283.2188841498,2019,20260917
"female",25,39.4494991264669,0,18980.0772766904,2019,20260917
"female",26,55.0968095268963,0,26505.7925600097,2019,20260917
"female",27,56.3058304256056,0,27087.4243716714,2019,20260917
"female",28,58.891930302727,0,28331.2619140836,2019,20260917
"female",29,72.8401174965276,0,35038.2847826992,2019,20260917
"female",30,52.2819691085881,0,25152.126467187,2019,20260917
"female",31,69.992633283157,0,33667.9058699652,2019,20260917
"female",32,72.4900797071752,0,34867.8757538623,2019,20260917
"female",33,66.7530216252436,0,32109.2739751204,2019,20260917
"female",34,76.350610724652,0,36723.0169678115,2019,20260917
"female",35,80.8693186662057,0,38895.2866920623,2019,20260917
"female",36,105.591587314124,0,50777.4454246282,2019,20260917
"female",37,97.4690696867492,481.24944,46874.1758263256,2019,20260917
"female",38,117.159241245034,0,56334.1444605324,2019,20260917
"female",39,104.695413548691,0,50343.556220958,2019,20260917
"female",40,113.210138363091,481.24944,54432.6391956521,2019,20260917
"female",41,138.726311899005,481.24944,66686.1922390196,2019,20260917
"female",42,119.694183488945,0,57547.4433407132,2019,20260917
"female",43,131.126443963899,0,63039.6441633965,2019,20260917
"female",44,152.926711963119,481.24944,73510.229367901,2019,20260917
"female",45,150.536558113928,0,72364.1189849175,2019,20260917
"female",46,189.301285511333,0,90970.3530571267,2019,20260917
"female",47,211.886312794619,0,101802.020276638,2019,20260917
"female",48,204.68799847688,481.24944,98345.4590604149,2019,20260917
"female",49,216.419357450266,0,103970.855434165,2019,20260917
"female",50,245.544620129207,1443.74832,117938.963173736,2019,20260917
"female",51,295.532844418392,0,141896.671283485,2019,20260917
"female",52,291.499321785146,0,139966.826210522,2019,20260917
"female",53,319.023918215422,481.24944,153150.31982213,2019,20260917
"female",54,364.064560094121,0,174711.302221692,2019,20260917
"female",55,373.765667963899,962.49888,179349.327517091,2019,20260917
"female",56,413.886837531342,481.24944,198523.9537304,2019,20260917
"female",57,478.546460637625,0,229402.150646863,2019,20260917
"female",58,469.611493967629,0,225114.585938214,2019,20260917
"female",59,520.986162893366,962.49888,249593.355048822,2019,20260917
"female",60,497.130822380513,481.24944,238169.412248836,2019,20260917
"female",61,547.526998147067,0,262121.89696013,2019,20260917
"female",62,630.87824728561,0,301677.728637206,2019,20260917
"female",63,591.358496819147,481.24944,282815.793800156,2019,20260917
"female",64,674.119253081063,0,322015.085697873,2019,20260917
"female",65,741.048694084001,962.49888,353660.87354334,2019,20260917
"male",15,45.2259692997881,0,21756.9512683955,2019,20260917
"male",16,40.2008062583773,0,19340.3997116086,2019,20260917
"male",17,70.6884006614331,0,34000.1082701683,2019,20260917
"male",18,97.5472558738542,0,46909.9605641799,2019,20260917
"male",19,121.368488156605,0,58355.5302326909,2019,20260917
"male",20,107.397600582811,0,51644.9856773666,2019,20260917
"male",21,111.349550071896,0,53544.879049229,2019,20260917
"male",22,144.684803018455,0,69560.3923359915,2019,20260917
"male",23,132.633055385495,0,63772.2822376383,2019,20260917
"male",24,147.508797506102,0,70920.1021529299,2019,20260917
"male",25,181.235497729024,0,87118.1043036796,2019,20260917
"male",26,172.062379425081,0,82714.937535444,2019,20260917
"male",27,163.985295811318,962.49888,78838.0359992638,2019,20260917
"male",28,172.639747601817,962.49888,82995.6342456072,2019,20260917
"male",29,209.354705416326,481.24944,100623.302799629,2019,20260917
"male",30,170.047699726588,0,81747.2010588357,2019,20260917
"male",31,191.35019350942,0,91970.5655194843,2019,20260917
"male",32,175.410166058107,0,84313.1387464517,2019,20260917
"male",33,187.239408716192,0,89988.7969050631,2019,20260917
"male",34,186.643758078445,0,89700.8246386161,2019,20260917
"male",35,184.001369605796,0,88433.4055490923,2019,20260917
"male",36,216.600849119597,481.24944,104079.459356482,2019,20260917
"male",37,236.657461540053,962.49888,113700.771674358,2019,20260917
"male",38,216.983219955751,481.24944,104257.272396826,2019,20260917
"male",39,203.076026237777,0,97576.915828398,2019,20260917
"male",40,209.661887441588,0,100729.943499582,2019,20260917
"male",41,239.115240732733,0,114848.972948681,2019,20260917
"male",42,228.508907438955,0,109768.176323874,2019,20260917
"male",43,276.14533592942,481.24944,132605.938855874,2019,20260917
"male",44,310.583525503908,0,149112.198916393,2019,20260917
"male",45,311.529311851315,0,149569.107922605,2019,20260917
"male",46,359.55931437588,481.24944,172555.31980751,2019,20260917
"male",47,378.113030894581,481.24944,181414.6787217,2019,20260917
"male",48,393.919373042174,0,188962.5624358,2019,20260917
"male",49,421.829314920607,481.24944,202293.36169742,2019,20260917
"male",50,468.76075250666,0,224718.878831894,2019,20260917
"male",51,476.37488358874,481.24944,228358.177460252,2019,20260917
"male",52,553.479607850198,481.24944,265150.922569225,2019,20260917
"male",53,576.51046023548,481.24944,276126.430147384,2019,20260917
"male",54,633.345002573665,481.24944,303192.424246235,2019,20260917
"male",55,652.711267763215,481.24944,312392.106185591,2019,20260917
"male",56,693.865059824143,481.24944,331924.45893965,2019,20260917
"male",57,747.149017502753,1443.74832,357189.592421429,2019,20260917
"male",58,742.658037292289,481.24944,354995.288749004,2019,20260917
"male",59,829.322702591596,0,395998.976947945,2019,20260917
"male",60,862.836238989773,1443.74832,411711.085378549,2019,20260917
"male",61,908.773849913801,481.24944,433175.846204695,2019,20260917
"male",62,951.88482481386,962.49888,453248.66605349,2019,20260917
"male",63,983.021114218185,1443.74832,467649.537630179,2019,20260917
"male",64,956.633423619829,1443.74832,454996.078771816,2019,20260917
"male",65,1077.66036495061,962.49888,511627.351587344,2019,20260917
"female",15,12.4776071307274,0,6004.20074181692,2020,20260917
"female",16,32.2840819929748,0,15532.4766960246,2020,20260917
"female",17,25.9822207196952,0,12501.2608875408,2020,20260917
"female",18,45.4246423372217,0,21852.7380667165,2020,20260917
"female",19,43.4593868215138,0,20907.7051258492,2020,20260917
"female",20,43.1699622962524,0,20768.6685414931,2020,20260917
"female",21,29.0631164572084,0,13983.6238386326,2020,20260917
"female",22,60.2877361538139,0,29000.77511261,2020,20260917
"female",23,46.9790766165099,0,22601.1981186836,2020,20260917
"female",24,60.6191487862337,0,29160.76358811,2020,20260917
"female",25,52.7674524591246,0,25385.4394173936,2020,20260917
"female",26,57.8929794930077,0,27850.4243474994,2020,20260917
"female",27,65.0351132673501,0,31285.05762433,2020,20260917
"female",28,61.8048027400366,0,29731.9864250475,2020,20260917
"female",29,64.4982694626985,0,31027.4117668255,2020,20260917
"female",30,69.2176862139708,0,33296.7558499792,2020,20260917
"female",31,63.522659234303,0,30557.7900843247,2020,20260917
"female",32,83.9315224278089,0,40369.2739717077,2020,20260917
"female",33,84.571083253039,0,40675.7047448679,2020,20260917
"female",34,89.3465667016902,0,42970.4582635891,2020,20260917
"female",35,83.8148841359575,0,40311.2171600498,2020,20260917
"female",36,79.0440869132342,0,38018.1526400894,2020,20260917
"female",37,101.212883321113,0,48673.680798763,2020,20260917
"female",38,105.316155773425,481.24944,50645.4860651357,2020,20260917
"female",39,128.596169265605,481.24944,61828.6056608876,2020,20260917
"female",40,126.827044507233,0,60975.6482380858,2020,20260917
"female",41,152.926849817074,481.24944,73506.0122916042,2020,20260917
"female",42,146.988964488553,0,70653.9593631653,2020,20260917
"female",43,162.043813212086,0,77882.8882434734,2020,20260917
"female",44,169.508184186135,0,81468.1043910013,2020,20260917
"female",45,196.410967946807,0,94382.3873585139,2020,20260917
"female",46,210.438908603724,0,101115.447868845,2020,20260917
"female",47,216.451676550264,962.49888,103997.49693745,2020,20260917
"female",48,246.459466128486,0,118381.829801644,2020,20260917
"female",49,252.911186839346,481.24944,121470.157650511,2020,20260917
"female",50,253.424759848259,481.24944,121714.454376334,2020,20260917
"female",51,343.841242762225,0,165025.576739496,2020,20260917
"female",52,312.847718280635,0,150191.22108239,2020,20260917
"female",53,384.082779858517,962.49888,184289.176519868,2020,20260917
"female",54,391.794980230878,0,187980.470568713,2020,20260917
"female",55,456.649635208939,962.49888,218984.288349848,2020,20260917
"female",56,450.758149723126,481.24944,216163.261605097,2020,20260917
"female",57,529.200121336463,481.24944,253600.136008711,2020,20260917
"female",58,544.023739735099,0,260650.485469142,2020,20260917
"female",59,607.948545911538,962.49888,291090.554158397,2020,20260917
"female",60,678.977035454989,0,324836.44385776,2020,20260917
"female",61,708.674044651421,481.24944,338865.426689455,2020,20260917
"female",62,701.039807455082,962.49888,335110.236821656,2020,20260917
"female",63,715.872993172554,0,342013.603210275,2020,20260917
"female",64,777.158878224654,962.49888,370941.40731226,2020,20260917
"female",65,772.37764264653,481.24944,368533.078083332,2020,20260917
"male",15,39.9506991191602,0,19219.8927804569,2020,20260917
"male",16,38.5682063358753,0,18555.1397377539,2020,20260917
"male",17,57.1908697165065,0,27510.5900715904,2020,20260917
"male",18,96.1283866975072,0,46227.6338650645,2020,20260917
"male",19,92.6220151357797,0,44543.544393587,2020,20260917
"male",20,98.7478102893454,0,47487.7499276654,2020,20260917
"male",21,131.464446746701,481.24944,63208.0033604638,2020,20260917
"male",22,138.695378787184,0,66682.7375588869,2020,20260917
"male",23,150.783381835512,0,72490.3606486764,2020,20260917
"male",24,164.590547154595,481.24944,79122.281569838,2020,20260917
"male",25,157.172850287999,481.24944,75562.8653642796,2020,20260917
"male",26,194.506102231533,0,93490.9599979843,2020,20260917
"male",27,185.310198409372,0,89077.6152298574,2020,20260917
"male",28,172.134953018186,0,82752.9569524913,2020,20260917
"male",29,197.257202781942,0,94817.7846455271,2020,20260917
"male",30,206.130138382148,481.24944,99077.2112532729,2020,20260917
"male",31,211.378736017731,481.24944,101591.317101379,2020,20260917
"male",32,200.386804625484,0,96309.3659905771,2020,20260917
"male",33,208.073163094527,0,99992.2072737146,2020,20260917
"male",34,190.504736037952,481.24944,91557.2736222124,2020,20260917
"male",35,222.886287318639,0,107092.596483103,2020,20260917
"male",36,242.18341670851,0,116349.077629327,2020,20260917
"male",37,227.497727745922,0,109308.305375857,2020,20260917
"male",38,235.574959665418,0,113182.832411528,2020,20260917
"male",39,269.239995470715,0,129318.134894971,2020,20260917
"male",40,255.119016687285,481.24944,122535.715232647,2020,20260917
"male",41,276.691382823212,0,132863.118723694,2020,20260917
"male",42,268.941618700896,481.24944,129145.465914884,2020,20260917
"male",43,297.976814136591,481.24944,143059.67423713,2020,20260917
"male",44,345.892022744841,1443.74832,166008.865675107,2020,20260917
"male",45,380.840547591387,0,182744.099066911,2020,20260917
"male",46,387.548983457776,962.49888,185959.577193817,2020,20260917
"male",47,464.391014008331,481.24944,222683.217619513,2020,20260917
"male",48,441.06770392194,0,211515.3519782,2020,20260917
"male",49,460.927699181233,0,220984.762686762,2020,20260917
"male",50,532.133168301808,0,254956.126415443,2020,20260917
"male",51,551.291941416008,481.24944,264102.895207291,2020,20260917
"male",52,625.983671890661,1443.74832,299705.455350976,2020,20260917
"male",53,703.093942916452,481.24944,336409.648934014,2020,20260917
"male",54,766.046390454949,481.24944,366321.439957003,2020,20260917
"male",55,798.456712776489,0,381696.471903276,2020,20260917
"male",56,840.317644349296,481.24944,401531.933393654,2020,20260917
"male",57,911.541092275481,481.24944,435216.527015786,2020,20260917
"male",58,893.011051112595,481.24944,426353.082204444,2020,20260917
"male",59,1008.08261280151,1443.74832,480682.041330809,2020,20260917
"male",60,1070.81209361449,481.24944,510115.727034331,2020,20260917
"male",61,1158.97682392213,481.24944,551330.022708523,2020,20260917
"male",62,1160.56619819239,481.24944,551684.706565113,2020,20260917
"male",63,1189.21957594716,481.24944,564666.697124763,2020,20260917
"male",64,1208.68391449841,1443.74832,573424.689728535,2020,20260917
"male",65,1288.68861672306,1443.74832,610295.446853349,2020,20260917
"female",15,27.2239232371157,0,13098.4478454014,2021,20260917
"female",16,21.6409487968403,0,10412.7751015775,2021,20260917
"female",17,24.3110645332922,0,11697.3030156009,2021,20260917
"female",18,36.9007783557297,0,17753.1390469325,2021,20260917
"female",19,44.5330410881147,0,21424.0173427048,2021,20260917
"female",20,42.5351099095428,0,20463.2469452946,2021,20260917
"female",21,46.0454839929941,0,22151.6254788722,2021,20260917
"female",22,50.3774343553448,0,24235.1758542161,2021,20260917
"female",23,51.2643610165305,0,24661.8514854523,2021,20260917
"female",24,68.1627605175843,0,32787.6991805544,2021,20260917
"female",25,63.8587867273848,0,30718.5910600469,2021,20260917
"female",26,66.1694665102836,0,31830.1190260354,2021,20260917
"female",27,70.2073421653278,0,33771.8407544089,2021,20260917
"female",28,79.1326966746926,0,38063.3574214807,2021,20260917
"female",29,74.6139844204177,481.24944,35891.219760023,2021,20260917
"female",30,78.8899346480152,0,37947.3237887786,2021,20260917
"female",31,93.0902486992096,0,44773.9916109764,2021,20260917
"female",32,101.646906066495,0,48885.7255652706,2021,20260917
"female",33,98.7200501645545,0,47477.6323687387,2021,20260917
"female",34,116.851060814644,481.24944,56188.6882166497,2021,20260917
"female",35,97.8051699270483,481.24944,47035.8109153819,2021,20260917
"female",36,98.794828088185,0,47510.8283564717,2021,20260917
"female",37,116.963147134189,0,56240.947747204,2021,20260917
"female",38,116.655019509441,0,56093.8757591255,2021,20260917
"female",39,142.731254755008,0,68620.0431863657,2021,20260917
"female",40,131.709815808298,0,63324.4067648775,2021,20260917
"female",41,162.589883392234,481.24944,78148.3811833575,2021,20260917
"female",42,169.354213100198,0,81391.7319038706,2021,20260917
"female",43,163.159563055568,481.24944,78416.8645261698,2021,20260917
"female",44,170.003079817057,0,81703.5776199774,2021,20260917
"female",45,228.089829418545,0,109573.2526014,2021,20260917
"female",46,210.532365945988,481.24944,101157.405478433,2021,20260917
"female",47,230.045536688296,481.24944,110520.282316634,2021,20260917
"female",48,273.143207793724,0,131179.699805157,2021,20260917
"female",49,275.234873187374,0,132173.963532363,2021,20260917
"female",50,284.833129586408,481.24944,136767.305355157,2021,20260917
"female",51,363.084617747817,481.24944,174229.171493847,2021,20260917
"female",52,393.139843683131,481.24944,188612.879096425,2021,20260917
"female",53,383.896108655295,0,184197.816438724,2021,20260917
"female",54,459.151963182334,962.49888,220179.981405301,2021,20260917
"female",55,454.1473087436,481.24944,217788.549286338,2021,20260917
"female",56,541.729632528224,0,259612.041260393,2021,20260917
"female",57,566.249569645394,481.24944,271301.880114931,2021,20260917
"female",58,615.383785008813,481.24944,294696.574217295,2021,20260917
"female",59,616.598767191063,962.49888,295240.98448743,2021,20260917
"female",60,756.030226324899,0,361534.358110008,2021,20260917
"female",61,743.100029239138,0,355306.022502452,2021,20260917
"female",62,740.834501463855,962.49888,354119.014582514,2021,20260917
"female",63,783.532815473511,962.49888,374232.489441751,2021,20260917
"female",64,830.49170765779,1443.74832,396292.706114914,2021,20260917
"female",65,831.183141561168,481.24944,396463.521850597,2021,20260917
"male",15,27.8312507870875,0,13390.7362929604,2021,20260917
"male",16,41.2558727598276,0,19847.6115074689,2021,20260917
"male",17,58.664330918087,0,28218.8372405906,2021,20260917
"male",18,80.1340321090814,0,38540.0418679239,2021,20260917
"male",19,95.246114889014,0,45803.787164273,2021,20260917
"male",20,112.054592281165,0,53881.3661002699,2021,20260917
"male",21,136.903740683004,0,65818.8533467098,2021,20260917
"male",22,135.912193928578,0,65344.6224239259,2021,20260917
"male",23,183.428051739921,0,88162.8669470215,2021,20260917
"male",24,140.523471820548,0,67562.9364695801,2021,20260917
"male",25,182.781972257297,0,87857.3229075366,2021,20260917
"male",26,193.023597791376,0,92777.5041793654,2021,20260917
"male",27,201.10052184111,0,96656.9637625153,2021,20260917
"male",28,191.959165953269,0,92270.2461286436,2021,20260917
"male",29,201.223033304117,0,96720.4233780366,2021,20260917
"male",30,231.061716305371,0,111044.903425841,2021,20260917
"male",31,235.132140472455,0,112997.882042252,2021,20260917
"male",32,230.188930236787,0,110619.173819891,2021,20260917
"male",33,214.035085199533,481.24944,102860.205088551,2021,20260917
"male",34,235.028902323678,1443.74832,112925.821755613,2021,20260917
"male",35,240.959795793079,481.24944,115765.612655539,2021,20260917
"male",36,224.978324263784,0,108096.757009485,2021,20260917
"male",37,254.967884503179,481.24944,122480.519367578,2021,20260917
"male",38,271.490717003748,481.24944,130406.583100965,2021,20260917
"male",39,302.886265189396,481.24944,145453.912770817,2021,20260917
"male",40,351.188702597157,0,168578.130428328,2021,20260917
"male",41,321.676592548337,0,154424.850393285,2021,20260917
"male",42,321.67747958155,0,154410.645603217,2021,20260917
"male",43,332.980387258251,962.49888,159813.515765037,2021,20260917
"male",44,383.120654358209,481.24944,183812.056378492,2021,20260917
"male",45,403.424110024077,2887.49664,193531.145923446,2021,20260917
"male",46,481.915932507669,0,231064.787531985,2021,20260917
"male",47,489.74339698938,481.24944,234813.375709455,2021,20260917
"male",48,531.437154612422,481.24944,254700.006749054,2021,20260917
"male",49,611.375043835179,481.24944,292780.733598341,2021,20260917
"male",50,630.587189873682,1924.99776,301898.031586686,2021,20260917
"male",51,693.110558001072,962.49888,331629.741608503,2021,20260917
"male",52,712.379636958984,1443.74832,340810.449771628,2021,20260917
"male",53,812.662404421266,962.49888,388472.612022662,2021,20260917
"male",54,832.275375083823,962.49888,397772.367746749,2021,20260917
"male",55,951.796802199277,962.49888,454428.009441486,2021,20260917
"male",56,1043.47673600583,0,497782.096071217,2021,20260917
"male",57,1011.10411233143,1924.99776,482403.404538027,2021,20260917
"male",58,1151.92624042609,1443.74832,548788.504918872,2021,20260917
"male",59,1172.25526596051,1924.99776,558249.411702982,2021,20260917
"male",60,1222.39464236308,481.24944,581665.017354294,2021,20260917
"male",61,1233.68603129669,481.24944,586729.14645049,2021,20260917
"male",62,1303.32010598929,2887.49664,619016.064874292,2021,20260917
"male",63,1322.12331789464,481.24944,627260.74517392,2021,20260917
"male",64,1306.61148828114,962.49888,619425.642739962,2021,20260917
"male",65,1406.78854633732,1443.74832,665642.326478963,2021,20260917
"female",15,24.3110645332922,0,11697.3030156009,2022,20260917
"female",16,25.1606485230249,0,12105.964100583,2022,20260917
"female",17,34.5900982366553,0,16641.6213780162,2022,20260917
"female",18,39.836987266027,0,19165.2051614513,2022,20260917
"female",19,34.9261911131723,0,16803.4818570833,2022,20260917
"female",20,28.7737032988665,0,13844.2393231806,2022,20260917
"female",21,59.6762408405286,0,28706.0646412476,2022,20260917
"female",22,55.8017329886522,0,26843.3519122337,2022,20260917
"female",23,47.0537721977293,0,22636.9138204683,2022,20260917
"female",24,41.0319788799191,0,19740.8707034768,2022,20260917
"female",25,53.5703703356131,481.24944,25771.2081266664,2022,20260917
"female",26,54.6346823290359,0,26283.2188841498,2022,20260917
"female",27,74.6886955247481,0,35926.4603917431,2022,20260917
"female",28,71.0849339423944,0,34193.988763839,2022,20260917
"female",29,75.4822515798752,0,36308.5259381978,2022,20260917
"female",30,79.9916049190563,0,38476.8714503973,2022,20260917
"female",31,78.2270607282343,0,37628.8359723141,2022,20260917
"female",32,87.5492210210349,0,42110.5359756087,2022,20260917
"female",33,78.087042897174,0,37560.7554634831,2022,20260917
"female",34,92.3434162059322,0,44413.0603096689,2022,20260917
"female",35,88.2261938273237,0,42432.8601684735,2022,20260917
"female",36,93.0063495119436,0,44729.7308168503,2022,20260917
"female",37,111.97291366112,0,53843.5181420088,2022,20260917
"female",38,113.714119584721,481.24944,54680.2670564712,2022,20260917
"female",39,125.739193171516,0,60458.5029731567,2022,20260917
"female",40,158.364920825701,481.24944,76128.0143845448,2022,20260917
"female",41,142.852689248401,0,68676.423938163,2022,20260917
"female",42,154.906029750053,0,74460.2199299358,2022,20260917
"female",43,152.880145880446,481.24944,73484.2771913027,2022,20260917
"female",44,177.042796298305,0,85080.2576144341,2022,20260917
"female",45,169.424209231467,0,81426.1629912321,2022,20260917
"female",46,202.671185202891,481.24944,97382.1271841037,2022,20260917
"female",47,216.451676550264,0,103997.49693745,2022,20260917
"female",48,255.791014217415,481.24944,122866.438779931,2022,20260917
"female",49,252.528018706551,0,121297.915412084,2022,20260917
"female",50,267.471437135389,0,128454.52777724,2022,20260917
"female",51,297.110866375086,0,142648.792179107,2022,20260917
"female",52,342.370861448035,0,164316.674973423,2022,20260917
"female",53,350.003535404806,0,167974.980885841,2022,20260917
"female",54,365.199045602531,481.24944,175252.321791835,2022,20260917
"female",55,390.338493315522,481.24944,187281.658410465,2022,20260917
"female",56,474.165962693637,481.24944,227353.173564951,2022,20260917
"female",57,495.435888283687,0,237512.360511086,2022,20260917
"female",58,543.088602000499,481.24944,260248.084716622,2022,20260917
"female",59,580.368692455313,481.24944,278001.614727295,2022,20260917
"female",60,628.457382541916,481.24944,300889.807972511,2022,20260917
"female",61,687.248464585295,962.49888,328825.750657453,2022,20260917
"female",62,719.989117995583,481.24944,344316.274421166,2022,20260917
"female",63,700.49031891584,481.24944,334948.958342899,2022,20260917
"female",64,781.91306309878,962.49888,373451.558450812,2022,20260917
"female",65,811.255027963835,481.24944,387173.984947161,2022,20260917
"male",15,39.7369508015498,0,19117.2412533977,2022,20260917
"male",16,70.1245328427172,0,33728.2581137126,2022,20260917
"male",17,82.3351824233145,0,39597.1757971859,2022,20260917
"male",18,81.8985630261051,0,39387.9388397625,2022,20260917
"male",19,115.351875530707,0,55463.1900894118,2022,20260917
"male",20,130.536899006225,0,62759.0708431761,2022,20260917
"male",21,147.236422933997,0,70781.1131119187,2022,20260917
"male",22,174.896514449692,0,84062.2684843694,2022,20260917
"male",23,139.118352061015,0,66885.464323153,2022,20260917
"male",24,192.801184261112,0,92663.58557453,2022,20260917
"male",25,185.046838901124,481.24944,88944.2871713346,2022,20260917
"male",26,201.018939655848,481.24944,96613.1810252477,2022,20260917
"male",27,199.881730799649,481.24944,96071.1639821364,2022,20260917
"male",28,192.90514438782,0,92724.0783542746,2022,20260917
"male",29,198.876409009025,0,95592.4884115288,2022,20260917
"male",30,232.880941757982,481.24944,111917.078492574,2022,20260917
"male",31,247.420560726998,0,118896.599075349,2022,20260917
"male",32,217.440687427338,0,104507.73498155,2022,20260917
"male",33,250.600062312777,0,120414.233725706,2022,20260917
"male",34,245.252160583789,0,117840.086054159,2022,20260917
"male",35,239.358514025932,0,115003.920447817,2022,20260917
"male",36,220.90309364963,0,106145.737842065,2022,20260917
"male",37,232.391514264534,0,111653.334676237,2022,20260917
"male",38,279.445455931649,0,134217.357739416,2022,20260917
"male",39,283.247434923916,0,136043.444239272,2022,20260917
"male",40,310.663502920598,481.24944,149181.681212859,2022,20260917
"male",41,304.119401047733,962.49888,146035.031481874,2022,20260917
"male",42,306.781163094257,481.24944,147292.253081257,2022,20260917
"male",43,314.55494851971,481.24944,151000.293913848,2022,20260917
"male",44,351.610212281788,962.49888,168729.289081623,2022,20260917
"male",45,386.96844707981,0,185654.614435536,2022,20260917
"male",46,425.442881676692,0,204061.123481274,2022,20260917
"male",47,446.169236452425,481.24944,213984.130658228,2022,20260917
"male",48,471.048950942958,481.24944,225882.236867812,2022,20260917
"male",49,528.999077419155,962.49888,253536.33057479,2022,20260917
"male",50,564.249346349249,481.24944,270315.425870419,2022,20260917
"male",51,615.625793695033,481.24944,294771.564046861,2022,20260917
"male",52,567.381928087259,481.24944,271759.374707029,2022,20260917
"male",53,650.40366782748,962.49888,311314.301191427,2022,20260917
"male",54,730.64901315891,481.24944,349497.544035095,2022,20260917
"male",55,816.448746943221,962.49888,390249.148029586,2022,20260917
"male",56,798.634764771944,481.24944,381770.688603359,2022,20260917
"male",57,936.568053364089,962.49888,447157.161290422,2022,20260917
"male",58,962.736176155442,481.24944,459502.003071032,2022,20260917
"male",59,982.248222574096,962.49888,468618.222432957,2022,20260917
"male",60,1081.25773492119,2406.2472,515293.561290879,2022,20260917
"male",61,1099.45473929071,481.24944,523715.545786551,2022,20260917
"male",62,1111.04474428122,2887.49664,528948.170657049,2022,20260917
"male",63,1139.60508603986,0,542068.134222306,2022,20260917
"male",64,1221.10989113743,1443.74832,579892.25667255,2022,20260917
"male",65,1254.56682308945,1443.74832,595015.481534393,2022,20260917
"female",15,28.9044123258265,0,13906.9940086978,2023,20260917
"female",16,26.8411411370024,0,12914.4023537132,2023,20260917
"female",17,28.9417608731187,0,13924.8286905344,2023,20260917
"female",18,33.8432084429964,0,16282.4436599644,2023,20260917
"female",19,42.8525489715821,0,20615.5638580745,2023,20260917
"female",20,39.136770675068,0,18828.7028378884,2023,20260917
"female",21,45.7093855696876,0,21989.9347819461,2023,20260917
"female",22,45.0931983561572,0,21693.7090779488,2023,20260917
"female",23,48.7062704908613,0,23431.4529840838,2023,20260917
"female",24,54.7093873197302,0,26318.6465937732,2023,20260917
"female",25,51.2970295595241,0,24677.806866216,2023,20260917
"female",26,54.2799116645617,0,26112.5486316553,2023,20260917
"female",27,62.6264053685593,0,30126.3517863918,2023,20260917
"female",28,71.0849339423944,0,34193.988763839,2023,20260917
"female",29,64.3068895952203,962.49888,30935.0467520324,2023,20260917
"female",30,74.6139844204177,0,35891.219760023,2023,20260917
"female",31,73.0081560226744,0,35119.4571694452,2023,20260917
"female",32,95.0181532580689,0,45701.2636265883,2023,20260917
"female",33,91.531092581736,0,44024.9325681614,2023,20260917
"female",34,103.523464332338,0,49788.2312680141,2023,20260917
"female",35,96.1852523723209,0,46259.9139736434,2023,20260917
"female",36,84.8651577327126,0,40817.5403439605,2023,20260917
"female",37,123.93729868047,0,59592.6862494813,2023,20260917
"female",38,124.973648100342,481.24944,60089.8266416737,2023,20260917
"female",39,114.498354892202,0,55057.3723465158,2023,20260917
"female",40,146.960580593502,0,70651.9785529387,2023,20260917
"female",41,148.347023450263,481.24944,71317.8248588616,2023,20260917
"female",42,168.051458067055,481.24944,80776.610042348,2023,20260917
"female",43,170.768520888165,0,82075.4349454958,2023,20260917
"female",44,163.285528255857,0,78479.6919848027,2023,20260917
"female",45,159.593035857495,481.24944,76705.719608859,2023,20260917
"female",46,198.413828112083,0,95337.4222763398,2023,20260917
"female",47,210.961960116018,481.24944,101359.8792615,2023,20260917
"female",48,209.477307094032,962.49888,100652.422499988,2023,20260917
"female",49,226.422930269063,0,108784.109305246,2023,20260917
"female",50,297.409093176813,0,142808.63763357,2023,20260917
"female",51,291.331223797505,0,139887.472017252,2023,20260917
"female",52,285.916145288257,481.24944,137287.333132173,2023,20260917
"female",53,293.534953642905,481.24944,140934.666530501,2023,20260917
"female",54,332.749139381858,962.49888,159715.93551164,2023,20260917
"female",55,392.621433650522,481.24944,188371.498296679,2023,20260917
"female",56,437.882223475625,1443.74832,210015.123931973,2023,20260917
"female",57,434.128751307186,0,208220.980496604,2023,20260917
"female",58,496.687063771247,0,238109.856223076,2023,20260917
"female",59,582.678733652103,481.24944,279132.627452435,2023,20260917
"female",60,576.741127556313,481.24944,276272.057679919,2023,20260917
"female",61,608.265262413476,962.49888,291264.919163041,2023,20260917
"female",62,586.841759125624,962.49888,281017.336036221,2023,20260917
"female",63,736.881618952618,0,352332.75034762,2023,20260917
"female",64,769.157434743118,1924.99776,367538.871647181,2023,20260917
"female",65,815.246435229433,481.24944,389231.157938804,2023,20260917
"male",15,48.7503795253983,0,23452.2249377889,2023,20260917
"male",16,43.5797109246572,0,20965.3786932807,2023,20260917
"male",17,72.1255121364865,0,34690.3542888552,2023,20260917
"male",18,87.9971021761643,0,42318.5426168034,2023,20260917
"male",19,104.846506230429,0,50415.8401834309,2023,20260917
"male",20,108.45283752927,0,52149.465047047,2023,20260917
"male",21,104.414333899955,0,50210.4027418842,2023,20260917
"male",22,162.408006572512,481.24944,78067.177629125,2023,20260917
"male",23,142.924964541153,0,68712.3613966281,2023,20260917
"male",24,179.321305355568,481.24944,86191.4467839166,2023,20260917
"male",25,164.413231942728,0,79036.2945361807,2023,20260917
"male",26,188.85333487613,0,90773.0519285766,2023,20260917
"male",27,199.995589295632,0,96123.1602552369,2023,20260917
"male",28,175.141223254249,0,84194.2226961096,2023,20260917
"male",29,212.124447717087,0,101951.645102207,2023,20260917
"male",30,205.302509173906,0,98678.4745288027,2023,20260917
"male",31,201.568549075896,1443.74832,96888.3333701851,2023,20260917
"male",32,230.215645852856,0,110641.435268537,2023,20260917
"male",33,216.108083010401,962.49888,103869.215793165,2023,20260917
"male",34,236.719630149724,0,113755.401922011,2023,20260917
"male",35,233.559263719129,0,112231.37964047,2023,20260917
"male",36,236.720608600486,481.24944,113739.723161365,2023,20260917
"male",37,216.928108717457,481.24944,104239.671492696,2023,20260917
"male",38,229.971905632758,0,110493.962783197,2023,20260917
"male",39,264.295787453636,0,126955.412373317,2023,20260917
"male",40,277.398553825929,0,133240.540967596,2023,20260917
"male",41,285.958094341134,962.49888,137342.769974134,2023,20260917
"male",42,296.010009961241,481.24944,142150.40872964,2023,20260917
"male",43,322.808927389169,1443.74832,154969.910025338,2023,20260917
"male",44,303.84382509149,0,145872.300176378,2023,20260917
"male",45,338.956725850985,0,162675.685231539,2023,20260917
"male",46,351.354946279356,0,168616.381489607,2023,20260917
"male",47,398.925606501049,481.24944,191382.190241527,2023,20260917
"male",48,407.957884384091,0,195715.371907373,2023,20260917
"male",49,437.399338537914,481.24944,209799.945189955,2023,20260917
"male",50,450.982030458314,481.24944,216275.951131275,2023,20260917
"male",51,525.690089527697,0,251916.936895546,2023,20260917
"male",52,579.949052584136,481.24944,277770.746098507,2023,20260917
"male",53,563.975179370327,481.24944,270130.206975927,2023,20260917
"male",54,613.821333057836,962.49888,293888.013641861,2023,20260917
"male",55,664.050702036478,481.24944,317810.175147161,2023,20260917
"male",56,689.712385321157,481.24944,330013.244680946,2023,20260917
"male",57,798.785526362764,1924.99776,381831.855189041,2023,20260917
"male",58,840.245565708048,481.24944,401486.023834208,2023,20260917
"male",59,865.998737662504,0,413649.565990443,2023,20260917
"male",60,1046.32285363759,1443.74832,498863.691158429,2023,20260917
"male",61,1011.46207670592,1924.99776,482298.066587166,2023,20260917
"male",62,1095.69915782101,0,521896.693296996,2023,20260917
"male",63,1146.26430617575,481.24944,545470.408210842,2023,20260917
"male",64,1210.24618045525,962.49888,575179.327213622,2023,20260917
"male",65,1121.17757799319,962.49888,532915.080695841,2023,20260917
"female",15,19.8670915866769,0,9559.54286093761,2024,20260917
"female",16,35.0615639469443,0,16868.6116317232,2024,20260917
"female",17,38.8193504056925,0,18675.8107154671,2024,20260917
"female",18,32.6761963491647,0,15721.1302591342,2024,20260917
"female",19,36.4666515515446,0,17544.2785875569,2024,20260917
"female",20,49.1871075724437,0,23661.8540773713,2024,20260917
"female",21,39.4355246496868,481.24944,18972.4333939028,2024,20260917
"female",22,42.3623863554184,0,20380.3489950534,2024,20260917
"female",23,45.4199606630859,0,21850.9098683687,2024,20260917
"female",24,50.3774343553448,0,24235.1758542161,2024,20260917
"female",25,56.4599094703147,0,27160.493979862,2024,20260917
"female",26,40.6118501315957,0,19538.9323919573,2024,20260917
"female",27,66.3515300323717,0,31917.3890157605,2024,20260917
"female",28,63.228582343257,0,30416.0282458764,2024,20260917
"female",29,80.6544914148093,0,38794.9743882563,2024,20260917
"female",30,81.6441170763406,0,39270.9863439404,2024,20260917
"female",31,73.7177092735942,0,35460.4327921293,2024,20260917
"female",32,92.5954215171311,0,44536.4248333034,2024,20260917
"female",33,89.0896765228713,0,42851.4838226869,2024,20260917
"female",34,122.751350395614,962.49888,59030.4698104741,2024,20260917
"female",35,94.8221236473468,0,45606.0931987913,2024,20260917
"female",36,115.786637123764,0,55680.0953276957,2024,20260917
"female",37,114.946437559189,0,55274.4459306588,2024,20260917
"female",38,127.550424349833,0,61328.7921394401,2024,20260917
"female",39,136.30789294069,481.24944,65534.4675504997,2024,20260917
"female",40,124.46480945694,0,59845.7478754558,2024,20260917
"female",41,147.950214132852,0,71127.7494522851,2024,20260917
"female",42,171.104341474956,0,82245.6245711846,2024,20260917
"female",43,169.984075373594,0,81704.759816437,2024,20260917
"female",44,193.138560797835,0,92811.6837020317,2024,20260917
"female",45,200.878656538848,0,96519.8915935879,2024,20260917
"female",46,214.827459202695,0,103208.091217814,2024,20260917
"female",47,191.742909876674,0,92137.4308568822,2024,20260917
"female",48,244.517406894421,0,117452.425277917,2024,20260917
"female",49,241.38012356651,0,115954.465250158,2024,20260917
"female",50,242.220315746664,481.24944,116360.339248144,2024,20260917
"female",51,291.993796796382,0,140215.159186813,2024,20260917
"female",52,297.456043210493,0,142822.850154323,2024,20260917
"female",53,364.793075597696,962.49888,175052.39521089,2024,20260917
"female",54,330.22831256836,0,158505.966303219,2024,20260917
"female",55,418.134754165868,0,200567.355258026,2024,20260917
"female",56,468.657187360999,0,224718.388897302,2024,20260917
"female",57,466.658956151169,962.49888,223766.78452263,2024,20260917
"female",58,551.739158646752,481.24944,264388.280157715,2024,20260917
"female",59,542.201295332184,2887.49664,259833.012649784,2024,20260917
"female",60,554.596920746776,481.24944,265734.390321088,2024,20260917
"female",61,666.058827133294,481.24944,318820.924537039,2024,20260917
"female",62,718.808655756617,481.24944,343875.922242125,2024,20260917
"female",63,760.270226110234,481.24944,363529.983097924,2024,20260917
"female",64,765.726813644755,481.24944,366021.119102173,2024,20260917
"female",65,815.129468381561,481.24944,389327.551074017,2024,20260917
"male",15,48.9504608891825,0,23548.700196381,2024,20260917
"male",16,62.6207797808278,481.24944,30121.6916387002,2024,20260917
"male",17,66.4681610311192,481.24944,31970.8380080373,2024,20260917
"male",18,79.8293399717845,0,38393.5017847759,2024,20260917
"male",19,94.5913305247673,0,45487.6113061667,2024,20260917
"male",20,108.066315331058,481.24944,51963.1146778483,2024,20260917
"male",21,111.736316920665,0,53727.3073284467,2024,20260917
"male",22,146.199546716152,0,70282.654568877,2024,20260917
"male",23,145.071556595233,0,69743.0337971325,2024,20260917
"male",24,147.904813003896,0,71104.4468829324,2024,20260917
"male",25,157.086747003525,0,75516.4692708147,2024,20260917
"male",26,158.405493518294,0,76151.8724107354,2024,20260917
"male",27,172.635580351228,0,82987.349899128,2024,20260917
"male",28,192.427845946341,481.24944,92491.1538578241,2024,20260917
"male",29,186.829185930537,481.24944,89806.9346834228,2024,20260917
"male",30,187.092850259442,0,89935.3772547186,2024,20260917
"male",31,201.809689377889,0,97002.4071196635,2024,20260917
"male",32,220.28308032159,0,105872.862221522,2024,20260917
"male",33,234.754418779544,0,112820.630223674,2024,20260917
"male",34,244.705349260729,962.49888,117595.157754479,2024,20260917
"male",35,230.388840808745,481.24944,110718.385862725,2024,20260917
"male",36,225.441141020138,0,108336.559572407,2024,20260917
"male",37,238.894509269791,481.24944,114783.154350278,2024,20260917
"male",38,250.505870890933,481.24944,120347.327719682,2024,20260917
"male",39,280.395950679715,0,134673.87936438,2024,20260917
"male",40,249.037072257818,481.24944,119639.426349265,2024,20260917
"male",41,297.428281061619,0,142842.315093149,2024,20260917
"male",42,348.112979503747,481.24944,167123.883310806,2024,20260917
"male",43,333.841545798054,481.24944,160275.416210758,2024,20260917
"male",44,306.667381774027,962.49888,147239.018993939,2024,20260917
"male",45,337.209672295481,481.24944,161847.956935357,2024,20260917
"male",46,336.618907582764,1443.74832,161556.756919593,2024,20260917
"male",47,350.167839746659,481.24944,168048.277872239,2024,20260917
"male",48,435.085607099859,0,208670.367087715,2024,20260917
"male",49,436.308179722496,481.24944,209270.613920152,2024,20260917
"male",50,468.556369845271,0,224691.231210621,2024,20260917
"male",51,523.381735465432,481.24944,250851.217881668,2024,20260917
"male",52,481.095258342086,481.24944,230629.720378516,2024,20260917
"male",53,552.438231067413,962.49888,264649.525847113,2024,20260917
"male",54,611.356187141942,0,292707.740494705,2024,20260917
"male",55,701.039649547573,481.24944,335401.217516631,2024,20260917
"male",56,753.895941430328,1443.74832,360538.563269598,2024,20260917
"male",57,778.326616450818,962.49888,372126.537328745,2024,20260917
"male",58,859.34352377293,1443.74832,410556.673762819,2024,20260917
"male",59,886.451969488662,1443.74832,423370.781005331,2024,20260917
"male",60,1019.64397675389,962.49888,486371.118481638,2024,20260917
"male",61,1038.43553138491,481.24944,495098.464710079,2024,20260917
"male",62,1104.88338750222,962.49888,526346.681985424,2024,20260917
"male",63,1154.90275201611,1443.74832,549733.573723055,2024,20260917
"male",64,1167.18696389901,962.49888,555251.554227074,2024,20260917
"male",65,1248.32399501062,481.24944,592963.659554828,2024,20260917
"female",15,20.464598100562,0,9847.04790938687,2025,20260917
"female",16,36.2799194508922,0,17454.7796034819,2025,20260917
"female",17,40.2057557773244,0,19342.8039553052,2025,20260917
"female",18,33.1990154907514,0,15972.6683432803,2025,20260917
"female",19,36.611360486273,0,17613.8987406821,2025,20260917
"female",20,48.8043285251873,0,23477.715135135,2025,20260917
"female",21,38.8380167004491,0,18684.972281874,2025,20260917
"female",22,41.1300260250789,0,19787.4661151973,2025,20260917
"female",23,45.4199606630859,0,21850.9098683687,2025,20260917
"female",24,49.8452783586334,0,23979.1704754744,2025,20260917
"female",25,54.9287932812892,0,26423.9382109166,2025,20260917
"female",26,40.3411044640518,0,19408.6728426776,2025,20260917
"female",27,65.0631508084422,0,31297.6338892408,2025,20260917
"female",28,62.6264053685593,481.24944,30126.3517863918,2025,20260917
"female",29,78.6752400917464,0,37842.950476888,2025,20260917
"female",30,81.3967106609578,0,39151.9833550194,2025,20260917
"female",31,73.0595154407942,0,35143.8217850568,2025,20260917
"female",32,91.5124341309658,481.24944,44015.5309756039,2025,20260917
"female",33,88.3194487719531,0,42481.0098991478,2025,20260917
"female",34,123.815668462628,0,59542.2946932239,2025,20260917
"female",35,99.0933904783084,0,47660.4217212594,2025,20260917
"female",36,121.976488793902,0,58656.7041974153,2025,20260917
"female",37,120.996250062304,0,58183.6272954303,2025,20260917
"female",38,131.415588724071,481.24944,63187.2403860898,2025,20260917
"female",39,139.10874005591,0,66881.0661987976,2025,20260917
"female",40,124.46480945694,0,59845.7478754558,2025,20260917
"female",41,145.970947054152,481.24944,70176.2076535924,2025,20260917
"female",42,172.252692760023,0,82797.6086287094,2025,20260917
"female",43,175.865877289635,0,84531.9141353449,2025,20260917
"female",44,204.416724932015,481.24944,98231.3440641941,2025,20260917
"female",45,209.2486005613,0,100541.553743321,2025,20260917
"female",46,218.958756495055,0,105192.862202772,2025,20260917
"female",47,188.848677274762,481.24944,90746.6771835707,2025,20260917
"female",48,239.989306766747,0,115277.380365363,2025,20260917
"female",49,235.302206786058,0,113034.748499254,2025,20260917
"female",50,239.643503877019,481.24944,115122.463298695,2025,20260917
"female",51,297.245483789123,0,142737.014567871,2025,20260917
"female",52,306.269555601915,1443.74832,147054.638307044,2025,20260917
"female",53,373.083827315826,0,179030.85873841,2025,20260917
"female",54,334.009552788608,0,160320.920115851,2025,20260917
"female",55,413.401153175311,0,198296.781424916,2025,20260917
"female",56,465.146646631703,481.24944,223035.105085337,2025,20260917
"female",57,464.917691389411,962.49888,222931.833834113,2025,20260917
"female",58,551.739158646752,0,264388.280157715,2025,20260917
"female",59,544.232011794102,0,260806.170000532,2025,20260917
"female",60,560.899158482535,481.24944,268754.09930201,2025,20260917
"female",61,681.548567299185,1443.74832,326235.364642552,2025,20260917
"female",62,733.070732259724,0,350698.857207247,2025,20260917
"female",63,778.813402356825,1443.74832,372396.568051532,2025,20260917
"female",64,794.928259927818,962.49888,379979.551610307,2025,20260917
"female",65,851.357444754075,2406.2472,406630.997788418,2025,20260917
"male",15,50.3693148279993,0,24231.271216566,2025,20260917
"male",16,64.4762102928523,0,31014.1862057728,2025,20260917
"male",17,69.2695011512047,0,33318.267962399,2025,20260917
"male",18,80.1340321090814,0,38540.0418679239,2025,20260917
"male",19,96.0465817636099,481.24944,46187.4207108769,2025,20260917
"male",20,106.447344314863,0,51184.6410497157,2025,20260917
"male",21,110.508445306152,0,53136.8973578044,2025,20260917
"male",22,142.570479953694,0,68538.0496682311,2025,20260917
"male",23,142.570322860832,481.24944,68540.567697182,2025,20260917
"male",24,147.400018420265,0,70861.7695898166,2025,20260917
"male",25,153.457680241067,0,73771.8643701688,2025,20260917
"male",26,155.858781403852,0,74927.5657803377,2025,20260917
"male",27,169.929693511867,962.49888,81686.6077376997,2025,20260917
"male",28,191.236342256271,481.24944,91918.4532147416,2025,20260917
"male",29,182.354235369326,481.24944,87655.8703796283,2025,20260917
"male",30,185.442030992447,0,89141.8298083534,2025,20260917
"male",31,200.636377230344,481.24944,96438.4396364096,2025,20260917
"male",32,217.772731827897,0,104666.333877118,2025,20260917
"male",33,232.776151205559,0,111869.894575722,2025,20260917
"male",34,247.470381455765,481.24944,118923.916599163,2025,20260917
"male",35,240.553054373837,0,115603.020533139,2025,20260917
"male",36,237.269842863787,0,114020.885228984,2025,20260917
"male",37,252.037572886576,481.24944,121098.085172137,2025,20260917
"male",38,257.996079655113,0,123945.752801001,2025,20260917
"male",39,287.049413916183,0,137869.530739128,2025,20260917
"male",40,249.037072257818,0,119639.426349265,2025,20260917
"male",41,294.453998251003,481.24944,141413.891942218,2025,20260917
"male",42,350.441494416816,481.24944,168241.768817902,2025,20260917
"male",43,346.548317437426,0,166375.864578641,2025,20260917
"male",44,324.640561658219,481.24944,155868.412048529,2025,20260917
"male",45,351.367330292619,0,168643.100165468,2025,20260917
"male",46,344.477714763684,962.49888,165328.509999428,2025,20260917
"male",47,344.801282815676,481.24944,165472.825337799,2025,20260917
"male",48,428.518277181371,1443.74832,205520.625697711,2025,20260917
"male",49,426.648220023843,0,204637.316194983,2025,20260917
"male",50,463.426190613388,0,222231.108241161,2025,20260917
"male",51,537.103353998233,481.24944,257427.84157145,2025,20260917
"male",52,497.877651074949,0,238674.943182418,2025,20260917
"male",53,563.399307080655,481.24944,269900.508502809,2025,20260917
"male",54,618.751624889626,481.24944,296248.559936173,2025,20260917
"male",55,695.408808988958,0,332707.231833766,2025,20260917
"male",56,747.864773898885,481.24944,357654.254763441,2025,20260917
"male",57,781.465030226829,1924.99776,373627.04755991,2025,20260917
"male",58,862.83679012973,0,412225.60333096,2025,20260917
"male",59,890.099919980385,481.24944,425113.04759383,2025,20260917
"male",60,1028.1410098935,962.49888,490424.211135652,2025,20260917
"male",61,1065.29162271383,3368.74608,507902.735349132,2025,20260917
"male",62,1124.35269829521,1443.74832,535621.513386048,2025,20260917
"male",63,1181.15054183466,962.49888,562227.518580397,2025,20260917
"male",64,1205.90880630324,1443.74832,573672.221902854,2025,20260917
"male",65,1304.4985747861,481.24944,619647.024234795,2025,20260917
"female",15,20.5392864147976,0,9882.98604044302,2026,20260917
"female",16,37.3629021210681,481.24944,17975.8178006007,2026,20260917
"female",17,41.5921611489562,0,20009.7971951433,2026,20260917
"female",18,34.506063344718,0,16601.5135536457,2026,20260917
"female",19,37.1901962251864,0,17892.379353183,2026,20260917
"female",20,48.8043285251873,0,23477.715135135,2026,20260917
"female",21,38.5392627258303,0,18541.2417258596,2026,20260917
"female",22,40.5138458599092,0,19491.0246752692,2026,20260917
"female",23,44.1129114353712,0,21222.106706689,2026,20260917
"female",24,49.6678930263963,481.24944,23893.8353492271,2026,20260917
"female",25,54.3546247104047,0,26147.7297975621,2026,20260917
"female",26,39.2581217938759,0,18887.6346455588,2026,20260917
"female",27,64.6336910671323,0,31091.0488470676,2026,20260917
"female",28,61.422051419164,0,29546.9988674228,2026,20260917
"female",29,77.9330208455979,0,37485.9415101249,2026,20260917
"female",30,79.1700529225122,0,38080.9564547301,2026,20260917
"female",31,72.620719552261,0,34932.7477803417,2026,20260917
"female",32,90.7001935913419,0,43624.8605823293,2026,20260917
"female",33,87.2924784373955,0,41987.0446677624,2026,20260917
"female",34,122.751350395614,962.49888,59030.4698104741,2026,20260917
"female",35,99.9476438445007,481.24944,48071.287425753,2026,20260917
"female",36,127.438122620495,962.49888,61283.1237883443,2026,20260917
"female",37,127.046062565419,481.24944,61092.8086602018,2026,20260917
"female",38,138.286992056048,481.24944,66491.1483801337,2026,20260917
"female",39,143.310010728739,0,68900.9641712445,2026,20260917
"female",40,127.438371457618,0,61275.5097700912,2026,20260917
"female",41,145.970947054152,0,70176.2076535924,2026,20260917
"female",42,169.955990189889,0,81693.6405136599,2026,20260917
"female",43,177.042237672844,0,85097.3449991264,2026,20260917
"female",44,211.465577515878,0,101618.631790546,2026,20260917
"female",45,221.423064593957,0,106391.244142932,2026,20260917
"female",46,228.047610538246,481.24944,109559.35836968,2026,20260917
"female",47,192.466468027152,0,92485.11927521,2026,20260917
"female",48,237.272446690142,0,113972.353417831,2026,20260917
"female",49,230.960837657164,0,110949.236534323,2026,20260917
"female",50,232.772005557964,0,111821.460766833,2026,20260917
"female",51,293.04413419493,481.24944,140719.530263025,2026,20260917
"female",52,311.778000846554,0,149699.505902494,2026,20260917
"female",53,385.51995489302,0,184998.554029691,2026,20260917
"female",54,340.311619822355,962.49888,163345.843136905,2026,20260917
"female",55,418.134754165868,0,200567.355258026,2026,20260917
"female",56,459.880835537759,481.24944,220510.17936739,2026,20260917
"female",57,461.435161865895,0,221261.932457078,2026,20260917
"female",58,549.680430442847,962.49888,263401.756724291,2026,20260917
"female",59,544.232011794102,0,260806.170000532,2026,20260917
"female",60,560.899158482535,0,268754.09930201,2026,20260917
"female",61,686.711814021148,962.49888,328706.844677723,2026,20260917
"female",62,750.185224063453,481.24944,358886.379165393,2026,20260917
"female",63,791.175519854552,481.24944,378307.62468727,2026,20260917
"female",64,814.395890783193,1924.99776,389285.173282396,2026,20260917
"female",65,880.339825852086,962.49888,420473.755159939,2026,20260917
"male",15,50.3693148279993,0,24231.271216566,2026,20260917
"male",16,66.0997119908738,0,31795.1189519613,2026,20260917
"male",17,71.3068394203578,481.24944,34298.2170201167,2026,20260917
"male",18,83.4856456193472,0,40151.9827825519,2026,20260917
"male",19,96.7742073830311,0,46537.3254132321,2026,20260917
"male",20,108.066315331058,0,51963.1146778483,2026,20260917
"male",21,108.461992615297,0,52152.8807400673,2026,20260917
"male",22,141.015165626926,0,67790.3618536686,2026,20260917
"male",23,139.068595632672,0,66857.1151572512,2026,20260917
"male",24,144.87604550211,0,69648.3831242376,2026,20260917
"male",25,152.939242132144,0,73522.6350986479,2026,20260917
"male",26,152.293384443633,481.24944,73213.5364977809,2026,20260917
"male",27,166.682629304634,0,80125.7171439856,2026,20260917
"male",28,188.257583031095,0,90486.7016070354,2026,20260917
"male",29,181.235497729024,481.24944,87118.1043036796,2026,20260917
"male",30,180.489573191462,0,86761.1874692579,2026,20260917
"male",31,198.876409009025,962.49888,95592.4884115288,2026,20260917
"male",32,215.889970457627,0,103761.437618814,2026,20260917
"male",33,230.138461106913,0,110602.247045119,2026,20260917
"male",34,245.396607309488,1924.99776,117927.34746565,2026,20260917
"male",35,243.263511324528,0,116905.589778583,2026,20260917
"male",36,248.402738716634,0,119370.838788115,2026,20260917
"male",37,265.180636503361,0,127413.015993997,2026,20260917
"male",38,272.144251765233,481.24944,130742.777954605,2026,20260917
"male",39,295.603866648785,481.24944,141978.225363804,2026,20260917
"male",40,254.926462480131,0,122468.737107524,2026,20260917
"male",41,294.453998251003,481.24944,141413.891942218,2026,20260917
"male",42,345.784464590679,481.24944,166005.997803711,2026,20260917
"male",43,347.703478495551,0,166930.450793903,2026,20260917
"male",44,336.997122828601,0,161801.11977356,2026,20260917
"male",45,373.247347197288,0,179144.685157457,2026,20260917
"male",46,358.885527928705,481.24944,172243.390645791,2026,20260917
"male",47,352.85111821215,481.24944,169336.00413946,2026,20260917
"male",48,421.950947262882,481.24944,202370.884307708,2026,20260917
"male",49,420.208246891408,481.24944,201548.45104487,2026,20260917
"male",50,453.165832149623,0,217310.862302243,2026,20260917
"male",51,531.222660341318,0,254609.288561543,2026,20260917
"male",52,509.065912896858,481.24944,244038.425051685,2026,20260917
"male",53,585.32145910714,0,280402.473814203,2026,20260917
"male",54,633.542500384996,481.24944,303330.198819109,2026,20260917
"male",55,706.670490106188,962.49888,338095.203199495,2026,20260917
"male",56,741.833606367443,962.49888,354769.946257284,2026,20260917
"male",57,775.188202674806,1443.74832,370626.027097581,2026,20260917
"male",58,862.83679012973,2406.2472,412225.60333096,2026,20260917
"male",59,897.395820963831,1443.74832,428597.580770829,2026,20260917
"male",60,1032.38952646331,0,492450.757462658,2026,20260917
"male",61,1074.2436531568,962.49888,512170.82556215,2026,20260917
"male",62,1148.68933678645,1924.99776,547215.052636828,2026,20260917
"male",63,1202.14877368949,481.24944,572222.67446627,2026,20260917
"male",64,1233.56726516341,1443.74832,586829.841671268,2026,20260917
"male",65,1348.18991461147,1443.74832,640400.752319214,2026,20260917
"female",15,20.3152214720907,0,9775.17164727455,2027,20260917
"female",16,37.4982749548401,0,18040.9475752406,2027,20260917
"female",17,42.6704764380033,0,20528.5697150174,2027,20260917
"female",18,35.5517016278912,0,17104.589721938,2027,20260917
"female",19,38.4925766377416,0,18518.96073131,2027,20260917
"female",20,49.5698866197,0,23845.9930196077,2027,20260917
"female",21,38.5392627258303,0,18541.2417258596,2027,20260917
"female",22,40.0517107360319,0,19268.6935953232,2027,20260917
"female",23,43.2960056680495,0,20829.1047306392,2027,20260917
"female",24,48.4261957007364,0,23296.4894654964,2027,20260917
"female",25,54.1632351867765,0,26055.6603264439,2027,20260917
"female",26,38.8520032925599,481.24944,18692.2453216392,2027,20260917
"female",27,62.9158521018929,0,30264.7086783748,2027,20260917
"female",28,61.0206001026988,0,29353.8812277664,2027,20260917
"female",29,76.2011759379179,0,36652.9205876777,2027,20260917
"female",30,78.4278336763636,0,37723.947487967,2027,20260917
"female",31,70.8655359981278,0,34088.4517614815,2027,20260917
"female",32,90.4294467448006,0,43494.6371179045,2027,20260917
"female",33,86.5222506864773,0,41616.5707442233,2027,20260917
"female",34,121.332259639595,0,58348.0366334744,2027,20260917
"female",35,99.0933904783084,0,47660.4217212594,2027,20260917
"female",36,128.530449385813,0,61808.4077065301,2027,20260917
"female",37,133.095875068535,0,64001.9900249733,2027,20260917
"female",38,145.158395388026,962.49888,69795.0563741777,2027,20260917
"female",39,150.778936369325,0,72491.893900039,2027,20260917
"female",40,131.261522601346,481.24944,63113.775063194,2027,20260917
"female",41,148.939847672202,0,71603.5203516315,2027,20260917
"female",42,169.955990189889,962.49888,81693.6405136599,2027,20260917
"female",43,174.689516906427,481.24944,83966.4832715633,2027,20260917
"female",44,212.87534803265,0,102296.089335816,2027,20260917
"female",45,229.032104614368,0,110047.300642689,2027,20260917
"female",46,241.267761873796,481.24944,115910.625521545,2027,20260917
"female",47,199.702049531932,0,95962.0034584886,2027,20260917
"female",48,241.800546817817,0,116147.398330385,2027,20260917
"female",49,227.487742354049,481.24944,109280.826962379,2027,20260917
"female",50,229.336256398437,0,110170.959500902,2027,20260917
"female",51,285.691772405093,0,137188.932729544,2027,20260917
"female",52,307.371244650843,481.24944,147583.611826134,2027,20260917
"female",53,392.428914658128,481.24944,188313.940302624,2027,20260917
"female",54,351.6553404831,0,168790.704574801,2027,20260917
"female",55,426.024089150129,0,204351.644979876,2027,20260917
"female",56,465.146646631703,962.49888,223035.105085337,2027,20260917
"female",57,456.211367580621,0,218757.080391526,2027,20260917
"female",58,543.504245831129,0,260442.186424018,2027,20260917
"female",59,542.201295332184,0,259833.012649784,2027,20260917
"female",60,560.899158482535,1443.74832,268754.09930201,2027,20260917
"female",61,689.29343738213,962.49888,329942.584695308,2027,20260917
"female",62,758.742469965318,481.24944,362980.140144466,2027,20260917
"female",63,809.718696101143,481.24944,387174.209640878,2027,20260917
"female",64,827.374311353443,481.24944,395488.921063789,2027,20260917
"female",65,902.076611675594,1443.74832,430855.823188579,2027,20260917
"male",15,50.3693148279993,0,24231.271216566,2027,20260917
"male",16,66.3316408048769,0,31906.6807728454,2027,20260917
"male",17,73.0895104058667,0,35155.6724456196,2027,20260917
"male",18,85.9231827177223,0,41324.3034477359,2027,20260917
"male",19,100.412335480138,0,48286.8489250077,2027,20260917
"male",20,108.471058085107,0,52157.7330848814,2027,20260917
"male",21,110.099154767981,481.24944,52940.094034257,2027,20260917
"male",22,138.941413191236,481.24944,66793.4447675852,2027,20260917
"male",23,137.567855392031,0,66135.6354972808,2027,20260917
"male",24,141.342483416693,481.24944,67949.6420724269,2027,20260917
"male",25,149.828613478609,962.49888,72027.2594695229,2027,20260917
"male",26,151.274699597857,0,72723.8138456219,2027,20260917
"male",27,162.894387729529,0,78304.678117986,2027,20260917
"male",28,185.278823805919,0,89054.9499993291,2027,20260917
"male",29,177.879284808116,0,85504.8060758337,2027,20260917
"male",30,179.389027013465,0,86232.1558383478,2027,20260917
"male",31,194.183160418841,481.24944,93336.6184785134,2027,20260917
"male",32,214.007209087357,0,102856.54136051,2027,20260917
"male",33,228.160193532928,0,109651.511397166,2027,20260917
"male",34,241.940317065692,481.24944,116266.398909796,2027,20260917
"male",35,241.23066861151,0,115928.6628445,2027,20260917
"male",36,251.185962679845,481.24944,120708.327177898,2027,20260917
"male",37,276.7774573417,481.24944,132985.013777991,2027,20260917
"male",38,286.292423875352,0,137539.803108208,2027,20260917
"male",39,311.762277365921,1443.74832,149739.092988192,2027,20260917
"male",40,262.498535623105,962.49888,126106.422368144,2027,20260917
"male",41,301.393991475774,481.24944,144746.879294391,2027,20260917
"male",42,346.948722047213,0,166564.940557258,2027,20260917
"male",43,344.237995321177,962.49888,165266.692148117,2027,20260917
"male",44,338.120446571363,962.49888,162340.456839472,2027,20260917
"male",45,386.117945376504,962.49888,185322.088093921,2027,20260917
"male",46,379.842347077827,481.24944,182301.398858684,2027,20260917
"male",47,367.609149772354,1924.99776,176418.498609171,2027,20260917
"male",48,431.801942140615,481.24944,207095.496392713,2027,20260917
"male",49,413.768273758973,0,198459.585894757,2027,20260917
"male",50,446.32559317378,0,214030.698342963,2027,20260917
"male",51,517.501041808517,481.24944,248032.664871762,2027,20260917
"male",52,505.336492289555,962.49888,242250.597761929,2027,20260917
"male",53,598.47475032303,962.49888,286703.653001039,2027,20260917
"male",54,655.72881362805,0,313952.657143514,2027,20260917
"male",55,720.747591502726,481.24944,344830.167406657,2027,20260917
"male",56,753.895941430328,481.24944,360538.563269598,2027,20260917
"male",57,768.911375122784,0,367625.006635252,2027,20260917
"male",58,859.34352377293,962.49888,410556.673762819,2027,20260917
"male",59,897.395820963831,1443.74832,428597.580770829,2027,20260917
"male",60,1036.63804303312,481.24944,494477.303789665,2027,20260917
"male",61,1078.71966837829,962.49888,514304.870668659,2027,20260917
"male",62,1158.42399218295,962.49888,551852.46833714,2027,20260917
"male",63,1228.39656350804,962.49888,584716.619323613,2027,20260917
"male",64,1250.16234047951,1443.74832,594724.413532317,2027,20260917
"male",65,1379.39801448674,2406.2472,655224.843808085,2027,20260917
"female",15,20.2405331578551,0,9739.2335162184,2028,20260917
"female",16,37.0921564535241,0,17845.558251321,2028,20260917
"female",17,42.8245214792957,962.49888,20602.6800749994,2028,20260917
"female",18,36.4666351256678,0,17544.7813691937,2028,20260917
"female",19,39.6502481155684,0,19075.9219563118,2028,20260917
"female",20,51.4837818559819,0,24766.6877307895,2028,20260917
"female",21,39.136770675068,0,18828.7028378884,2028,20260917
"female",22,40.0517107360319,0,19268.6935953232,2028,20260917
"female",23,42.9692433611208,0,20671.9039402193,2028,20260917
"female",24,47.5392690395507,0,22869.8138342602,2028,20260917
"female",25,52.632118997751,0,25319.1045574985,2028,20260917
"female",26,38.7166304587879,0,18627.1155469993,2028,20260917
"female",27,62.0569326192732,0,29851.5385940284,2028,20260917
"female",28,59.2140691786058,0,28484.8518493128,2028,20260917
"female",29,75.7063631071523,0,36414.9146098357,2028,20260917
"female",30,76.9433951840665,0,37009.9295544408,2028,20260917
"female",31,69.9879442210612,0,33666.3037520514,2028,20260917
"female",32,87.9927251259287,0,42322.6259380807,2028,20260917
"female",33,86.2655081028379,0,41493.0794363769,2028,20260917
"female",34,120.267941572581,0,57836.2117507247,2028,20260917
"female",35,97.9543859900519,0,47112.6007819346,2028,20260917
"female",36,127.074013698722,0,61108.0291489491,2028,20260917
"female",37,133.852101631424,0,64365.6376955698,2028,20260917
"female",38,151.600336011755,481.24944,72892.4701185938,2028,20260917
"female",39,158.247862009911,962.49888,76082.8236288335,2028,20260917
"female",40,137.633441174227,481.24944,66177.5505516985,2028,20260917
"female",41,153.393198599278,481.24944,73744.4893986903,2028,20260917
"female",42,173.401044045089,0,83349.5926862341,2028,20260917
"female",43,174.689516906427,0,83966.4832715633,2028,20260917
"female",44,210.055806999105,0,100941.174245275,2028,20260917
"female",45,229.793008616409,0,110412.906292665,2028,20260917
"female",46,249.530356458515,0,119880.167491461,2028,20260917
"female",47,211.27897993958,0,101525.018151734,2028,20260917
"female",48,250.856747073166,0,120497.488155493,2028,20260917
"female",49,231.829111482943,0,111366.33892731,2028,20260917
"female",50,225.90050723891,481.24944,108520.458234971,2028,20260917
"female",51,280.440085412353,0,134667.077348486,2028,20260917
"female",52,299.659421308348,481.24944,143880.797192503,2028,20260917
"female",53,386.901746846041,481.24944,185661.631284277,2028,20260917
"female",54,357.957407516848,0,171815.627595855,2028,20260917
"female",55,440.2248921218,481.24944,211163.366479205,2028,20260917
"female",56,473.922998454943,0,227243.314615249,2028,20260917
"female",57,461.435161865895,962.49888,221261.932457078,2028,20260917
"female",58,539.386789423318,0,258469.139557169,2028,20260917
"female",59,536.109145946429,481.24944,256913.540597539,2028,20260917
"female",60,558.798412570615,481.24944,267747.529641703,2028,20260917
"female",61,689.29343738213,0,329942.584695308,2028,20260917
"female",62,758.742469965318,0,362980.140144466,2028,20260917
"female",63,818.990284224439,1443.74832,391607.502117682,2028,20260917
"female",64,846.841942208818,962.49888,404794.542735878,2028,20260917
"female",65,920.190599861851,962.49888,439507.546545779,2028,20260917
"male",15,49.837244600943,0,23975.3070839966,2028,20260917
"male",16,66.0997119908738,0,31795.1189519613,2028,20260917
"male",17,73.0895104058667,0,35155.6724456196,2028,20260917
"male",18,88.0560276788005,0,42350.0840297719,2028,20260917
"male",19,103.322837957823,0,49686.4677344282,2028,20260917
"male",20,112.518485625596,0,54103.9171552128,2028,20260917
"male",21,110.508445306152,481.24944,53136.8973578044,2028,20260917
"male",22,140.496727518004,0,67541.1325821478,2028,20260917
"male",23,135.066621657631,0,64933.1693973303,2028,20260917
"male",24,139.828099665799,0,67221.6101930795,2028,20260917
"male",25,146.717984825074,0,70531.8838403978,2028,20260917
"male",26,148.727987483415,0,71499.5072152242,2028,20260917
"male",27,162.353210361657,0,78044.5296857003,2028,20260917
"male",28,180.512809045639,0,86764.1474269991,2028,20260917
"male",29,175.082440707359,481.24944,84160.3908859621,2028,20260917
"male",30,176.637661568473,0,84909.5767610725,2028,20260917
"male",31,192.423192197523,962.49888,92490.6672536326,2028,20260917
"male",32,208.98651209997,481.24944,100443.484671701,2028,20260917
"male",33,226.181925958943,0,108700.775749214,2028,20260917
"male",34,240.557800968174,0,115602.019487454,2028,20260917
"male",35,238.520211660819,0,114626.093599056,2028,20260917
"male",36,249.098544707437,481.24944,119705.210885561,2028,20260917
"male",37,279.86994289859,481.24944,134470.879853723,2028,20260917
"male",38,298.776105148986,0,143537.17824374,2028,20260917
"male",39,327.920688083057,481.24944,157499.96061258,2028,20260917
"male",40,276.801340448723,962.49888,132977.605638203,2028,20260917
"male",41,310.316839907623,481.24944,149032.148747186,2028,20260917
"male",42,355.098524242953,481.24944,170477.539832093,2028,20260917
"male",43,344.237995321177,1924.99776,165266.692148117,2028,20260917
"male",44,334.750475343077,481.24944,160722.445641736,2028,20260917
"male",45,388.692065012348,481.24944,186557.568681214,2028,20260917
"male",46,392.940359046028,481.24944,188587.653991742,2028,20260917
"male",47,389.075377496288,481.24944,186720.308746933,2028,20260917
"male",48,449.862099416458,0,215757.285215222,2028,20260917
"male",49,423.428233457626,962.49888,203092.883619926,2028,20260917
"male",50,439.485354197936,0,210750.534383684,2028,20260917
"male",51,511.620348151602,0,245214.111861855,2028,20260917
"male",52,492.283520163995,0,235993.202247784,2028,20260917
"male",53,591.898104715085,481.24944,283553.063407621,2028,20260917
"male",54,670.51968912342,481.24944,321034.29602645,2028,20260917
"male",55,746.086374016493,962.49888,356953.102979547,2028,20260917
"male",56,768.973860258934,0,367749.33453499,2028,20260917
"male",57,781.465030226829,3368.74608,373627.04755991,2028,20260917
"male",58,852.356991059328,481.24944,407218.814626536,2028,20260917
"male",59,890.099919980385,481.24944,425113.04759383,2028,20260917
"male",60,1040.88655960293,0,496503.850116672,2028,20260917
"male",61,1087.67169882126,481.24944,518572.960881677,2028,20260917
"male",62,1163.29131988119,481.24944,554171.176187296,2028,20260917
"male",63,1238.89567943546,481.24944,589714.197266549,2028,20260917
"male",64,1283.35249111171,481.24944,610513.557254414,2028,20260917
"male",65,1398.1228744119,1924.99776,664119.298701408,2028,20260917
"female",15,20.2405331578551,0,9739.2335162184,2029,20260917
"female",16,36.8214107859801,0,17715.2987020413,2029,20260917
"female",17,42.3623863554184,481.24944,20380.3489950534,2029,20260917
"female",18,36.5973399110645,0,17607.6658902303,2029,20260917
"female",19,40.6632106586668,0,19563.2630281884,2029,20260917
"female",20,52.8235085213792,0,25411.1740286167,2029,20260917
"female",21,40.4811635608528,0,19475.4903399533,2029,20260917
"female",22,40.6678909012017,0,19565.1350352512,2029,20260917
"female",23,42.9692433611208,0,20671.9039402193,2029,20260917
"female",24,47.0071130428393,0,22613.8084555185,2029,20260917
"female",25,51.6751713796101,0,24858.7572019076,2029,20260917
"female",26,37.633647788612,481.24944,18106.0773498805,2029,20260917
"female",27,61.8422027486183,0,29748.2460729418,2029,20260917
"female",28,58.6118922039081,0,28195.1753898283,2029,20260917
"female",29,73.7271117840894,0,35462.8906984674,2029,20260917
"female",30,76.2011759379179,0,36652.9205876777,2029,20260917
"female",31,68.6715565554613,0,33033.0817379062,2029,20260917
"female",32,86.9097377397634,481.24944,41801.7320803812,2029,20260917
"female",33,83.9548248500833,481.24944,40381.6576657597,2029,20260917
"female",34,119.558396194572,481.24944,57494.9951622248,2029,20260917
"female",35,97.1001326238596,481.24944,46701.7350774409,2029,20260917
"female",36,125.617578011631,481.24944,60407.650591368,2029,20260917
"female",37,132.71776178709,0,63820.1661896751,2029,20260917
"female",38,152.459261428252,0,73305.4586178493,2029,20260917
"female",39,165.24997979796,481.24944,79449.3202495784,2029,20260917
"female",40,144.430154318633,481.24944,69445.5777394367,2029,20260917
"female",41,160.815450144404,0,77312.7711437882,2029,20260917
"female",42,178.56862482789,0,85833.5209450954,2029,20260917
"female",43,178.218598056052,0,85662.775862908,2029,20260917
"female",44,209.350921740719,481.24944,100602.44547264,2029,20260917
"female",45,226.749392608245,0,108950.483692762,2029,20260917
"female",46,250.356615916987,481.24944,120277.121688453,2029,20260917
"female",47,218.51456144436,0,105001.902335013,2029,20260917
"female",48,265.346667481724,0,127457.631875665,2029,20260917
"female",49,241.38012356651,0,115954.465250158,2029,20260917
"female",50,230.195193688319,481.24944,110583.584817385,2029,20260917
"female",51,276.23873581816,0,132649.59304364,2029,20260917
"female",52,295.252665112637,0,141764.903116143,2029,20260917
"female",53,375.847411221869,0,180357.013247584,2029,20260917
"female",54,352.91575388985,0,169395.689179012,2029,20260917
"female",55,448.114227106062,0,214947.656201055,2029,20260917
"female",56,489.720431736774,962.49888,234818.091769091,2029,20260917
"female",57,470.141485674686,0,225436.685899665,2029,20260917
"female",58,543.504245831129,1443.74832,260442.186424018,2029,20260917
"female",59,530.016996560674,962.49888,253994.068545294,2029,20260917
"female",60,554.596920746776,0,265734.390321088,2029,20260917
"female",61,686.711814021148,962.49888,328706.844677723,2029,20260917
"female",62,758.742469965318,962.49888,362980.140144466,2029,20260917
"female",63,818.990284224439,962.49888,391607.502117682,2029,20260917
"female",64,856.575757636506,481.24944,409447.353571922,2029,20260917
"female",65,941.927385685359,2406.2472,449889.61457442,2029,20260917
"male",15,49.837244600943,0,23975.3070839966,2029,20260917
"male",16,65.4039255488646,0,31460.4334893091,2029,20260917
"male",17,73.0895104058667,481.24944,35155.6724456196,2029,20260917
"male",18,88.0560276788005,0,42350.0840297719,2029,20260917
"male",19,105.869527625797,0,50911.1341926712,2029,20260917
"male",20,115.756427657988,0,55660.864411478,2029,20260917
"male",21,114.601350687861,0,55104.9305932786,2029,20260917
"male",22,141.533603735849,0,68039.5911251894,2029,20260917
"male",23,137.067608645151,481.24944,65895.1422772907,2029,20260917
"male",24,137.304126747644,0,66008.2237275004,2029,20260917
"male",25,144.644232389384,0,69534.9667543145,2029,20260917
"male",26,145.162590523196,0,69785.4779326674,2029,20260917
"male",27,159.106146154423,0,76483.6390919863,2029,20260917
"male",28,179.917057200603,0,86477.7971054578,2029,20260917
"male",29,171.1668589663,481.24944,82278.2096201419,2029,20260917
"male",30,173.336023034483,481.24944,83322.4818683422,2029,20260917
"male",31,189.489911828658,0,91080.748545498,2029,20260917
"male",32,207.1037507297,0,99538.5884133971,2029,20260917
"male",33,220.247123236988,0,105848.568805357,2029,20260917
"male",34,237.792768773137,0,114273.260642771,2029,20260917
"male",35,236.4873689478,481.24944,113649.166664973,2029,20260917
"male",36,245.619514753422,0,118033.350398333,2029,20260917
"male",37,277.550578730922,962.49888,133356.480296924,2029,20260917
"male",38,302.105086821955,481.24944,145136.478279882,2029,20260917
"male",39,342.178109304059,962.49888,164347.78498704,2029,20260917
"male",40,290.262803814011,481.24944,139444.601657082,2029,20260917
"male",41,326.179681564242,481.24944,156650.405552154,2029,20260917
"male",42,365.576841351761,0,175508.024614024,2029,20260917
"male",43,352.32412272805,0,169148.795654952,2029,20260917
"male",44,334.750475343077,0,160722.445641736,2029,20260917
"male",45,383.543825740661,0,184086.607506628,2029,20260917
"male",46,395.559961439668,0,189844.905018354,2029,20260917
"male",47,402.491769823746,962.49888,193158.940083034,2029,20260917
"male",48,476.131419090412,481.24944,228356.250775235,2029,20260917
"male",49,441.138159571823,0,211587.262782737,2029,20260917
"male",50,449.745712661701,962.49888,215670.780322603,2029,20260917
"male",51,503.779423275715,481.24944,241456.04118198,2029,20260917
"male",52,486.68938925304,962.49888,233311.46131315,2029,20260917
"male",53,578.744813499194,481.24944,277251.884220785,2029,20260917
"male",54,663.124251375735,962.49888,317493.476584982,2029,20260917
"male",55,762.978895692338,0,365035.06002814,2029,20260917
"male",56,796.114114150426,962.49888,380728.722812695,2029,20260917
"male",57,797.157099106886,1443.74832,381129.598715731,2029,20260917
"male",58,866.33005648653,481.24944,413894.532899102,2029,20260917
"male",59,886.451969488662,962.49888,423370.781005331,2029,20260917
"male",60,1032.38952646331,481.24944,492450.757462658,2029,20260917
"male",61,1087.67169882126,1443.74832,518572.960881677,2029,20260917
"male",62,1173.02597527769,481.24944,558808.591887608,2029,20260917
"male",63,1249.39479536288,481.24944,594711.775209486,2029,20260917
"male",64,1294.41587465577,2887.49664,615776.605161779,2029,20260917
"male",65,1435.57259426222,962.49888,681908.208488052,2029,20260917
"female",15,20.9127279859757,0,10062.6766957238,2030,20260917
"female",16,36.8214107859801,0,17715.2987020413,2030,20260917
"female",17,42.208341314126,0,20306.2386350714,2030,20260917
"female",18,36.2052255548745,0,17419.0123271207,2030,20260917
"female",19,40.8079195933952,0,19632.8831813136,2030,20260917
"female",20,54.1632351867765,0,26055.6603264439,2030,20260917
"female",21,41.5268024720187,0,19978.5472860038,2030,20260917
"female",22,42.0542962728335,0,20232.1282750893,2030,20260917
"female",23,43.4593868215138,962.49888,20907.7051258492,2030,20260917
"female",24,47.0071130428393,481.24944,22613.8084555185,2030,20260917
"female",25,51.1010028087255,0,24582.5487885531,2030,20260917
"female",26,36.9567836197521,0,17780.4284766812,2030,20260917
"female",27,60.1243637833789,0,28921.905904249,2030,20260917
"female",28,58.210440887443,0,28002.0577501719,2030,20260917
"female",29,72.737486122558,481.24944,34986.8787427833,2030,20260917
"female",30,74.2219246148551,0,35700.8966763095,2030,20260917
"female",31,68.0133627226613,0,32716.4707308336,2030,20260917
"female",32,85.2852566605155,0,41020.3912938321,2030,20260917
"female",33,82.9278545155257,0,39887.6924343742,2030,20260917
"female",34,116.36544199353,0,55959.5205139755,2030,20260917
"female",35,96.5306303797314,0,46427.8246077785,2030,20260917
"female",36,124.525251246312,481.24944,59882.3666731822,2030,20260917
"female",37,131.205308661311,962.49888,63092.8708484822,2030,20260917
"female",38,151.170873303506,0,72685.9758689661,2030,20260917
"female",39,166.183595503033,0,79898.1864656777,2030,20260917
"female",40,150.802072891514,0,72509.3532279413,2030,20260917
"female",41,168.732518459206,481.24944,81118.9383385593,2030,20260917
"female",42,187.181259465891,962.49888,89973.4013765308,2030,20260917
"female",43,182.924039588885,0,87924.4993180343,2030,20260917
"female",44,213.580233291036,481.24944,102634.818108451,2030,20260917
"female",45,226.749392608245,481.24944,108950.483692762,2030,20260917
"female",46,247.0515780831,962.49888,118689.304900486,2030,20260917
"female",47,219.961677745317,481.24944,105697.279171669,2030,20260917
"female",48,274.402867737073,0,131807.721700774,2030,20260917
"female",49,254.404230953192,481.24944,122211.00114495,2030,20260917
"female",50,238.784566587137,1443.74832,114709.837982212,2030,20260917
"female",51,281.490422810901,0,135171.448424698,2030,20260917
"female",52,289.744219867998,0,139120.035520692,2030,20260917
"female",53,370.320243409783,481.24944,177704.704229237,2030,20260917
"female",54,344.092860042604,481.24944,165160.796949537,2030,20260917
"female",55,441.802759118653,1443.74832,211920.224423575,2030,20260917
"female",56,498.496783560014,0,239026.301299003,2030,20260917
"female",57,484.07160376875,1924.99776,232116.291407803,2030,20260917
"female",58,555.856615054564,481.24944,266361.327024564,2030,20260917
"female",59,536.109145946429,481.24944,256913.540597539,2030,20260917
"female",60,548.294683011017,0,262714.681340167,2030,20260917
"female",61,678.966943938203,962.49888,324999.624624966,2030,20260917
"female",62,755.890054664696,0,361615.553151441,2030,20260917
"female",63,818.990284224439,962.49888,391607.502117682,2030,20260917
"female",64,856.575757636506,962.49888,409447.353571922,2030,20260917
"female",65,949.172980959862,1443.74832,453350.3039173,2030,20260917
"male",15,51.7881687668162,0,24913.8422367509,2030,20260917
"male",16,65.4039255488646,0,31460.4334893091,2030,20260917
"male",17,72.0708412712902,0,34665.6979167608,2030,20260917
"male",18,87.7513355415036,0,42203.5439466239,2030,20260917
"male",19,105.869527625797,0,50911.1341926712,2030,20260917
"male",20,118.58962693633,0,57023.1932607099,2030,20260917
"male",21,117.875674993229,0,56679.357181658,2030,20260917
"male",22,146.199546716152,0,70282.654568877,2030,20260917
"male",23,137.567855392031,0,66135.6354972808,2030,20260917
"male",24,139.323305082168,0,66978.9328999637,2030,20260917
"male",25,142.052041844771,0,68288.8203967103,2030,20260917
"male",26,143.125220831642,0,68806.0326283493,2030,20260917
"male",27,155.317904579318,0,74662.6000659866,2030,20260917
"male",28,176.342546130393,962.49888,84759.6951762103,2030,20260917
"male",29,170.048121325997,0,81740.4435441932,2030,20260917
"male",30,169.484111411495,481.24944,81470.8711601568,2030,20260917
"male",31,185.96997538602,0,89388.8460957364,2030,20260917
"male",32,203.33822798916,0,97728.7958967899,2030,20260917
"male",33,218.928278187665,481.24944,105214.745040056,2030,20260917
"male",34,232.262704383064,1443.74832,111615.742953404,2030,20260917
"male",35,234.454526234782,0,112672.239730891,2030,20260917
"male",36,243.532096781013,0,117030.234105996,2030,20260917
"male",37,273.684971784809,0,131499.14770226,2030,20260917
"male",38,299.608350567229,0,143937.003252776,2030,20260917
"male",39,345.02959354826,0,165717.349861932,2030,20260917
"male",40,303.724267179298,962.49888,145911.597675961,2030,20260917
"male",41,343.033950824401,0,164744.803407432,2030,20260917
"male",42,384.20496065631,481.24944,184451.10867079,2030,20260917
"male",43,362.720572251173,0,174140.071592311,2030,20260917
"male",44,342.613741542411,0,164497.805103119,2030,20260917
"male",45,383.543825740661,0,184086.607506628,2030,20260917
"male",46,391.630557849208,0,187959.028478437,2030,20260917
"male",47,405.175048289237,481.24944,194446.666350254,2030,20260917
"male",48,492.549743886633,481.24944,236230.604250243,2030,20260917
"male",49,466.898052101564,481.24944,223942.723383189,2030,20260917
"male",50,466.84631010131,481.24944,223871.190220801,2030,20260917
"male",51,513.580579370573,0,246153.629531824,2030,20260917
"male",52,479.230548038435,481.24944,229735.806733638,2030,20260917
"male",53,569.9759526886,962.49888,273051.098096227,2030,20260917
"male",54,648.333375880365,481.24944,310411.837702046,2030,20260917
"male",55,757.348055133723,0,362341.074345276,2030,20260917
"male",56,814.207616744754,0,389381.648331165,2030,20260917
"male",57,825.402823090988,481.24944,394634.19079621,2030,20260917
"male",58,883.796388270533,962.49888,422239.180739809,2030,20260917
"male",59,901.043771455554,0,430339.847359328,2030,20260917
"male",60,1023.8924933237,962.49888,488397.664808645,2030,20260917
"male",61,1078.71966837829,481.24944,514304.870668659,2030,20260917
"male",62,1173.02597527769,481.24944,558808.591887608,2030,20260917
"male",63,1254.64435332659,481.24944,597210.564180955,2030,20260917
"male",64,1299.94756642781,2406.2472,618408.129115462,2030,20260917
"male",65,1448.05583421232,962.49888,687837.845083601,2030,20260917
"female",15,20.5392864147976,0,9882.98604044302,2031,20260917
"female",16,38.039766289928,0,18301.4666738,2031,20260917
"female",17,42.0542962728335,0,20232.1282750893,2031,20260917
"female",18,35.9438159840812,0,17293.2432850476,2031,20260917
"female",19,40.2290838544818,962.49888,19354.4025688127,2031,20260917
"female",20,54.3546247104047,0,26147.7297975621,2031,20260917
"female",21,42.5724413831846,0,20481.6042320542,2031,20260917
"female",22,43.1326115618805,0,20750.9007949634,2031,20260917
"female",23,44.9298172026929,0,21615.1086827388,2031,20260917
"female",24,47.5392690395507,0,22869.8138342602,2031,20260917
"female",25,51.1010028087255,0,24582.5487885531,2031,20260917
"female",26,36.5506651184362,0,17585.0391527616,2031,20260917
"female",27,59.0507144301043,0,28405.4432988159,2031,20260917
"female",28,56.6046356215825,0,27229.5871915465,2031,20260917
"female",29,72.2426732917923,0,34748.8727649412,2031,20260917
"female",30,73.2322989533237,0,35224.8847206253,2031,20260917
"female",31,66.2581791685281,0,31872.1747119734,2031,20260917
"female",32,84.4730161208915,0,40629.7209005575,2031,20260917
"female",33,81.1306564300499,0,39023.2532794497,2031,20260917
"female",34,115.301123926516,0,55447.6956312257,2031,20260917
"female",35,93.9678702811545,0,45195.2274942977,2031,20260917
"female",36,123.797033402766,0,59532.1773943916,2031,20260917
"female",37,129.692855535532,481.24944,62365.5755072894,2031,20260917
"female",38,149.453022470512,0,71859.9988704551,2031,20260917
"female",39,164.783171945423,481.24944,79224.8871415287,2031,20260917
"female",40,151.651662034565,0,72917.8566264085,2031,20260917
"female",41,176.154770004332,1443.74832,84687.2200836572,2031,20260917
"female",42,196.368069746426,0,94389.2738367287,2031,20260917
"female",43,192.334922654551,0,92447.9462282868,2031,20260917
"female",44,219.924200616513,962.49888,105683.377062167,2031,20260917
"female",45,231.314816620492,0,111144.117592616,2031,20260917
"female",46,247.0515780831,0,118689.304900486,2031,20260917
"female",47,216.343886992926,0,103958.837080029,2031,20260917
"female",48,275.308487762608,0,132242.730683284,2031,20260917
"female",49,263.08696921098,1443.74832,126382.025074812,2031,20260917
"female",50,252.527563225246,0,121311.843045937,2031,20260917
"female",51,291.993796796382,481.24944,140215.159186813,2031,20260917
"female",52,295.252665112637,481.24944,141764.903116143,2031,20260917
"female",53,364.793075597696,0,175052.39521089,2031,20260917
"female",54,337.790793008856,962.49888,162135.873928483,2031,20260917
"female",55,429.179823143834,481.24944,205865.360868616,2031,20260917
"female",56,491.475702101422,0,235659.733675073,2031,20260917
"female",57,492.777927577541,962.49888,236291.044850389,2031,20260917
"female",58,572.32644068581,481.24944,274253.514491958,2031,20260917
"female",59,548.293444717939,481.24944,262752.484702028,2031,20260917
"female",60,554.596920746776,481.24944,265734.390321088,2031,20260917
"female",61,671.222073855258,0,321292.40457221,2031,20260917
"female",62,747.332808762832,962.49888,357521.792172368,2031,20260917
"female",63,815.899754850007,0,390129.737958747,2031,20260917
"female",64,856.575757636506,1443.74832,409447.353571922,2031,20260917
"female",65,952.795778597113,481.24944,455080.64858874,2031,20260917
"male",15,50.5466715703514,0,24316.5925940891,2031,20260917
"male",16,67.9551425028983,0,32687.6135190339,2031,20260917
"male",17,72.0708412712902,481.24944,34665.6979167608,2031,20260917
"male",18,86.532566992316,0,41617.3836140319,2031,20260917
"male",19,105.505714816087,0,50736.1818414936,2031,20260917
"male",20,118.58962693633,0,57023.1932607099,2031,20260917
"male",21,120.740708760425,0,58056.98044649,2031,20260917
"male",22,150.347051587532,0,72276.4887410437,2031,20260917
"male",23,142.070076113952,0,68300.0744771919,2031,20260917
"male",24,139.323305082168,481.24944,66978.9328999637,2031,20260917
"male",25,143.607356171539,0,69036.5082112728,2031,20260917
"male",26,140.5785087172,0,67581.7259979516,2031,20260917
"male",27,153.153195107829,481.24944,73622.0063368439,2031,20260917
"male",28,172.172283215147,962.49888,82755.2429254216,2031,20260917
"male",29,166.69190840509,0,80127.1453163473,2031,20260917
"male",30,168.383565233498,0,80941.8395292467,2031,20260917
"male",31,181.276726795837,0,87132.976162721,2031,20260917
"male",32,200.200292372043,0,96220.6354662838,2031,20260917
"male",33,214.971743039695,0,103313.273744151,2031,20260917
"male",34,230.188930236787,962.49888,110619.173819891,2031,20260917
"male",35,228.355998095727,481.24944,109741.458928642,2031,20260917
"male",36,241.444678808605,0,116027.117813658,2031,20260917
"male",37,271.365607617141,481.24944,130384.748145461,2031,20260917
"male",38,295.447123476017,481.24944,141937.878207598,2031,20260917
"male",39,342.178109304059,0,164347.78498704,2031,20260917
"male",40,306.248291560289,962.49888,147124.159429501,2031,20260917
"male",41,357.905364877482,0,171886.91916209,2031,20260917
"male",42,402.833079960858,0,193394.192727555,2031,20260917
"male",43,381.203149181169,481.24944,183013.451036505,2031,20260917
"male",44,352.723655227269,0,169351.838696326,2031,20260917
"male",45,392.553244466113,481.24944,188410.789562153,2031,20260917
"male",46,391.630557849208,481.24944,187959.028478437,2031,20260917
"male",47,401.150130591,962.49888,192515.076949424,2031,20260917
"male",48,495.833408845877,0,237805.474945245,2031,20260917
"male",49,482.997984932653,481.24944,231664.886258471,2031,20260917
"male",50,494.207266004683,962.49888,236991.846057917,2031,20260917
"male",51,535.143122779262,962.49888,256488.323901481,2031,20260917
"male",52,488.554099556692,0,234205.374958028,2031,20260917
"male",53,561.207091878007,1443.74832,268850.31197167,2031,20260917
"male",54,638.472792216786,962.49888,305690.745113421,2031,20260917
"male",55,737.640113178571,481.24944,352912.12445525,2031,20260917
"male",56,808.176449213311,962.49888,386497.339825009,2031,20260917
"male",57,844.233305747056,481.24944,403637.252183195,2031,20260917
"male",58,915.235785481738,481.24944,437259.546853083,2031,20260917
"male",59,919.283523914168,1924.99776,439051.180301825,2031,20260917
"male",60,1040.88655960293,0,496503.850116672,2031,20260917
"male",61,1074.2436531568,1443.74832,512170.82556215,2031,20260917
"male",62,1168.15864757944,962.49888,556489.884037452,2031,20260917
"male",63,1254.64435332659,962.49888,597210.564180955,2031,20260917
"male",64,1311.01094997187,481.24944,623671.177022828,2031,20260917
"male",65,1454.29745418737,1443.74832,690802.663381375,2031,20260917
"female",15,19.6430266439701,0,9451.72846776915,2032,20260917
"female",16,37.3629021210681,0,17975.8178006007,2032,20260917
"female",17,43.4407016444654,0,20899.1215149275,2032,20260917
"female",18,35.8131111986846,0,17230.3587640111,2032,20260917
"female",19,40.0843749197534,0,19284.7824156875,2032,20260917
"female",20,53.5890666158919,0,25779.4519130894,2032,20260917
"female",21,42.5724413831846,0,20481.6042320542,2032,20260917
"female",22,44.2109268509276,0,21269.6733148375,2032,20260917
"female",23,46.0734852769432,0,22165.3114492085,2032,20260917
"female",24,49.1357370296849,0,23637.8299704854,2032,20260917
"female",25,51.6751713796101,0,24858.7572019076,2032,20260917
"female",26,36.4152922846642,0,17519.9093781217,2032,20260917
"female",27,58.1917949474846,0,27992.2732144695,2032,20260917
"female",28,55.6010073304197,0,26746.7930924056,2032,20260917
"female",29,70.2634219687295,0,33796.848853573,2032,20260917
"female",30,72.737486122558,0,34986.8787427833,2032,20260917
"female",31,65.3805873914615,481.24944,31450.0267025433,2032,20260917
"female",32,82.0362945020197,0,39457.7097207337,2032,20260917
"female",33,80.6171712627711,0,38776.270663757,2032,20260917
"female",34,112.817715103483,0,54253.4375714762,2032,20260917
"female",35,92.828865792898,0,44647.4065549729,2032,20260917
"female",36,120.520053106811,0,57956.3256398342,2032,20260917
"female",37,128.936628972643,0,62001.9278366929,2032,20260917
"female",38,147.735171637517,0,71034.0218719441,2032,20260917
"female",39,162.915940535277,0,78327.1547093301,2032,20260917
"female",40,150.377278319989,0,72305.1015287076,2032,20260917
"female",41,177.144403543682,0,85162.9909830036,2032,20260917
"female",42,204.980704384427,0,98529.1542681641,2032,20260917
"female",43,201.157625528613,481.24944,96688.6777066486,2032,20260917
"female",44,230.497479492307,481.24944,110764.308651695,2032,20260917
"female",45,237.40204863682,0,114068.962792422,2032,20260917
"female",46,252.009134833931,962.49888,121071.030082436,2032,20260917
"female",47,216.343886992926,0,103958.837080029,2032,20260917
"female",48,271.686007660468,0,130502.694753241,2032,20260917
"female",49,263.955243036759,0,126799.127467798,2032,20260917
"female",50,260.257998834182,0,125025.470894282,2032,20260917
"female",51,308.799195173152,0,148285.096406198,2032,20260917
"female",52,306.269555601915,0,147054.638307044,2032,20260917
"female",53,370.320243409783,0,177704.704229237,2032,20260917
"female",54,332.749139381858,481.24944,159715.93551164,2032,20260917
"female",55,422.868355156425,0,202837.929091136,2032,20260917
"female",56,477.433539184238,0,228926.598427214,2032,20260917
"female",57,485.812868530509,0,232951.24209632,2032,20260917
"female",58,582.620081705339,0,279186.13165908,2032,20260917
"female",59,564.539176413285,962.49888,270537.743508014,2032,20260917
"female",60,565.100650306374,481.24944,270767.238622624,2032,20260917
"female",61,678.966943938203,0,324999.624624966,2032,20260917
"female",62,741.627978161589,1443.74832,354792.61818632,2032,20260917
"female",63,806.628166726711,481.24944,385696.445481943,2032,20260917
"female",64,853.331152493943,962.49888,407896.416626574,2032,20260917
"female",65,952.795778597113,481.24944,455080.64858874,2032,20260917
"male",15,48.0636771774219,0,23122.0933087654,2032,20260917
"male",16,66.3316408048769,0,31906.6807728454,2032,20260917
"male",17,74.8721813913757,0,36013.1278711225,2032,20260917
"male",18,86.532566992316,0,41617.3836140319,2032,20260917
"male",19,104.050463577244,0,50036.3724367833,2032,20260917
"male",20,117.780141428232,481.24944,56633.9564466437,2032,20260917
"male",21,120.331418222254,0,57860.1771229426,2032,20260917
"male",22,153.457680241067,0,73771.8643701688,2032,20260917
"male",23,145.571803342113,0,69983.5270171226,2032,20260917
"male",24,144.371250918479,0,69405.7058311218,2032,20260917
"male",25,144.125794280462,0,69285.7374827936,2032,20260917
"male",26,142.106535985865,481.24944,68316.3099761902,2032,20260917
"male",27,150.447308268468,0,72321.2641754156,2032,20260917
"male",28,169.789275835007,481.24944,81609.8416392566,2032,20260917
"male",29,162.77632666403,0,78244.9640505271,2032,20260917
"male",30,165.081926699508,962.49888,79354.7446365164,2032,20260917
"male",31,180.690070722064,481.24944,86850.9924210941,2032,20260917
"male",32,195.179595384657,1443.74832,93807.5787774742,2032,20260917
"male",33,211.015207891725,0,101411.802448246,2032,20260917
"male",34,226.041381944232,0,108626.035552866,2032,20260917
"male",35,226.323155382709,481.24944,108764.531994559,2032,20260917
"male",36,235.182424891379,481.24944,113017.768936647,2032,20260917
"male",37,269.046243449474,481.24944,129270.348588662,2032,20260917
"male",38,292.95038722129,0,140738.403180492,2032,20260917
"male",39,338.376130311792,481.24944,162521.698487184,2032,20260917
"male",40,303.724267179298,481.24944,145911.597675961,2032,20260917
"male",41,360.879647688098,481.24944,173315.342313021,2032,20260917
"male",42,420.296941808872,962.49888,201778.334030773,2032,20260917
"male",43,399.685726111165,0,191886.8304807,2032,20260917
"male",44,370.696835111461,962.49888,177981.231750916,2032,20260917
"male",45,404.136782827408,0,193970.45220497,2032,20260917
"male",46,399.489365030128,0,191730.781558271,2032,20260917
"male",47,399.808491358254,0,191871.213815813,2032,20260917
"male",48,489.266078927389,0,234655.733555241,2032,20260917
"male",49,484.607978215762,481.24944,232437.102545999,2032,20260917
"male",50,513.017923188253,0,246012.296945935,2032,20260917
"male",51,566.506822282808,0,271520.606620982,2032,20260917
"male",52,509.065912896858,0,244038.425051685,2032,20260917
"male",53,572.168167891249,0,274101.294627367,2032,20260917
"male",54,631.077354469101,0,302149.925671953,2032,20260917
"male",55,729.193852340648,481.24944,348871.145930953,2032,20260917
"male",56,787.067362853262,962.49888,376402.26005346,2032,20260917
"male",57,837.956478195033,0,400636.231720867,2032,20260917
"male",58,936.195383622541,481.24944,447273.124261933,2032,20260917
"male",59,952.115078339674,1443.74832,454731.579598318,2032,20260917
"male",60,1062.12914245197,481.24944,506636.581751706,2032,20260917
"male",61,1092.14771404275,481.24944,520707.005988186,2032,20260917
"male",62,1158.42399218295,962.49888,551852.46833714,2032,20260917
"male",63,1249.39479536288,481.24944,594711.775209486,2032,20260917
"male",64,1311.01094997187,481.24944,623671.177022828,2032,20260917
"male",65,1466.78069413748,962.49888,696732.299976923,2032,20260917
"female",15,18.5973902446713,0,8948.59463298295,2033,20260917
"female",16,35.7384281158042,0,17194.2605049225,2033,20260917
"female",17,42.6704764380033,0,20528.5697150174,2033,20260917
"female",18,37.1201590526511,481.24944,17859.2039743764,2033,20260917
"female",19,39.9396659850251,481.24944,19215.1622625623,2033,20260917
"female",20,53.2062875686356,0,25595.312970853,2033,20260917
"female",21,41.974933433947,0,20194.1431200254,2033,20260917
"female",22,44.2109268509276,0,21269.6733148375,2033,20260917
"female",23,47.0537721977293,0,22636.9138204683,2033,20260917
"female",24,50.3774343553448,0,24235.1758542161,2033,20260917
"female",25,53.2062875686356,0,25595.312970853,2033,20260917
"female",26,36.6860379522081,0,17650.1689274015,2033,20260917
"female",27,57.9770650768296,0,27888.9806933829,2033,20260917
"female",28,54.7981046974894,0,26360.5578130928,2033,20260917
"female",29,68.7789834764324,0,33082.8309200468,2033,20260917
"female",30,70.5108283841124,0,33915.851842494,2033,20260917
"female",31,64.9417915029282,0,31238.9526978282,2033,20260917
"female",32,80.9533071158544,481.24944,38936.8158630342,2033,20260917
"female",33,78.3064880100166,0,37664.8488931398,2033,20260917
"female",34,111.753397036469,0,53741.6126887265,2033,20260917
"female",35,90.8356079384493,0,43688.7199111544,2033,20260917
"female",36,119.063617419719,0,57255.9470822531,2033,20260917
"female",37,125.533609439641,0,60365.5133190089,2033,20260917
"female",38,146.87624622102,0,70621.0333726886,2033,20260917
"female",39,161.048709125131,0,77429.4222771315,2033,20260917
"female",40,148.253305462362,481.24944,71283.8430325394,2033,20260917
"female",41,175.165136464982,481.24944,84211.4491843108,2033,20260917
"female",42,206.129055669494,0,99081.1383256889,2033,20260917
"female",43,209.980328402675,0,100929.40918501,2033,20260917
"female",44,241.775643626487,0,116183.969013857,2033,20260917
"female",45,249.576512669478,0,119918.653192033,2033,20260917
"female",46,258.619210501706,0,124246.663658369,2033,20260917
"female",47,220.685235895795,0,106044.967589996,2033,20260917
"female",48,270.780387634933,481.24944,130067.68577073,2033,20260917
"female",49,260.482147733644,481.24944,125130.717895853,2033,20260917
"female",50,261.975873413945,0,125850.721527247,2033,20260917
"female",51,319.302569158634,962.49888,153328.807168314,2033,20260917
"female",52,323.896580384759,962.49888,155518.214612485,2033,20260917
"female",53,384.138162939998,0,184335.476775104,2033,20260917
"female",54,337.790793008856,0,162135.873928483,2033,20260917
"female",55,416.556887169015,481.24944,199810.497313656,2033,20260917
"female",56,470.412457725647,481.24944,225560.030803284,2033,20260917
"female",57,473.624015198202,0,227106.587276699,2033,20260917
"female",58,574.385168889716,481.24944,275240.037925383,2033,20260917
"female",59,574.692758722876,962.49888,275403.530261756,2033,20260917
"female",60,581.906617601731,0,278819.795905081,2033,20260917
"female",61,691.875060743112,0,331178.324712893,2033,20260917
"female",62,747.332808762832,0,357521.792172368,2033,20260917
"female",63,800.447107977848,1443.74832,382740.917164074,2033,20260917
"female",64,843.597337066256,1443.74832,403243.60579053,2033,20260917
"female",65,949.172980959862,1443.74832,453350.3039173,2033,20260917
"male",15,45.7580395268445,0,22012.9154009649,2033,20260917
"male",16,63.0846374088339,0,30344.8152804683,2033,20260917
"male",17,73.0895104058667,0,35155.6724456196,2033,20260917
"male",18,89.8841805025818,0,43229.3245286599,2033,20260917
"male",19,103.686650767533,0,49861.4200856058,2033,20260917
"male",20,116.161170412037,0,55855.4828185111,2033,20260917
"male",21,119.922127684083,481.24944,57663.3737993951,2033,20260917
"male",22,152.939242132144,0,73522.6350986479,2033,20260917
"male",23,149.073530570274,0,71666.9795570534,2033,20260917
"male",24,147.904813003896,0,71104.4468829324,2033,20260917
"male",25,148.791737260764,0,71528.8009264812,2033,20260917
"male",26,142.615878408754,481.24944,68561.1713022698,2033,20260917
"male",27,152.070840372085,0,73101.7094722726,2033,20260917
"male",28,166.214764764796,0,79891.7397100091,2033,20260917
"male",29,159.979482563274,0,76900.5488606555,2033,20260917
"male",30,160.679741987521,962.49888,77238.6181128759,2033,20260917
"male",31,176.583478205653,0,84877.1062297056,2033,20260917
"male",32,193.92442113781,481.24944,93204.3146052718,2033,20260917
"male",33,205.739827694432,0,98876.5073870402,2033,20260917
"male",34,221.893833651678,0,106632.897285841,2033,20260917
"male",35,222.257469956672,481.24944,106810.678126393,2033,20260917
"male",36,233.09500691897,481.24944,112014.65264431,2033,20260917
"male",37,262.08815094647,0,125927.149918266,2033,20260917
"male",38,289.621405548321,0,139139.10314435,2033,20260917
"male",39,335.524646067592,481.24944,161152.133612292,2033,20260917
"male",40,299.517559877646,481.24944,143890.661420061,2033,20260917
"male",41,357.905364877482,481.24944,171886.91916209,2033,20260917
"male",42,424.953971635009,0,204014.105044964,2033,20260917
"male",43,417.013141983036,481.24944,200205.623709632,2033,20260917
"male",44,388.670014995653,481.24944,186610.624805506,2033,20260917
"male",45,424.729739914155,0,203854.296903313,2033,20260917
"male",46,411.277575801509,0,197388.411178024,2033,20260917
"male",47,409.199965987475,962.49888,196378.255751084,2033,20260917
"male",48,489.266078927389,481.24944,234655.733555241,2033,20260917
"male",49,479.777998366435,0,230120.453683414,2033,20260917
"male",50,514.727982932213,0,246832.337935755,2033,20260917
"male",51,586.109134472525,481.24944,280915.78332067,2033,20260917
"male",52,538.901277755282,0,258341.043369733,2033,20260917
"male",53,596.282535120382,481.24944,285653.456469899,2033,20260917
"male",54,643.403084048576,962.49888,308051.291407733,2033,20260917
"male",55,717.932171223418,962.49888,343483.174565224,2033,20260917
"male",56,778.020611556098,481.24944,372075.797294225,2033,20260917
"male",57,815.987581762954,962.49888,390132.660102717,2033,20260917
"male",58,929.20885090894,962.49888,443935.265125649,2033,20260917
"male",59,974.002781290012,481.24944,465185.179129314,2033,20260917
"male",60,1100.36579158024,481.24944,524875.498694768,2033,20260917
"male",61,1114.52779015018,962.49888,531377.231520731,2033,20260917
"male",62,1177.89330297594,962.49888,561127.299737765,2033,20260917
"male",63,1238.89567943546,962.49888,589714.197266549,2033,20260917
"male",64,1305.47925819984,481.24944,621039.653069145,2033,20260917
"male",65,1466.78069413748,1443.74832,696732.299976923,2033,20260917
"female",15,18.6720785589069,0,8984.53276403911,2034,20260917
"female",16,33.7078356092245,0,16217.3138853246,2034,20260917
"female",17,40.6678909012017,0,19565.1350352512,2034,20260917
"female",18,36.3359303402712,0,17481.8968481572,2034,20260917
"female",19,41.2420463975802,0,19841.7436406893,2034,20260917
"female",20,53.0148980450074,0,25503.2434997349,2034,20260917
"female",21,41.6761794593281,0,20050.412564011,2034,20260917
"female",22,43.5947466857578,0,20973.2318749095,2034,20260917
"female",23,47.0537721977293,0,22636.9138204683,2034,20260917
"female",24,51.4417463487676,0,24747.1866116995,2034,20260917
"female",25,54.5460142340329,0,26239.7992686803,2034,20260917
"female",26,37.904393456156,0,18236.3368991602,2034,20260917
"female",27,58.6212546887944,0,28198.8582566427,2034,20260917
"female",28,54.5973790392568,0,26263.9989932647,2034,20260917
"female",29,67.789357814901,0,32606.8189643627,2034,20260917
"female",30,69.2737963071981,481.24944,33320.8368978888,2034,20260917
"female",31,62.9672100045284,0,30289.1196766105,2034,20260917
"female",32,80.4118134227717,0,38676.3689341845,2034,20260917
"female",33,77.0227750918196,0,37047.392353908,2034,20260917
"female",34,108.560442835427,0,52206.1380404771,2034,20260917
"female",35,89.981354572257,0,43277.8542066608,2034,20260917
"female",36,116.514854967309,0,56030.2846064862,2034,20260917
"female",37,124.021156313862,0,59638.2179778161,2034,20260917
"female",38,143.011081846783,0,68762.5851260389,2034,20260917
"female",39,160.115093420057,0,76980.5560610322,2034,20260917
"female",40,146.978921747786,0,70671.0879348385,2034,20260917
"female",41,173.185869386282,481.24944,83259.907385618,2034,20260917
"female",42,203.83235309936,0,97977.1702106394,2034,20260917
"female",43,211.156688785883,481.24944,101494.840048792,2034,20260917
"female",44,251.644037243894,0,120926.171830749,2034,20260917
"female",45,260.990072700094,0,125402.737941669,2034,20260917
"female",46,271.013102378785,0,130200.976613243,2034,20260917
"female",47,226.473701099619,481.24944,108826.474936619,2034,20260917
"female",48,276.214107788143,0,132677.739665795,2034,20260917
"female",49,260.482147733644,962.49888,125130.717895853,2034,20260917
"female",50,257.681186964536,481.24944,123787.594944834,2034,20260917
"female",51,320.352906557182,0,153833.178244525,2034,20260917
"female",52,334.913470874036,0,160807.949803386,2034,20260917
"female",53,406.246834188343,0,194944.712848491,2034,20260917
"female",54,350.394927076351,0,168185.719970591,2034,20260917
"female",55,422.868355156425,481.24944,202837.929091136,2034,20260917
"female",56,461.636105902407,0,221351.821273372,2034,20260917
"female",57,464.917691389411,481.24944,222931.833834113,2034,20260917
"female",58,559.974071462375,962.49888,268334.373891413,2034,20260917
"female",59,564.539176413285,481.24944,270537.743508014,2034,20260917
"female",60,592.410347161329,0,283852.644206617,2034,20260917
"female",61,712.528047630966,1443.74832,341064.244853577,2034,20260917
"female",62,764.447300566561,962.49888,365709.314130514,2034,20260917
"female",63,806.628166726711,0,385696.445481943,2034,20260917
"female",64,837.108126781131,481.24944,400141.731899833,2034,20260917
"female",65,938.304588048108,962.49888,448159.26990298,2034,20260917
"male",15,45.9353962691966,0,22098.236778488,2034,20260917
"male",16,59.837634012791,0,28782.9497880913,2034,20260917
"male",17,69.5241684348488,0,33440.7615946138,2034,20260917
"male",18,87.7513355415036,0,42203.5439466239,2034,20260917
"male",19,107.68859167435,0,51785.895948559,2034,20260917
"male",20,116.161170412037,0,55855.4828185111,2034,20260917
"male",21,117.875674993229,0,56679.357181658,2034,20260917
"male",22,152.420804023222,0,73273.4058271271,2034,20260917
"male",23,148.573283823394,0,71426.4863370633,2034,20260917
"male",24,150.933580505682,0,72560.5106416273,2034,20260917
"male",25,152.420804023222,0,73273.4058271271,2034,20260917
"male",26,146.690617791861,0,70520.061910906,2034,20260917
"male",27,152.070840372085,0,73101.7094722726,2034,20260917
"male",28,168.002020299901,0,80750.7906746328,2034,20260917
"male",29,157.182638462517,481.24944,75556.1336707839,2034,20260917
"male",30,158.478649631527,0,76180.5548510557,2034,20260917
"male",31,171.89022961547,0,82621.2362966901,2034,20260917
"male",32,189.531311273847,0,91092.8900025634,2034,20260917
"male",33,204.420982645109,0,98242.6836217386,2034,20260917
"male",34,216.363769261605,0,103975.379596474,2034,20260917
"male",35,218.191784530635,0,104856.824258228,2034,20260917
"male",36,228.920170974153,0,110008.420059636,2034,20260917
"male",37,259.768786778802,0,124812.750361467,2034,20260917
"male",38,282.13119678414,481.24944,135540.67806303,2034,20260917
"male",39,331.722667075324,481.24944,159326.047112436,2034,20260917
"male",40,296.993535496654,0,142678.099666522,2034,20260917
"male",41,352.948226859788,0,169506.213910537,2034,20260917
"male",42,420.296941808872,481.24944,201778.334030773,2034,20260917
"male",43,421.633786215535,481.24944,202423.96857068,2034,20260917
"male",44,405.519871137084,481.24944,194700.680794184,2034,20260917
"male",45,445.322697000902,481.24944,213738.141601655,2034,20260917
"male",46,432.234394950631,962.49888,207446.419390917,2034,20260917
"male",47,421.274719082187,481.24944,202173.023953575,2034,20260917
"male",48,500.758906284744,481.24944,240167.780987747,2034,20260917
"male",49,479.777998366435,0,230120.453683414,2034,20260917
"male",50,509.597803700331,0,244372.214966295,2034,20260917
"male",51,590.029596910468,481.24944,282794.818660607,2034,20260917
"male",52,557.548380791797,481.24944,267280.179818513,2034,20260917
"male",53,631.357978362757,0,302456.600968129,2034,20260917
"male",54,668.054543207525,0,319854.022879294,2034,20260917
"male",55,732.009272619956,1443.74832,350218.138772386,2034,20260917
"male",56,765.958276493213,1443.74832,366307.180281911,2034,20260917
"male",57,806.57234043492,1443.74832,385631.129409224,2034,20260917
"male",58,904.755986411336,481.24944,432252.758148659,2034,20260917
"male",59,963.058929814843,481.24944,459958.379363816,2034,20260917
"male",60,1125.85689099908,1924.99776,537034.776656809,2034,20260917
"male",61,1154.81192714356,481.24944,550583.637479312,2034,20260917
"male",62,1202.22994146717,1443.74832,572720.838988545,2034,20260917
"male",63,1259.8939112903,1443.74832,599709.353152423,2034,20260917
"male",64,1299.94756642781,1924.99776,618408.129115462,2034,20260917
"male",65,1460.53907416243,3849.99552,693767.481679149,2034,20260917
