"year","file","variable","value","n"
"2008","__enpg/enpg2008.RDS","q11","1",16044
"2008","__enpg/enpg2008.RDS","q11","2",590
"2008","__enpg/enpg2008.RDS","q11",NA,479
"2008","__enpg/enpg2008.RDS","q12","0",34
"2008","__enpg/enpg2008.RDS","q12","1",13931
"2008","__enpg/enpg2008.RDS","q12","2",3145
"2008","__enpg/enpg2008.RDS","q12","9",3
"2008","__enpg/enpg2008.RDS","q13","1",934
"2008","__enpg/enpg2008.RDS","q13","2",589
"2008","__enpg/enpg2008.RDS","q13","3",12180
"2008","__enpg/enpg2008.RDS","q13","9",111
"2008","__enpg/enpg2008.RDS","q13",NA,3299
"2008","__enpg/enpg2008.RDS","q14","0",1
"2008","__enpg/enpg2008.RDS","q14","1",3
"2008","__enpg/enpg2008.RDS","q14","2",1
"2008","__enpg/enpg2008.RDS","q14","3",1
"2008","__enpg/enpg2008.RDS","q14","4",2
"2008","__enpg/enpg2008.RDS","q14","5",5
"2008","__enpg/enpg2008.RDS","q14","6",4
"2008","__enpg/enpg2008.RDS","q14","7",13
"2008","__enpg/enpg2008.RDS","q14","8",45
"2008","__enpg/enpg2008.RDS","q14","9",15
"2008","__enpg/enpg2008.RDS","q14","10",91
"2008","__enpg/enpg2008.RDS","q14","11",72
"2008","__enpg/enpg2008.RDS","q14","12",291
"2008","__enpg/enpg2008.RDS","q14","13",370
"2008","__enpg/enpg2008.RDS","q14","14",723
"2008","__enpg/enpg2008.RDS","q14","15",1602
"2008","__enpg/enpg2008.RDS","q14","16",1205
"2008","__enpg/enpg2008.RDS","q14","17",1617
"2008","__enpg/enpg2008.RDS","q14","18",2526
"2008","__enpg/enpg2008.RDS","q14","19",579
"2008","__enpg/enpg2008.RDS","q14","20",1788
"2008","__enpg/enpg2008.RDS","q14","21",397
"2008","__enpg/enpg2008.RDS","q14","22",397
"2008","__enpg/enpg2008.RDS","q14","23",202
"2008","__enpg/enpg2008.RDS","q14","24",158
"2008","__enpg/enpg2008.RDS","q14","25",629
"2008","__enpg/enpg2008.RDS","q14","26",82
"2008","__enpg/enpg2008.RDS","q14","27",76
"2008","__enpg/enpg2008.RDS","q14","28",102
"2008","__enpg/enpg2008.RDS","q14","29",30
"2008","__enpg/enpg2008.RDS","q14","30",370
"2008","__enpg/enpg2008.RDS","q14","31",14
"2008","__enpg/enpg2008.RDS","q14","32",28
"2008","__enpg/enpg2008.RDS","q14","33",17
"2008","__enpg/enpg2008.RDS","q14","34",17
"2008","__enpg/enpg2008.RDS","q14","35",69
"2008","__enpg/enpg2008.RDS","q14","36",17
"2008","__enpg/enpg2008.RDS","q14","37",7
"2008","__enpg/enpg2008.RDS","q14","38",20
"2008","__enpg/enpg2008.RDS","q14","39",9
"2008","__enpg/enpg2008.RDS","q14","40",85
"2008","__enpg/enpg2008.RDS","q14","41",8
"2008","__enpg/enpg2008.RDS","q14","42",10
"2008","__enpg/enpg2008.RDS","q14","43",6
"2008","__enpg/enpg2008.RDS","q14","44",5
"2008","__enpg/enpg2008.RDS","q14","45",17
"2008","__enpg/enpg2008.RDS","q14","46",2
"2008","__enpg/enpg2008.RDS","q14","47",1
"2008","__enpg/enpg2008.RDS","q14","48",2
"2008","__enpg/enpg2008.RDS","q14","49",1
"2008","__enpg/enpg2008.RDS","q14","50",26
"2008","__enpg/enpg2008.RDS","q14","51",2
"2008","__enpg/enpg2008.RDS","q14","52",6
"2008","__enpg/enpg2008.RDS","q14","53",3
"2008","__enpg/enpg2008.RDS","q14","54",2
"2008","__enpg/enpg2008.RDS","q14","55",6
"2008","__enpg/enpg2008.RDS","q14","56",3
"2008","__enpg/enpg2008.RDS","q14","57",1
"2008","__enpg/enpg2008.RDS","q14","58",1
"2008","__enpg/enpg2008.RDS","q14","59",2
"2008","__enpg/enpg2008.RDS","q14","60",5
"2008","__enpg/enpg2008.RDS","q14","61",1
"2008","__enpg/enpg2008.RDS","q14","62",2
"2008","__enpg/enpg2008.RDS","q14","63",1
"2008","__enpg/enpg2008.RDS","q14","64",1
"2008","__enpg/enpg2008.RDS","q14","69",1
"2008","__enpg/enpg2008.RDS","q14","99",149
"2008","__enpg/enpg2008.RDS","q14",NA,3169
"2008","__enpg/enpg2008.RDS","q15","0",3160
"2008","__enpg/enpg2008.RDS","q15","1",7803
"2008","__enpg/enpg2008.RDS","q15","2",3520
"2008","__enpg/enpg2008.RDS","q15","3",2592
"2008","__enpg/enpg2008.RDS","q15","9",38
"2008","__enpg/enpg2008.RDS","q17","1",3018
"2008","__enpg/enpg2008.RDS","q17","2",2629
"2008","__enpg/enpg2008.RDS","q17","3",1839
"2008","__enpg/enpg2008.RDS","q17","9",110
"2008","__enpg/enpg2008.RDS","q17",NA,9517
"2008","__enpg/enpg2008.RDS","q19","0",9352
"2008","__enpg/enpg2008.RDS","q19","1",3014
"2008","__enpg/enpg2008.RDS","q19","2",817
"2008","__enpg/enpg2008.RDS","q19","3",249
"2008","__enpg/enpg2008.RDS","q19","4",245
"2008","__enpg/enpg2008.RDS","q19",NA,3436
"2008","__enpg/enpg2008.RDS","q20","0",10912
"2008","__enpg/enpg2008.RDS","q20","1",1901
"2008","__enpg/enpg2008.RDS","q20","2",707
"2008","__enpg/enpg2008.RDS","q20","3",353
"2008","__enpg/enpg2008.RDS","q20","4",47
"2008","__enpg/enpg2008.RDS","q20",NA,3193
"2008","__enpg/enpg2008.RDS","q29","1",547
"2008","__enpg/enpg2008.RDS","q29","2",13385
"2008","__enpg/enpg2008.RDS","q29","9",6
"2008","__enpg/enpg2008.RDS","q29",NA,3175
"2008","__enpg/enpg2008.RDS","q30","1",370
"2008","__enpg/enpg2008.RDS","q30","2",13558
"2008","__enpg/enpg2008.RDS","q30","9",8
"2008","__enpg/enpg2008.RDS","q30",NA,3177
"2008","__enpg/enpg2008.RDS","q31","1",603
"2008","__enpg/enpg2008.RDS","q31","2",13324
"2008","__enpg/enpg2008.RDS","q31","9",6
"2008","__enpg/enpg2008.RDS","q31",NA,3180
"2008","__enpg/enpg2008.RDS","q164","0",17101
"2008","__enpg/enpg2008.RDS","q164","1",2
"2008","__enpg/enpg2008.RDS","q164","2",3
"2008","__enpg/enpg2008.RDS","q164","3",7
"2008","__enpg/enpg2008.RDS","q171","0",17041
"2008","__enpg/enpg2008.RDS","q171","1",35
"2008","__enpg/enpg2008.RDS","q171","2",17
"2008","__enpg/enpg2008.RDS","q171","3",20
"2008","__enpg/enpg2008.RDS","q173","0",17052
"2008","__enpg/enpg2008.RDS","q173","1",19
"2008","__enpg/enpg2008.RDS","q173","2",10
"2008","__enpg/enpg2008.RDS","q173","3",7
"2008","__enpg/enpg2008.RDS","q173","4",5
"2008","__enpg/enpg2008.RDS","q173","5",3
"2008","__enpg/enpg2008.RDS","q173","6",8
"2008","__enpg/enpg2008.RDS","q173","7",4
"2008","__enpg/enpg2008.RDS","q173","9",3
"2008","__enpg/enpg2008.RDS","q173","12",2
"2008","__enpg/enpg2008.RDS","q176","0",23
"2008","__enpg/enpg2008.RDS","q176","1",11
"2008","__enpg/enpg2008.RDS","q176","2",66
"2008","__enpg/enpg2008.RDS","q176","3",176
"2008","__enpg/enpg2008.RDS","q176","4",16832
"2008","__enpg/enpg2008.RDS","q176","9",5
"2008","__enpg/enpg2008.RDS","q177","0",29
"2008","__enpg/enpg2008.RDS","q177","1",5
"2008","__enpg/enpg2008.RDS","q177","2",49
"2008","__enpg/enpg2008.RDS","q177","3",4
"2008","__enpg/enpg2008.RDS","q177","4",17023
"2008","__enpg/enpg2008.RDS","q177","9",3
"2008","__enpg/enpg2008.RDS","q178","0",28
"2008","__enpg/enpg2008.RDS","q178","1",25
"2008","__enpg/enpg2008.RDS","q178","2",60
"2008","__enpg/enpg2008.RDS","q178","3",285
"2008","__enpg/enpg2008.RDS","q178","4",16700
"2008","__enpg/enpg2008.RDS","q178","9",15
"2008","__enpg/enpg2008.RDS","q179","0",25
"2008","__enpg/enpg2008.RDS","q179","1",9
"2008","__enpg/enpg2008.RDS","q179","2",45
"2008","__enpg/enpg2008.RDS","q179","3",47
"2008","__enpg/enpg2008.RDS","q179","4",16971
"2008","__enpg/enpg2008.RDS","q179","9",16
"2008","__enpg/enpg2008.RDS","q180","0",26
"2008","__enpg/enpg2008.RDS","q180","1",9
"2008","__enpg/enpg2008.RDS","q180","2",53
"2008","__enpg/enpg2008.RDS","q180","3",78
"2008","__enpg/enpg2008.RDS","q180","4",16942
"2008","__enpg/enpg2008.RDS","q180","9",5
"2008","__enpg/enpg2008.RDS","q181","0",26
"2008","__enpg/enpg2008.RDS","q181","1",5
"2008","__enpg/enpg2008.RDS","q181","2",38
"2008","__enpg/enpg2008.RDS","q181","3",132
"2008","__enpg/enpg2008.RDS","q181","4",16908
"2008","__enpg/enpg2008.RDS","q181","9",4
"2008","__enpg/enpg2008.RDS","q182","0",28
"2008","__enpg/enpg2008.RDS","q182","1",19
"2008","__enpg/enpg2008.RDS","q182","2",65
"2008","__enpg/enpg2008.RDS","q182","3",65
"2008","__enpg/enpg2008.RDS","q182","4",16933
"2008","__enpg/enpg2008.RDS","q182","9",3
"2008","__enpg/enpg2008.RDS","q183","0",39
"2008","__enpg/enpg2008.RDS","q183","1",26
"2008","__enpg/enpg2008.RDS","q183","2",65
"2008","__enpg/enpg2008.RDS","q183","3",133
"2008","__enpg/enpg2008.RDS","q183","4",16846
"2008","__enpg/enpg2008.RDS","q183","9",4
"2008","__enpg/enpg2008.RDS","q184","0",1097
"2008","__enpg/enpg2008.RDS","q184","1",432
"2008","__enpg/enpg2008.RDS","q184","2",473
"2008","__enpg/enpg2008.RDS","q184","3",417
"2008","__enpg/enpg2008.RDS","q184","4",14542
"2008","__enpg/enpg2008.RDS","q184","9",152
"2008","__enpg/enpg2008.RDS","q185","0",1101
"2008","__enpg/enpg2008.RDS","q185","1",362
"2008","__enpg/enpg2008.RDS","q185","2",255
"2008","__enpg/enpg2008.RDS","q185","3",669
"2008","__enpg/enpg2008.RDS","q185","4",14679
"2008","__enpg/enpg2008.RDS","q185","9",47
"2008","__enpg/enpg2008.RDS","q186","0",1089
"2008","__enpg/enpg2008.RDS","q186","1",20
"2008","__enpg/enpg2008.RDS","q186","2",49
"2008","__enpg/enpg2008.RDS","q186","3",105
"2008","__enpg/enpg2008.RDS","q186","4",15835
"2008","__enpg/enpg2008.RDS","q186","9",15
"2008","__enpg/enpg2008.RDS","q218","0",32
"2008","__enpg/enpg2008.RDS","q218","1",976
"2008","__enpg/enpg2008.RDS","q218","2",848
"2008","__enpg/enpg2008.RDS","q218","3",3021
"2008","__enpg/enpg2008.RDS","q218","4",12236
"2008","__enpg/enpg2008.RDS","q219","0",43
"2008","__enpg/enpg2008.RDS","q219","1",305
"2008","__enpg/enpg2008.RDS","q219","2",368
"2008","__enpg/enpg2008.RDS","q219","3",1233
"2008","__enpg/enpg2008.RDS","q219","4",15164
"2008","__enpg/enpg2008.RDS","q220","0",47
"2008","__enpg/enpg2008.RDS","q220","1",253
"2008","__enpg/enpg2008.RDS","q220","2",249
"2008","__enpg/enpg2008.RDS","q220","3",872
"2008","__enpg/enpg2008.RDS","q220","4",15692
"2008","__enpg/enpg2008.RDS","q221","0",52
"2008","__enpg/enpg2008.RDS","q221","1",82
"2008","__enpg/enpg2008.RDS","q221","2",94
"2008","__enpg/enpg2008.RDS","q221","3",399
"2008","__enpg/enpg2008.RDS","q221","4",16486
"2008","__enpg/enpg2008.RDS","q222","0",45
"2008","__enpg/enpg2008.RDS","q222","1",100
"2008","__enpg/enpg2008.RDS","q222","2",123
"2008","__enpg/enpg2008.RDS","q222","3",503
"2008","__enpg/enpg2008.RDS","q222","4",16342
"2008","__enpg/enpg2008.RDS","q243","0",13
"2008","__enpg/enpg2008.RDS","q243","1",3557
"2008","__enpg/enpg2008.RDS","q243","2",6982
"2008","__enpg/enpg2008.RDS","q243","3",5349
"2008","__enpg/enpg2008.RDS","q243","4",867
"2008","__enpg/enpg2008.RDS","q243","6",345
"2008","__enpg/enpg2008.RDS","q244","0",20
"2008","__enpg/enpg2008.RDS","q244","1",3506
"2008","__enpg/enpg2008.RDS","q244","2",8297
"2008","__enpg/enpg2008.RDS","q244","3",4441
"2008","__enpg/enpg2008.RDS","q244","4",627
"2008","__enpg/enpg2008.RDS","q244","6",222
"2008","__enpg/enpg2008.RDS","q245","0",31
"2008","__enpg/enpg2008.RDS","q245","1",4421
"2008","__enpg/enpg2008.RDS","q245","2",8929
"2008","__enpg/enpg2008.RDS","q245","3",3109
"2008","__enpg/enpg2008.RDS","q245","4",438
"2008","__enpg/enpg2008.RDS","q245","6",185
"2008","__enpg/enpg2008.RDS","q246","0",28
"2008","__enpg/enpg2008.RDS","q246","1",9340
"2008","__enpg/enpg2008.RDS","q246","2",6782
"2008","__enpg/enpg2008.RDS","q246","3",660
"2008","__enpg/enpg2008.RDS","q246","4",164
"2008","__enpg/enpg2008.RDS","q246","6",139
"2008","__enpg/enpg2008.RDS","q247","0",18
"2008","__enpg/enpg2008.RDS","q247","1",4854
"2008","__enpg/enpg2008.RDS","q247","2",7831
"2008","__enpg/enpg2008.RDS","q247","3",3584
"2008","__enpg/enpg2008.RDS","q247","4",506
"2008","__enpg/enpg2008.RDS","q247","6",320
"2008","__enpg/enpg2008.RDS","q248","0",27
"2008","__enpg/enpg2008.RDS","q248","1",4554
"2008","__enpg/enpg2008.RDS","q248","2",8611
"2008","__enpg/enpg2008.RDS","q248","3",3152
"2008","__enpg/enpg2008.RDS","q248","4",515
"2008","__enpg/enpg2008.RDS","q248","6",254
"2010","__enpg/enpg2010.RDS","p013","0",47
"2010","__enpg/enpg2010.RDS","p013","1",10767
"2010","__enpg/enpg2010.RDS","p013","2",4762
"2010","__enpg/enpg2010.RDS","p014","0",88
"2010","__enpg/enpg2010.RDS","p014","1",886
"2010","__enpg/enpg2010.RDS","p014","2",634
"2010","__enpg/enpg2010.RDS","p014","3",9174
"2010","__enpg/enpg2010.RDS","p014",NA,4794
"2010","__enpg/enpg2010.RDS","p015","0",266
"2010","__enpg/enpg2010.RDS","p015","4",1
"2010","__enpg/enpg2010.RDS","p015","5",7
"2010","__enpg/enpg2010.RDS","p015","6",8
"2010","__enpg/enpg2010.RDS","p015","7",13
"2010","__enpg/enpg2010.RDS","p015","8",29
"2010","__enpg/enpg2010.RDS","p015","9",24
"2010","__enpg/enpg2010.RDS","p015","10",52
"2010","__enpg/enpg2010.RDS","p015","11",45
"2010","__enpg/enpg2010.RDS","p015","12",176
"2010","__enpg/enpg2010.RDS","p015","13",252
"2010","__enpg/enpg2010.RDS","p015","14",548
"2010","__enpg/enpg2010.RDS","p015","15",1359
"2010","__enpg/enpg2010.RDS","p015","16",1060
"2010","__enpg/enpg2010.RDS","p015","17",1375
"2010","__enpg/enpg2010.RDS","p015","18",2016
"2010","__enpg/enpg2010.RDS","p015","19",502
"2010","__enpg/enpg2010.RDS","p015","20",1356
"2010","__enpg/enpg2010.RDS","p015","21",267
"2010","__enpg/enpg2010.RDS","p015","22",258
"2010","__enpg/enpg2010.RDS","p015","23",154
"2010","__enpg/enpg2010.RDS","p015","24",96
"2010","__enpg/enpg2010.RDS","p015","25",369
"2010","__enpg/enpg2010.RDS","p015","26",64
"2010","__enpg/enpg2010.RDS","p015","27",42
"2010","__enpg/enpg2010.RDS","p015","28",55
"2010","__enpg/enpg2010.RDS","p015","29",7
"2010","__enpg/enpg2010.RDS","p015","30",197
"2010","__enpg/enpg2010.RDS","p015","31",10
"2010","__enpg/enpg2010.RDS","p015","32",9
"2010","__enpg/enpg2010.RDS","p015","33",9
"2010","__enpg/enpg2010.RDS","p015","34",8
"2010","__enpg/enpg2010.RDS","p015","35",27
"2010","__enpg/enpg2010.RDS","p015","36",7
"2010","__enpg/enpg2010.RDS","p015","37",6
"2010","__enpg/enpg2010.RDS","p015","38",9
"2010","__enpg/enpg2010.RDS","p015","39",4
"2010","__enpg/enpg2010.RDS","p015","40",32
"2010","__enpg/enpg2010.RDS","p015","41",1
"2010","__enpg/enpg2010.RDS","p015","42",5
"2010","__enpg/enpg2010.RDS","p015","43",2
"2010","__enpg/enpg2010.RDS","p015","44",2
"2010","__enpg/enpg2010.RDS","p015","45",10
"2010","__enpg/enpg2010.RDS","p015","46",3
"2010","__enpg/enpg2010.RDS","p015","47",3
"2010","__enpg/enpg2010.RDS","p015","48",4
"2010","__enpg/enpg2010.RDS","p015","49",2
"2010","__enpg/enpg2010.RDS","p015","50",12
"2010","__enpg/enpg2010.RDS","p015","51",1
"2010","__enpg/enpg2010.RDS","p015","52",2
"2010","__enpg/enpg2010.RDS","p015","53",1
"2010","__enpg/enpg2010.RDS","p015","54",1
"2010","__enpg/enpg2010.RDS","p015","55",1
"2010","__enpg/enpg2010.RDS","p015","57",4
"2010","__enpg/enpg2010.RDS","p015","58",2
"2010","__enpg/enpg2010.RDS","p015",NA,4801
"2010","__enpg/enpg2010.RDS","p016","0",75
"2010","__enpg/enpg2010.RDS","p016","1",6026
"2010","__enpg/enpg2010.RDS","p016","2",2746
"2010","__enpg/enpg2010.RDS","p016","3",1925
"2010","__enpg/enpg2010.RDS","p016",NA,4804
"2010","__enpg/enpg2010.RDS","p017","0",158
"2010","__enpg/enpg2010.RDS","p017","1",1543
"2010","__enpg/enpg2010.RDS","p017","2",1305
"2010","__enpg/enpg2010.RDS","p017","3",618
"2010","__enpg/enpg2010.RDS","p017","4",1052
"2010","__enpg/enpg2010.RDS","p017","5",326
"2010","__enpg/enpg2010.RDS","p017","6",213
"2010","__enpg/enpg2010.RDS","p017","7",53
"2010","__enpg/enpg2010.RDS","p017","8",241
"2010","__enpg/enpg2010.RDS","p017","9",14
"2010","__enpg/enpg2010.RDS","p017","10",161
"2010","__enpg/enpg2010.RDS","p017","11",4
"2010","__enpg/enpg2010.RDS","p017","12",50
"2010","__enpg/enpg2010.RDS","p017","13",3
"2010","__enpg/enpg2010.RDS","p017","14",7
"2010","__enpg/enpg2010.RDS","p017","15",83
"2010","__enpg/enpg2010.RDS","p017","16",8
"2010","__enpg/enpg2010.RDS","p017","17",2
"2010","__enpg/enpg2010.RDS","p017","18",4
"2010","__enpg/enpg2010.RDS","p017","19",2
"2010","__enpg/enpg2010.RDS","p017","20",62
"2010","__enpg/enpg2010.RDS","p017","24",7
"2010","__enpg/enpg2010.RDS","p017","25",15
"2010","__enpg/enpg2010.RDS","p017","28",2
"2010","__enpg/enpg2010.RDS","p017","30",97
"2010","__enpg/enpg2010.RDS","p017",NA,9546
"2010","__enpg/enpg2010.RDS","p018","0",68
"2010","__enpg/enpg2010.RDS","p018","1",3174
"2010","__enpg/enpg2010.RDS","p018","2",1605
"2010","__enpg/enpg2010.RDS","p018","3",1183
"2010","__enpg/enpg2010.RDS","p018",NA,9546
"2010","__enpg/enpg2010.RDS","p019","0",1622
"2010","__enpg/enpg2010.RDS","p019","1",4117
"2010","__enpg/enpg2010.RDS","p019","2",2527
"2010","__enpg/enpg2010.RDS","p019","3",339
"2010","__enpg/enpg2010.RDS","p019","4",170
"2010","__enpg/enpg2010.RDS","p019",NA,6801
"2010","__enpg/enpg2010.RDS","p020","0",5584
"2010","__enpg/enpg2010.RDS","p020","1",2295
"2010","__enpg/enpg2010.RDS","p020","2",600
"2010","__enpg/enpg2010.RDS","p020","3",168
"2010","__enpg/enpg2010.RDS","p020","4",128
"2010","__enpg/enpg2010.RDS","p020",NA,6801
"2010","__enpg/enpg2010.RDS","p023","0",8262
"2010","__enpg/enpg2010.RDS","p023","1",369
"2010","__enpg/enpg2010.RDS","p023","2",76
"2010","__enpg/enpg2010.RDS","p023","3",47
"2010","__enpg/enpg2010.RDS","p023","4",19
"2010","__enpg/enpg2010.RDS","p023",NA,6803
"2010","__enpg/enpg2010.RDS","p027","0",8494
"2010","__enpg/enpg2010.RDS","p027","2",175
"2010","__enpg/enpg2010.RDS","p027","4",104
"2010","__enpg/enpg2010.RDS","p027",NA,6803
"2010","__enpg/enpg2010.RDS","p028","0",8312
"2010","__enpg/enpg2010.RDS","p028","2",153
"2010","__enpg/enpg2010.RDS","p028","4",308
"2010","__enpg/enpg2010.RDS","p028",NA,6803
"2010","__enpg/enpg2010.RDS","p029","0",38
"2010","__enpg/enpg2010.RDS","p029","1",434
"2010","__enpg/enpg2010.RDS","p029","2",8301
"2010","__enpg/enpg2010.RDS","p029",NA,6803
"2010","__enpg/enpg2010.RDS","p030","0",48
"2010","__enpg/enpg2010.RDS","p030","1",290
"2010","__enpg/enpg2010.RDS","p030","2",8435
"2010","__enpg/enpg2010.RDS","p030",NA,6803
"2010","__enpg/enpg2010.RDS","p031","0",17
"2010","__enpg/enpg2010.RDS","p031","1",287
"2010","__enpg/enpg2010.RDS","p031","2",8469
"2010","__enpg/enpg2010.RDS","p031",NA,6803
"2010","__enpg/enpg2010.RDS","p032","0",40
"2010","__enpg/enpg2010.RDS","p032","1",276
"2010","__enpg/enpg2010.RDS","p032","2",8457
"2010","__enpg/enpg2010.RDS","p032",NA,6803
"2010","__enpg/enpg2010.RDS","p213","1",26
"2010","__enpg/enpg2010.RDS","p213","2",16
"2010","__enpg/enpg2010.RDS","p213","3",8
"2010","__enpg/enpg2010.RDS","p213",NA,15526
"2010","__enpg/enpg2010.RDS","p217","1",22
"2010","__enpg/enpg2010.RDS","p217","2",60
"2010","__enpg/enpg2010.RDS","p217",NA,15494
"2010","__enpg/enpg2010.RDS","p220","1",21
"2010","__enpg/enpg2010.RDS","p220","2",38
"2010","__enpg/enpg2010.RDS","p220",NA,15517
"2010","__enpg/enpg2010.RDS","p221","1",4
"2010","__enpg/enpg2010.RDS","p221","3",3
"2010","__enpg/enpg2010.RDS","p221","4",3
"2010","__enpg/enpg2010.RDS","p221","6",3
"2010","__enpg/enpg2010.RDS","p221","9",2
"2010","__enpg/enpg2010.RDS","p221","10",6
"2010","__enpg/enpg2010.RDS","p221",NA,15555
"2010","__enpg/enpg2010.RDS","p222","0",71
"2010","__enpg/enpg2010.RDS","p222","1",323
"2010","__enpg/enpg2010.RDS","p222","2",41
"2010","__enpg/enpg2010.RDS","p222","3",42
"2010","__enpg/enpg2010.RDS","p222","4",15099
"2010","__enpg/enpg2010.RDS","p223","0",101
"2010","__enpg/enpg2010.RDS","p223","1",25
"2010","__enpg/enpg2010.RDS","p223","2",58
"2010","__enpg/enpg2010.RDS","p223","3",11
"2010","__enpg/enpg2010.RDS","p223","4",15381
"2010","__enpg/enpg2010.RDS","p224","0",42
"2010","__enpg/enpg2010.RDS","p224","1",11
"2010","__enpg/enpg2010.RDS","p224","2",26
"2010","__enpg/enpg2010.RDS","p224","3",6
"2010","__enpg/enpg2010.RDS","p224","4",15491
"2010","__enpg/enpg2010.RDS","p225","0",38
"2010","__enpg/enpg2010.RDS","p225","1",311
"2010","__enpg/enpg2010.RDS","p225","2",42
"2010","__enpg/enpg2010.RDS","p225","3",42
"2010","__enpg/enpg2010.RDS","p225","4",15143
"2010","__enpg/enpg2010.RDS","p226","0",38
"2010","__enpg/enpg2010.RDS","p226","1",58
"2010","__enpg/enpg2010.RDS","p226","2",46
"2010","__enpg/enpg2010.RDS","p226","3",34
"2010","__enpg/enpg2010.RDS","p226","4",15400
"2010","__enpg/enpg2010.RDS","p227","0",36
"2010","__enpg/enpg2010.RDS","p227","1",80
"2010","__enpg/enpg2010.RDS","p227","2",27
"2010","__enpg/enpg2010.RDS","p227","3",17
"2010","__enpg/enpg2010.RDS","p227","4",15416
"2010","__enpg/enpg2010.RDS","p228","0",52
"2010","__enpg/enpg2010.RDS","p228","1",121
"2010","__enpg/enpg2010.RDS","p228","2",16
"2010","__enpg/enpg2010.RDS","p228","3",22
"2010","__enpg/enpg2010.RDS","p228","4",15365
"2010","__enpg/enpg2010.RDS","p229","0",108
"2010","__enpg/enpg2010.RDS","p229","1",43
"2010","__enpg/enpg2010.RDS","p229","2",41
"2010","__enpg/enpg2010.RDS","p229","3",34
"2010","__enpg/enpg2010.RDS","p229","4",15350
"2010","__enpg/enpg2010.RDS","p230","0",43
"2010","__enpg/enpg2010.RDS","p230","1",112
"2010","__enpg/enpg2010.RDS","p230","2",31
"2010","__enpg/enpg2010.RDS","p230","3",56
"2010","__enpg/enpg2010.RDS","p230","4",15334
"2010","__enpg/enpg2010.RDS","p231","0",198
"2010","__enpg/enpg2010.RDS","p231","1",269
"2010","__enpg/enpg2010.RDS","p231","2",360
"2010","__enpg/enpg2010.RDS","p231","3",380
"2010","__enpg/enpg2010.RDS","p231","4",12682
"2010","__enpg/enpg2010.RDS","p231",NA,1687
"2010","__enpg/enpg2010.RDS","p232","0",67
"2010","__enpg/enpg2010.RDS","p232","1",434
"2010","__enpg/enpg2010.RDS","p232","2",201
"2010","__enpg/enpg2010.RDS","p232","3",338
"2010","__enpg/enpg2010.RDS","p232","4",12849
"2010","__enpg/enpg2010.RDS","p232",NA,1687
"2010","__enpg/enpg2010.RDS","p233","0",30
"2010","__enpg/enpg2010.RDS","p233","1",81
"2010","__enpg/enpg2010.RDS","p233","2",19
"2010","__enpg/enpg2010.RDS","p233","3",62
"2010","__enpg/enpg2010.RDS","p233","4",13697
"2010","__enpg/enpg2010.RDS","p233",NA,1687
"2010","__enpg/enpg2010.RDS","p234b","0",178
"2010","__enpg/enpg2010.RDS","p234b","1",68
"2010","__enpg/enpg2010.RDS","p234b","2",399
"2010","__enpg/enpg2010.RDS","p234b","3",1542
"2010","__enpg/enpg2010.RDS","p234b","4",13389
"2010","__enpg/enpg2010.RDS","p236","0",87
"2010","__enpg/enpg2010.RDS","p236","1",1088
"2010","__enpg/enpg2010.RDS","p236","2",14401
"2010","__enpg/enpg2010.RDS","p2631","0",196
"2010","__enpg/enpg2010.RDS","p2631","1",7
"2010","__enpg/enpg2010.RDS","p2631","2",3
"2010","__enpg/enpg2010.RDS","p2631","5",8
"2010","__enpg/enpg2010.RDS","p2631","7",1
"2010","__enpg/enpg2010.RDS","p2631","10",179
"2010","__enpg/enpg2010.RDS","p2631","15",53
"2010","__enpg/enpg2010.RDS","p2631","20",868
"2010","__enpg/enpg2010.RDS","p2631","23",1
"2010","__enpg/enpg2010.RDS","p2631","24",2
"2010","__enpg/enpg2010.RDS","p2631","25",987
"2010","__enpg/enpg2010.RDS","p2631","29",1
"2010","__enpg/enpg2010.RDS","p2631","30",2369
"2010","__enpg/enpg2010.RDS","p2631","32",1
"2010","__enpg/enpg2010.RDS","p2631","33",365
"2010","__enpg/enpg2010.RDS","p2631","34",98
"2010","__enpg/enpg2010.RDS","p2631","35",462
"2010","__enpg/enpg2010.RDS","p2631","38",1
"2010","__enpg/enpg2010.RDS","p2631","39",1
"2010","__enpg/enpg2010.RDS","p2631","40",2345
"2010","__enpg/enpg2010.RDS","p2631","42",1
"2010","__enpg/enpg2010.RDS","p2631","45",117
"2010","__enpg/enpg2010.RDS","p2631","46",1
"2010","__enpg/enpg2010.RDS","p2631","47",1
"2010","__enpg/enpg2010.RDS","p2631","49",5
"2010","__enpg/enpg2010.RDS","p2631","50",4799
"2010","__enpg/enpg2010.RDS","p2631","55",15
"2010","__enpg/enpg2010.RDS","p2631","60",947
"2010","__enpg/enpg2010.RDS","p2631","65",9
"2010","__enpg/enpg2010.RDS","p2631","67",1
"2010","__enpg/enpg2010.RDS","p2631","70",491
"2010","__enpg/enpg2010.RDS","p2631","73",1
"2010","__enpg/enpg2010.RDS","p2631","75",14
"2010","__enpg/enpg2010.RDS","p2631","80",439
"2010","__enpg/enpg2010.RDS","p2631","85",2
"2010","__enpg/enpg2010.RDS","p2631","90",106
"2010","__enpg/enpg2010.RDS","p2631","98",19
"2010","__enpg/enpg2010.RDS","p2631","99",2
"2010","__enpg/enpg2010.RDS","p2631","100",658
"2010","__enpg/enpg2010.RDS","p2632","0",821
"2010","__enpg/enpg2010.RDS","p2632","1",23
"2010","__enpg/enpg2010.RDS","p2632","2",1
"2010","__enpg/enpg2010.RDS","p2632","4",1
"2010","__enpg/enpg2010.RDS","p2632","5",97
"2010","__enpg/enpg2010.RDS","p2632","8",1
"2010","__enpg/enpg2010.RDS","p2632","9",1
"2010","__enpg/enpg2010.RDS","p2632","10",647
"2010","__enpg/enpg2010.RDS","p2632","11",1
"2010","__enpg/enpg2010.RDS","p2632","12",1
"2010","__enpg/enpg2010.RDS","p2632","14",2
"2010","__enpg/enpg2010.RDS","p2632","15",288
"2010","__enpg/enpg2010.RDS","p2632","17",1
"2010","__enpg/enpg2010.RDS","p2632","18",1
"2010","__enpg/enpg2010.RDS","p2632","19",3
"2010","__enpg/enpg2010.RDS","p2632","20",1764
"2010","__enpg/enpg2010.RDS","p2632","23",2
"2010","__enpg/enpg2010.RDS","p2632","24",2
"2010","__enpg/enpg2010.RDS","p2632","25",2905
"2010","__enpg/enpg2010.RDS","p2632","27",1
"2010","__enpg/enpg2010.RDS","p2632","29",1
"2010","__enpg/enpg2010.RDS","p2632","30",3749
"2010","__enpg/enpg2010.RDS","p2632","33",344
"2010","__enpg/enpg2010.RDS","p2632","34",117
"2010","__enpg/enpg2010.RDS","p2632","35",531
"2010","__enpg/enpg2010.RDS","p2632","36",1
"2010","__enpg/enpg2010.RDS","p2632","37",1
"2010","__enpg/enpg2010.RDS","p2632","39",3
"2010","__enpg/enpg2010.RDS","p2632","40",2141
"2010","__enpg/enpg2010.RDS","p2632","45",76
"2010","__enpg/enpg2010.RDS","p2632","47",2
"2010","__enpg/enpg2010.RDS","p2632","48",1
"2010","__enpg/enpg2010.RDS","p2632","49",6
"2010","__enpg/enpg2010.RDS","p2632","50",1609
"2010","__enpg/enpg2010.RDS","p2632","55",7
"2010","__enpg/enpg2010.RDS","p2632","59",1
"2010","__enpg/enpg2010.RDS","p2632","60",185
"2010","__enpg/enpg2010.RDS","p2632","65",6
"2010","__enpg/enpg2010.RDS","p2632","70",64
"2010","__enpg/enpg2010.RDS","p2632","75",6
"2010","__enpg/enpg2010.RDS","p2632","80",56
"2010","__enpg/enpg2010.RDS","p2632","89",1
"2010","__enpg/enpg2010.RDS","p2632","90",8
"2010","__enpg/enpg2010.RDS","p2632","98",4
"2010","__enpg/enpg2010.RDS","p2632","100",93
"2010","__enpg/enpg2010.RDS","p2633","0",1389
"2010","__enpg/enpg2010.RDS","p2633","1",35
"2010","__enpg/enpg2010.RDS","p2633","2",4
"2010","__enpg/enpg2010.RDS","p2633","3",1
"2010","__enpg/enpg2010.RDS","p2633","5",130
"2010","__enpg/enpg2010.RDS","p2633","6",2
"2010","__enpg/enpg2010.RDS","p2633","8",1
"2010","__enpg/enpg2010.RDS","p2633","10",1437
"2010","__enpg/enpg2010.RDS","p2633","11",3
"2010","__enpg/enpg2010.RDS","p2633","15",302
"2010","__enpg/enpg2010.RDS","p2633","18",1
"2010","__enpg/enpg2010.RDS","p2633","20",3053
"2010","__enpg/enpg2010.RDS","p2633","22",1
"2010","__enpg/enpg2010.RDS","p2633","25",2875
"2010","__enpg/enpg2010.RDS","p2633","26",4
"2010","__enpg/enpg2010.RDS","p2633","27",2
"2010","__enpg/enpg2010.RDS","p2633","29",1
"2010","__enpg/enpg2010.RDS","p2633","30",2881
"2010","__enpg/enpg2010.RDS","p2633","31",2
"2010","__enpg/enpg2010.RDS","p2633","32",2
"2010","__enpg/enpg2010.RDS","p2633","33",212
"2010","__enpg/enpg2010.RDS","p2633","34",245
"2010","__enpg/enpg2010.RDS","p2633","35",185
"2010","__enpg/enpg2010.RDS","p2633","36",1
"2010","__enpg/enpg2010.RDS","p2633","37",1
"2010","__enpg/enpg2010.RDS","p2633","40",1326
"2010","__enpg/enpg2010.RDS","p2633","45",48
"2010","__enpg/enpg2010.RDS","p2633","50",1052
"2010","__enpg/enpg2010.RDS","p2633","55",13
"2010","__enpg/enpg2010.RDS","p2633","58",1
"2010","__enpg/enpg2010.RDS","p2633","60",182
"2010","__enpg/enpg2010.RDS","p2633","65",5
"2010","__enpg/enpg2010.RDS","p2633","70",55
"2010","__enpg/enpg2010.RDS","p2633","75",9
"2010","__enpg/enpg2010.RDS","p2633","80",34
"2010","__enpg/enpg2010.RDS","p2633","90",6
"2010","__enpg/enpg2010.RDS","p2633","96",1
"2010","__enpg/enpg2010.RDS","p2633","98",3
"2010","__enpg/enpg2010.RDS","p2633","100",71
"2010","__enpg/enpg2010.RDS","p275","0",65
"2010","__enpg/enpg2010.RDS","p275","1",2699
"2010","__enpg/enpg2010.RDS","p275","2",5275
"2010","__enpg/enpg2010.RDS","p275","3",506
"2010","__enpg/enpg2010.RDS","p275",NA,7031
"2010","__enpg/enpg2010.RDS","p276","0",120
"2010","__enpg/enpg2010.RDS","p276","1",2240
"2010","__enpg/enpg2010.RDS","p276","2",6185
"2010","__enpg/enpg2010.RDS","p276",NA,7031
"2010","__enpg/enpg2010.RDS","p277","0",94
"2010","__enpg/enpg2010.RDS","p277","1",1043
"2010","__enpg/enpg2010.RDS","p277","2",6176
"2010","__enpg/enpg2010.RDS","p277","3",1232
"2010","__enpg/enpg2010.RDS","p277",NA,7031
"2012","__enpg/Base de datos ENPG 2012 (PG).DTA.dta","p9_1","1",16525
"2012","__enpg/Base de datos ENPG 2012 (PG).DTA.dta","p9_1","2",629
"2012","__enpg/Base de datos ENPG 2012 (PG).DTA.dta","p10","1",12448
"2012","__enpg/Base de datos ENPG 2012 (PG).DTA.dta","p10","2",4665
"2012","__enpg/Base de datos ENPG 2012 (PG).DTA.dta","p10","88",34
"2012","__enpg/Base de datos ENPG 2012 (PG).DTA.dta","p10","99",7
"2012","__enpg/Base de datos ENPG 2012 (PG).DTA.dta","p11","1",1148
"2012","__enpg/Base de datos ENPG 2012 (PG).DTA.dta","p11","2",767
"2012","__enpg/Base de datos ENPG 2012 (PG).DTA.dta","p11","3",10431
"2012","__enpg/Base de datos ENPG 2012 (PG).DTA.dta","p11","88",92
"2012","__enpg/Base de datos ENPG 2012 (PG).DTA.dta","p11","99",10
"2012","__enpg/Base de datos ENPG 2012 (PG).DTA.dta","p11",NA,4706
"2012","__enpg/Base de datos ENPG 2012 (PG).DTA.dta","p12","5",16
"2012","__enpg/Base de datos ENPG 2012 (PG).DTA.dta","p12","6",11
"2012","__enpg/Base de datos ENPG 2012 (PG).DTA.dta","p12","7",15
"2012","__enpg/Base de datos ENPG 2012 (PG).DTA.dta","p12","8",32
"2012","__enpg/Base de datos ENPG 2012 (PG).DTA.dta","p12","9",28
"2012","__enpg/Base de datos ENPG 2012 (PG).DTA.dta","p12","10",97
"2012","__enpg/Base de datos ENPG 2012 (PG).DTA.dta","p12","11",60
"2012","__enpg/Base de datos ENPG 2012 (PG).DTA.dta","p12","12",256
"2012","__enpg/Base de datos ENPG 2012 (PG).DTA.dta","p12","13",335
"2012","__enpg/Base de datos ENPG 2012 (PG).DTA.dta","p12","14",715
"2012","__enpg/Base de datos ENPG 2012 (PG).DTA.dta","p12","15",1578
"2012","__enpg/Base de datos ENPG 2012 (PG).DTA.dta","p12","16",1190
"2012","__enpg/Base de datos ENPG 2012 (PG).DTA.dta","p12","17",1651
"2012","__enpg/Base de datos ENPG 2012 (PG).DTA.dta","p12","18",2300
"2012","__enpg/Base de datos ENPG 2012 (PG).DTA.dta","p12","19",531
"2012","__enpg/Base de datos ENPG 2012 (PG).DTA.dta","p12","20",1356
"2012","__enpg/Base de datos ENPG 2012 (PG).DTA.dta","p12","21",344
"2012","__enpg/Base de datos ENPG 2012 (PG).DTA.dta","p12","22",310
"2012","__enpg/Base de datos ENPG 2012 (PG).DTA.dta","p12","23",184
"2012","__enpg/Base de datos ENPG 2012 (PG).DTA.dta","p12","24",132
"2012","__enpg/Base de datos ENPG 2012 (PG).DTA.dta","p12","25",414
"2012","__enpg/Base de datos ENPG 2012 (PG).DTA.dta","p12","26",58
"2012","__enpg/Base de datos ENPG 2012 (PG).DTA.dta","p12","27",60
"2012","__enpg/Base de datos ENPG 2012 (PG).DTA.dta","p12","28",79
"2012","__enpg/Base de datos ENPG 2012 (PG).DTA.dta","p12","29",18
"2012","__enpg/Base de datos ENPG 2012 (PG).DTA.dta","p12","30",249
"2012","__enpg/Base de datos ENPG 2012 (PG).DTA.dta","p12","31",17
"2012","__enpg/Base de datos ENPG 2012 (PG).DTA.dta","p12","32",19
"2012","__enpg/Base de datos ENPG 2012 (PG).DTA.dta","p12","33",12
"2012","__enpg/Base de datos ENPG 2012 (PG).DTA.dta","p12","34",10
"2012","__enpg/Base de datos ENPG 2012 (PG).DTA.dta","p12","35",41
"2012","__enpg/Base de datos ENPG 2012 (PG).DTA.dta","p12","36",10
"2012","__enpg/Base de datos ENPG 2012 (PG).DTA.dta","p12","37",7
"2012","__enpg/Base de datos ENPG 2012 (PG).DTA.dta","p12","38",7
"2012","__enpg/Base de datos ENPG 2012 (PG).DTA.dta","p12","39",6
"2012","__enpg/Base de datos ENPG 2012 (PG).DTA.dta","p12","40",63
"2012","__enpg/Base de datos ENPG 2012 (PG).DTA.dta","p12","42",5
"2012","__enpg/Base de datos ENPG 2012 (PG).DTA.dta","p12","43",1
"2012","__enpg/Base de datos ENPG 2012 (PG).DTA.dta","p12","44",3
"2012","__enpg/Base de datos ENPG 2012 (PG).DTA.dta","p12","45",8
"2012","__enpg/Base de datos ENPG 2012 (PG).DTA.dta","p12","46",5
"2012","__enpg/Base de datos ENPG 2012 (PG).DTA.dta","p12","47",2
"2012","__enpg/Base de datos ENPG 2012 (PG).DTA.dta","p12","48",1
"2012","__enpg/Base de datos ENPG 2012 (PG).DTA.dta","p12","49",3
"2012","__enpg/Base de datos ENPG 2012 (PG).DTA.dta","p12","50",21
"2012","__enpg/Base de datos ENPG 2012 (PG).DTA.dta","p12","52",2
"2012","__enpg/Base de datos ENPG 2012 (PG).DTA.dta","p12","53",2
"2012","__enpg/Base de datos ENPG 2012 (PG).DTA.dta","p12","55",1
"2012","__enpg/Base de datos ENPG 2012 (PG).DTA.dta","p12","57",3
"2012","__enpg/Base de datos ENPG 2012 (PG).DTA.dta","p12","58",2
"2012","__enpg/Base de datos ENPG 2012 (PG).DTA.dta","p12","59",1
"2012","__enpg/Base de datos ENPG 2012 (PG).DTA.dta","p12","60",4
"2012","__enpg/Base de datos ENPG 2012 (PG).DTA.dta","p12","64",2
"2012","__enpg/Base de datos ENPG 2012 (PG).DTA.dta","p12","888",153
"2012","__enpg/Base de datos ENPG 2012 (PG).DTA.dta","p12","999",18
"2012","__enpg/Base de datos ENPG 2012 (PG).DTA.dta","p12",NA,4706
"2012","__enpg/Base de datos ENPG 2012 (PG).DTA.dta","p13","1",6931
"2012","__enpg/Base de datos ENPG 2012 (PG).DTA.dta","p13","2",2828
"2012","__enpg/Base de datos ENPG 2012 (PG).DTA.dta","p13","3",2638
"2012","__enpg/Base de datos ENPG 2012 (PG).DTA.dta","p13","88",38
"2012","__enpg/Base de datos ENPG 2012 (PG).DTA.dta","p13","99",13
"2012","__enpg/Base de datos ENPG 2012 (PG).DTA.dta","p13",NA,4706
"2012","__enpg/Base de datos ENPG 2012 (PG).DTA.dta","p15","1",3622
"2012","__enpg/Base de datos ENPG 2012 (PG).DTA.dta","p15","2",1805
"2012","__enpg/Base de datos ENPG 2012 (PG).DTA.dta","p15","3",1432
"2012","__enpg/Base de datos ENPG 2012 (PG).DTA.dta","p15","4",56
"2012","__enpg/Base de datos ENPG 2012 (PG).DTA.dta","p15","88",7
"2012","__enpg/Base de datos ENPG 2012 (PG).DTA.dta","p15","99",9
"2012","__enpg/Base de datos ENPG 2012 (PG).DTA.dta","p15",NA,10223
"2012","__enpg/Base de datos ENPG 2012 (PG).DTA.dta","p16","0",3196
"2012","__enpg/Base de datos ENPG 2012 (PG).DTA.dta","p16","1",1364
"2012","__enpg/Base de datos ENPG 2012 (PG).DTA.dta","p16","2",822
"2012","__enpg/Base de datos ENPG 2012 (PG).DTA.dta","p16","3",353
"2012","__enpg/Base de datos ENPG 2012 (PG).DTA.dta","p16","4",387
"2012","__enpg/Base de datos ENPG 2012 (PG).DTA.dta","p16","5",256
"2012","__enpg/Base de datos ENPG 2012 (PG).DTA.dta","p16","6",84
"2012","__enpg/Base de datos ENPG 2012 (PG).DTA.dta","p16","7",21
"2012","__enpg/Base de datos ENPG 2012 (PG).DTA.dta","p16","8",77
"2012","__enpg/Base de datos ENPG 2012 (PG).DTA.dta","p16","9",4
"2012","__enpg/Base de datos ENPG 2012 (PG).DTA.dta","p16","10",39
"2012","__enpg/Base de datos ENPG 2012 (PG).DTA.dta","p16","12",6
"2012","__enpg/Base de datos ENPG 2012 (PG).DTA.dta","p16","13",1
"2012","__enpg/Base de datos ENPG 2012 (PG).DTA.dta","p16","14",5
"2012","__enpg/Base de datos ENPG 2012 (PG).DTA.dta","p16","15",13
"2012","__enpg/Base de datos ENPG 2012 (PG).DTA.dta","p16","16",5
"2012","__enpg/Base de datos ENPG 2012 (PG).DTA.dta","p16","18",1
"2012","__enpg/Base de datos ENPG 2012 (PG).DTA.dta","p16","19",1
"2012","__enpg/Base de datos ENPG 2012 (PG).DTA.dta","p16","20",10
"2012","__enpg/Base de datos ENPG 2012 (PG).DTA.dta","p16","25",1
"2012","__enpg/Base de datos ENPG 2012 (PG).DTA.dta","p16","30",16
"2012","__enpg/Base de datos ENPG 2012 (PG).DTA.dta","p16","35",1
"2012","__enpg/Base de datos ENPG 2012 (PG).DTA.dta","p16","88",172
"2012","__enpg/Base de datos ENPG 2012 (PG).DTA.dta","p16","99",89
"2012","__enpg/Base de datos ENPG 2012 (PG).DTA.dta","p16","500",1
"2012","__enpg/Base de datos ENPG 2012 (PG).DTA.dta","p16","550",1
"2012","__enpg/Base de datos ENPG 2012 (PG).DTA.dta","p16","1000",1
"2012","__enpg/Base de datos ENPG 2012 (PG).DTA.dta","p16","2000",1
"2012","__enpg/Base de datos ENPG 2012 (PG).DTA.dta","p16","5000",1
"2012","__enpg/Base de datos ENPG 2012 (PG).DTA.dta","p16","6000",1
"2012","__enpg/Base de datos ENPG 2012 (PG).DTA.dta","p16","10000",1
"2012","__enpg/Base de datos ENPG 2012 (PG).DTA.dta","p16",NA,10223
"2012","__enpg/Base de datos ENPG 2012 (PG).DTA.dta","p17","0",143
"2012","__enpg/Base de datos ENPG 2012 (PG).DTA.dta","p17","1",2016
"2012","__enpg/Base de datos ENPG 2012 (PG).DTA.dta","p17","2",1411
"2012","__enpg/Base de datos ENPG 2012 (PG).DTA.dta","p17","3",1152
"2012","__enpg/Base de datos ENPG 2012 (PG).DTA.dta","p17","4",549
"2012","__enpg/Base de datos ENPG 2012 (PG).DTA.dta","p17","5",438
"2012","__enpg/Base de datos ENPG 2012 (PG).DTA.dta","p17","6",479
"2012","__enpg/Base de datos ENPG 2012 (PG).DTA.dta","p17","7",86
"2012","__enpg/Base de datos ENPG 2012 (PG).DTA.dta","p17","8",203
"2012","__enpg/Base de datos ENPG 2012 (PG).DTA.dta","p17","9",36
"2012","__enpg/Base de datos ENPG 2012 (PG).DTA.dta","p17","10",127
"2012","__enpg/Base de datos ENPG 2012 (PG).DTA.dta","p17","12",67
"2012","__enpg/Base de datos ENPG 2012 (PG).DTA.dta","p17","14",4
"2012","__enpg/Base de datos ENPG 2012 (PG).DTA.dta","p17","15",25
"2012","__enpg/Base de datos ENPG 2012 (PG).DTA.dta","p17","16",9
"2012","__enpg/Base de datos ENPG 2012 (PG).DTA.dta","p17","17",1
"2012","__enpg/Base de datos ENPG 2012 (PG).DTA.dta","p17","18",50
"2012","__enpg/Base de datos ENPG 2012 (PG).DTA.dta","p17","20",17
"2012","__enpg/Base de datos ENPG 2012 (PG).DTA.dta","p17","21",2
"2012","__enpg/Base de datos ENPG 2012 (PG).DTA.dta","p17","22",2
"2012","__enpg/Base de datos ENPG 2012 (PG).DTA.dta","p17","24",5
"2012","__enpg/Base de datos ENPG 2012 (PG).DTA.dta","p17","25",5
"2012","__enpg/Base de datos ENPG 2012 (PG).DTA.dta","p17","30",4
"2012","__enpg/Base de datos ENPG 2012 (PG).DTA.dta","p17","32",1
"2012","__enpg/Base de datos ENPG 2012 (PG).DTA.dta","p17","36",4
"2012","__enpg/Base de datos ENPG 2012 (PG).DTA.dta","p17","40",4
"2012","__enpg/Base de datos ENPG 2012 (PG).DTA.dta","p17","48",1
"2012","__enpg/Base de datos ENPG 2012 (PG).DTA.dta","p17","60",2
"2012","__enpg/Base de datos ENPG 2012 (PG).DTA.dta","p17","80",1
"2012","__enpg/Base de datos ENPG 2012 (PG).DTA.dta","p17","88",60
"2012","__enpg/Base de datos ENPG 2012 (PG).DTA.dta","p17","99",21
"2012","__enpg/Base de datos ENPG 2012 (PG).DTA.dta","p17","126",1
"2012","__enpg/Base de datos ENPG 2012 (PG).DTA.dta","p17","140",1
"2012","__enpg/Base de datos ENPG 2012 (PG).DTA.dta","p17","400",1
"2012","__enpg/Base de datos ENPG 2012 (PG).DTA.dta","p17","1000",1
"2012","__enpg/Base de datos ENPG 2012 (PG).DTA.dta","p17","18000",1
"2012","__enpg/Base de datos ENPG 2012 (PG).DTA.dta","p17","48000",1
"2012","__enpg/Base de datos ENPG 2012 (PG).DTA.dta","p17",NA,10223
"2012","__enpg/Base de datos ENPG 2012 (PG).DTA.dta","p18","0",1724
"2012","__enpg/Base de datos ENPG 2012 (PG).DTA.dta","p18","1",6
"2012","__enpg/Base de datos ENPG 2012 (PG).DTA.dta","p18","2",5
"2012","__enpg/Base de datos ENPG 2012 (PG).DTA.dta","p18","3",2
"2012","__enpg/Base de datos ENPG 2012 (PG).DTA.dta","p18","4",2
"2012","__enpg/Base de datos ENPG 2012 (PG).DTA.dta","p18","5",3
"2012","__enpg/Base de datos ENPG 2012 (PG).DTA.dta","p18","6",1
"2012","__enpg/Base de datos ENPG 2012 (PG).DTA.dta","p18","7",1
"2012","__enpg/Base de datos ENPG 2012 (PG).DTA.dta","p18","8",2
"2012","__enpg/Base de datos ENPG 2012 (PG).DTA.dta","p18","10",1
"2012","__enpg/Base de datos ENPG 2012 (PG).DTA.dta","p18","13",1
"2012","__enpg/Base de datos ENPG 2012 (PG).DTA.dta","p18","20",3
"2012","__enpg/Base de datos ENPG 2012 (PG).DTA.dta","p18","25",1
"2012","__enpg/Base de datos ENPG 2012 (PG).DTA.dta","p18","26",1
"2012","__enpg/Base de datos ENPG 2012 (PG).DTA.dta","p18","60",1
"2012","__enpg/Base de datos ENPG 2012 (PG).DTA.dta","p18","88",450
"2012","__enpg/Base de datos ENPG 2012 (PG).DTA.dta","p18","99",100
"2012","__enpg/Base de datos ENPG 2012 (PG).DTA.dta","p18","200",1
"2012","__enpg/Base de datos ENPG 2012 (PG).DTA.dta","p18","300",3
"2012","__enpg/Base de datos ENPG 2012 (PG).DTA.dta","p18","400",3
"2012","__enpg/Base de datos ENPG 2012 (PG).DTA.dta","p18","500",24
"2012","__enpg/Base de datos ENPG 2012 (PG).DTA.dta","p18","550",1
"2012","__enpg/Base de datos ENPG 2012 (PG).DTA.dta","p18","600",14
"2012","__enpg/Base de datos ENPG 2012 (PG).DTA.dta","p18","650",1
"2012","__enpg/Base de datos ENPG 2012 (PG).DTA.dta","p18","700",12
"2012","__enpg/Base de datos ENPG 2012 (PG).DTA.dta","p18","750",1
"2012","__enpg/Base de datos ENPG 2012 (PG).DTA.dta","p18","800",6
"2012","__enpg/Base de datos ENPG 2012 (PG).DTA.dta","p18","850",1
"2012","__enpg/Base de datos ENPG 2012 (PG).DTA.dta","p18","900",9
"2012","__enpg/Base de datos ENPG 2012 (PG).DTA.dta","p18","950",3
"2012","__enpg/Base de datos ENPG 2012 (PG).DTA.dta","p18","1000",165
"2012","__enpg/Base de datos ENPG 2012 (PG).DTA.dta","p18","1100",2
"2012","__enpg/Base de datos ENPG 2012 (PG).DTA.dta","p18","1200",24
"2012","__enpg/Base de datos ENPG 2012 (PG).DTA.dta","p18","1280",1
"2012","__enpg/Base de datos ENPG 2012 (PG).DTA.dta","p18","1300",7
"2012","__enpg/Base de datos ENPG 2012 (PG).DTA.dta","p18","1400",5
"2012","__enpg/Base de datos ENPG 2012 (PG).DTA.dta","p18","1500",83
"2012","__enpg/Base de datos ENPG 2012 (PG).DTA.dta","p18","1600",11
"2012","__enpg/Base de datos ENPG 2012 (PG).DTA.dta","p18","1690",1
"2012","__enpg/Base de datos ENPG 2012 (PG).DTA.dta","p18","1700",5
"2012","__enpg/Base de datos ENPG 2012 (PG).DTA.dta","p18","1750",1
"2012","__enpg/Base de datos ENPG 2012 (PG).DTA.dta","p18","1800",14
"2012","__enpg/Base de datos ENPG 2012 (PG).DTA.dta","p18","1900",3
"2012","__enpg/Base de datos ENPG 2012 (PG).DTA.dta","p18","2000",466
"2012","__enpg/Base de datos ENPG 2012 (PG).DTA.dta","p18","2190",1
"2012","__enpg/Base de datos ENPG 2012 (PG).DTA.dta","p18","2200",5
"2012","__enpg/Base de datos ENPG 2012 (PG).DTA.dta","p18","2300",1
"2012","__enpg/Base de datos ENPG 2012 (PG).DTA.dta","p18","2400",7
"2012","__enpg/Base de datos ENPG 2012 (PG).DTA.dta","p18","2500",56
"2012","__enpg/Base de datos ENPG 2012 (PG).DTA.dta","p18","2600",8
"2012","__enpg/Base de datos ENPG 2012 (PG).DTA.dta","p18","2700",3
"2012","__enpg/Base de datos ENPG 2012 (PG).DTA.dta","p18","2800",8
"2012","__enpg/Base de datos ENPG 2012 (PG).DTA.dta","p18","2900",1
"2012","__enpg/Base de datos ENPG 2012 (PG).DTA.dta","p18","2990",3
"2012","__enpg/Base de datos ENPG 2012 (PG).DTA.dta","p18","3000",427
"2012","__enpg/Base de datos ENPG 2012 (PG).DTA.dta","p18","3008",1
"2012","__enpg/Base de datos ENPG 2012 (PG).DTA.dta","p18","3100",1
"2012","__enpg/Base de datos ENPG 2012 (PG).DTA.dta","p18","3200",5
"2012","__enpg/Base de datos ENPG 2012 (PG).DTA.dta","p18","3300",2
"2012","__enpg/Base de datos ENPG 2012 (PG).DTA.dta","p18","3500",53
"2012","__enpg/Base de datos ENPG 2012 (PG).DTA.dta","p18","3600",13
"2012","__enpg/Base de datos ENPG 2012 (PG).DTA.dta","p18","3700",1
"2012","__enpg/Base de datos ENPG 2012 (PG).DTA.dta","p18","3800",4
"2012","__enpg/Base de datos ENPG 2012 (PG).DTA.dta","p18","3900",1
"2012","__enpg/Base de datos ENPG 2012 (PG).DTA.dta","p18","3990",2
"2012","__enpg/Base de datos ENPG 2012 (PG).DTA.dta","p18","4000",238
"2012","__enpg/Base de datos ENPG 2012 (PG).DTA.dta","p18","4200",1
"2012","__enpg/Base de datos ENPG 2012 (PG).DTA.dta","p18","4500",13
"2012","__enpg/Base de datos ENPG 2012 (PG).DTA.dta","p18","4800",3
"2012","__enpg/Base de datos ENPG 2012 (PG).DTA.dta","p18","5000",757
"2012","__enpg/Base de datos ENPG 2012 (PG).DTA.dta","p18","5100",1
"2012","__enpg/Base de datos ENPG 2012 (PG).DTA.dta","p18","5200",3
"2012","__enpg/Base de datos ENPG 2012 (PG).DTA.dta","p18","5400",1
"2012","__enpg/Base de datos ENPG 2012 (PG).DTA.dta","p18","5500",1
"2012","__enpg/Base de datos ENPG 2012 (PG).DTA.dta","p18","5600",2
"2012","__enpg/Base de datos ENPG 2012 (PG).DTA.dta","p18","5700",1
"2012","__enpg/Base de datos ENPG 2012 (PG).DTA.dta","p18","5800",1
"2012","__enpg/Base de datos ENPG 2012 (PG).DTA.dta","p18","5900",1
"2012","__enpg/Base de datos ENPG 2012 (PG).DTA.dta","p18","6000",167
"2012","__enpg/Base de datos ENPG 2012 (PG).DTA.dta","p18","6500",1
"2012","__enpg/Base de datos ENPG 2012 (PG).DTA.dta","p18","6900",1
"2012","__enpg/Base de datos ENPG 2012 (PG).DTA.dta","p18","7000",72
"2012","__enpg/Base de datos ENPG 2012 (PG).DTA.dta","p18","7500",4
"2012","__enpg/Base de datos ENPG 2012 (PG).DTA.dta","p18","7800",1
"2012","__enpg/Base de datos ENPG 2012 (PG).DTA.dta","p18","8000",119
"2012","__enpg/Base de datos ENPG 2012 (PG).DTA.dta","p18","8500",2
"2012","__enpg/Base de datos ENPG 2012 (PG).DTA.dta","p18","9000",16
"2012","__enpg/Base de datos ENPG 2012 (PG).DTA.dta","p18","9500",1
"2012","__enpg/Base de datos ENPG 2012 (PG).DTA.dta","p18","10000",689
"2012","__enpg/Base de datos ENPG 2012 (PG).DTA.dta","p18","10400",1
"2012","__enpg/Base de datos ENPG 2012 (PG).DTA.dta","p18","10500",2
"2012","__enpg/Base de datos ENPG 2012 (PG).DTA.dta","p18","11000",3
"2012","__enpg/Base de datos ENPG 2012 (PG).DTA.dta","p18","12000",90
"2012","__enpg/Base de datos ENPG 2012 (PG).DTA.dta","p18","13000",2
"2012","__enpg/Base de datos ENPG 2012 (PG).DTA.dta","p18","14000",4
"2012","__enpg/Base de datos ENPG 2012 (PG).DTA.dta","p18","15000",267
"2012","__enpg/Base de datos ENPG 2012 (PG).DTA.dta","p18","15800",1
"2012","__enpg/Base de datos ENPG 2012 (PG).DTA.dta","p18","16000",8
"2012","__enpg/Base de datos ENPG 2012 (PG).DTA.dta","p18","17000",2
"2012","__enpg/Base de datos ENPG 2012 (PG).DTA.dta","p18","18000",7
"2012","__enpg/Base de datos ENPG 2012 (PG).DTA.dta","p18","20000",291
"2012","__enpg/Base de datos ENPG 2012 (PG).DTA.dta","p18","21000",1
"2012","__enpg/Base de datos ENPG 2012 (PG).DTA.dta","p18","22000",4
"2012","__enpg/Base de datos ENPG 2012 (PG).DTA.dta","p18","24000",4
"2012","__enpg/Base de datos ENPG 2012 (PG).DTA.dta","p18","25000",47
"2012","__enpg/Base de datos ENPG 2012 (PG).DTA.dta","p18","26000",1
"2012","__enpg/Base de datos ENPG 2012 (PG).DTA.dta","p18","27000",1
"2012","__enpg/Base de datos ENPG 2012 (PG).DTA.dta","p18","28000",1
"2012","__enpg/Base de datos ENPG 2012 (PG).DTA.dta","p18","30000",126
"2012","__enpg/Base de datos ENPG 2012 (PG).DTA.dta","p18","30003",1
"2012","__enpg/Base de datos ENPG 2012 (PG).DTA.dta","p18","32000",4
"2012","__enpg/Base de datos ENPG 2012 (PG).DTA.dta","p18","33000",1
"2012","__enpg/Base de datos ENPG 2012 (PG).DTA.dta","p18","34200",1
"2012","__enpg/Base de datos ENPG 2012 (PG).DTA.dta","p18","35000",8
"2012","__enpg/Base de datos ENPG 2012 (PG).DTA.dta","p18","36000",1
"2012","__enpg/Base de datos ENPG 2012 (PG).DTA.dta","p18","38000",2
"2012","__enpg/Base de datos ENPG 2012 (PG).DTA.dta","p18","40000",51
"2012","__enpg/Base de datos ENPG 2012 (PG).DTA.dta","p18","40003",1
"2012","__enpg/Base de datos ENPG 2012 (PG).DTA.dta","p18","45000",5
"2012","__enpg/Base de datos ENPG 2012 (PG).DTA.dta","p18","48000",3
"2012","__enpg/Base de datos ENPG 2012 (PG).DTA.dta","p18","50000",44
"2012","__enpg/Base de datos ENPG 2012 (PG).DTA.dta","p18","50007",1
"2012","__enpg/Base de datos ENPG 2012 (PG).DTA.dta","p18","55000",1
"2012","__enpg/Base de datos ENPG 2012 (PG).DTA.dta","p18","56000",1
"2012","__enpg/Base de datos ENPG 2012 (PG).DTA.dta","p18","60000",17
"2012","__enpg/Base de datos ENPG 2012 (PG).DTA.dta","p18","70000",8
"2012","__enpg/Base de datos ENPG 2012 (PG).DTA.dta","p18","80000",10
"2012","__enpg/Base de datos ENPG 2012 (PG).DTA.dta","p18","84000",1
"2012","__enpg/Base de datos ENPG 2012 (PG).DTA.dta","p18","90000",1
"2012","__enpg/Base de datos ENPG 2012 (PG).DTA.dta","p18","1e+05",18
"2012","__enpg/Base de datos ENPG 2012 (PG).DTA.dta","p18","110000",1
"2012","__enpg/Base de datos ENPG 2012 (PG).DTA.dta","p18","120000",3
"2012","__enpg/Base de datos ENPG 2012 (PG).DTA.dta","p18","150000",4
"2012","__enpg/Base de datos ENPG 2012 (PG).DTA.dta","p18","180000",1
"2012","__enpg/Base de datos ENPG 2012 (PG).DTA.dta","p18","2e+05",3
"2012","__enpg/Base de datos ENPG 2012 (PG).DTA.dta","p18","240000",1
"2012","__enpg/Base de datos ENPG 2012 (PG).DTA.dta","p18","3e+05",3
"2012","__enpg/Base de datos ENPG 2012 (PG).DTA.dta","p18","350000",1
"2012","__enpg/Base de datos ENPG 2012 (PG).DTA.dta","p18","4e+05",1
"2012","__enpg/Base de datos ENPG 2012 (PG).DTA.dta","p18",NA,10223
"2012","__enpg/Base de datos ENPG 2012 (PG).DTA.dta","p20","0",6298
"2012","__enpg/Base de datos ENPG 2012 (PG).DTA.dta","p20","1",2348
"2012","__enpg/Base de datos ENPG 2012 (PG).DTA.dta","p20","2",745
"2012","__enpg/Base de datos ENPG 2012 (PG).DTA.dta","p20","3",222
"2012","__enpg/Base de datos ENPG 2012 (PG).DTA.dta","p20","4",146
"2012","__enpg/Base de datos ENPG 2012 (PG).DTA.dta","p20",NA,7395
"2012","__enpg/Base de datos ENPG 2012 (PG).DTA.dta","p21","0",7547
"2012","__enpg/Base de datos ENPG 2012 (PG).DTA.dta","p21","1",1350
"2012","__enpg/Base de datos ENPG 2012 (PG).DTA.dta","p21","2",551
"2012","__enpg/Base de datos ENPG 2012 (PG).DTA.dta","p21","3",279
"2012","__enpg/Base de datos ENPG 2012 (PG).DTA.dta","p21","4",32
"2012","__enpg/Base de datos ENPG 2012 (PG).DTA.dta","p21",NA,7395
"2012","__enpg/Base de datos ENPG 2012 (PG).DTA.dta","p23","0",9189
"2012","__enpg/Base de datos ENPG 2012 (PG).DTA.dta","p23","1",398
"2012","__enpg/Base de datos ENPG 2012 (PG).DTA.dta","p23","2",89
"2012","__enpg/Base de datos ENPG 2012 (PG).DTA.dta","p23","3",58
"2012","__enpg/Base de datos ENPG 2012 (PG).DTA.dta","p23","4",25
"2012","__enpg/Base de datos ENPG 2012 (PG).DTA.dta","p23",NA,7395
"2012","__enpg/Base de datos ENPG 2012 (PG).DTA.dta","p29_1","1",1580
"2012","__enpg/Base de datos ENPG 2012 (PG).DTA.dta","p29_1","2",8179
"2012","__enpg/Base de datos ENPG 2012 (PG).DTA.dta","p29_1",NA,7395
"2012","__enpg/Base de datos ENPG 2012 (PG).DTA.dta","p29_2","1",759
"2012","__enpg/Base de datos ENPG 2012 (PG).DTA.dta","p29_2","2",9000
"2012","__enpg/Base de datos ENPG 2012 (PG).DTA.dta","p29_2",NA,7395
"2012","__enpg/Base de datos ENPG 2012 (PG).DTA.dta","p29_3","1",2941
"2012","__enpg/Base de datos ENPG 2012 (PG).DTA.dta","p29_3","2",6818
"2012","__enpg/Base de datos ENPG 2012 (PG).DTA.dta","p29_3",NA,7395
"2012","__enpg/Base de datos ENPG 2012 (PG).DTA.dta","p29_4","1",4141
"2012","__enpg/Base de datos ENPG 2012 (PG).DTA.dta","p29_4","2",5618
"2012","__enpg/Base de datos ENPG 2012 (PG).DTA.dta","p29_4",NA,7395
"2012","__enpg/Base de datos ENPG 2012 (PG).DTA.dta","p29_5","1",118
"2012","__enpg/Base de datos ENPG 2012 (PG).DTA.dta","p29_5","2",9641
"2012","__enpg/Base de datos ENPG 2012 (PG).DTA.dta","p29_5",NA,7395
"2012","__enpg/Base de datos ENPG 2012 (PG).DTA.dta","p29_6","1",192
"2012","__enpg/Base de datos ENPG 2012 (PG).DTA.dta","p29_6","2",9567
"2012","__enpg/Base de datos ENPG 2012 (PG).DTA.dta","p29_6",NA,7395
"2012","__enpg/Base de datos ENPG 2012 (PG).DTA.dta","p30_1","1",132
"2012","__enpg/Base de datos ENPG 2012 (PG).DTA.dta","p30_1","2",9627
"2012","__enpg/Base de datos ENPG 2012 (PG).DTA.dta","p30_1",NA,7395
"2012","__enpg/Base de datos ENPG 2012 (PG).DTA.dta","p30_2","1",691
"2012","__enpg/Base de datos ENPG 2012 (PG).DTA.dta","p30_2","2",9068
"2012","__enpg/Base de datos ENPG 2012 (PG).DTA.dta","p30_2",NA,7395
"2012","__enpg/Base de datos ENPG 2012 (PG).DTA.dta","p30_3","1",232
"2012","__enpg/Base de datos ENPG 2012 (PG).DTA.dta","p30_3","2",9527
"2012","__enpg/Base de datos ENPG 2012 (PG).DTA.dta","p30_3",NA,7395
"2012","__enpg/Base de datos ENPG 2012 (PG).DTA.dta","p30_4","1",117
"2012","__enpg/Base de datos ENPG 2012 (PG).DTA.dta","p30_4","2",9642
"2012","__enpg/Base de datos ENPG 2012 (PG).DTA.dta","p30_4",NA,7395
"2012","__enpg/Base de datos ENPG 2012 (PG).DTA.dta","p30_5","1",126
"2012","__enpg/Base de datos ENPG 2012 (PG).DTA.dta","p30_5","2",9633
"2012","__enpg/Base de datos ENPG 2012 (PG).DTA.dta","p30_5",NA,7395
"2012","__enpg/Base de datos ENPG 2012 (PG).DTA.dta","p30_6","1",190
"2012","__enpg/Base de datos ENPG 2012 (PG).DTA.dta","p30_6","2",9569
"2012","__enpg/Base de datos ENPG 2012 (PG).DTA.dta","p30_6",NA,7395
"2012","__enpg/Base de datos ENPG 2012 (PG).DTA.dta","p33","1",305
"2012","__enpg/Base de datos ENPG 2012 (PG).DTA.dta","p33","2",9418
"2012","__enpg/Base de datos ENPG 2012 (PG).DTA.dta","p33","88",25
"2012","__enpg/Base de datos ENPG 2012 (PG).DTA.dta","p33","99",11
"2012","__enpg/Base de datos ENPG 2012 (PG).DTA.dta","p33",NA,7395
"2012","__enpg/Base de datos ENPG 2012 (PG).DTA.dta","p104","1",1173
"2012","__enpg/Base de datos ENPG 2012 (PG).DTA.dta","p104","2",3460
"2012","__enpg/Base de datos ENPG 2012 (PG).DTA.dta","p104","88",10
"2012","__enpg/Base de datos ENPG 2012 (PG).DTA.dta","p104","99",2
"2012","__enpg/Base de datos ENPG 2012 (PG).DTA.dta","p104",NA,12509
"2012","__enpg/Base de datos ENPG 2012 (PG).DTA.dta","p129","1",171
"2012","__enpg/Base de datos ENPG 2012 (PG).DTA.dta","p129","2",6766
"2012","__enpg/Base de datos ENPG 2012 (PG).DTA.dta","p129",NA,10217
"2012","__enpg/Base de datos ENPG 2012 (PG).DTA.dta","p130","1",100
"2012","__enpg/Base de datos ENPG 2012 (PG).DTA.dta","p130","2",30
"2012","__enpg/Base de datos ENPG 2012 (PG).DTA.dta","p130","3",16
"2012","__enpg/Base de datos ENPG 2012 (PG).DTA.dta","p130","4",11
"2012","__enpg/Base de datos ENPG 2012 (PG).DTA.dta","p130","5",2
"2012","__enpg/Base de datos ENPG 2012 (PG).DTA.dta","p130","7",3
"2012","__enpg/Base de datos ENPG 2012 (PG).DTA.dta","p130","88",5
"2012","__enpg/Base de datos ENPG 2012 (PG).DTA.dta","p130","99",4
"2012","__enpg/Base de datos ENPG 2012 (PG).DTA.dta","p130",NA,16983
"2012","__enpg/Base de datos ENPG 2012 (PG).DTA.dta","p131","1",72
"2012","__enpg/Base de datos ENPG 2012 (PG).DTA.dta","p131","2",48
"2012","__enpg/Base de datos ENPG 2012 (PG).DTA.dta","p131","3",21
"2012","__enpg/Base de datos ENPG 2012 (PG).DTA.dta","p131","4",10
"2012","__enpg/Base de datos ENPG 2012 (PG).DTA.dta","p131","5",1
"2012","__enpg/Base de datos ENPG 2012 (PG).DTA.dta","p131","6",6
"2012","__enpg/Base de datos ENPG 2012 (PG).DTA.dta","p131","88",6
"2012","__enpg/Base de datos ENPG 2012 (PG).DTA.dta","p131","99",7
"2012","__enpg/Base de datos ENPG 2012 (PG).DTA.dta","p131",NA,16983
"2012","__enpg/Base de datos ENPG 2012 (PG).DTA.dta","p135","1",340
"2012","__enpg/Base de datos ENPG 2012 (PG).DTA.dta","p135","2",46
"2012","__enpg/Base de datos ENPG 2012 (PG).DTA.dta","p135","3",54
"2012","__enpg/Base de datos ENPG 2012 (PG).DTA.dta","p135","4",9669
"2012","__enpg/Base de datos ENPG 2012 (PG).DTA.dta","p135",NA,7045
"2012","__enpg/Base de datos ENPG 2012 (PG).DTA.dta","p141_1","1",842
"2012","__enpg/Base de datos ENPG 2012 (PG).DTA.dta","p141_1","2",1865
"2012","__enpg/Base de datos ENPG 2012 (PG).DTA.dta","p141_1","3",906
"2012","__enpg/Base de datos ENPG 2012 (PG).DTA.dta","p141_1","4",458
"2012","__enpg/Base de datos ENPG 2012 (PG).DTA.dta","p141_1","88",456
"2012","__enpg/Base de datos ENPG 2012 (PG).DTA.dta","p141_1","99",14
"2012","__enpg/Base de datos ENPG 2012 (PG).DTA.dta","p141_1",NA,12613
"2012","__enpg/Base de datos ENPG 2012 (PG).DTA.dta","p144_cod","0",118
"2012","__enpg/Base de datos ENPG 2012 (PG).DTA.dta","p144_cod","1",1455
"2012","__enpg/Base de datos ENPG 2012 (PG).DTA.dta","p144_cod","2",121
"2012","__enpg/Base de datos ENPG 2012 (PG).DTA.dta","p144_cod","3",356
"2012","__enpg/Base de datos ENPG 2012 (PG).DTA.dta","p144_cod","4",182
"2012","__enpg/Base de datos ENPG 2012 (PG).DTA.dta","p144_cod","5",1502
"2012","__enpg/Base de datos ENPG 2012 (PG).DTA.dta","p144_cod","6",35
"2012","__enpg/Base de datos ENPG 2012 (PG).DTA.dta","p144_cod","7",112
"2012","__enpg/Base de datos ENPG 2012 (PG).DTA.dta","p144_cod","8",52
"2012","__enpg/Base de datos ENPG 2012 (PG).DTA.dta","p144_cod","9",9
"2012","__enpg/Base de datos ENPG 2012 (PG).DTA.dta","p144_cod","10",493
"2012","__enpg/Base de datos ENPG 2012 (PG).DTA.dta","p144_cod","11",44
"2012","__enpg/Base de datos ENPG 2012 (PG).DTA.dta","p144_cod","12",4
"2012","__enpg/Base de datos ENPG 2012 (PG).DTA.dta","p144_cod","13",32
"2012","__enpg/Base de datos ENPG 2012 (PG).DTA.dta","p144_cod","14",10
"2012","__enpg/Base de datos ENPG 2012 (PG).DTA.dta","p144_cod","88",16
"2012","__enpg/Base de datos ENPG 2012 (PG).DTA.dta","p144_cod",NA,12613
"2012","__enpg/Base de datos ENPG 2012 (PG).DTA.dta","p145","1",55
"2012","__enpg/Base de datos ENPG 2012 (PG).DTA.dta","p145","2",55
"2012","__enpg/Base de datos ENPG 2012 (PG).DTA.dta","p145","3",17
"2012","__enpg/Base de datos ENPG 2012 (PG).DTA.dta","p145","4",17027
"2012","__enpg/Base de datos ENPG 2012 (PG).DTA.dta","p146","1",18
"2012","__enpg/Base de datos ENPG 2012 (PG).DTA.dta","p146","2",7
"2012","__enpg/Base de datos ENPG 2012 (PG).DTA.dta","p146","3",26
"2012","__enpg/Base de datos ENPG 2012 (PG).DTA.dta","p146","4",16976
"2012","__enpg/Base de datos ENPG 2012 (PG).DTA.dta","p146",NA,127
"2012","__enpg/Base de datos ENPG 2012 (PG).DTA.dta","p147_2","1",93
"2012","__enpg/Base de datos ENPG 2012 (PG).DTA.dta","p147_2","2",351
"2012","__enpg/Base de datos ENPG 2012 (PG).DTA.dta","p147_2","3",1159
"2012","__enpg/Base de datos ENPG 2012 (PG).DTA.dta","p147_2","4",15243
"2012","__enpg/Base de datos ENPG 2012 (PG).DTA.dta","p147_2","88",308
"2012","__enpg/Base de datos ENPG 2012 (PG).DTA.dta","p162_1","1",4833
"2012","__enpg/Base de datos ENPG 2012 (PG).DTA.dta","p162_1","2",6650
"2012","__enpg/Base de datos ENPG 2012 (PG).DTA.dta","p162_1","3",4363
"2012","__enpg/Base de datos ENPG 2012 (PG).DTA.dta","p162_1","4",822
"2012","__enpg/Base de datos ENPG 2012 (PG).DTA.dta","p162_1","88",323
"2012","__enpg/Base de datos ENPG 2012 (PG).DTA.dta","p162_1","99",163
"2012","__enpg/Base de datos ENPG 2012 (PG).DTA.dta","p162_2","1",4251
"2012","__enpg/Base de datos ENPG 2012 (PG).DTA.dta","p162_2","2",7406
"2012","__enpg/Base de datos ENPG 2012 (PG).DTA.dta","p162_2","3",4447
"2012","__enpg/Base de datos ENPG 2012 (PG).DTA.dta","p162_2","4",662
"2012","__enpg/Base de datos ENPG 2012 (PG).DTA.dta","p162_2","88",230
"2012","__enpg/Base de datos ENPG 2012 (PG).DTA.dta","p162_2","99",158
"2012","__enpg/Base de datos ENPG 2012 (PG).DTA.dta","p162_3","1",5240
"2012","__enpg/Base de datos ENPG 2012 (PG).DTA.dta","p162_3","2",7827
"2012","__enpg/Base de datos ENPG 2012 (PG).DTA.dta","p162_3","3",3220
"2012","__enpg/Base de datos ENPG 2012 (PG).DTA.dta","p162_3","4",543
"2012","__enpg/Base de datos ENPG 2012 (PG).DTA.dta","p162_3","88",189
"2012","__enpg/Base de datos ENPG 2012 (PG).DTA.dta","p162_3","99",135
"2012","__enpg/Base de datos ENPG 2012 (PG).DTA.dta","p162_4","1",10604
"2012","__enpg/Base de datos ENPG 2012 (PG).DTA.dta","p162_4","2",5529
"2012","__enpg/Base de datos ENPG 2012 (PG).DTA.dta","p162_4","3",611
"2012","__enpg/Base de datos ENPG 2012 (PG).DTA.dta","p162_4","4",160
"2012","__enpg/Base de datos ENPG 2012 (PG).DTA.dta","p162_4","88",128
"2012","__enpg/Base de datos ENPG 2012 (PG).DTA.dta","p162_4","99",122
"2012","__enpg/Base de datos ENPG 2012 (PG).DTA.dta","p162_5","1",6267
"2012","__enpg/Base de datos ENPG 2012 (PG).DTA.dta","p162_5","2",7283
"2012","__enpg/Base de datos ENPG 2012 (PG).DTA.dta","p162_5","3",2736
"2012","__enpg/Base de datos ENPG 2012 (PG).DTA.dta","p162_5","4",450
"2012","__enpg/Base de datos ENPG 2012 (PG).DTA.dta","p162_5","88",266
"2012","__enpg/Base de datos ENPG 2012 (PG).DTA.dta","p162_5","99",152
"2012","__enpg/Base de datos ENPG 2012 (PG).DTA.dta","p162_6","1",5686
"2012","__enpg/Base de datos ENPG 2012 (PG).DTA.dta","p162_6","2",7557
"2012","__enpg/Base de datos ENPG 2012 (PG).DTA.dta","p162_6","3",3036
"2012","__enpg/Base de datos ENPG 2012 (PG).DTA.dta","p162_6","4",529
"2012","__enpg/Base de datos ENPG 2012 (PG).DTA.dta","p162_6","88",199
"2012","__enpg/Base de datos ENPG 2012 (PG).DTA.dta","p162_6","99",147
"2012","__enpg/Base de datos ENPG 2012 (PG).DTA.dta","p163_7","1",3973
"2012","__enpg/Base de datos ENPG 2012 (PG).DTA.dta","p163_7","2",7022
"2012","__enpg/Base de datos ENPG 2012 (PG).DTA.dta","p163_7","3",5047
"2012","__enpg/Base de datos ENPG 2012 (PG).DTA.dta","p163_7","4",664
"2012","__enpg/Base de datos ENPG 2012 (PG).DTA.dta","p163_7","88",332
"2012","__enpg/Base de datos ENPG 2012 (PG).DTA.dta","p163_7","99",116
"2012","__enpg/Base de datos ENPG 2012 (PG).DTA.dta","p173_cod","110",71
"2012","__enpg/Base de datos ENPG 2012 (PG).DTA.dta","p173_cod","1130",1
"2012","__enpg/Base de datos ENPG 2012 (PG).DTA.dta","p173_cod","1142",2
"2012","__enpg/Base de datos ENPG 2012 (PG).DTA.dta","p173_cod","1210",1
"2012","__enpg/Base de datos ENPG 2012 (PG).DTA.dta","p173_cod","1229",6
"2012","__enpg/Base de datos ENPG 2012 (PG).DTA.dta","p173_cod","1311",6
"2012","__enpg/Base de datos ENPG 2012 (PG).DTA.dta","p173_cod","1312",11
"2012","__enpg/Base de datos ENPG 2012 (PG).DTA.dta","p173_cod","1313",13
"2012","__enpg/Base de datos ENPG 2012 (PG).DTA.dta","p173_cod","1314",355
"2012","__enpg/Base de datos ENPG 2012 (PG).DTA.dta","p173_cod","1315",61
"2012","__enpg/Base de datos ENPG 2012 (PG).DTA.dta","p173_cod","1316",23
"2012","__enpg/Base de datos ENPG 2012 (PG).DTA.dta","p173_cod","1317",10
"2012","__enpg/Base de datos ENPG 2012 (PG).DTA.dta","p173_cod","1318",6
"2012","__enpg/Base de datos ENPG 2012 (PG).DTA.dta","p173_cod","1319",42
"2012","__enpg/Base de datos ENPG 2012 (PG).DTA.dta","p173_cod","2113",12
"2012","__enpg/Base de datos ENPG 2012 (PG).DTA.dta","p173_cod","2114",2
"2012","__enpg/Base de datos ENPG 2012 (PG).DTA.dta","p173_cod","2131",34
"2012","__enpg/Base de datos ENPG 2012 (PG).DTA.dta","p173_cod","2132",10
"2012","__enpg/Base de datos ENPG 2012 (PG).DTA.dta","p173_cod","2139",7
"2012","__enpg/Base de datos ENPG 2012 (PG).DTA.dta","p173_cod","2141",13
"2012","__enpg/Base de datos ENPG 2012 (PG).DTA.dta","p173_cod","2142",62
"2012","__enpg/Base de datos ENPG 2012 (PG).DTA.dta","p173_cod","2143",17
"2012","__enpg/Base de datos ENPG 2012 (PG).DTA.dta","p173_cod","2144",3
"2012","__enpg/Base de datos ENPG 2012 (PG).DTA.dta","p173_cod","2145",12
"2012","__enpg/Base de datos ENPG 2012 (PG).DTA.dta","p173_cod","2146",7
"2012","__enpg/Base de datos ENPG 2012 (PG).DTA.dta","p173_cod","2147",12
"2012","__enpg/Base de datos ENPG 2012 (PG).DTA.dta","p173_cod","2148",8
"2012","__enpg/Base de datos ENPG 2012 (PG).DTA.dta","p173_cod","2149",146
"2012","__enpg/Base de datos ENPG 2012 (PG).DTA.dta","p173_cod","2211",5
"2012","__enpg/Base de datos ENPG 2012 (PG).DTA.dta","p173_cod","2213",22
"2012","__enpg/Base de datos ENPG 2012 (PG).DTA.dta","p173_cod","2221",38
"2012","__enpg/Base de datos ENPG 2012 (PG).DTA.dta","p173_cod","2222",8
"2012","__enpg/Base de datos ENPG 2012 (PG).DTA.dta","p173_cod","2223",16
"2012","__enpg/Base de datos ENPG 2012 (PG).DTA.dta","p173_cod","2229",5
"2012","__enpg/Base de datos ENPG 2012 (PG).DTA.dta","p173_cod","2230",52
"2012","__enpg/Base de datos ENPG 2012 (PG).DTA.dta","p173_cod","2310",45
"2012","__enpg/Base de datos ENPG 2012 (PG).DTA.dta","p173_cod","2320",34
"2012","__enpg/Base de datos ENPG 2012 (PG).DTA.dta","p173_cod","2331",328
"2012","__enpg/Base de datos ENPG 2012 (PG).DTA.dta","p173_cod","2332",80
"2012","__enpg/Base de datos ENPG 2012 (PG).DTA.dta","p173_cod","2340",21
"2012","__enpg/Base de datos ENPG 2012 (PG).DTA.dta","p173_cod","2351",3
"2012","__enpg/Base de datos ENPG 2012 (PG).DTA.dta","p173_cod","2352",15
"2012","__enpg/Base de datos ENPG 2012 (PG).DTA.dta","p173_cod","2359",1
"2012","__enpg/Base de datos ENPG 2012 (PG).DTA.dta","p173_cod","2411",62
"2012","__enpg/Base de datos ENPG 2012 (PG).DTA.dta","p173_cod","2412",14
"2012","__enpg/Base de datos ENPG 2012 (PG).DTA.dta","p173_cod","2419",48
"2012","__enpg/Base de datos ENPG 2012 (PG).DTA.dta","p173_cod","2421",34
"2012","__enpg/Base de datos ENPG 2012 (PG).DTA.dta","p173_cod","2422",1
"2012","__enpg/Base de datos ENPG 2012 (PG).DTA.dta","p173_cod","2432",3
"2012","__enpg/Base de datos ENPG 2012 (PG).DTA.dta","p173_cod","2441",2
"2012","__enpg/Base de datos ENPG 2012 (PG).DTA.dta","p173_cod","2442",10
"2012","__enpg/Base de datos ENPG 2012 (PG).DTA.dta","p173_cod","2444",5
"2012","__enpg/Base de datos ENPG 2012 (PG).DTA.dta","p173_cod","2445",50
"2012","__enpg/Base de datos ENPG 2012 (PG).DTA.dta","p173_cod","2446",60
"2012","__enpg/Base de datos ENPG 2012 (PG).DTA.dta","p173_cod","2451",18
"2012","__enpg/Base de datos ENPG 2012 (PG).DTA.dta","p173_cod","2452",6
"2012","__enpg/Base de datos ENPG 2012 (PG).DTA.dta","p173_cod","2453",1
"2012","__enpg/Base de datos ENPG 2012 (PG).DTA.dta","p173_cod","2454",2
"2012","__enpg/Base de datos ENPG 2012 (PG).DTA.dta","p173_cod","2455",4
"2012","__enpg/Base de datos ENPG 2012 (PG).DTA.dta","p173_cod","2460",1
"2012","__enpg/Base de datos ENPG 2012 (PG).DTA.dta","p173_cod","3111",5
"2012","__enpg/Base de datos ENPG 2012 (PG).DTA.dta","p173_cod","3112",15
"2012","__enpg/Base de datos ENPG 2012 (PG).DTA.dta","p173_cod","3113",4
"2012","__enpg/Base de datos ENPG 2012 (PG).DTA.dta","p173_cod","3114",9
"2012","__enpg/Base de datos ENPG 2012 (PG).DTA.dta","p173_cod","3115",8
"2012","__enpg/Base de datos ENPG 2012 (PG).DTA.dta","p173_cod","3116",3
"2012","__enpg/Base de datos ENPG 2012 (PG).DTA.dta","p173_cod","3117",4
"2012","__enpg/Base de datos ENPG 2012 (PG).DTA.dta","p173_cod","3118",19
"2012","__enpg/Base de datos ENPG 2012 (PG).DTA.dta","p173_cod","3119",4
"2012","__enpg/Base de datos ENPG 2012 (PG).DTA.dta","p173_cod","3121",16
"2012","__enpg/Base de datos ENPG 2012 (PG).DTA.dta","p173_cod","3122",9
"2012","__enpg/Base de datos ENPG 2012 (PG).DTA.dta","p173_cod","3131",18
"2012","__enpg/Base de datos ENPG 2012 (PG).DTA.dta","p173_cod","3132",7
"2012","__enpg/Base de datos ENPG 2012 (PG).DTA.dta","p173_cod","3142",6
"2012","__enpg/Base de datos ENPG 2012 (PG).DTA.dta","p173_cod","3143",1
"2012","__enpg/Base de datos ENPG 2012 (PG).DTA.dta","p173_cod","3144",4
"2012","__enpg/Base de datos ENPG 2012 (PG).DTA.dta","p173_cod","3151",1
"2012","__enpg/Base de datos ENPG 2012 (PG).DTA.dta","p173_cod","3152",47
"2012","__enpg/Base de datos ENPG 2012 (PG).DTA.dta","p173_cod","3211",4
"2012","__enpg/Base de datos ENPG 2012 (PG).DTA.dta","p173_cod","3212",13
"2012","__enpg/Base de datos ENPG 2012 (PG).DTA.dta","p173_cod","3213",2
"2012","__enpg/Base de datos ENPG 2012 (PG).DTA.dta","p173_cod","3221",28
"2012","__enpg/Base de datos ENPG 2012 (PG).DTA.dta","p173_cod","3222",2
"2012","__enpg/Base de datos ENPG 2012 (PG).DTA.dta","p173_cod","3223",8
"2012","__enpg/Base de datos ENPG 2012 (PG).DTA.dta","p173_cod","3224",1
"2012","__enpg/Base de datos ENPG 2012 (PG).DTA.dta","p173_cod","3225",22
"2012","__enpg/Base de datos ENPG 2012 (PG).DTA.dta","p173_cod","3226",33
"2012","__enpg/Base de datos ENPG 2012 (PG).DTA.dta","p173_cod","3227",1
"2012","__enpg/Base de datos ENPG 2012 (PG).DTA.dta","p173_cod","3228",12
"2012","__enpg/Base de datos ENPG 2012 (PG).DTA.dta","p173_cod","3229",32
"2012","__enpg/Base de datos ENPG 2012 (PG).DTA.dta","p173_cod","3231",40
"2012","__enpg/Base de datos ENPG 2012 (PG).DTA.dta","p173_cod","3242",3
"2012","__enpg/Base de datos ENPG 2012 (PG).DTA.dta","p173_cod","3310",4
"2012","__enpg/Base de datos ENPG 2012 (PG).DTA.dta","p173_cod","3320",24
"2012","__enpg/Base de datos ENPG 2012 (PG).DTA.dta","p173_cod","3330",2
"2012","__enpg/Base de datos ENPG 2012 (PG).DTA.dta","p173_cod","3340",4
"2012","__enpg/Base de datos ENPG 2012 (PG).DTA.dta","p173_cod","3411",22
"2012","__enpg/Base de datos ENPG 2012 (PG).DTA.dta","p173_cod","3412",23
"2012","__enpg/Base de datos ENPG 2012 (PG).DTA.dta","p173_cod","3413",21
"2012","__enpg/Base de datos ENPG 2012 (PG).DTA.dta","p173_cod","3414",2
"2012","__enpg/Base de datos ENPG 2012 (PG).DTA.dta","p173_cod","3415",90
"2012","__enpg/Base de datos ENPG 2012 (PG).DTA.dta","p173_cod","3416",1
"2012","__enpg/Base de datos ENPG 2012 (PG).DTA.dta","p173_cod","3419",33
"2012","__enpg/Base de datos ENPG 2012 (PG).DTA.dta","p173_cod","3421",8
"2012","__enpg/Base de datos ENPG 2012 (PG).DTA.dta","p173_cod","3422",4
"2012","__enpg/Base de datos ENPG 2012 (PG).DTA.dta","p173_cod","3423",36
"2012","__enpg/Base de datos ENPG 2012 (PG).DTA.dta","p173_cod","3429",2
"2012","__enpg/Base de datos ENPG 2012 (PG).DTA.dta","p173_cod","3431",28
"2012","__enpg/Base de datos ENPG 2012 (PG).DTA.dta","p173_cod","3432",19
"2012","__enpg/Base de datos ENPG 2012 (PG).DTA.dta","p173_cod","3433",33
"2012","__enpg/Base de datos ENPG 2012 (PG).DTA.dta","p173_cod","3434",3
"2012","__enpg/Base de datos ENPG 2012 (PG).DTA.dta","p173_cod","3439",43
"2012","__enpg/Base de datos ENPG 2012 (PG).DTA.dta","p173_cod","3441",1
"2012","__enpg/Base de datos ENPG 2012 (PG).DTA.dta","p173_cod","3442",51
"2012","__enpg/Base de datos ENPG 2012 (PG).DTA.dta","p173_cod","3443",9
"2012","__enpg/Base de datos ENPG 2012 (PG).DTA.dta","p173_cod","3444",4
"2012","__enpg/Base de datos ENPG 2012 (PG).DTA.dta","p173_cod","3449",2
"2012","__enpg/Base de datos ENPG 2012 (PG).DTA.dta","p173_cod","3450",3
"2012","__enpg/Base de datos ENPG 2012 (PG).DTA.dta","p173_cod","3460",14
"2012","__enpg/Base de datos ENPG 2012 (PG).DTA.dta","p173_cod","3471",37
"2012","__enpg/Base de datos ENPG 2012 (PG).DTA.dta","p173_cod","3472",8
"2012","__enpg/Base de datos ENPG 2012 (PG).DTA.dta","p173_cod","3473",25
"2012","__enpg/Base de datos ENPG 2012 (PG).DTA.dta","p173_cod","3474",2
"2012","__enpg/Base de datos ENPG 2012 (PG).DTA.dta","p173_cod","3475",13
"2012","__enpg/Base de datos ENPG 2012 (PG).DTA.dta","p173_cod","3480",5
"2012","__enpg/Base de datos ENPG 2012 (PG).DTA.dta","p173_cod","4113",21
"2012","__enpg/Base de datos ENPG 2012 (PG).DTA.dta","p173_cod","4115",249
"2012","__enpg/Base de datos ENPG 2012 (PG).DTA.dta","p173_cod","4121",86
"2012","__enpg/Base de datos ENPG 2012 (PG).DTA.dta","p173_cod","4122",26
"2012","__enpg/Base de datos ENPG 2012 (PG).DTA.dta","p173_cod","4131",99
"2012","__enpg/Base de datos ENPG 2012 (PG).DTA.dta","p173_cod","4132",27
"2012","__enpg/Base de datos ENPG 2012 (PG).DTA.dta","p173_cod","4133",36
"2012","__enpg/Base de datos ENPG 2012 (PG).DTA.dta","p173_cod","4141",5
"2012","__enpg/Base de datos ENPG 2012 (PG).DTA.dta","p173_cod","4142",16
"2012","__enpg/Base de datos ENPG 2012 (PG).DTA.dta","p173_cod","4143",3
"2012","__enpg/Base de datos ENPG 2012 (PG).DTA.dta","p173_cod","4190",152
"2012","__enpg/Base de datos ENPG 2012 (PG).DTA.dta","p173_cod","4211",181
"2012","__enpg/Base de datos ENPG 2012 (PG).DTA.dta","p173_cod","4212",18
"2012","__enpg/Base de datos ENPG 2012 (PG).DTA.dta","p173_cod","4213",8
"2012","__enpg/Base de datos ENPG 2012 (PG).DTA.dta","p173_cod","4215",11
"2012","__enpg/Base de datos ENPG 2012 (PG).DTA.dta","p173_cod","4221",4
"2012","__enpg/Base de datos ENPG 2012 (PG).DTA.dta","p173_cod","4222",71
"2012","__enpg/Base de datos ENPG 2012 (PG).DTA.dta","p173_cod","4223",38
"2012","__enpg/Base de datos ENPG 2012 (PG).DTA.dta","p173_cod","5111",3
"2012","__enpg/Base de datos ENPG 2012 (PG).DTA.dta","p173_cod","5112",5
"2012","__enpg/Base de datos ENPG 2012 (PG).DTA.dta","p173_cod","5113",5
"2012","__enpg/Base de datos ENPG 2012 (PG).DTA.dta","p173_cod","5121",6
"2012","__enpg/Base de datos ENPG 2012 (PG).DTA.dta","p173_cod","5122",250
"2012","__enpg/Base de datos ENPG 2012 (PG).DTA.dta","p173_cod","5123",113
"2012","__enpg/Base de datos ENPG 2012 (PG).DTA.dta","p173_cod","5131",206
"2012","__enpg/Base de datos ENPG 2012 (PG).DTA.dta","p173_cod","5132",60
"2012","__enpg/Base de datos ENPG 2012 (PG).DTA.dta","p173_cod","5133",60
"2012","__enpg/Base de datos ENPG 2012 (PG).DTA.dta","p173_cod","5139",1
"2012","__enpg/Base de datos ENPG 2012 (PG).DTA.dta","p173_cod","5141",77
"2012","__enpg/Base de datos ENPG 2012 (PG).DTA.dta","p173_cod","5142",1
"2012","__enpg/Base de datos ENPG 2012 (PG).DTA.dta","p173_cod","5152",2
"2012","__enpg/Base de datos ENPG 2012 (PG).DTA.dta","p173_cod","5161",1
"2012","__enpg/Base de datos ENPG 2012 (PG).DTA.dta","p173_cod","5162",35
"2012","__enpg/Base de datos ENPG 2012 (PG).DTA.dta","p173_cod","5163",21
"2012","__enpg/Base de datos ENPG 2012 (PG).DTA.dta","p173_cod","5169",8
"2012","__enpg/Base de datos ENPG 2012 (PG).DTA.dta","p173_cod","5220",745
"2012","__enpg/Base de datos ENPG 2012 (PG).DTA.dta","p173_cod","5230",228
"2012","__enpg/Base de datos ENPG 2012 (PG).DTA.dta","p173_cod","6111",15
"2012","__enpg/Base de datos ENPG 2012 (PG).DTA.dta","p173_cod","6112",50
"2012","__enpg/Base de datos ENPG 2012 (PG).DTA.dta","p173_cod","6113",65
"2012","__enpg/Base de datos ENPG 2012 (PG).DTA.dta","p173_cod","6121",9
"2012","__enpg/Base de datos ENPG 2012 (PG).DTA.dta","p173_cod","6122",2
"2012","__enpg/Base de datos ENPG 2012 (PG).DTA.dta","p173_cod","6123",3
"2012","__enpg/Base de datos ENPG 2012 (PG).DTA.dta","p173_cod","6129",1
"2012","__enpg/Base de datos ENPG 2012 (PG).DTA.dta","p173_cod","6141",16
"2012","__enpg/Base de datos ENPG 2012 (PG).DTA.dta","p173_cod","6151",23
"2012","__enpg/Base de datos ENPG 2012 (PG).DTA.dta","p173_cod","6152",40
"2012","__enpg/Base de datos ENPG 2012 (PG).DTA.dta","p173_cod","6153",6
"2012","__enpg/Base de datos ENPG 2012 (PG).DTA.dta","p173_cod","6210",14
"2012","__enpg/Base de datos ENPG 2012 (PG).DTA.dta","p173_cod","7111",34
"2012","__enpg/Base de datos ENPG 2012 (PG).DTA.dta","p173_cod","7121",3
"2012","__enpg/Base de datos ENPG 2012 (PG).DTA.dta","p173_cod","7122",203
"2012","__enpg/Base de datos ENPG 2012 (PG).DTA.dta","p173_cod","7123",5
"2012","__enpg/Base de datos ENPG 2012 (PG).DTA.dta","p173_cod","7124",184
"2012","__enpg/Base de datos ENPG 2012 (PG).DTA.dta","p173_cod","7129",29
"2012","__enpg/Base de datos ENPG 2012 (PG).DTA.dta","p173_cod","7132",7
"2012","__enpg/Base de datos ENPG 2012 (PG).DTA.dta","p173_cod","7133",2
"2012","__enpg/Base de datos ENPG 2012 (PG).DTA.dta","p173_cod","7134",1
"2012","__enpg/Base de datos ENPG 2012 (PG).DTA.dta","p173_cod","7135",7
"2012","__enpg/Base de datos ENPG 2012 (PG).DTA.dta","p173_cod","7136",59
"2012","__enpg/Base de datos ENPG 2012 (PG).DTA.dta","p173_cod","7137",104
"2012","__enpg/Base de datos ENPG 2012 (PG).DTA.dta","p173_cod","7141",66
"2012","__enpg/Base de datos ENPG 2012 (PG).DTA.dta","p173_cod","7142",13
"2012","__enpg/Base de datos ENPG 2012 (PG).DTA.dta","p173_cod","7211",1
"2012","__enpg/Base de datos ENPG 2012 (PG).DTA.dta","p173_cod","7212",118
"2012","__enpg/Base de datos ENPG 2012 (PG).DTA.dta","p173_cod","7213",17
"2012","__enpg/Base de datos ENPG 2012 (PG).DTA.dta","p173_cod","7214",48
"2012","__enpg/Base de datos ENPG 2012 (PG).DTA.dta","p173_cod","7221",5
"2012","__enpg/Base de datos ENPG 2012 (PG).DTA.dta","p173_cod","7222",16
"2012","__enpg/Base de datos ENPG 2012 (PG).DTA.dta","p173_cod","7223",4
"2012","__enpg/Base de datos ENPG 2012 (PG).DTA.dta","p173_cod","7231",149
"2012","__enpg/Base de datos ENPG 2012 (PG).DTA.dta","p173_cod","7232",6
"2012","__enpg/Base de datos ENPG 2012 (PG).DTA.dta","p173_cod","7233",61
"2012","__enpg/Base de datos ENPG 2012 (PG).DTA.dta","p173_cod","7241",39
"2012","__enpg/Base de datos ENPG 2012 (PG).DTA.dta","p173_cod","7242",10
"2012","__enpg/Base de datos ENPG 2012 (PG).DTA.dta","p173_cod","7243",12
"2012","__enpg/Base de datos ENPG 2012 (PG).DTA.dta","p173_cod","7244",13
"2012","__enpg/Base de datos ENPG 2012 (PG).DTA.dta","p173_cod","7245",11
"2012","__enpg/Base de datos ENPG 2012 (PG).DTA.dta","p173_cod","7311",5
"2012","__enpg/Base de datos ENPG 2012 (PG).DTA.dta","p173_cod","7312",1
"2012","__enpg/Base de datos ENPG 2012 (PG).DTA.dta","p173_cod","7313",8
"2012","__enpg/Base de datos ENPG 2012 (PG).DTA.dta","p173_cod","7321",4
"2012","__enpg/Base de datos ENPG 2012 (PG).DTA.dta","p173_cod","7324",1
"2012","__enpg/Base de datos ENPG 2012 (PG).DTA.dta","p173_cod","7331",15
"2012","__enpg/Base de datos ENPG 2012 (PG).DTA.dta","p173_cod","7332",21
"2012","__enpg/Base de datos ENPG 2012 (PG).DTA.dta","p173_cod","7341",1
"2012","__enpg/Base de datos ENPG 2012 (PG).DTA.dta","p173_cod","7342",1
"2012","__enpg/Base de datos ENPG 2012 (PG).DTA.dta","p173_cod","7343",2
"2012","__enpg/Base de datos ENPG 2012 (PG).DTA.dta","p173_cod","7344",2
"2012","__enpg/Base de datos ENPG 2012 (PG).DTA.dta","p173_cod","7345",3
"2012","__enpg/Base de datos ENPG 2012 (PG).DTA.dta","p173_cod","7346",21
"2012","__enpg/Base de datos ENPG 2012 (PG).DTA.dta","p173_cod","7411",70
"2012","__enpg/Base de datos ENPG 2012 (PG).DTA.dta","p173_cod","7412",78
"2012","__enpg/Base de datos ENPG 2012 (PG).DTA.dta","p173_cod","7413",2
"2012","__enpg/Base de datos ENPG 2012 (PG).DTA.dta","p173_cod","7414",31
"2012","__enpg/Base de datos ENPG 2012 (PG).DTA.dta","p173_cod","7415",3
"2012","__enpg/Base de datos ENPG 2012 (PG).DTA.dta","p173_cod","7421",5
"2012","__enpg/Base de datos ENPG 2012 (PG).DTA.dta","p173_cod","7422",54
"2012","__enpg/Base de datos ENPG 2012 (PG).DTA.dta","p173_cod","7423",3
"2012","__enpg/Base de datos ENPG 2012 (PG).DTA.dta","p173_cod","7432",15
"2012","__enpg/Base de datos ENPG 2012 (PG).DTA.dta","p173_cod","7433",68
"2012","__enpg/Base de datos ENPG 2012 (PG).DTA.dta","p173_cod","7435",1
"2012","__enpg/Base de datos ENPG 2012 (PG).DTA.dta","p173_cod","7436",62
"2012","__enpg/Base de datos ENPG 2012 (PG).DTA.dta","p173_cod","7437",12
"2012","__enpg/Base de datos ENPG 2012 (PG).DTA.dta","p173_cod","7442",10
"2012","__enpg/Base de datos ENPG 2012 (PG).DTA.dta","p173_cod","8111",32
"2012","__enpg/Base de datos ENPG 2012 (PG).DTA.dta","p173_cod","8113",17
"2012","__enpg/Base de datos ENPG 2012 (PG).DTA.dta","p173_cod","8121",2
"2012","__enpg/Base de datos ENPG 2012 (PG).DTA.dta","p173_cod","8122",1
"2012","__enpg/Base de datos ENPG 2012 (PG).DTA.dta","p173_cod","8123",3
"2012","__enpg/Base de datos ENPG 2012 (PG).DTA.dta","p173_cod","8124",7
"2012","__enpg/Base de datos ENPG 2012 (PG).DTA.dta","p173_cod","8131",3
"2012","__enpg/Base de datos ENPG 2012 (PG).DTA.dta","p173_cod","8139",3
"2012","__enpg/Base de datos ENPG 2012 (PG).DTA.dta","p173_cod","8141",6
"2012","__enpg/Base de datos ENPG 2012 (PG).DTA.dta","p173_cod","8142",1
"2012","__enpg/Base de datos ENPG 2012 (PG).DTA.dta","p173_cod","8143",1
"2012","__enpg/Base de datos ENPG 2012 (PG).DTA.dta","p173_cod","8152",2
"2012","__enpg/Base de datos ENPG 2012 (PG).DTA.dta","p173_cod","8155",1
"2012","__enpg/Base de datos ENPG 2012 (PG).DTA.dta","p173_cod","8159",2
"2012","__enpg/Base de datos ENPG 2012 (PG).DTA.dta","p173_cod","8162",2
"2012","__enpg/Base de datos ENPG 2012 (PG).DTA.dta","p173_cod","8163",2
"2012","__enpg/Base de datos ENPG 2012 (PG).DTA.dta","p173_cod","8171",2
"2012","__enpg/Base de datos ENPG 2012 (PG).DTA.dta","p173_cod","8172",1
"2012","__enpg/Base de datos ENPG 2012 (PG).DTA.dta","p173_cod","8211",5
"2012","__enpg/Base de datos ENPG 2012 (PG).DTA.dta","p173_cod","8212",3
"2012","__enpg/Base de datos ENPG 2012 (PG).DTA.dta","p173_cod","8221",1
"2012","__enpg/Base de datos ENPG 2012 (PG).DTA.dta","p173_cod","8222",3
"2012","__enpg/Base de datos ENPG 2012 (PG).DTA.dta","p173_cod","8229",4
"2012","__enpg/Base de datos ENPG 2012 (PG).DTA.dta","p173_cod","8231",3
"2012","__enpg/Base de datos ENPG 2012 (PG).DTA.dta","p173_cod","8232",10
"2012","__enpg/Base de datos ENPG 2012 (PG).DTA.dta","p173_cod","8240",13
"2012","__enpg/Base de datos ENPG 2012 (PG).DTA.dta","p173_cod","8251",3
"2012","__enpg/Base de datos ENPG 2012 (PG).DTA.dta","p173_cod","8253",12
"2012","__enpg/Base de datos ENPG 2012 (PG).DTA.dta","p173_cod","8262",2
"2012","__enpg/Base de datos ENPG 2012 (PG).DTA.dta","p173_cod","8263",26
"2012","__enpg/Base de datos ENPG 2012 (PG).DTA.dta","p173_cod","8264",2
"2012","__enpg/Base de datos ENPG 2012 (PG).DTA.dta","p173_cod","8265",1
"2012","__enpg/Base de datos ENPG 2012 (PG).DTA.dta","p173_cod","8266",1
"2012","__enpg/Base de datos ENPG 2012 (PG).DTA.dta","p173_cod","8269",6
"2012","__enpg/Base de datos ENPG 2012 (PG).DTA.dta","p173_cod","8271",22
"2012","__enpg/Base de datos ENPG 2012 (PG).DTA.dta","p173_cod","8272",2
"2012","__enpg/Base de datos ENPG 2012 (PG).DTA.dta","p173_cod","8273",2
"2012","__enpg/Base de datos ENPG 2012 (PG).DTA.dta","p173_cod","8274",8
"2012","__enpg/Base de datos ENPG 2012 (PG).DTA.dta","p173_cod","8275",7
"2012","__enpg/Base de datos ENPG 2012 (PG).DTA.dta","p173_cod","8277",1
"2012","__enpg/Base de datos ENPG 2012 (PG).DTA.dta","p173_cod","8278",10
"2012","__enpg/Base de datos ENPG 2012 (PG).DTA.dta","p173_cod","8281",1
"2012","__enpg/Base de datos ENPG 2012 (PG).DTA.dta","p173_cod","8282",2
"2012","__enpg/Base de datos ENPG 2012 (PG).DTA.dta","p173_cod","8290",24
"2012","__enpg/Base de datos ENPG 2012 (PG).DTA.dta","p173_cod","8311",4
"2012","__enpg/Base de datos ENPG 2012 (PG).DTA.dta","p173_cod","8321",1
"2012","__enpg/Base de datos ENPG 2012 (PG).DTA.dta","p173_cod","8322",242
"2012","__enpg/Base de datos ENPG 2012 (PG).DTA.dta","p173_cod","8323",99
"2012","__enpg/Base de datos ENPG 2012 (PG).DTA.dta","p173_cod","8324",187
"2012","__enpg/Base de datos ENPG 2012 (PG).DTA.dta","p173_cod","8331",11
"2012","__enpg/Base de datos ENPG 2012 (PG).DTA.dta","p173_cod","8332",79
"2012","__enpg/Base de datos ENPG 2012 (PG).DTA.dta","p173_cod","8333",26
"2012","__enpg/Base de datos ENPG 2012 (PG).DTA.dta","p173_cod","8334",29
"2012","__enpg/Base de datos ENPG 2012 (PG).DTA.dta","p173_cod","8340",9
"2012","__enpg/Base de datos ENPG 2012 (PG).DTA.dta","p173_cod","9111",21
"2012","__enpg/Base de datos ENPG 2012 (PG).DTA.dta","p173_cod","9112",66
"2012","__enpg/Base de datos ENPG 2012 (PG).DTA.dta","p173_cod","9113",29
"2012","__enpg/Base de datos ENPG 2012 (PG).DTA.dta","p173_cod","9120",1
"2012","__enpg/Base de datos ENPG 2012 (PG).DTA.dta","p173_cod","9131",541
"2012","__enpg/Base de datos ENPG 2012 (PG).DTA.dta","p173_cod","9132",301
"2012","__enpg/Base de datos ENPG 2012 (PG).DTA.dta","p173_cod","9133",6
"2012","__enpg/Base de datos ENPG 2012 (PG).DTA.dta","p173_cod","9141",30
"2012","__enpg/Base de datos ENPG 2012 (PG).DTA.dta","p173_cod","9142",11
"2012","__enpg/Base de datos ENPG 2012 (PG).DTA.dta","p173_cod","9151",146
"2012","__enpg/Base de datos ENPG 2012 (PG).DTA.dta","p173_cod","9152",188
"2012","__enpg/Base de datos ENPG 2012 (PG).DTA.dta","p173_cod","9153",3
"2012","__enpg/Base de datos ENPG 2012 (PG).DTA.dta","p173_cod","9161",7
"2012","__enpg/Base de datos ENPG 2012 (PG).DTA.dta","p173_cod","9162",10
"2012","__enpg/Base de datos ENPG 2012 (PG).DTA.dta","p173_cod","9211",204
"2012","__enpg/Base de datos ENPG 2012 (PG).DTA.dta","p173_cod","9212",43
"2012","__enpg/Base de datos ENPG 2012 (PG).DTA.dta","p173_cod","9213",9
"2012","__enpg/Base de datos ENPG 2012 (PG).DTA.dta","p173_cod","9311",3
"2012","__enpg/Base de datos ENPG 2012 (PG).DTA.dta","p173_cod","9312",20
"2012","__enpg/Base de datos ENPG 2012 (PG).DTA.dta","p173_cod","9313",105
"2012","__enpg/Base de datos ENPG 2012 (PG).DTA.dta","p173_cod","9321",2
"2012","__enpg/Base de datos ENPG 2012 (PG).DTA.dta","p173_cod","9322",60
"2012","__enpg/Base de datos ENPG 2012 (PG).DTA.dta","p173_cod","9331",1
"2012","__enpg/Base de datos ENPG 2012 (PG).DTA.dta","p173_cod","9333",79
"2012","__enpg/Base de datos ENPG 2012 (PG).DTA.dta","p173_cod","9997",83
"2012","__enpg/Base de datos ENPG 2012 (PG).DTA.dta","p173_cod","9998",15
"2012","__enpg/Base de datos ENPG 2012 (PG).DTA.dta","p173_cod","9999",42
"2012","__enpg/Base de datos ENPG 2012 (PG).DTA.dta","p173_cod",NA,6427
"2012","__enpg/Base de datos ENPG 2012 (PG).DTA.dta","p175_cod","0",149
"2012","__enpg/Base de datos ENPG 2012 (PG).DTA.dta","p175_cod","1110",312
"2012","__enpg/Base de datos ENPG 2012 (PG).DTA.dta","p175_cod","1120",16
"2012","__enpg/Base de datos ENPG 2012 (PG).DTA.dta","p175_cod","1210",41
"2012","__enpg/Base de datos ENPG 2012 (PG).DTA.dta","p175_cod","1220",21
"2012","__enpg/Base de datos ENPG 2012 (PG).DTA.dta","p175_cod","1301",78
"2012","__enpg/Base de datos ENPG 2012 (PG).DTA.dta","p175_cod","1302",57
"2012","__enpg/Base de datos ENPG 2012 (PG).DTA.dta","p175_cod","2100",2
"2012","__enpg/Base de datos ENPG 2012 (PG).DTA.dta","p175_cod","2200",1
"2012","__enpg/Base de datos ENPG 2012 (PG).DTA.dta","p175_cod","2301",64
"2012","__enpg/Base de datos ENPG 2012 (PG).DTA.dta","p175_cod","2302",254
"2012","__enpg/Base de datos ENPG 2012 (PG).DTA.dta","p175_cod","2901",2
"2012","__enpg/Base de datos ENPG 2012 (PG).DTA.dta","p175_cod","2902",1
"2012","__enpg/Base de datos ENPG 2012 (PG).DTA.dta","p175_cod","2903",1
"2012","__enpg/Base de datos ENPG 2012 (PG).DTA.dta","p175_cod","2909",1
"2012","__enpg/Base de datos ENPG 2012 (PG).DTA.dta","p175_cod","3111",51
"2012","__enpg/Base de datos ENPG 2012 (PG).DTA.dta","p175_cod","3112",17
"2012","__enpg/Base de datos ENPG 2012 (PG).DTA.dta","p175_cod","3113",22
"2012","__enpg/Base de datos ENPG 2012 (PG).DTA.dta","p175_cod","3114",24
"2012","__enpg/Base de datos ENPG 2012 (PG).DTA.dta","p175_cod","3115",1
"2012","__enpg/Base de datos ENPG 2012 (PG).DTA.dta","p175_cod","3116",10
"2012","__enpg/Base de datos ENPG 2012 (PG).DTA.dta","p175_cod","3117",112
"2012","__enpg/Base de datos ENPG 2012 (PG).DTA.dta","p175_cod","3118",1
"2012","__enpg/Base de datos ENPG 2012 (PG).DTA.dta","p175_cod","3119",12
"2012","__enpg/Base de datos ENPG 2012 (PG).DTA.dta","p175_cod","3121",46
"2012","__enpg/Base de datos ENPG 2012 (PG).DTA.dta","p175_cod","3131",4
"2012","__enpg/Base de datos ENPG 2012 (PG).DTA.dta","p175_cod","3132",8
"2012","__enpg/Base de datos ENPG 2012 (PG).DTA.dta","p175_cod","3133",4
"2012","__enpg/Base de datos ENPG 2012 (PG).DTA.dta","p175_cod","3134",24
"2012","__enpg/Base de datos ENPG 2012 (PG).DTA.dta","p175_cod","3211",6
"2012","__enpg/Base de datos ENPG 2012 (PG).DTA.dta","p175_cod","3213",21
"2012","__enpg/Base de datos ENPG 2012 (PG).DTA.dta","p175_cod","3214",8
"2012","__enpg/Base de datos ENPG 2012 (PG).DTA.dta","p175_cod","3219",17
"2012","__enpg/Base de datos ENPG 2012 (PG).DTA.dta","p175_cod","3220",149
"2012","__enpg/Base de datos ENPG 2012 (PG).DTA.dta","p175_cod","3233",3
"2012","__enpg/Base de datos ENPG 2012 (PG).DTA.dta","p175_cod","3240",11
"2012","__enpg/Base de datos ENPG 2012 (PG).DTA.dta","p175_cod","3311",32
"2012","__enpg/Base de datos ENPG 2012 (PG).DTA.dta","p175_cod","3312",1
"2012","__enpg/Base de datos ENPG 2012 (PG).DTA.dta","p175_cod","3319",6
"2012","__enpg/Base de datos ENPG 2012 (PG).DTA.dta","p175_cod","3320",85
"2012","__enpg/Base de datos ENPG 2012 (PG).DTA.dta","p175_cod","3411",24
"2012","__enpg/Base de datos ENPG 2012 (PG).DTA.dta","p175_cod","3412",8
"2012","__enpg/Base de datos ENPG 2012 (PG).DTA.dta","p175_cod","3419",3
"2012","__enpg/Base de datos ENPG 2012 (PG).DTA.dta","p175_cod","3420",46
"2012","__enpg/Base de datos ENPG 2012 (PG).DTA.dta","p175_cod","3512",1
"2012","__enpg/Base de datos ENPG 2012 (PG).DTA.dta","p175_cod","3521",1
"2012","__enpg/Base de datos ENPG 2012 (PG).DTA.dta","p175_cod","3522",8
"2012","__enpg/Base de datos ENPG 2012 (PG).DTA.dta","p175_cod","3523",7
"2012","__enpg/Base de datos ENPG 2012 (PG).DTA.dta","p175_cod","3529",22
"2012","__enpg/Base de datos ENPG 2012 (PG).DTA.dta","p175_cod","3530",6
"2012","__enpg/Base de datos ENPG 2012 (PG).DTA.dta","p175_cod","3540",3
"2012","__enpg/Base de datos ENPG 2012 (PG).DTA.dta","p175_cod","3551",4
"2012","__enpg/Base de datos ENPG 2012 (PG).DTA.dta","p175_cod","3559",5
"2012","__enpg/Base de datos ENPG 2012 (PG).DTA.dta","p175_cod","3560",27
"2012","__enpg/Base de datos ENPG 2012 (PG).DTA.dta","p175_cod","3610",9
"2012","__enpg/Base de datos ENPG 2012 (PG).DTA.dta","p175_cod","3620",14
"2012","__enpg/Base de datos ENPG 2012 (PG).DTA.dta","p175_cod","3691",6
"2012","__enpg/Base de datos ENPG 2012 (PG).DTA.dta","p175_cod","3692",13
"2012","__enpg/Base de datos ENPG 2012 (PG).DTA.dta","p175_cod","3699",1
"2012","__enpg/Base de datos ENPG 2012 (PG).DTA.dta","p175_cod","3710",13
"2012","__enpg/Base de datos ENPG 2012 (PG).DTA.dta","p175_cod","3720",3
"2012","__enpg/Base de datos ENPG 2012 (PG).DTA.dta","p175_cod","3811",10
"2012","__enpg/Base de datos ENPG 2012 (PG).DTA.dta","p175_cod","3812",6
"2012","__enpg/Base de datos ENPG 2012 (PG).DTA.dta","p175_cod","3813",89
"2012","__enpg/Base de datos ENPG 2012 (PG).DTA.dta","p175_cod","3819",24
"2012","__enpg/Base de datos ENPG 2012 (PG).DTA.dta","p175_cod","3821",2
"2012","__enpg/Base de datos ENPG 2012 (PG).DTA.dta","p175_cod","3822",7
"2012","__enpg/Base de datos ENPG 2012 (PG).DTA.dta","p175_cod","3823",3
"2012","__enpg/Base de datos ENPG 2012 (PG).DTA.dta","p175_cod","3824",3
"2012","__enpg/Base de datos ENPG 2012 (PG).DTA.dta","p175_cod","3825",3
"2012","__enpg/Base de datos ENPG 2012 (PG).DTA.dta","p175_cod","3829",5
"2012","__enpg/Base de datos ENPG 2012 (PG).DTA.dta","p175_cod","3831",5
"2012","__enpg/Base de datos ENPG 2012 (PG).DTA.dta","p175_cod","3832",1
"2012","__enpg/Base de datos ENPG 2012 (PG).DTA.dta","p175_cod","3833",5
"2012","__enpg/Base de datos ENPG 2012 (PG).DTA.dta","p175_cod","3839",1
"2012","__enpg/Base de datos ENPG 2012 (PG).DTA.dta","p175_cod","3841",5
"2012","__enpg/Base de datos ENPG 2012 (PG).DTA.dta","p175_cod","3843",6
"2012","__enpg/Base de datos ENPG 2012 (PG).DTA.dta","p175_cod","3844",6
"2012","__enpg/Base de datos ENPG 2012 (PG).DTA.dta","p175_cod","3845",1
"2012","__enpg/Base de datos ENPG 2012 (PG).DTA.dta","p175_cod","3851",3
"2012","__enpg/Base de datos ENPG 2012 (PG).DTA.dta","p175_cod","3852",1
"2012","__enpg/Base de datos ENPG 2012 (PG).DTA.dta","p175_cod","3901",4
"2012","__enpg/Base de datos ENPG 2012 (PG).DTA.dta","p175_cod","3902",1
"2012","__enpg/Base de datos ENPG 2012 (PG).DTA.dta","p175_cod","3909",3
"2012","__enpg/Base de datos ENPG 2012 (PG).DTA.dta","p175_cod","4101",31
"2012","__enpg/Base de datos ENPG 2012 (PG).DTA.dta","p175_cod","4102",10
"2012","__enpg/Base de datos ENPG 2012 (PG).DTA.dta","p175_cod","4200",16
"2012","__enpg/Base de datos ENPG 2012 (PG).DTA.dta","p175_cod","5000",1128
"2012","__enpg/Base de datos ENPG 2012 (PG).DTA.dta","p175_cod","6100",125
"2012","__enpg/Base de datos ENPG 2012 (PG).DTA.dta","p175_cod","6200",1914
"2012","__enpg/Base de datos ENPG 2012 (PG).DTA.dta","p175_cod","6310",374
"2012","__enpg/Base de datos ENPG 2012 (PG).DTA.dta","p175_cod","6320",69
"2012","__enpg/Base de datos ENPG 2012 (PG).DTA.dta","p175_cod","7111",4
"2012","__enpg/Base de datos ENPG 2012 (PG).DTA.dta","p175_cod","7112",187
"2012","__enpg/Base de datos ENPG 2012 (PG).DTA.dta","p175_cod","7113",164
"2012","__enpg/Base de datos ENPG 2012 (PG).DTA.dta","p175_cod","7114",182
"2012","__enpg/Base de datos ENPG 2012 (PG).DTA.dta","p175_cod","7116",19
"2012","__enpg/Base de datos ENPG 2012 (PG).DTA.dta","p175_cod","7121",10
"2012","__enpg/Base de datos ENPG 2012 (PG).DTA.dta","p175_cod","7122",1
"2012","__enpg/Base de datos ENPG 2012 (PG).DTA.dta","p175_cod","7123",20
"2012","__enpg/Base de datos ENPG 2012 (PG).DTA.dta","p175_cod","7131",8
"2012","__enpg/Base de datos ENPG 2012 (PG).DTA.dta","p175_cod","7132",6
"2012","__enpg/Base de datos ENPG 2012 (PG).DTA.dta","p175_cod","7191",27
"2012","__enpg/Base de datos ENPG 2012 (PG).DTA.dta","p175_cod","7192",41
"2012","__enpg/Base de datos ENPG 2012 (PG).DTA.dta","p175_cod","7200",128
"2012","__enpg/Base de datos ENPG 2012 (PG).DTA.dta","p175_cod","8101",86
"2012","__enpg/Base de datos ENPG 2012 (PG).DTA.dta","p175_cod","8102",10
"2012","__enpg/Base de datos ENPG 2012 (PG).DTA.dta","p175_cod","8103",14
"2012","__enpg/Base de datos ENPG 2012 (PG).DTA.dta","p175_cod","8200",64
"2012","__enpg/Base de datos ENPG 2012 (PG).DTA.dta","p175_cod","8310",29
"2012","__enpg/Base de datos ENPG 2012 (PG).DTA.dta","p175_cod","8321",38
"2012","__enpg/Base de datos ENPG 2012 (PG).DTA.dta","p175_cod","8322",79
"2012","__enpg/Base de datos ENPG 2012 (PG).DTA.dta","p175_cod","8323",6
"2012","__enpg/Base de datos ENPG 2012 (PG).DTA.dta","p175_cod","8324",39
"2012","__enpg/Base de datos ENPG 2012 (PG).DTA.dta","p175_cod","8325",48
"2012","__enpg/Base de datos ENPG 2012 (PG).DTA.dta","p175_cod","8329",270
"2012","__enpg/Base de datos ENPG 2012 (PG).DTA.dta","p175_cod","8330",15
"2012","__enpg/Base de datos ENPG 2012 (PG).DTA.dta","p175_cod","9100",446
"2012","__enpg/Base de datos ENPG 2012 (PG).DTA.dta","p175_cod","9200",135
"2012","__enpg/Base de datos ENPG 2012 (PG).DTA.dta","p175_cod","9310",927
"2012","__enpg/Base de datos ENPG 2012 (PG).DTA.dta","p175_cod","9320",13
"2012","__enpg/Base de datos ENPG 2012 (PG).DTA.dta","p175_cod","9331",481
"2012","__enpg/Base de datos ENPG 2012 (PG).DTA.dta","p175_cod","9332",18
"2012","__enpg/Base de datos ENPG 2012 (PG).DTA.dta","p175_cod","9340",60
"2012","__enpg/Base de datos ENPG 2012 (PG).DTA.dta","p175_cod","9350",6
"2012","__enpg/Base de datos ENPG 2012 (PG).DTA.dta","p175_cod","9391",8
"2012","__enpg/Base de datos ENPG 2012 (PG).DTA.dta","p175_cod","9399",10
"2012","__enpg/Base de datos ENPG 2012 (PG).DTA.dta","p175_cod","9411",3
"2012","__enpg/Base de datos ENPG 2012 (PG).DTA.dta","p175_cod","9413",18
"2012","__enpg/Base de datos ENPG 2012 (PG).DTA.dta","p175_cod","9414",14
"2012","__enpg/Base de datos ENPG 2012 (PG).DTA.dta","p175_cod","9415",5
"2012","__enpg/Base de datos ENPG 2012 (PG).DTA.dta","p175_cod","9420",5
"2012","__enpg/Base de datos ENPG 2012 (PG).DTA.dta","p175_cod","9490",94
"2012","__enpg/Base de datos ENPG 2012 (PG).DTA.dta","p175_cod","9511",6
"2012","__enpg/Base de datos ENPG 2012 (PG).DTA.dta","p175_cod","9512",20
"2012","__enpg/Base de datos ENPG 2012 (PG).DTA.dta","p175_cod","9513",170
"2012","__enpg/Base de datos ENPG 2012 (PG).DTA.dta","p175_cod","9519",1
"2012","__enpg/Base de datos ENPG 2012 (PG).DTA.dta","p175_cod","9520",19
"2012","__enpg/Base de datos ENPG 2012 (PG).DTA.dta","p175_cod","9530",755
"2012","__enpg/Base de datos ENPG 2012 (PG).DTA.dta","p175_cod","9591",83
"2012","__enpg/Base de datos ENPG 2012 (PG).DTA.dta","p175_cod","9592",11
"2012","__enpg/Base de datos ENPG 2012 (PG).DTA.dta","p175_cod","9599",24
"2012","__enpg/Base de datos ENPG 2012 (PG).DTA.dta","p175_cod","9600",2
"2012","__enpg/Base de datos ENPG 2012 (PG).DTA.dta","p175_cod","9998",3
"2012","__enpg/Base de datos ENPG 2012 (PG).DTA.dta","p175_cod","9999",40
"2012","__enpg/Base de datos ENPG 2012 (PG).DTA.dta","p175_cod",NA,6522
"2014","__enpg/Base de datos ENPG 2014 (PG).DTA.dta","sa1","1",18129
"2014","__enpg/Base de datos ENPG 2014 (PG).DTA.dta","sa1","2",1984
"2014","__enpg/Base de datos ENPG 2014 (PG).DTA.dta","oh1","1",15341
"2014","__enpg/Base de datos ENPG 2014 (PG).DTA.dta","oh1","2",4715
"2014","__enpg/Base de datos ENPG 2014 (PG).DTA.dta","oh1","88",4
"2014","__enpg/Base de datos ENPG 2014 (PG).DTA.dta","oh1","99",53
"2014","__enpg/Base de datos ENPG 2014 (PG).DTA.dta","oh2","1",1226
"2014","__enpg/Base de datos ENPG 2014 (PG).DTA.dta","oh2","2",759
"2014","__enpg/Base de datos ENPG 2014 (PG).DTA.dta","oh2","3",13141
"2014","__enpg/Base de datos ENPG 2014 (PG).DTA.dta","oh2","88",114
"2014","__enpg/Base de datos ENPG 2014 (PG).DTA.dta","oh2","99",101
"2014","__enpg/Base de datos ENPG 2014 (PG).DTA.dta","oh2",NA,4772
"2014","__enpg/Base de datos ENPG 2014 (PG).DTA.dta","oh3","1",4
"2014","__enpg/Base de datos ENPG 2014 (PG).DTA.dta","oh3","2",1
"2014","__enpg/Base de datos ENPG 2014 (PG).DTA.dta","oh3","3",2
"2014","__enpg/Base de datos ENPG 2014 (PG).DTA.dta","oh3","4",1
"2014","__enpg/Base de datos ENPG 2014 (PG).DTA.dta","oh3","5",17
"2014","__enpg/Base de datos ENPG 2014 (PG).DTA.dta","oh3","6",16
"2014","__enpg/Base de datos ENPG 2014 (PG).DTA.dta","oh3","7",18
"2014","__enpg/Base de datos ENPG 2014 (PG).DTA.dta","oh3","8",50
"2014","__enpg/Base de datos ENPG 2014 (PG).DTA.dta","oh3","9",27
"2014","__enpg/Base de datos ENPG 2014 (PG).DTA.dta","oh3","10",94
"2014","__enpg/Base de datos ENPG 2014 (PG).DTA.dta","oh3","11",85
"2014","__enpg/Base de datos ENPG 2014 (PG).DTA.dta","oh3","12",326
"2014","__enpg/Base de datos ENPG 2014 (PG).DTA.dta","oh3","13",513
"2014","__enpg/Base de datos ENPG 2014 (PG).DTA.dta","oh3","14",923
"2014","__enpg/Base de datos ENPG 2014 (PG).DTA.dta","oh3","15",1921
"2014","__enpg/Base de datos ENPG 2014 (PG).DTA.dta","oh3","16",1473
"2014","__enpg/Base de datos ENPG 2014 (PG).DTA.dta","oh3","17",1966
"2014","__enpg/Base de datos ENPG 2014 (PG).DTA.dta","oh3","18",2919
"2014","__enpg/Base de datos ENPG 2014 (PG).DTA.dta","oh3","19",663
"2014","__enpg/Base de datos ENPG 2014 (PG).DTA.dta","oh3","20",1685
"2014","__enpg/Base de datos ENPG 2014 (PG).DTA.dta","oh3","21",350
"2014","__enpg/Base de datos ENPG 2014 (PG).DTA.dta","oh3","22",401
"2014","__enpg/Base de datos ENPG 2014 (PG).DTA.dta","oh3","23",223
"2014","__enpg/Base de datos ENPG 2014 (PG).DTA.dta","oh3","24",141
"2014","__enpg/Base de datos ENPG 2014 (PG).DTA.dta","oh3","25",524
"2014","__enpg/Base de datos ENPG 2014 (PG).DTA.dta","oh3","26",82
"2014","__enpg/Base de datos ENPG 2014 (PG).DTA.dta","oh3","27",70
"2014","__enpg/Base de datos ENPG 2014 (PG).DTA.dta","oh3","28",84
"2014","__enpg/Base de datos ENPG 2014 (PG).DTA.dta","oh3","29",20
"2014","__enpg/Base de datos ENPG 2014 (PG).DTA.dta","oh3","30",278
"2014","__enpg/Base de datos ENPG 2014 (PG).DTA.dta","oh3","31",12
"2014","__enpg/Base de datos ENPG 2014 (PG).DTA.dta","oh3","32",17
"2014","__enpg/Base de datos ENPG 2014 (PG).DTA.dta","oh3","33",14
"2014","__enpg/Base de datos ENPG 2014 (PG).DTA.dta","oh3","34",13
"2014","__enpg/Base de datos ENPG 2014 (PG).DTA.dta","oh3","35",69
"2014","__enpg/Base de datos ENPG 2014 (PG).DTA.dta","oh3","36",16
"2014","__enpg/Base de datos ENPG 2014 (PG).DTA.dta","oh3","37",6
"2014","__enpg/Base de datos ENPG 2014 (PG).DTA.dta","oh3","38",11
"2014","__enpg/Base de datos ENPG 2014 (PG).DTA.dta","oh3","39",6
"2014","__enpg/Base de datos ENPG 2014 (PG).DTA.dta","oh3","40",89
"2014","__enpg/Base de datos ENPG 2014 (PG).DTA.dta","oh3","41",5
"2014","__enpg/Base de datos ENPG 2014 (PG).DTA.dta","oh3","42",7
"2014","__enpg/Base de datos ENPG 2014 (PG).DTA.dta","oh3","43",3
"2014","__enpg/Base de datos ENPG 2014 (PG).DTA.dta","oh3","44",4
"2014","__enpg/Base de datos ENPG 2014 (PG).DTA.dta","oh3","45",15
"2014","__enpg/Base de datos ENPG 2014 (PG).DTA.dta","oh3","46",3
"2014","__enpg/Base de datos ENPG 2014 (PG).DTA.dta","oh3","47",6
"2014","__enpg/Base de datos ENPG 2014 (PG).DTA.dta","oh3","48",4
"2014","__enpg/Base de datos ENPG 2014 (PG).DTA.dta","oh3","49",3
"2014","__enpg/Base de datos ENPG 2014 (PG).DTA.dta","oh3","50",23
"2014","__enpg/Base de datos ENPG 2014 (PG).DTA.dta","oh3","52",4
"2014","__enpg/Base de datos ENPG 2014 (PG).DTA.dta","oh3","53",7
"2014","__enpg/Base de datos ENPG 2014 (PG).DTA.dta","oh3","54",1
"2014","__enpg/Base de datos ENPG 2014 (PG).DTA.dta","oh3","55",7
"2014","__enpg/Base de datos ENPG 2014 (PG).DTA.dta","oh3","56",1
"2014","__enpg/Base de datos ENPG 2014 (PG).DTA.dta","oh3","57",3
"2014","__enpg/Base de datos ENPG 2014 (PG).DTA.dta","oh3","59",2
"2014","__enpg/Base de datos ENPG 2014 (PG).DTA.dta","oh3","60",6
"2014","__enpg/Base de datos ENPG 2014 (PG).DTA.dta","oh3","62",1
"2014","__enpg/Base de datos ENPG 2014 (PG).DTA.dta","oh3","63",1
"2014","__enpg/Base de datos ENPG 2014 (PG).DTA.dta","oh3","64",1
"2014","__enpg/Base de datos ENPG 2014 (PG).DTA.dta","oh3","88",81
"2014","__enpg/Base de datos ENPG 2014 (PG).DTA.dta","oh3","99",19
"2014","__enpg/Base de datos ENPG 2014 (PG).DTA.dta","oh3",NA,4776
"2014","__enpg/Base de datos ENPG 2014 (PG).DTA.dta","oh4","1",8956
"2014","__enpg/Base de datos ENPG 2014 (PG).DTA.dta","oh4","2",3194
"2014","__enpg/Base de datos ENPG 2014 (PG).DTA.dta","oh4","3",3109
"2014","__enpg/Base de datos ENPG 2014 (PG).DTA.dta","oh4","88",52
"2014","__enpg/Base de datos ENPG 2014 (PG).DTA.dta","oh4","99",30
"2014","__enpg/Base de datos ENPG 2014 (PG).DTA.dta","oh4",NA,4772
"2014","__enpg/Base de datos ENPG 2014 (PG).DTA.dta","oh6","1",4766
"2014","__enpg/Base de datos ENPG 2014 (PG).DTA.dta","oh6","2",2580
"2014","__enpg/Base de datos ENPG 2014 (PG).DTA.dta","oh6","3",1461
"2014","__enpg/Base de datos ENPG 2014 (PG).DTA.dta","oh6","4",102
"2014","__enpg/Base de datos ENPG 2014 (PG).DTA.dta","oh6","88",7
"2014","__enpg/Base de datos ENPG 2014 (PG).DTA.dta","oh6","99",40
"2014","__enpg/Base de datos ENPG 2014 (PG).DTA.dta","oh6",NA,11157
"2014","__enpg/Base de datos ENPG 2014 (PG).DTA.dta","oh7","0",4138
"2014","__enpg/Base de datos ENPG 2014 (PG).DTA.dta","oh7","1",1683
"2014","__enpg/Base de datos ENPG 2014 (PG).DTA.dta","oh7","2",943
"2014","__enpg/Base de datos ENPG 2014 (PG).DTA.dta","oh7","3",406
"2014","__enpg/Base de datos ENPG 2014 (PG).DTA.dta","oh7","4",436
"2014","__enpg/Base de datos ENPG 2014 (PG).DTA.dta","oh7","5",227
"2014","__enpg/Base de datos ENPG 2014 (PG).DTA.dta","oh7","6",103
"2014","__enpg/Base de datos ENPG 2014 (PG).DTA.dta","oh7","7",19
"2014","__enpg/Base de datos ENPG 2014 (PG).DTA.dta","oh7","8",89
"2014","__enpg/Base de datos ENPG 2014 (PG).DTA.dta","oh7","9",2
"2014","__enpg/Base de datos ENPG 2014 (PG).DTA.dta","oh7","10",61
"2014","__enpg/Base de datos ENPG 2014 (PG).DTA.dta","oh7","12",13
"2014","__enpg/Base de datos ENPG 2014 (PG).DTA.dta","oh7","13",3
"2014","__enpg/Base de datos ENPG 2014 (PG).DTA.dta","oh7","14",1
"2014","__enpg/Base de datos ENPG 2014 (PG).DTA.dta","oh7","15",18
"2014","__enpg/Base de datos ENPG 2014 (PG).DTA.dta","oh7","16",1
"2014","__enpg/Base de datos ENPG 2014 (PG).DTA.dta","oh7","20",22
"2014","__enpg/Base de datos ENPG 2014 (PG).DTA.dta","oh7","25",2
"2014","__enpg/Base de datos ENPG 2014 (PG).DTA.dta","oh7","30",19
"2014","__enpg/Base de datos ENPG 2014 (PG).DTA.dta","oh7","40",1
"2014","__enpg/Base de datos ENPG 2014 (PG).DTA.dta","oh7","51",2
"2014","__enpg/Base de datos ENPG 2014 (PG).DTA.dta","oh7","52",3
"2014","__enpg/Base de datos ENPG 2014 (PG).DTA.dta","oh7","53",1
"2014","__enpg/Base de datos ENPG 2014 (PG).DTA.dta","oh7","88",267
"2014","__enpg/Base de datos ENPG 2014 (PG).DTA.dta","oh7","90",1
"2014","__enpg/Base de datos ENPG 2014 (PG).DTA.dta","oh7","91",1
"2014","__enpg/Base de datos ENPG 2014 (PG).DTA.dta","oh7","99",494
"2014","__enpg/Base de datos ENPG 2014 (PG).DTA.dta","oh7",NA,11157
"2014","__enpg/Base de datos ENPG 2014 (PG).DTA.dta","oh8","0",163
"2014","__enpg/Base de datos ENPG 2014 (PG).DTA.dta","oh8","1",2241
"2014","__enpg/Base de datos ENPG 2014 (PG).DTA.dta","oh8","2",2132
"2014","__enpg/Base de datos ENPG 2014 (PG).DTA.dta","oh8","3",1362
"2014","__enpg/Base de datos ENPG 2014 (PG).DTA.dta","oh8","4",763
"2014","__enpg/Base de datos ENPG 2014 (PG).DTA.dta","oh8","5",566
"2014","__enpg/Base de datos ENPG 2014 (PG).DTA.dta","oh8","6",583
"2014","__enpg/Base de datos ENPG 2014 (PG).DTA.dta","oh8","7",124
"2014","__enpg/Base de datos ENPG 2014 (PG).DTA.dta","oh8","8",227
"2014","__enpg/Base de datos ENPG 2014 (PG).DTA.dta","oh8","9",22
"2014","__enpg/Base de datos ENPG 2014 (PG).DTA.dta","oh8","10",231
"2014","__enpg/Base de datos ENPG 2014 (PG).DTA.dta","oh8","11",2
"2014","__enpg/Base de datos ENPG 2014 (PG).DTA.dta","oh8","12",76
"2014","__enpg/Base de datos ENPG 2014 (PG).DTA.dta","oh8","13",5
"2014","__enpg/Base de datos ENPG 2014 (PG).DTA.dta","oh8","14",4
"2014","__enpg/Base de datos ENPG 2014 (PG).DTA.dta","oh8","15",43
"2014","__enpg/Base de datos ENPG 2014 (PG).DTA.dta","oh8","16",9
"2014","__enpg/Base de datos ENPG 2014 (PG).DTA.dta","oh8","18",36
"2014","__enpg/Base de datos ENPG 2014 (PG).DTA.dta","oh8","20",29
"2014","__enpg/Base de datos ENPG 2014 (PG).DTA.dta","oh8","23",2
"2014","__enpg/Base de datos ENPG 2014 (PG).DTA.dta","oh8","24",10
"2014","__enpg/Base de datos ENPG 2014 (PG).DTA.dta","oh8","25",1
"2014","__enpg/Base de datos ENPG 2014 (PG).DTA.dta","oh8","28",2
"2014","__enpg/Base de datos ENPG 2014 (PG).DTA.dta","oh8","30",10
"2014","__enpg/Base de datos ENPG 2014 (PG).DTA.dta","oh8","36",1
"2014","__enpg/Base de datos ENPG 2014 (PG).DTA.dta","oh8","40",3
"2014","__enpg/Base de datos ENPG 2014 (PG).DTA.dta","oh8","48",4
"2014","__enpg/Base de datos ENPG 2014 (PG).DTA.dta","oh8","50",1
"2014","__enpg/Base de datos ENPG 2014 (PG).DTA.dta","oh8","56",1
"2014","__enpg/Base de datos ENPG 2014 (PG).DTA.dta","oh8","60",2
"2014","__enpg/Base de datos ENPG 2014 (PG).DTA.dta","oh8","88",153
"2014","__enpg/Base de datos ENPG 2014 (PG).DTA.dta","oh8","99",148
"2014","__enpg/Base de datos ENPG 2014 (PG).DTA.dta","oh8",NA,11157
"2014","__enpg/Base de datos ENPG 2014 (PG).DTA.dta","oh9","0",2243
"2014","__enpg/Base de datos ENPG 2014 (PG).DTA.dta","oh9","1",6
"2014","__enpg/Base de datos ENPG 2014 (PG).DTA.dta","oh9","2",5
"2014","__enpg/Base de datos ENPG 2014 (PG).DTA.dta","oh9","3",6
"2014","__enpg/Base de datos ENPG 2014 (PG).DTA.dta","oh9","4",1
"2014","__enpg/Base de datos ENPG 2014 (PG).DTA.dta","oh9","5",4
"2014","__enpg/Base de datos ENPG 2014 (PG).DTA.dta","oh9","8",2
"2014","__enpg/Base de datos ENPG 2014 (PG).DTA.dta","oh9","9",1
"2014","__enpg/Base de datos ENPG 2014 (PG).DTA.dta","oh9","10",3
"2014","__enpg/Base de datos ENPG 2014 (PG).DTA.dta","oh9","12",1
"2014","__enpg/Base de datos ENPG 2014 (PG).DTA.dta","oh9","15",4
"2014","__enpg/Base de datos ENPG 2014 (PG).DTA.dta","oh9","18",1
"2014","__enpg/Base de datos ENPG 2014 (PG).DTA.dta","oh9","20",2
"2014","__enpg/Base de datos ENPG 2014 (PG).DTA.dta","oh9","30",2
"2014","__enpg/Base de datos ENPG 2014 (PG).DTA.dta","oh9","50",2
"2014","__enpg/Base de datos ENPG 2014 (PG).DTA.dta","oh9","76",1
"2014","__enpg/Base de datos ENPG 2014 (PG).DTA.dta","oh9","95",1
"2014","__enpg/Base de datos ENPG 2014 (PG).DTA.dta","oh9","100",4
"2014","__enpg/Base de datos ENPG 2014 (PG).DTA.dta","oh9","120",1
"2014","__enpg/Base de datos ENPG 2014 (PG).DTA.dta","oh9","160",1
"2014","__enpg/Base de datos ENPG 2014 (PG).DTA.dta","oh9","200",2
"2014","__enpg/Base de datos ENPG 2014 (PG).DTA.dta","oh9","300",3
"2014","__enpg/Base de datos ENPG 2014 (PG).DTA.dta","oh9","350",1
"2014","__enpg/Base de datos ENPG 2014 (PG).DTA.dta","oh9","400",5
"2014","__enpg/Base de datos ENPG 2014 (PG).DTA.dta","oh9","500",25
"2014","__enpg/Base de datos ENPG 2014 (PG).DTA.dta","oh9","550",4
"2014","__enpg/Base de datos ENPG 2014 (PG).DTA.dta","oh9","600",5
"2014","__enpg/Base de datos ENPG 2014 (PG).DTA.dta","oh9","650",1
"2014","__enpg/Base de datos ENPG 2014 (PG).DTA.dta","oh9","700",9
"2014","__enpg/Base de datos ENPG 2014 (PG).DTA.dta","oh9","750",2
"2014","__enpg/Base de datos ENPG 2014 (PG).DTA.dta","oh9","800",8
"2014","__enpg/Base de datos ENPG 2014 (PG).DTA.dta","oh9","900",1
"2014","__enpg/Base de datos ENPG 2014 (PG).DTA.dta","oh9","1000",153
"2014","__enpg/Base de datos ENPG 2014 (PG).DTA.dta","oh9","1050",1
"2014","__enpg/Base de datos ENPG 2014 (PG).DTA.dta","oh9","1100",7
"2014","__enpg/Base de datos ENPG 2014 (PG).DTA.dta","oh9","1200",35
"2014","__enpg/Base de datos ENPG 2014 (PG).DTA.dta","oh9","1250",1
"2014","__enpg/Base de datos ENPG 2014 (PG).DTA.dta","oh9","1300",5
"2014","__enpg/Base de datos ENPG 2014 (PG).DTA.dta","oh9","1390",1
"2014","__enpg/Base de datos ENPG 2014 (PG).DTA.dta","oh9","1400",3
"2014","__enpg/Base de datos ENPG 2014 (PG).DTA.dta","oh9","1450",1
"2014","__enpg/Base de datos ENPG 2014 (PG).DTA.dta","oh9","1500",83
"2014","__enpg/Base de datos ENPG 2014 (PG).DTA.dta","oh9","1600",13
"2014","__enpg/Base de datos ENPG 2014 (PG).DTA.dta","oh9","1700",4
"2014","__enpg/Base de datos ENPG 2014 (PG).DTA.dta","oh9","1800",24
"2014","__enpg/Base de datos ENPG 2014 (PG).DTA.dta","oh9","1890",2
"2014","__enpg/Base de datos ENPG 2014 (PG).DTA.dta","oh9","1900",6
"2014","__enpg/Base de datos ENPG 2014 (PG).DTA.dta","oh9","1950",1
"2014","__enpg/Base de datos ENPG 2014 (PG).DTA.dta","oh9","1990",2
"2014","__enpg/Base de datos ENPG 2014 (PG).DTA.dta","oh9","2000",501
"2014","__enpg/Base de datos ENPG 2014 (PG).DTA.dta","oh9","2100",2
"2014","__enpg/Base de datos ENPG 2014 (PG).DTA.dta","oh9","2200",12
"2014","__enpg/Base de datos ENPG 2014 (PG).DTA.dta","oh9","2300",6
"2014","__enpg/Base de datos ENPG 2014 (PG).DTA.dta","oh9","2390",1
"2014","__enpg/Base de datos ENPG 2014 (PG).DTA.dta","oh9","2400",10
"2014","__enpg/Base de datos ENPG 2014 (PG).DTA.dta","oh9","2500",91
"2014","__enpg/Base de datos ENPG 2014 (PG).DTA.dta","oh9","2600",9
"2014","__enpg/Base de datos ENPG 2014 (PG).DTA.dta","oh9","2700",5
"2014","__enpg/Base de datos ENPG 2014 (PG).DTA.dta","oh9","2800",16
"2014","__enpg/Base de datos ENPG 2014 (PG).DTA.dta","oh9","2900",5
"2014","__enpg/Base de datos ENPG 2014 (PG).DTA.dta","oh9","3000",498
"2014","__enpg/Base de datos ENPG 2014 (PG).DTA.dta","oh9","3200",6
"2014","__enpg/Base de datos ENPG 2014 (PG).DTA.dta","oh9","3300",2
"2014","__enpg/Base de datos ENPG 2014 (PG).DTA.dta","oh9","3500",50
"2014","__enpg/Base de datos ENPG 2014 (PG).DTA.dta","oh9","3600",20
"2014","__enpg/Base de datos ENPG 2014 (PG).DTA.dta","oh9","3700",2
"2014","__enpg/Base de datos ENPG 2014 (PG).DTA.dta","oh9","3800",11
"2014","__enpg/Base de datos ENPG 2014 (PG).DTA.dta","oh9","3900",2
"2014","__enpg/Base de datos ENPG 2014 (PG).DTA.dta","oh9","4000",279
"2014","__enpg/Base de datos ENPG 2014 (PG).DTA.dta","oh9","4200",4
"2014","__enpg/Base de datos ENPG 2014 (PG).DTA.dta","oh9","4400",3
"2014","__enpg/Base de datos ENPG 2014 (PG).DTA.dta","oh9","4500",29
"2014","__enpg/Base de datos ENPG 2014 (PG).DTA.dta","oh9","4580",1
"2014","__enpg/Base de datos ENPG 2014 (PG).DTA.dta","oh9","4600",1
"2014","__enpg/Base de datos ENPG 2014 (PG).DTA.dta","oh9","4800",7
"2014","__enpg/Base de datos ENPG 2014 (PG).DTA.dta","oh9","4990",1
"2014","__enpg/Base de datos ENPG 2014 (PG).DTA.dta","oh9","5000",921
"2014","__enpg/Base de datos ENPG 2014 (PG).DTA.dta","oh9","5200",2
"2014","__enpg/Base de datos ENPG 2014 (PG).DTA.dta","oh9","5300",1
"2014","__enpg/Base de datos ENPG 2014 (PG).DTA.dta","oh9","5500",4
"2014","__enpg/Base de datos ENPG 2014 (PG).DTA.dta","oh9","5600",2
"2014","__enpg/Base de datos ENPG 2014 (PG).DTA.dta","oh9","5800",3
"2014","__enpg/Base de datos ENPG 2014 (PG).DTA.dta","oh9","5900",1
"2014","__enpg/Base de datos ENPG 2014 (PG).DTA.dta","oh9","6000",222
"2014","__enpg/Base de datos ENPG 2014 (PG).DTA.dta","oh9","6300",1
"2014","__enpg/Base de datos ENPG 2014 (PG).DTA.dta","oh9","6500",8
"2014","__enpg/Base de datos ENPG 2014 (PG).DTA.dta","oh9","6800",1
"2014","__enpg/Base de datos ENPG 2014 (PG).DTA.dta","oh9","7000",111
"2014","__enpg/Base de datos ENPG 2014 (PG).DTA.dta","oh9","7200",1
"2014","__enpg/Base de datos ENPG 2014 (PG).DTA.dta","oh9","7500",8
"2014","__enpg/Base de datos ENPG 2014 (PG).DTA.dta","oh9","7900",1
"2014","__enpg/Base de datos ENPG 2014 (PG).DTA.dta","oh9","8000",149
"2014","__enpg/Base de datos ENPG 2014 (PG).DTA.dta","oh9","8200",1
"2014","__enpg/Base de datos ENPG 2014 (PG).DTA.dta","oh9","8500",1
"2014","__enpg/Base de datos ENPG 2014 (PG).DTA.dta","oh9","8800",1
"2014","__enpg/Base de datos ENPG 2014 (PG).DTA.dta","oh9","9000",19
"2014","__enpg/Base de datos ENPG 2014 (PG).DTA.dta","oh9","9500",1
"2014","__enpg/Base de datos ENPG 2014 (PG).DTA.dta","oh9","9969",1
"2014","__enpg/Base de datos ENPG 2014 (PG).DTA.dta","oh9","10000",907
"2014","__enpg/Base de datos ENPG 2014 (PG).DTA.dta","oh9","10003",1
"2014","__enpg/Base de datos ENPG 2014 (PG).DTA.dta","oh9","10500",2
"2014","__enpg/Base de datos ENPG 2014 (PG).DTA.dta","oh9","11000",4
"2014","__enpg/Base de datos ENPG 2014 (PG).DTA.dta","oh9","11200",2
"2014","__enpg/Base de datos ENPG 2014 (PG).DTA.dta","oh9","12000",107
"2014","__enpg/Base de datos ENPG 2014 (PG).DTA.dta","oh9","12500",3
"2014","__enpg/Base de datos ENPG 2014 (PG).DTA.dta","oh9","13000",5
"2014","__enpg/Base de datos ENPG 2014 (PG).DTA.dta","oh9","14000",9
"2014","__enpg/Base de datos ENPG 2014 (PG).DTA.dta","oh9","15000",325
"2014","__enpg/Base de datos ENPG 2014 (PG).DTA.dta","oh9","16000",18
"2014","__enpg/Base de datos ENPG 2014 (PG).DTA.dta","oh9","16500",2
"2014","__enpg/Base de datos ENPG 2014 (PG).DTA.dta","oh9","17000",3
"2014","__enpg/Base de datos ENPG 2014 (PG).DTA.dta","oh9","18000",16
"2014","__enpg/Base de datos ENPG 2014 (PG).DTA.dta","oh9","20000",433
"2014","__enpg/Base de datos ENPG 2014 (PG).DTA.dta","oh9","20800",1
"2014","__enpg/Base de datos ENPG 2014 (PG).DTA.dta","oh9","21000",3
"2014","__enpg/Base de datos ENPG 2014 (PG).DTA.dta","oh9","22000",3
"2014","__enpg/Base de datos ENPG 2014 (PG).DTA.dta","oh9","23000",3
"2014","__enpg/Base de datos ENPG 2014 (PG).DTA.dta","oh9","24000",8
"2014","__enpg/Base de datos ENPG 2014 (PG).DTA.dta","oh9","25000",57
"2014","__enpg/Base de datos ENPG 2014 (PG).DTA.dta","oh9","25600",1
"2014","__enpg/Base de datos ENPG 2014 (PG).DTA.dta","oh9","26000",2
"2014","__enpg/Base de datos ENPG 2014 (PG).DTA.dta","oh9","27000",2
"2014","__enpg/Base de datos ENPG 2014 (PG).DTA.dta","oh9","28000",1
"2014","__enpg/Base de datos ENPG 2014 (PG).DTA.dta","oh9","30000",185
"2014","__enpg/Base de datos ENPG 2014 (PG).DTA.dta","oh9","32000",2
"2014","__enpg/Base de datos ENPG 2014 (PG).DTA.dta","oh9","35000",9
"2014","__enpg/Base de datos ENPG 2014 (PG).DTA.dta","oh9","36000",1
"2014","__enpg/Base de datos ENPG 2014 (PG).DTA.dta","oh9","40000",85
"2014","__enpg/Base de datos ENPG 2014 (PG).DTA.dta","oh9","42000",1
"2014","__enpg/Base de datos ENPG 2014 (PG).DTA.dta","oh9","44000",1
"2014","__enpg/Base de datos ENPG 2014 (PG).DTA.dta","oh9","45000",3
"2014","__enpg/Base de datos ENPG 2014 (PG).DTA.dta","oh9","48000",2
"2014","__enpg/Base de datos ENPG 2014 (PG).DTA.dta","oh9","50000",72
"2014","__enpg/Base de datos ENPG 2014 (PG).DTA.dta","oh9","52000",1
"2014","__enpg/Base de datos ENPG 2014 (PG).DTA.dta","oh9","53000",1
"2014","__enpg/Base de datos ENPG 2014 (PG).DTA.dta","oh9","54000",1
"2014","__enpg/Base de datos ENPG 2014 (PG).DTA.dta","oh9","60000",39
"2014","__enpg/Base de datos ENPG 2014 (PG).DTA.dta","oh9","68000",1
"2014","__enpg/Base de datos ENPG 2014 (PG).DTA.dta","oh9","70000",5
"2014","__enpg/Base de datos ENPG 2014 (PG).DTA.dta","oh9","80000",18
"2014","__enpg/Base de datos ENPG 2014 (PG).DTA.dta","oh9","90000",1
"2014","__enpg/Base de datos ENPG 2014 (PG).DTA.dta","oh9","1e+05",17
"2014","__enpg/Base de datos ENPG 2014 (PG).DTA.dta","oh9","110000",2
"2014","__enpg/Base de datos ENPG 2014 (PG).DTA.dta","oh9","120000",6
"2014","__enpg/Base de datos ENPG 2014 (PG).DTA.dta","oh9","130000",1
"2014","__enpg/Base de datos ENPG 2014 (PG).DTA.dta","oh9","142352",1
"2014","__enpg/Base de datos ENPG 2014 (PG).DTA.dta","oh9","150000",10
"2014","__enpg/Base de datos ENPG 2014 (PG).DTA.dta","oh9","180000",1
"2014","__enpg/Base de datos ENPG 2014 (PG).DTA.dta","oh9","2e+05",6
"2014","__enpg/Base de datos ENPG 2014 (PG).DTA.dta","oh9","240000",2
"2014","__enpg/Base de datos ENPG 2014 (PG).DTA.dta","oh9","3e+05",3
"2014","__enpg/Base de datos ENPG 2014 (PG).DTA.dta","oh9","350000",1
"2014","__enpg/Base de datos ENPG 2014 (PG).DTA.dta","oh9","4e+05",2
"2014","__enpg/Base de datos ENPG 2014 (PG).DTA.dta","oh9","8888888",427
"2014","__enpg/Base de datos ENPG 2014 (PG).DTA.dta","oh9","9999999",398
"2014","__enpg/Base de datos ENPG 2014 (PG).DTA.dta","oh9",NA,11157
"2014","__enpg/Base de datos ENPG 2014 (PG).DTA.dta","oh11","0",8647
"2014","__enpg/Base de datos ENPG 2014 (PG).DTA.dta","oh11","1",2350
"2014","__enpg/Base de datos ENPG 2014 (PG).DTA.dta","oh11","2",762
"2014","__enpg/Base de datos ENPG 2014 (PG).DTA.dta","oh11","3",189
"2014","__enpg/Base de datos ENPG 2014 (PG).DTA.dta","oh11","4",138
"2014","__enpg/Base de datos ENPG 2014 (PG).DTA.dta","oh11","99",65
"2014","__enpg/Base de datos ENPG 2014 (PG).DTA.dta","oh11",NA,7962
"2014","__enpg/Base de datos ENPG 2014 (PG).DTA.dta","oh12","0",9404
"2014","__enpg/Base de datos ENPG 2014 (PG).DTA.dta","oh12","1",1709
"2014","__enpg/Base de datos ENPG 2014 (PG).DTA.dta","oh12","2",621
"2014","__enpg/Base de datos ENPG 2014 (PG).DTA.dta","oh12","3",328
"2014","__enpg/Base de datos ENPG 2014 (PG).DTA.dta","oh12","4",43
"2014","__enpg/Base de datos ENPG 2014 (PG).DTA.dta","oh12","99",46
"2014","__enpg/Base de datos ENPG 2014 (PG).DTA.dta","oh12",NA,7962
"2014","__enpg/Base de datos ENPG 2014 (PG).DTA.dta","oh20_1","1",1422
"2014","__enpg/Base de datos ENPG 2014 (PG).DTA.dta","oh20_1",NA,18691
"2014","__enpg/Base de datos ENPG 2014 (PG).DTA.dta","oh20_2","2",642
"2014","__enpg/Base de datos ENPG 2014 (PG).DTA.dta","oh20_2",NA,19471
"2014","__enpg/Base de datos ENPG 2014 (PG).DTA.dta","oh20_3","3",3708
"2014","__enpg/Base de datos ENPG 2014 (PG).DTA.dta","oh20_3",NA,16405
"2014","__enpg/Base de datos ENPG 2014 (PG).DTA.dta","oh20_4","4",5157
"2014","__enpg/Base de datos ENPG 2014 (PG).DTA.dta","oh20_4",NA,14956
"2014","__enpg/Base de datos ENPG 2014 (PG).DTA.dta","oh20_5","5",86
"2014","__enpg/Base de datos ENPG 2014 (PG).DTA.dta","oh20_5",NA,20027
"2014","__enpg/Base de datos ENPG 2014 (PG).DTA.dta","oh20_6","6",250
"2014","__enpg/Base de datos ENPG 2014 (PG).DTA.dta","oh20_6",NA,19863
"2014","__enpg/Base de datos ENPG 2014 (PG).DTA.dta","oh20_7","7",3534
"2014","__enpg/Base de datos ENPG 2014 (PG).DTA.dta","oh20_7",NA,16579
"2014","__enpg/Base de datos ENPG 2014 (PG).DTA.dta","oh21_1","1",156
"2014","__enpg/Base de datos ENPG 2014 (PG).DTA.dta","oh21_1",NA,19957
"2014","__enpg/Base de datos ENPG 2014 (PG).DTA.dta","oh21_2","2",672
"2014","__enpg/Base de datos ENPG 2014 (PG).DTA.dta","oh21_2",NA,19441
"2014","__enpg/Base de datos ENPG 2014 (PG).DTA.dta","oh21_3","3",268
"2014","__enpg/Base de datos ENPG 2014 (PG).DTA.dta","oh21_3",NA,19845
"2014","__enpg/Base de datos ENPG 2014 (PG).DTA.dta","oh21_4","4",134
"2014","__enpg/Base de datos ENPG 2014 (PG).DTA.dta","oh21_4",NA,19979
"2014","__enpg/Base de datos ENPG 2014 (PG).DTA.dta","oh21_5","5",214
"2014","__enpg/Base de datos ENPG 2014 (PG).DTA.dta","oh21_5",NA,19899
"2014","__enpg/Base de datos ENPG 2014 (PG).DTA.dta","oh21_6","6",351
"2014","__enpg/Base de datos ENPG 2014 (PG).DTA.dta","oh21_6",NA,19762
"2014","__enpg/Base de datos ENPG 2014 (PG).DTA.dta","oh21_7","7",10519
"2014","__enpg/Base de datos ENPG 2014 (PG).DTA.dta","oh21_7",NA,9594
"2014","__enpg/Base de datos ENPG 2014 (PG).DTA.dta","oh24","1",406
"2014","__enpg/Base de datos ENPG 2014 (PG).DTA.dta","oh24","2",11600
"2014","__enpg/Base de datos ENPG 2014 (PG).DTA.dta","oh24","88",21
"2014","__enpg/Base de datos ENPG 2014 (PG).DTA.dta","oh24","99",124
"2014","__enpg/Base de datos ENPG 2014 (PG).DTA.dta","oh24",NA,7962
"2014","__enpg/Base de datos ENPG 2014 (PG).DTA.dta","od3","1",2110
"2014","__enpg/Base de datos ENPG 2014 (PG).DTA.dta","od3","2",5514
"2014","__enpg/Base de datos ENPG 2014 (PG).DTA.dta","od3","88",14
"2014","__enpg/Base de datos ENPG 2014 (PG).DTA.dta","od3","99",82
"2014","__enpg/Base de datos ENPG 2014 (PG).DTA.dta","od3",NA,12393
"2014","__enpg/Base de datos ENPG 2014 (PG).DTA.dta","trata3","1",43
"2014","__enpg/Base de datos ENPG 2014 (PG).DTA.dta","trata3","2",23
"2014","__enpg/Base de datos ENPG 2014 (PG).DTA.dta","trata3","3",25
"2014","__enpg/Base de datos ENPG 2014 (PG).DTA.dta","trata3",NA,20022
"2014","__enpg/Base de datos ENPG 2014 (PG).DTA.dta","trata5","1",92
"2014","__enpg/Base de datos ENPG 2014 (PG).DTA.dta","trata5","2",58
"2014","__enpg/Base de datos ENPG 2014 (PG).DTA.dta","trata5","3",26
"2014","__enpg/Base de datos ENPG 2014 (PG).DTA.dta","trata5","4",19751
"2014","__enpg/Base de datos ENPG 2014 (PG).DTA.dta","trata5",NA,186
"2014","__enpg/Base de datos ENPG 2014 (PG).DTA.dta","trata6","1",40
"2014","__enpg/Base de datos ENPG 2014 (PG).DTA.dta","trata6","2",6
"2014","__enpg/Base de datos ENPG 2014 (PG).DTA.dta","trata6","3",7
"2014","__enpg/Base de datos ENPG 2014 (PG).DTA.dta","trata6","4",123
"2014","__enpg/Base de datos ENPG 2014 (PG).DTA.dta","trata6",NA,19937
"2014","__enpg/Base de datos ENPG 2014 (PG).DTA.dta","pr1_2","1",168
"2014","__enpg/Base de datos ENPG 2014 (PG).DTA.dta","pr1_2","2",561
"2014","__enpg/Base de datos ENPG 2014 (PG).DTA.dta","pr1_2","3",1662
"2014","__enpg/Base de datos ENPG 2014 (PG).DTA.dta","pr1_2","4",17411
"2014","__enpg/Base de datos ENPG 2014 (PG).DTA.dta","pr1_2","88",311
"2014","__enpg/Base de datos ENPG 2014 (PG).DTA.dta","op1_3","1",5719
"2014","__enpg/Base de datos ENPG 2014 (PG).DTA.dta","op1_3","2",9112
"2014","__enpg/Base de datos ENPG 2014 (PG).DTA.dta","op1_3","3",3915
"2014","__enpg/Base de datos ENPG 2014 (PG).DTA.dta","op1_3","4",838
"2014","__enpg/Base de datos ENPG 2014 (PG).DTA.dta","op1_3","88",333
"2014","__enpg/Base de datos ENPG 2014 (PG).DTA.dta","op1_3","99",196
"2014","__enpg/Base de datos ENPG 2014 (PG).DTA.dta","op1_6","1",5392
"2014","__enpg/Base de datos ENPG 2014 (PG).DTA.dta","op1_6","2",8424
"2014","__enpg/Base de datos ENPG 2014 (PG).DTA.dta","op1_6","3",4625
"2014","__enpg/Base de datos ENPG 2014 (PG).DTA.dta","op1_6","4",1034
"2014","__enpg/Base de datos ENPG 2014 (PG).DTA.dta","op1_6","88",421
"2014","__enpg/Base de datos ENPG 2014 (PG).DTA.dta","op1_6","99",217
"2014","__enpg/Base de datos ENPG 2014 (PG).DTA.dta","op2_1","1",3446
"2014","__enpg/Base de datos ENPG 2014 (PG).DTA.dta","op2_1","2",6927
"2014","__enpg/Base de datos ENPG 2014 (PG).DTA.dta","op2_1","3",7614
"2014","__enpg/Base de datos ENPG 2014 (PG).DTA.dta","op2_1","4",1452
"2014","__enpg/Base de datos ENPG 2014 (PG).DTA.dta","op2_1","88",497
"2014","__enpg/Base de datos ENPG 2014 (PG).DTA.dta","op2_1","99",177
"2014","__enpg/Base de datos ENPG 2014 (PG).DTA.dta","op3_2","1",2555
"2014","__enpg/Base de datos ENPG 2014 (PG).DTA.dta","op3_2","2",7619
"2014","__enpg/Base de datos ENPG 2014 (PG).DTA.dta","op3_2","3",5231
"2014","__enpg/Base de datos ENPG 2014 (PG).DTA.dta","op3_2","4",761
"2014","__enpg/Base de datos ENPG 2014 (PG).DTA.dta","op3_2","88",3695
"2014","__enpg/Base de datos ENPG 2014 (PG).DTA.dta","op3_2","99",252
"2016","__enpg/base ENPG 2016 publico general.dta","oh_1","1",14231
"2016","__enpg/base ENPG 2016 publico general.dta","oh_1","2",4823
"2016","__enpg/base ENPG 2016 publico general.dta","oh_1","88",11
"2016","__enpg/base ENPG 2016 publico general.dta","oh_1","99",82
"2016","__enpg/base ENPG 2016 publico general.dta","oh_2","1",1276
"2016","__enpg/base ENPG 2016 publico general.dta","oh_2","2",904
"2016","__enpg/base ENPG 2016 publico general.dta","oh_2","3",11837
"2016","__enpg/base ENPG 2016 publico general.dta","oh_2","88",184
"2016","__enpg/base ENPG 2016 publico general.dta","oh_2","99",30
"2016","__enpg/base ENPG 2016 publico general.dta","oh_2",NA,4916
"2016","__enpg/base ENPG 2016 publico general.dta","oh_3","5",14
"2016","__enpg/base ENPG 2016 publico general.dta","oh_3","6",8
"2016","__enpg/base ENPG 2016 publico general.dta","oh_3","7",17
"2016","__enpg/base ENPG 2016 publico general.dta","oh_3","8",31
"2016","__enpg/base ENPG 2016 publico general.dta","oh_3","9",25
"2016","__enpg/base ENPG 2016 publico general.dta","oh_3","10",67
"2016","__enpg/base ENPG 2016 publico general.dta","oh_3","11",65
"2016","__enpg/base ENPG 2016 publico general.dta","oh_3","12",256
"2016","__enpg/base ENPG 2016 publico general.dta","oh_3","13",367
"2016","__enpg/base ENPG 2016 publico general.dta","oh_3","14",791
"2016","__enpg/base ENPG 2016 publico general.dta","oh_3","15",1803
"2016","__enpg/base ENPG 2016 publico general.dta","oh_3","16",1432
"2016","__enpg/base ENPG 2016 publico general.dta","oh_3","17",1930
"2016","__enpg/base ENPG 2016 publico general.dta","oh_3","18",2692
"2016","__enpg/base ENPG 2016 publico general.dta","oh_3","19",662
"2016","__enpg/base ENPG 2016 publico general.dta","oh_3","20",1499
"2016","__enpg/base ENPG 2016 publico general.dta","oh_3","21",384
"2016","__enpg/base ENPG 2016 publico general.dta","oh_3","22",329
"2016","__enpg/base ENPG 2016 publico general.dta","oh_3","23",184
"2016","__enpg/base ENPG 2016 publico general.dta","oh_3","24",194
"2016","__enpg/base ENPG 2016 publico general.dta","oh_3","25",499
"2016","__enpg/base ENPG 2016 publico general.dta","oh_3","26",80
"2016","__enpg/base ENPG 2016 publico general.dta","oh_3","27",71
"2016","__enpg/base ENPG 2016 publico general.dta","oh_3","28",77
"2016","__enpg/base ENPG 2016 publico general.dta","oh_3","29",25
"2016","__enpg/base ENPG 2016 publico general.dta","oh_3","30",282
"2016","__enpg/base ENPG 2016 publico general.dta","oh_3","31",15
"2016","__enpg/base ENPG 2016 publico general.dta","oh_3","32",21
"2016","__enpg/base ENPG 2016 publico general.dta","oh_3","33",13
"2016","__enpg/base ENPG 2016 publico general.dta","oh_3","34",13
"2016","__enpg/base ENPG 2016 publico general.dta","oh_3","35",63
"2016","__enpg/base ENPG 2016 publico general.dta","oh_3","36",14
"2016","__enpg/base ENPG 2016 publico general.dta","oh_3","37",7
"2016","__enpg/base ENPG 2016 publico general.dta","oh_3","38",15
"2016","__enpg/base ENPG 2016 publico general.dta","oh_3","39",7
"2016","__enpg/base ENPG 2016 publico general.dta","oh_3","40",65
"2016","__enpg/base ENPG 2016 publico general.dta","oh_3","41",5
"2016","__enpg/base ENPG 2016 publico general.dta","oh_3","42",9
"2016","__enpg/base ENPG 2016 publico general.dta","oh_3","43",4
"2016","__enpg/base ENPG 2016 publico general.dta","oh_3","44",4
"2016","__enpg/base ENPG 2016 publico general.dta","oh_3","45",19
"2016","__enpg/base ENPG 2016 publico general.dta","oh_3","46",1
"2016","__enpg/base ENPG 2016 publico general.dta","oh_3","47",3
"2016","__enpg/base ENPG 2016 publico general.dta","oh_3","48",4
"2016","__enpg/base ENPG 2016 publico general.dta","oh_3","49",2
"2016","__enpg/base ENPG 2016 publico general.dta","oh_3","50",27
"2016","__enpg/base ENPG 2016 publico general.dta","oh_3","51",1
"2016","__enpg/base ENPG 2016 publico general.dta","oh_3","52",3
"2016","__enpg/base ENPG 2016 publico general.dta","oh_3","53",2
"2016","__enpg/base ENPG 2016 publico general.dta","oh_3","54",1
"2016","__enpg/base ENPG 2016 publico general.dta","oh_3","55",3
"2016","__enpg/base ENPG 2016 publico general.dta","oh_3","56",4
"2016","__enpg/base ENPG 2016 publico general.dta","oh_3","57",2
"2016","__enpg/base ENPG 2016 publico general.dta","oh_3","59",3
"2016","__enpg/base ENPG 2016 publico general.dta","oh_3","60",5
"2016","__enpg/base ENPG 2016 publico general.dta","oh_3","62",1
"2016","__enpg/base ENPG 2016 publico general.dta","oh_3","63",1
"2016","__enpg/base ENPG 2016 publico general.dta","oh_3","88",86
"2016","__enpg/base ENPG 2016 publico general.dta","oh_3","99",24
"2016","__enpg/base ENPG 2016 publico general.dta","oh_3",NA,4916
"2016","__enpg/base ENPG 2016 publico general.dta","oh_4","1",7327
"2016","__enpg/base ENPG 2016 publico general.dta","oh_4","2",3475
"2016","__enpg/base ENPG 2016 publico general.dta","oh_4","3",3317
"2016","__enpg/base ENPG 2016 publico general.dta","oh_4","88",77
"2016","__enpg/base ENPG 2016 publico general.dta","oh_4","99",35
"2016","__enpg/base ENPG 2016 publico general.dta","oh_4",NA,4916
"2016","__enpg/base ENPG 2016 publico general.dta","oh_5","1",1914
"2016","__enpg/base ENPG 2016 publico general.dta","oh_5","2",1566
"2016","__enpg/base ENPG 2016 publico general.dta","oh_5","3",687
"2016","__enpg/base ENPG 2016 publico general.dta","oh_5","4",1427
"2016","__enpg/base ENPG 2016 publico general.dta","oh_5","5",360
"2016","__enpg/base ENPG 2016 publico general.dta","oh_5","6",221
"2016","__enpg/base ENPG 2016 publico general.dta","oh_5","7",77
"2016","__enpg/base ENPG 2016 publico general.dta","oh_5","8",345
"2016","__enpg/base ENPG 2016 publico general.dta","oh_5","9",19
"2016","__enpg/base ENPG 2016 publico general.dta","oh_5","10",215
"2016","__enpg/base ENPG 2016 publico general.dta","oh_5","11",6
"2016","__enpg/base ENPG 2016 publico general.dta","oh_5","12",46
"2016","__enpg/base ENPG 2016 publico general.dta","oh_5","13",8
"2016","__enpg/base ENPG 2016 publico general.dta","oh_5","14",11
"2016","__enpg/base ENPG 2016 publico general.dta","oh_5","15",120
"2016","__enpg/base ENPG 2016 publico general.dta","oh_5","16",16
"2016","__enpg/base ENPG 2016 publico general.dta","oh_5","17",3
"2016","__enpg/base ENPG 2016 publico general.dta","oh_5","18",4
"2016","__enpg/base ENPG 2016 publico general.dta","oh_5","19",1
"2016","__enpg/base ENPG 2016 publico general.dta","oh_5","20",79
"2016","__enpg/base ENPG 2016 publico general.dta","oh_5","22",1
"2016","__enpg/base ENPG 2016 publico general.dta","oh_5","23",4
"2016","__enpg/base ENPG 2016 publico general.dta","oh_5","24",3
"2016","__enpg/base ENPG 2016 publico general.dta","oh_5","25",18
"2016","__enpg/base ENPG 2016 publico general.dta","oh_5","26",2
"2016","__enpg/base ENPG 2016 publico general.dta","oh_5","27",5
"2016","__enpg/base ENPG 2016 publico general.dta","oh_5","28",1
"2016","__enpg/base ENPG 2016 publico general.dta","oh_5","30",132
"2016","__enpg/base ENPG 2016 publico general.dta","oh_5","88",26
"2016","__enpg/base ENPG 2016 publico general.dta","oh_5","99",10
"2016","__enpg/base ENPG 2016 publico general.dta","oh_5",NA,11820
"2016","__enpg/base ENPG 2016 publico general.dta","oh_6","1",4270
"2016","__enpg/base ENPG 2016 publico general.dta","oh_6","2",1829
"2016","__enpg/base ENPG 2016 publico general.dta","oh_6","3",1141
"2016","__enpg/base ENPG 2016 publico general.dta","oh_6","4",70
"2016","__enpg/base ENPG 2016 publico general.dta","oh_6","88",4
"2016","__enpg/base ENPG 2016 publico general.dta","oh_6","99",13
"2016","__enpg/base ENPG 2016 publico general.dta","oh_6",NA,11820
"2016","__enpg/base ENPG 2016 publico general.dta","oh_7a","0",1512
"2016","__enpg/base ENPG 2016 publico general.dta","oh_7a","1",752
"2016","__enpg/base ENPG 2016 publico general.dta","oh_7a","2",517
"2016","__enpg/base ENPG 2016 publico general.dta","oh_7a","3",236
"2016","__enpg/base ENPG 2016 publico general.dta","oh_7a","4",265
"2016","__enpg/base ENPG 2016 publico general.dta","oh_7a","5",221
"2016","__enpg/base ENPG 2016 publico general.dta","oh_7a","6",58
"2016","__enpg/base ENPG 2016 publico general.dta","oh_7a","7",20
"2016","__enpg/base ENPG 2016 publico general.dta","oh_7a","8",52
"2016","__enpg/base ENPG 2016 publico general.dta","oh_7a","9",2
"2016","__enpg/base ENPG 2016 publico general.dta","oh_7a","10",35
"2016","__enpg/base ENPG 2016 publico general.dta","oh_7a","12",11
"2016","__enpg/base ENPG 2016 publico general.dta","oh_7a","14",1
"2016","__enpg/base ENPG 2016 publico general.dta","oh_7a","15",17
"2016","__enpg/base ENPG 2016 publico general.dta","oh_7a","16",2
"2016","__enpg/base ENPG 2016 publico general.dta","oh_7a","18",5
"2016","__enpg/base ENPG 2016 publico general.dta","oh_7a","20",6
"2016","__enpg/base ENPG 2016 publico general.dta","oh_7a","24",1
"2016","__enpg/base ENPG 2016 publico general.dta","oh_7a","25",1
"2016","__enpg/base ENPG 2016 publico general.dta","oh_7a","28",1
"2016","__enpg/base ENPG 2016 publico general.dta","oh_7a","29",1
"2016","__enpg/base ENPG 2016 publico general.dta","oh_7a","30",11
"2016","__enpg/base ENPG 2016 publico general.dta","oh_7a","45",1
"2016","__enpg/base ENPG 2016 publico general.dta","oh_7a","51",3
"2016","__enpg/base ENPG 2016 publico general.dta","oh_7a","55",1
"2016","__enpg/base ENPG 2016 publico general.dta","oh_7a","88",155
"2016","__enpg/base ENPG 2016 publico general.dta","oh_7a","96",1
"2016","__enpg/base ENPG 2016 publico general.dta","oh_7a","99",93
"2016","__enpg/base ENPG 2016 publico general.dta","oh_7a",NA,15166
"2016","__enpg/base ENPG 2016 publico general.dta","oh_7b","0",1672
"2016","__enpg/base ENPG 2016 publico general.dta","oh_7b","1",704
"2016","__enpg/base ENPG 2016 publico general.dta","oh_7b","2",363
"2016","__enpg/base ENPG 2016 publico general.dta","oh_7b","3",122
"2016","__enpg/base ENPG 2016 publico general.dta","oh_7b","4",161
"2016","__enpg/base ENPG 2016 publico general.dta","oh_7b","5",45
"2016","__enpg/base ENPG 2016 publico general.dta","oh_7b","6",27
"2016","__enpg/base ENPG 2016 publico general.dta","oh_7b","7",3
"2016","__enpg/base ENPG 2016 publico general.dta","oh_7b","8",17
"2016","__enpg/base ENPG 2016 publico general.dta","oh_7b","9",3
"2016","__enpg/base ENPG 2016 publico general.dta","oh_7b","10",6
"2016","__enpg/base ENPG 2016 publico general.dta","oh_7b","11",1
"2016","__enpg/base ENPG 2016 publico general.dta","oh_7b","14",1
"2016","__enpg/base ENPG 2016 publico general.dta","oh_7b","15",3
"2016","__enpg/base ENPG 2016 publico general.dta","oh_7b","18",1
"2016","__enpg/base ENPG 2016 publico general.dta","oh_7b","20",1
"2016","__enpg/base ENPG 2016 publico general.dta","oh_7b","88",133
"2016","__enpg/base ENPG 2016 publico general.dta","oh_7b","99",83
"2016","__enpg/base ENPG 2016 publico general.dta","oh_7b",NA,15801
"2016","__enpg/base ENPG 2016 publico general.dta","oh_8","0",106
"2016","__enpg/base ENPG 2016 publico general.dta","oh_8","1",1761
"2016","__enpg/base ENPG 2016 publico general.dta","oh_8","2",1571
"2016","__enpg/base ENPG 2016 publico general.dta","oh_8","3",1217
"2016","__enpg/base ENPG 2016 publico general.dta","oh_8","4",613
"2016","__enpg/base ENPG 2016 publico general.dta","oh_8","5",540
"2016","__enpg/base ENPG 2016 publico general.dta","oh_8","6",512
"2016","__enpg/base ENPG 2016 publico general.dta","oh_8","7",123
"2016","__enpg/base ENPG 2016 publico general.dta","oh_8","8",236
"2016","__enpg/base ENPG 2016 publico general.dta","oh_8","9",16
"2016","__enpg/base ENPG 2016 publico general.dta","oh_8","10",137
"2016","__enpg/base ENPG 2016 publico general.dta","oh_8","11",3
"2016","__enpg/base ENPG 2016 publico general.dta","oh_8","12",65
"2016","__enpg/base ENPG 2016 publico general.dta","oh_8","13",3
"2016","__enpg/base ENPG 2016 publico general.dta","oh_8","14",2
"2016","__enpg/base ENPG 2016 publico general.dta","oh_8","15",27
"2016","__enpg/base ENPG 2016 publico general.dta","oh_8","16",3
"2016","__enpg/base ENPG 2016 publico general.dta","oh_8","17",1
"2016","__enpg/base ENPG 2016 publico general.dta","oh_8","18",55
"2016","__enpg/base ENPG 2016 publico general.dta","oh_8","19",1
"2016","__enpg/base ENPG 2016 publico general.dta","oh_8","20",23
"2016","__enpg/base ENPG 2016 publico general.dta","oh_8","22",1
"2016","__enpg/base ENPG 2016 publico general.dta","oh_8","24",9
"2016","__enpg/base ENPG 2016 publico general.dta","oh_8","25",4
"2016","__enpg/base ENPG 2016 publico general.dta","oh_8","28",3
"2016","__enpg/base ENPG 2016 publico general.dta","oh_8","30",4
"2016","__enpg/base ENPG 2016 publico general.dta","oh_8","34",1
"2016","__enpg/base ENPG 2016 publico general.dta","oh_8","40",2
"2016","__enpg/base ENPG 2016 publico general.dta","oh_8","48",1
"2016","__enpg/base ENPG 2016 publico general.dta","oh_8","51",1
"2016","__enpg/base ENPG 2016 publico general.dta","oh_8","63",1
"2016","__enpg/base ENPG 2016 publico general.dta","oh_8","72",1
"2016","__enpg/base ENPG 2016 publico general.dta","oh_8","88",186
"2016","__enpg/base ENPG 2016 publico general.dta","oh_8","96",1
"2016","__enpg/base ENPG 2016 publico general.dta","oh_8","99",97
"2016","__enpg/base ENPG 2016 publico general.dta","oh_8",NA,11820
"2016","__enpg/base ENPG 2016 publico general.dta","oh_9_1","1",255
"2016","__enpg/base ENPG 2016 publico general.dta","oh_9_1",NA,18892
"2016","__enpg/base ENPG 2016 publico general.dta","oh_9_2","1",3518
"2016","__enpg/base ENPG 2016 publico general.dta","oh_9_2",NA,15629
"2016","__enpg/base ENPG 2016 publico general.dta","oh_9_3","1",467
"2016","__enpg/base ENPG 2016 publico general.dta","oh_9_3",NA,18680
"2016","__enpg/base ENPG 2016 publico general.dta","oh_9_4","1",166
"2016","__enpg/base ENPG 2016 publico general.dta","oh_9_4",NA,18981
"2016","__enpg/base ENPG 2016 publico general.dta","oh_9_5","1",3297
"2016","__enpg/base ENPG 2016 publico general.dta","oh_9_5",NA,15850
"2016","__enpg/base ENPG 2016 publico general.dta","oh_9_6","1",996
"2016","__enpg/base ENPG 2016 publico general.dta","oh_9_6",NA,18151
"2016","__enpg/base ENPG 2016 publico general.dta","oh_9_7","1",31
"2016","__enpg/base ENPG 2016 publico general.dta","oh_9_7",NA,19116
"2016","__enpg/base ENPG 2016 publico general.dta","oh_9_8","1",307
"2016","__enpg/base ENPG 2016 publico general.dta","oh_9_8",NA,18840
"2016","__enpg/base ENPG 2016 publico general.dta","oh_9_9","88",17
"2016","__enpg/base ENPG 2016 publico general.dta","oh_9_9",NA,19130
"2016","__enpg/base ENPG 2016 publico general.dta","oh_9_10","99",16
"2016","__enpg/base ENPG 2016 publico general.dta","oh_9_10",NA,19131
"2016","__enpg/base ENPG 2016 publico general.dta","oh_10","0",209
"2016","__enpg/base ENPG 2016 publico general.dta","oh_10","1",925
"2016","__enpg/base ENPG 2016 publico general.dta","oh_10","2",1199
"2016","__enpg/base ENPG 2016 publico general.dta","oh_10","3",1105
"2016","__enpg/base ENPG 2016 publico general.dta","oh_10","4",628
"2016","__enpg/base ENPG 2016 publico general.dta","oh_10","5",627
"2016","__enpg/base ENPG 2016 publico general.dta","oh_10","6",588
"2016","__enpg/base ENPG 2016 publico general.dta","oh_10","7",113
"2016","__enpg/base ENPG 2016 publico general.dta","oh_10","8",268
"2016","__enpg/base ENPG 2016 publico general.dta","oh_10","9",28
"2016","__enpg/base ENPG 2016 publico general.dta","oh_10","10",177
"2016","__enpg/base ENPG 2016 publico general.dta","oh_10","11",3
"2016","__enpg/base ENPG 2016 publico general.dta","oh_10","12",72
"2016","__enpg/base ENPG 2016 publico general.dta","oh_10","13",3
"2016","__enpg/base ENPG 2016 publico general.dta","oh_10","14",2
"2016","__enpg/base ENPG 2016 publico general.dta","oh_10","15",56
"2016","__enpg/base ENPG 2016 publico general.dta","oh_10","16",5
"2016","__enpg/base ENPG 2016 publico general.dta","oh_10","18",99
"2016","__enpg/base ENPG 2016 publico general.dta","oh_10","20",33
"2016","__enpg/base ENPG 2016 publico general.dta","oh_10","21",2
"2016","__enpg/base ENPG 2016 publico general.dta","oh_10","24",13
"2016","__enpg/base ENPG 2016 publico general.dta","oh_10","25",6
"2016","__enpg/base ENPG 2016 publico general.dta","oh_10","26",1
"2016","__enpg/base ENPG 2016 publico general.dta","oh_10","28",1
"2016","__enpg/base ENPG 2016 publico general.dta","oh_10","30",20
"2016","__enpg/base ENPG 2016 publico general.dta","oh_10","36",1
"2016","__enpg/base ENPG 2016 publico general.dta","oh_10","40",4
"2016","__enpg/base ENPG 2016 publico general.dta","oh_10","42",1
"2016","__enpg/base ENPG 2016 publico general.dta","oh_10","45",1
"2016","__enpg/base ENPG 2016 publico general.dta","oh_10","46",1
"2016","__enpg/base ENPG 2016 publico general.dta","oh_10","48",4
"2016","__enpg/base ENPG 2016 publico general.dta","oh_10","50",4
"2016","__enpg/base ENPG 2016 publico general.dta","oh_10","51",1
"2016","__enpg/base ENPG 2016 publico general.dta","oh_10","54",2
"2016","__enpg/base ENPG 2016 publico general.dta","oh_10","60",9
"2016","__enpg/base ENPG 2016 publico general.dta","oh_10","72",1
"2016","__enpg/base ENPG 2016 publico general.dta","oh_10","80",4
"2016","__enpg/base ENPG 2016 publico general.dta","oh_10","85",2
"2016","__enpg/base ENPG 2016 publico general.dta","oh_10","88",439
"2016","__enpg/base ENPG 2016 publico general.dta","oh_10","99",84
"2016","__enpg/base ENPG 2016 publico general.dta","oh_10","100",1
"2016","__enpg/base ENPG 2016 publico general.dta","oh_10","120",1
"2016","__enpg/base ENPG 2016 publico general.dta","oh_10","200",1
"2016","__enpg/base ENPG 2016 publico general.dta","oh_10","999",1
"2016","__enpg/base ENPG 2016 publico general.dta","oh_10","2000",1
"2016","__enpg/base ENPG 2016 publico general.dta","oh_10","3000",1
"2016","__enpg/base ENPG 2016 publico general.dta","oh_10","5000",1
"2016","__enpg/base ENPG 2016 publico general.dta","oh_10","10000",1
"2016","__enpg/base ENPG 2016 publico general.dta","oh_10","888888",1
"2016","__enpg/base ENPG 2016 publico general.dta","oh_10",NA,12397
"2016","__enpg/base ENPG 2016 publico general.dta","oh_11_monto","0",1193
"2016","__enpg/base ENPG 2016 publico general.dta","oh_11_monto","1",2
"2016","__enpg/base ENPG 2016 publico general.dta","oh_11_monto","10",1
"2016","__enpg/base ENPG 2016 publico general.dta","oh_11_monto","25",1
"2016","__enpg/base ENPG 2016 publico general.dta","oh_11_monto","50",1
"2016","__enpg/base ENPG 2016 publico general.dta","oh_11_monto","88",1337
"2016","__enpg/base ENPG 2016 publico general.dta","oh_11_monto","99",194
"2016","__enpg/base ENPG 2016 publico general.dta","oh_11_monto","300",2
"2016","__enpg/base ENPG 2016 publico general.dta","oh_11_monto","350",1
"2016","__enpg/base ENPG 2016 publico general.dta","oh_11_monto","450",2
"2016","__enpg/base ENPG 2016 publico general.dta","oh_11_monto","500",15
"2016","__enpg/base ENPG 2016 publico general.dta","oh_11_monto","600",5
"2016","__enpg/base ENPG 2016 publico general.dta","oh_11_monto","700",9
"2016","__enpg/base ENPG 2016 publico general.dta","oh_11_monto","800",1
"2016","__enpg/base ENPG 2016 publico general.dta","oh_11_monto","999",1
"2016","__enpg/base ENPG 2016 publico general.dta","oh_11_monto","1000",82
"2016","__enpg/base ENPG 2016 publico general.dta","oh_11_monto","1100",1
"2016","__enpg/base ENPG 2016 publico general.dta","oh_11_monto","1200",16
"2016","__enpg/base ENPG 2016 publico general.dta","oh_11_monto","1250",1
"2016","__enpg/base ENPG 2016 publico general.dta","oh_11_monto","1300",9
"2016","__enpg/base ENPG 2016 publico general.dta","oh_11_monto","1400",3
"2016","__enpg/base ENPG 2016 publico general.dta","oh_11_monto","1450",1
"2016","__enpg/base ENPG 2016 publico general.dta","oh_11_monto","1500",48
"2016","__enpg/base ENPG 2016 publico general.dta","oh_11_monto","1600",4
"2016","__enpg/base ENPG 2016 publico general.dta","oh_11_monto","1690",1
"2016","__enpg/base ENPG 2016 publico general.dta","oh_11_monto","1700",3
"2016","__enpg/base ENPG 2016 publico general.dta","oh_11_monto","1800",14
"2016","__enpg/base ENPG 2016 publico general.dta","oh_11_monto","1995",1
"2016","__enpg/base ENPG 2016 publico general.dta","oh_11_monto","2000",288
"2016","__enpg/base ENPG 2016 publico general.dta","oh_11_monto","2100",2
"2016","__enpg/base ENPG 2016 publico general.dta","oh_11_monto","2200",3
"2016","__enpg/base ENPG 2016 publico general.dta","oh_11_monto","2290",1
"2016","__enpg/base ENPG 2016 publico general.dta","oh_11_monto","2300",4
"2016","__enpg/base ENPG 2016 publico general.dta","oh_11_monto","2400",10
"2016","__enpg/base ENPG 2016 publico general.dta","oh_11_monto","2490",1
"2016","__enpg/base ENPG 2016 publico general.dta","oh_11_monto","2500",68
"2016","__enpg/base ENPG 2016 publico general.dta","oh_11_monto","2600",7
"2016","__enpg/base ENPG 2016 publico general.dta","oh_11_monto","2700",1
"2016","__enpg/base ENPG 2016 publico general.dta","oh_11_monto","2800",10
"2016","__enpg/base ENPG 2016 publico general.dta","oh_11_monto","2900",2
"2016","__enpg/base ENPG 2016 publico general.dta","oh_11_monto","2990",1
"2016","__enpg/base ENPG 2016 publico general.dta","oh_11_monto","3000",307
"2016","__enpg/base ENPG 2016 publico general.dta","oh_11_monto","3200",7
"2016","__enpg/base ENPG 2016 publico general.dta","oh_11_monto","3400",3
"2016","__enpg/base ENPG 2016 publico general.dta","oh_11_monto","3500",49
"2016","__enpg/base ENPG 2016 publico general.dta","oh_11_monto","3600",12
"2016","__enpg/base ENPG 2016 publico general.dta","oh_11_monto","3790",1
"2016","__enpg/base ENPG 2016 publico general.dta","oh_11_monto","3800",7
"2016","__enpg/base ENPG 2016 publico general.dta","oh_11_monto","3900",2
"2016","__enpg/base ENPG 2016 publico general.dta","oh_11_monto","3990",3
"2016","__enpg/base ENPG 2016 publico general.dta","oh_11_monto","4000",175
"2016","__enpg/base ENPG 2016 publico general.dta","oh_11_monto","4100",1
"2016","__enpg/base ENPG 2016 publico general.dta","oh_11_monto","4200",2
"2016","__enpg/base ENPG 2016 publico general.dta","oh_11_monto","4400",2
"2016","__enpg/base ENPG 2016 publico general.dta","oh_11_monto","4500",21
"2016","__enpg/base ENPG 2016 publico general.dta","oh_11_monto","4600",1
"2016","__enpg/base ENPG 2016 publico general.dta","oh_11_monto","4700",1
"2016","__enpg/base ENPG 2016 publico general.dta","oh_11_monto","4800",5
"2016","__enpg/base ENPG 2016 publico general.dta","oh_11_monto","4900",3
"2016","__enpg/base ENPG 2016 publico general.dta","oh_11_monto","5000",701
"2016","__enpg/base ENPG 2016 publico general.dta","oh_11_monto","5200",1
"2016","__enpg/base ENPG 2016 publico general.dta","oh_11_monto","5600",2
"2016","__enpg/base ENPG 2016 publico general.dta","oh_11_monto","5700",1
"2016","__enpg/base ENPG 2016 publico general.dta","oh_11_monto","6000",187
"2016","__enpg/base ENPG 2016 publico general.dta","oh_11_monto","6200",1
"2016","__enpg/base ENPG 2016 publico general.dta","oh_11_monto","6500",2
"2016","__enpg/base ENPG 2016 publico general.dta","oh_11_monto","6790",1
"2016","__enpg/base ENPG 2016 publico general.dta","oh_11_monto","6800",1
"2016","__enpg/base ENPG 2016 publico general.dta","oh_11_monto","6990",1
"2016","__enpg/base ENPG 2016 publico general.dta","oh_11_monto","7000",97
"2016","__enpg/base ENPG 2016 publico general.dta","oh_11_monto","7500",6
"2016","__enpg/base ENPG 2016 publico general.dta","oh_11_monto","8000",121
"2016","__enpg/base ENPG 2016 publico general.dta","oh_11_monto","8888",1
"2016","__enpg/base ENPG 2016 publico general.dta","oh_11_monto","9000",20
"2016","__enpg/base ENPG 2016 publico general.dta","oh_11_monto","9200",1
"2016","__enpg/base ENPG 2016 publico general.dta","oh_11_monto","10000",785
"2016","__enpg/base ENPG 2016 publico general.dta","oh_11_monto","10500",1
"2016","__enpg/base ENPG 2016 publico general.dta","oh_11_monto","11000",3
"2016","__enpg/base ENPG 2016 publico general.dta","oh_11_monto","12000",88
"2016","__enpg/base ENPG 2016 publico general.dta","oh_11_monto","12200",1
"2016","__enpg/base ENPG 2016 publico general.dta","oh_11_monto","13000",8
"2016","__enpg/base ENPG 2016 publico general.dta","oh_11_monto","14000",6
"2016","__enpg/base ENPG 2016 publico general.dta","oh_11_monto","15000",309
"2016","__enpg/base ENPG 2016 publico general.dta","oh_11_monto","15800",1
"2016","__enpg/base ENPG 2016 publico general.dta","oh_11_monto","16000",14
"2016","__enpg/base ENPG 2016 publico general.dta","oh_11_monto","17000",4
"2016","__enpg/base ENPG 2016 publico general.dta","oh_11_monto","18000",12
"2016","__enpg/base ENPG 2016 publico general.dta","oh_11_monto","19000",2
"2016","__enpg/base ENPG 2016 publico general.dta","oh_11_monto","19200",1
"2016","__enpg/base ENPG 2016 publico general.dta","oh_11_monto","19500",1
"2016","__enpg/base ENPG 2016 publico general.dta","oh_11_monto","20000",397
"2016","__enpg/base ENPG 2016 publico general.dta","oh_11_monto","20888",1
"2016","__enpg/base ENPG 2016 publico general.dta","oh_11_monto","22000",2
"2016","__enpg/base ENPG 2016 publico general.dta","oh_11_monto","24000",11
"2016","__enpg/base ENPG 2016 publico general.dta","oh_11_monto","25000",75
"2016","__enpg/base ENPG 2016 publico general.dta","oh_11_monto","27000",2
"2016","__enpg/base ENPG 2016 publico general.dta","oh_11_monto","30000",209
"2016","__enpg/base ENPG 2016 publico general.dta","oh_11_monto","32000",1
"2016","__enpg/base ENPG 2016 publico general.dta","oh_11_monto","35000",16
"2016","__enpg/base ENPG 2016 publico general.dta","oh_11_monto","36000",1
"2016","__enpg/base ENPG 2016 publico general.dta","oh_11_monto","40000",73
"2016","__enpg/base ENPG 2016 publico general.dta","oh_11_monto","42000",1
"2016","__enpg/base ENPG 2016 publico general.dta","oh_11_monto","45000",5
"2016","__enpg/base ENPG 2016 publico general.dta","oh_11_monto","48000",3
"2016","__enpg/base ENPG 2016 publico general.dta","oh_11_monto","49000",1
"2016","__enpg/base ENPG 2016 publico general.dta","oh_11_monto","50000",77
"2016","__enpg/base ENPG 2016 publico general.dta","oh_11_monto","60000",32
"2016","__enpg/base ENPG 2016 publico general.dta","oh_11_monto","70000",6
"2016","__enpg/base ENPG 2016 publico general.dta","oh_11_monto","76000",1
"2016","__enpg/base ENPG 2016 publico general.dta","oh_11_monto","80000",19
"2016","__enpg/base ENPG 2016 publico general.dta","oh_11_monto","85000",1
"2016","__enpg/base ENPG 2016 publico general.dta","oh_11_monto","90000",8
"2016","__enpg/base ENPG 2016 publico general.dta","oh_11_monto","1e+05",30
"2016","__enpg/base ENPG 2016 publico general.dta","oh_11_monto","120000",5
"2016","__enpg/base ENPG 2016 publico general.dta","oh_11_monto","120880",1
"2016","__enpg/base ENPG 2016 publico general.dta","oh_11_monto","130000",1
"2016","__enpg/base ENPG 2016 publico general.dta","oh_11_monto","150000",10
"2016","__enpg/base ENPG 2016 publico general.dta","oh_11_monto","180000",1
"2016","__enpg/base ENPG 2016 publico general.dta","oh_11_monto","2e+05",3
"2016","__enpg/base ENPG 2016 publico general.dta","oh_11_monto","250000",1
"2016","__enpg/base ENPG 2016 publico general.dta","oh_11_monto","3e+05",3
"2016","__enpg/base ENPG 2016 publico general.dta","oh_11_monto",NA,11821
"2016","__enpg/base ENPG 2016 publico general.dta","oh_12","1",4225
"2016","__enpg/base ENPG 2016 publico general.dta","oh_12","2",3089
"2016","__enpg/base ENPG 2016 publico general.dta","oh_12","88",6
"2016","__enpg/base ENPG 2016 publico general.dta","oh_12","99",7
"2016","__enpg/base ENPG 2016 publico general.dta","oh_12",NA,11820
"2016","__enpg/base ENPG 2016 publico general.dta","oh_13_1","0",3031
"2016","__enpg/base ENPG 2016 publico general.dta","oh_13_1","1",453
"2016","__enpg/base ENPG 2016 publico general.dta","oh_13_1","2",207
"2016","__enpg/base ENPG 2016 publico general.dta","oh_13_1","3",119
"2016","__enpg/base ENPG 2016 publico general.dta","oh_13_1","4",60
"2016","__enpg/base ENPG 2016 publico general.dta","oh_13_1","5",59
"2016","__enpg/base ENPG 2016 publico general.dta","oh_13_1","6",48
"2016","__enpg/base ENPG 2016 publico general.dta","oh_13_1","7",8
"2016","__enpg/base ENPG 2016 publico general.dta","oh_13_1","8",26
"2016","__enpg/base ENPG 2016 publico general.dta","oh_13_1","9",3
"2016","__enpg/base ENPG 2016 publico general.dta","oh_13_1","10",9
"2016","__enpg/base ENPG 2016 publico general.dta","oh_13_1","12",9
"2016","__enpg/base ENPG 2016 publico general.dta","oh_13_1","15",2
"2016","__enpg/base ENPG 2016 publico general.dta","oh_13_1","16",1
"2016","__enpg/base ENPG 2016 publico general.dta","oh_13_1","17",1
"2016","__enpg/base ENPG 2016 publico general.dta","oh_13_1","18",5
"2016","__enpg/base ENPG 2016 publico general.dta","oh_13_1","20",2
"2016","__enpg/base ENPG 2016 publico general.dta","oh_13_1","88",55
"2016","__enpg/base ENPG 2016 publico general.dta","oh_13_1","99",125
"2016","__enpg/base ENPG 2016 publico general.dta","oh_13_1",NA,14924
"2016","__enpg/base ENPG 2016 publico general.dta","oh_13_2","0",3188
"2016","__enpg/base ENPG 2016 publico general.dta","oh_13_2","1",345
"2016","__enpg/base ENPG 2016 publico general.dta","oh_13_2","2",188
"2016","__enpg/base ENPG 2016 publico general.dta","oh_13_2","3",105
"2016","__enpg/base ENPG 2016 publico general.dta","oh_13_2","4",72
"2016","__enpg/base ENPG 2016 publico general.dta","oh_13_2","5",48
"2016","__enpg/base ENPG 2016 publico general.dta","oh_13_2","6",34
"2016","__enpg/base ENPG 2016 publico general.dta","oh_13_2","7",7
"2016","__enpg/base ENPG 2016 publico general.dta","oh_13_2","8",20
"2016","__enpg/base ENPG 2016 publico general.dta","oh_13_2","9",2
"2016","__enpg/base ENPG 2016 publico general.dta","oh_13_2","10",12
"2016","__enpg/base ENPG 2016 publico general.dta","oh_13_2","12",8
"2016","__enpg/base ENPG 2016 publico general.dta","oh_13_2","15",5
"2016","__enpg/base ENPG 2016 publico general.dta","oh_13_2","16",1
"2016","__enpg/base ENPG 2016 publico general.dta","oh_13_2","18",4
"2016","__enpg/base ENPG 2016 publico general.dta","oh_13_2","20",3
"2016","__enpg/base ENPG 2016 publico general.dta","oh_13_2","88",53
"2016","__enpg/base ENPG 2016 publico general.dta","oh_13_2","99",128
"2016","__enpg/base ENPG 2016 publico general.dta","oh_13_2",NA,14924
"2016","__enpg/base ENPG 2016 publico general.dta","oh_13_3","0",3148
"2016","__enpg/base ENPG 2016 publico general.dta","oh_13_3","1",359
"2016","__enpg/base ENPG 2016 publico general.dta","oh_13_3","2",197
"2016","__enpg/base ENPG 2016 publico general.dta","oh_13_3","3",136
"2016","__enpg/base ENPG 2016 publico general.dta","oh_13_3","4",64
"2016","__enpg/base ENPG 2016 publico general.dta","oh_13_3","5",52
"2016","__enpg/base ENPG 2016 publico general.dta","oh_13_3","6",37
"2016","__enpg/base ENPG 2016 publico general.dta","oh_13_3","7",6
"2016","__enpg/base ENPG 2016 publico general.dta","oh_13_3","8",15
"2016","__enpg/base ENPG 2016 publico general.dta","oh_13_3","9",1
"2016","__enpg/base ENPG 2016 publico general.dta","oh_13_3","10",11
"2016","__enpg/base ENPG 2016 publico general.dta","oh_13_3","12",5
"2016","__enpg/base ENPG 2016 publico general.dta","oh_13_3","14",2
"2016","__enpg/base ENPG 2016 publico general.dta","oh_13_3","15",4
"2016","__enpg/base ENPG 2016 publico general.dta","oh_13_3","16",1
"2016","__enpg/base ENPG 2016 publico general.dta","oh_13_3","18",1
"2016","__enpg/base ENPG 2016 publico general.dta","oh_13_3","20",1
"2016","__enpg/base ENPG 2016 publico general.dta","oh_13_3","88",51
"2016","__enpg/base ENPG 2016 publico general.dta","oh_13_3","99",133
"2016","__enpg/base ENPG 2016 publico general.dta","oh_13_3",NA,14923
"2016","__enpg/base ENPG 2016 publico general.dta","oh_13_4","0",3072
"2016","__enpg/base ENPG 2016 publico general.dta","oh_13_4","1",385
"2016","__enpg/base ENPG 2016 publico general.dta","oh_13_4","2",204
"2016","__enpg/base ENPG 2016 publico general.dta","oh_13_4","3",136
"2016","__enpg/base ENPG 2016 publico general.dta","oh_13_4","4",68
"2016","__enpg/base ENPG 2016 publico general.dta","oh_13_4","5",70
"2016","__enpg/base ENPG 2016 publico general.dta","oh_13_4","6",47
"2016","__enpg/base ENPG 2016 publico general.dta","oh_13_4","7",7
"2016","__enpg/base ENPG 2016 publico general.dta","oh_13_4","8",19
"2016","__enpg/base ENPG 2016 publico general.dta","oh_13_4","9",4
"2016","__enpg/base ENPG 2016 publico general.dta","oh_13_4","10",20
"2016","__enpg/base ENPG 2016 publico general.dta","oh_13_4","12",5
"2016","__enpg/base ENPG 2016 publico general.dta","oh_13_4","16",2
"2016","__enpg/base ENPG 2016 publico general.dta","oh_13_4","18",2
"2016","__enpg/base ENPG 2016 publico general.dta","oh_13_4","20",3
"2016","__enpg/base ENPG 2016 publico general.dta","oh_13_4","24",2
"2016","__enpg/base ENPG 2016 publico general.dta","oh_13_4","30",1
"2016","__enpg/base ENPG 2016 publico general.dta","oh_13_4","88",45
"2016","__enpg/base ENPG 2016 publico general.dta","oh_13_4","99",132
"2016","__enpg/base ENPG 2016 publico general.dta","oh_13_4",NA,14923
"2016","__enpg/base ENPG 2016 publico general.dta","oh_13_5","0",3067
"2016","__enpg/base ENPG 2016 publico general.dta","oh_13_5","1",376
"2016","__enpg/base ENPG 2016 publico general.dta","oh_13_5","2",209
"2016","__enpg/base ENPG 2016 publico general.dta","oh_13_5","3",159
"2016","__enpg/base ENPG 2016 publico general.dta","oh_13_5","4",81
"2016","__enpg/base ENPG 2016 publico general.dta","oh_13_5","5",54
"2016","__enpg/base ENPG 2016 publico general.dta","oh_13_5","6",41
"2016","__enpg/base ENPG 2016 publico general.dta","oh_13_5","7",7
"2016","__enpg/base ENPG 2016 publico general.dta","oh_13_5","8",21
"2016","__enpg/base ENPG 2016 publico general.dta","oh_13_5","9",3
"2016","__enpg/base ENPG 2016 publico general.dta","oh_13_5","10",20
"2016","__enpg/base ENPG 2016 publico general.dta","oh_13_5","12",9
"2016","__enpg/base ENPG 2016 publico general.dta","oh_13_5","15",2
"2016","__enpg/base ENPG 2016 publico general.dta","oh_13_5","17",1
"2016","__enpg/base ENPG 2016 publico general.dta","oh_13_5","18",3
"2016","__enpg/base ENPG 2016 publico general.dta","oh_13_5","19",1
"2016","__enpg/base ENPG 2016 publico general.dta","oh_13_5","20",1
"2016","__enpg/base ENPG 2016 publico general.dta","oh_13_5","88",48
"2016","__enpg/base ENPG 2016 publico general.dta","oh_13_5","99",121
"2016","__enpg/base ENPG 2016 publico general.dta","oh_13_5",NA,14923
"2016","__enpg/base ENPG 2016 publico general.dta","oh_13_6","0",2928
"2016","__enpg/base ENPG 2016 publico general.dta","oh_13_6","1",455
"2016","__enpg/base ENPG 2016 publico general.dta","oh_13_6","2",251
"2016","__enpg/base ENPG 2016 publico general.dta","oh_13_6","3",127
"2016","__enpg/base ENPG 2016 publico general.dta","oh_13_6","4",90
"2016","__enpg/base ENPG 2016 publico general.dta","oh_13_6","5",69
"2016","__enpg/base ENPG 2016 publico general.dta","oh_13_6","6",48
"2016","__enpg/base ENPG 2016 publico general.dta","oh_13_6","7",12
"2016","__enpg/base ENPG 2016 publico general.dta","oh_13_6","8",34
"2016","__enpg/base ENPG 2016 publico general.dta","oh_13_6","9",4
"2016","__enpg/base ENPG 2016 publico general.dta","oh_13_6","10",13
"2016","__enpg/base ENPG 2016 publico general.dta","oh_13_6","12",11
"2016","__enpg/base ENPG 2016 publico general.dta","oh_13_6","13",1
"2016","__enpg/base ENPG 2016 publico general.dta","oh_13_6","14",1
"2016","__enpg/base ENPG 2016 publico general.dta","oh_13_6","15",2
"2016","__enpg/base ENPG 2016 publico general.dta","oh_13_6","17",1
"2016","__enpg/base ENPG 2016 publico general.dta","oh_13_6","18",4
"2016","__enpg/base ENPG 2016 publico general.dta","oh_13_6","19",1
"2016","__enpg/base ENPG 2016 publico general.dta","oh_13_6","24",1
"2016","__enpg/base ENPG 2016 publico general.dta","oh_13_6","88",47
"2016","__enpg/base ENPG 2016 publico general.dta","oh_13_6","99",123
"2016","__enpg/base ENPG 2016 publico general.dta","oh_13_6",NA,14924
"2016","__enpg/base ENPG 2016 publico general.dta","oh_13_7","0",2448
"2016","__enpg/base ENPG 2016 publico general.dta","oh_13_7","1",684
"2016","__enpg/base ENPG 2016 publico general.dta","oh_13_7","2",343
"2016","__enpg/base ENPG 2016 publico general.dta","oh_13_7","3",208
"2016","__enpg/base ENPG 2016 publico general.dta","oh_13_7","4",116
"2016","__enpg/base ENPG 2016 publico general.dta","oh_13_7","5",84
"2016","__enpg/base ENPG 2016 publico general.dta","oh_13_7","6",73
"2016","__enpg/base ENPG 2016 publico general.dta","oh_13_7","7",24
"2016","__enpg/base ENPG 2016 publico general.dta","oh_13_7","8",43
"2016","__enpg/base ENPG 2016 publico general.dta","oh_13_7","9",2
"2016","__enpg/base ENPG 2016 publico general.dta","oh_13_7","10",13
"2016","__enpg/base ENPG 2016 publico general.dta","oh_13_7","11",1
"2016","__enpg/base ENPG 2016 publico general.dta","oh_13_7","12",10
"2016","__enpg/base ENPG 2016 publico general.dta","oh_13_7","14",1
"2016","__enpg/base ENPG 2016 publico general.dta","oh_13_7","15",3
"2016","__enpg/base ENPG 2016 publico general.dta","oh_13_7","16",2
"2016","__enpg/base ENPG 2016 publico general.dta","oh_13_7","17",1
"2016","__enpg/base ENPG 2016 publico general.dta","oh_13_7","18",5
"2016","__enpg/base ENPG 2016 publico general.dta","oh_13_7","20",5
"2016","__enpg/base ENPG 2016 publico general.dta","oh_13_7","24",1
"2016","__enpg/base ENPG 2016 publico general.dta","oh_13_7","40",1
"2016","__enpg/base ENPG 2016 publico general.dta","oh_13_7","88",38
"2016","__enpg/base ENPG 2016 publico general.dta","oh_13_7","99",116
"2016","__enpg/base ENPG 2016 publico general.dta","oh_13_7",NA,14925
"2016","__enpg/base ENPG 2016 publico general.dta","oh_14","0",1341
"2016","__enpg/base ENPG 2016 publico general.dta","oh_14","1",5191
"2016","__enpg/base ENPG 2016 publico general.dta","oh_14","2",3552
"2016","__enpg/base ENPG 2016 publico general.dta","oh_14","3",480
"2016","__enpg/base ENPG 2016 publico general.dta","oh_14","4",238
"2016","__enpg/base ENPG 2016 publico general.dta","oh_14",NA,8345
"2016","__enpg/base ENPG 2016 publico general.dta","oh_15","0",7195
"2016","__enpg/base ENPG 2016 publico general.dta","oh_15","1",2541
"2016","__enpg/base ENPG 2016 publico general.dta","oh_15","2",740
"2016","__enpg/base ENPG 2016 publico general.dta","oh_15","3",168
"2016","__enpg/base ENPG 2016 publico general.dta","oh_15","4",158
"2016","__enpg/base ENPG 2016 publico general.dta","oh_15",NA,8345
"2016","__enpg/base ENPG 2016 publico general.dta","oh_16","0",8288
"2016","__enpg/base ENPG 2016 publico general.dta","oh_16","1",1703
"2016","__enpg/base ENPG 2016 publico general.dta","oh_16","2",484
"2016","__enpg/base ENPG 2016 publico general.dta","oh_16","3",283
"2016","__enpg/base ENPG 2016 publico general.dta","oh_16","4",44
"2016","__enpg/base ENPG 2016 publico general.dta","oh_16",NA,8345
"2016","__enpg/base ENPG 2016 publico general.dta","oh_17","0",9855
"2016","__enpg/base ENPG 2016 publico general.dta","oh_17","1",613
"2016","__enpg/base ENPG 2016 publico general.dta","oh_17","2",166
"2016","__enpg/base ENPG 2016 publico general.dta","oh_17","3",81
"2016","__enpg/base ENPG 2016 publico general.dta","oh_17","4",87
"2016","__enpg/base ENPG 2016 publico general.dta","oh_17",NA,8345
"2016","__enpg/base ENPG 2016 publico general.dta","oh_18","0",9951
"2016","__enpg/base ENPG 2016 publico general.dta","oh_18","1",630
"2016","__enpg/base ENPG 2016 publico general.dta","oh_18","2",123
"2016","__enpg/base ENPG 2016 publico general.dta","oh_18","3",51
"2016","__enpg/base ENPG 2016 publico general.dta","oh_18","4",47
"2016","__enpg/base ENPG 2016 publico general.dta","oh_18",NA,8345
"2016","__enpg/base ENPG 2016 publico general.dta","oh_19","0",10194
"2016","__enpg/base ENPG 2016 publico general.dta","oh_19","1",422
"2016","__enpg/base ENPG 2016 publico general.dta","oh_19","2",92
"2016","__enpg/base ENPG 2016 publico general.dta","oh_19","3",51
"2016","__enpg/base ENPG 2016 publico general.dta","oh_19","4",43
"2016","__enpg/base ENPG 2016 publico general.dta","oh_19",NA,8345
"2016","__enpg/base ENPG 2016 publico general.dta","oh_20","0",9875
"2016","__enpg/base ENPG 2016 publico general.dta","oh_20","1",654
"2016","__enpg/base ENPG 2016 publico general.dta","oh_20","2",148
"2016","__enpg/base ENPG 2016 publico general.dta","oh_20","3",61
"2016","__enpg/base ENPG 2016 publico general.dta","oh_20","4",64
"2016","__enpg/base ENPG 2016 publico general.dta","oh_20",NA,8345
"2016","__enpg/base ENPG 2016 publico general.dta","oh_21","0",9955
"2016","__enpg/base ENPG 2016 publico general.dta","oh_21","1",580
"2016","__enpg/base ENPG 2016 publico general.dta","oh_21","2",120
"2016","__enpg/base ENPG 2016 publico general.dta","oh_21","3",46
"2016","__enpg/base ENPG 2016 publico general.dta","oh_21","4",101
"2016","__enpg/base ENPG 2016 publico general.dta","oh_21",NA,8345
"2016","__enpg/base ENPG 2016 publico general.dta","oh_22","0",10469
"2016","__enpg/base ENPG 2016 publico general.dta","oh_22","2",242
"2016","__enpg/base ENPG 2016 publico general.dta","oh_22","4",91
"2016","__enpg/base ENPG 2016 publico general.dta","oh_22",NA,8345
"2016","__enpg/base ENPG 2016 publico general.dta","oh_23","0",10246
"2016","__enpg/base ENPG 2016 publico general.dta","oh_23","2",298
"2016","__enpg/base ENPG 2016 publico general.dta","oh_23","4",258
"2016","__enpg/base ENPG 2016 publico general.dta","oh_23",NA,8345
"2016","__enpg/base ENPG 2016 publico general.dta","oh_24_1","1",1304
"2016","__enpg/base ENPG 2016 publico general.dta","oh_24_1",NA,17843
"2016","__enpg/base ENPG 2016 publico general.dta","oh_24_2","1",650
"2016","__enpg/base ENPG 2016 publico general.dta","oh_24_2",NA,18497
"2016","__enpg/base ENPG 2016 publico general.dta","oh_24_3","1",3332
"2016","__enpg/base ENPG 2016 publico general.dta","oh_24_3",NA,15815
"2016","__enpg/base ENPG 2016 publico general.dta","oh_24_4","1",4653
"2016","__enpg/base ENPG 2016 publico general.dta","oh_24_4",NA,14494
"2016","__enpg/base ENPG 2016 publico general.dta","oh_24_5","1",67
"2016","__enpg/base ENPG 2016 publico general.dta","oh_24_5",NA,19080
"2016","__enpg/base ENPG 2016 publico general.dta","oh_24_6","1",202
"2016","__enpg/base ENPG 2016 publico general.dta","oh_24_6",NA,18945
"2016","__enpg/base ENPG 2016 publico general.dta","oh_24_7","1",3199
"2016","__enpg/base ENPG 2016 publico general.dta","oh_24_7",NA,15948
"2016","__enpg/base ENPG 2016 publico general.dta","oh_25_1","1",175
"2016","__enpg/base ENPG 2016 publico general.dta","oh_25_1",NA,18972
"2016","__enpg/base ENPG 2016 publico general.dta","oh_25_2","1",454
"2016","__enpg/base ENPG 2016 publico general.dta","oh_25_2",NA,18693
"2016","__enpg/base ENPG 2016 publico general.dta","oh_25_3","1",218
"2016","__enpg/base ENPG 2016 publico general.dta","oh_25_3",NA,18929
"2016","__enpg/base ENPG 2016 publico general.dta","oh_25_4","1",117
"2016","__enpg/base ENPG 2016 publico general.dta","oh_25_4",NA,19030
"2016","__enpg/base ENPG 2016 publico general.dta","oh_25_5","1",175
"2016","__enpg/base ENPG 2016 publico general.dta","oh_25_5",NA,18972
"2016","__enpg/base ENPG 2016 publico general.dta","oh_25_6","1",330
"2016","__enpg/base ENPG 2016 publico general.dta","oh_25_6",NA,18817
"2016","__enpg/base ENPG 2016 publico general.dta","oh_25_7","1",9623
"2016","__enpg/base ENPG 2016 publico general.dta","oh_25_7",NA,9524
"2016","__enpg/base ENPG 2016 publico general.dta","oh_26","1",231
"2016","__enpg/base ENPG 2016 publico general.dta","oh_26","2",10497
"2016","__enpg/base ENPG 2016 publico general.dta","oh_26","88",26
"2016","__enpg/base ENPG 2016 publico general.dta","oh_26","99",48
"2016","__enpg/base ENPG 2016 publico general.dta","oh_26",NA,8345
"2016","__enpg/base ENPG 2016 publico general.dta","oh_27","1",348
"2016","__enpg/base ENPG 2016 publico general.dta","oh_27","2",10403
"2016","__enpg/base ENPG 2016 publico general.dta","oh_27","88",24
"2016","__enpg/base ENPG 2016 publico general.dta","oh_27","99",27
"2016","__enpg/base ENPG 2016 publico general.dta","oh_27",NA,8345
"2016","__enpg/base ENPG 2016 publico general.dta","oh_28","1",362
"2016","__enpg/base ENPG 2016 publico general.dta","oh_28","2",10396
"2016","__enpg/base ENPG 2016 publico general.dta","oh_28","88",23
"2016","__enpg/base ENPG 2016 publico general.dta","oh_28","99",21
"2016","__enpg/base ENPG 2016 publico general.dta","oh_28",NA,8345
"2016","__enpg/base ENPG 2016 publico general.dta","oh_29","1",306
"2016","__enpg/base ENPG 2016 publico general.dta","oh_29","2",10442
"2016","__enpg/base ENPG 2016 publico general.dta","oh_29","88",29
"2016","__enpg/base ENPG 2016 publico general.dta","oh_29","99",25
"2016","__enpg/base ENPG 2016 publico general.dta","oh_29",NA,8345
"2016","__enpg/base ENPG 2016 publico general.dta","mar_11","1",124
"2016","__enpg/base ENPG 2016 publico general.dta","mar_11","2",395
"2016","__enpg/base ENPG 2016 publico general.dta","mar_11","3",20
"2016","__enpg/base ENPG 2016 publico general.dta","mar_11","4",103
"2016","__enpg/base ENPG 2016 publico general.dta","mar_11","5",287
"2016","__enpg/base ENPG 2016 publico general.dta","mar_11","6",145
"2016","__enpg/base ENPG 2016 publico general.dta","mar_11","7",624
"2016","__enpg/base ENPG 2016 publico general.dta","mar_11","8",27
"2016","__enpg/base ENPG 2016 publico general.dta","mar_11","88",77
"2016","__enpg/base ENPG 2016 publico general.dta","mar_11","99",42
"2016","__enpg/base ENPG 2016 publico general.dta","mar_11",NA,17303
"2016","__enpg/base ENPG 2016 publico general.dta","trans_4","1",35
"2016","__enpg/base ENPG 2016 publico general.dta","trans_4","2",25
"2016","__enpg/base ENPG 2016 publico general.dta","trans_4","4",99
"2016","__enpg/base ENPG 2016 publico general.dta","trans_4","5",16
"2016","__enpg/base ENPG 2016 publico general.dta","trans_4","6",22
"2016","__enpg/base ENPG 2016 publico general.dta","trans_4","7",15
"2016","__enpg/base ENPG 2016 publico general.dta","trans_4","88",7
"2016","__enpg/base ENPG 2016 publico general.dta","trans_4","99",10
"2016","__enpg/base ENPG 2016 publico general.dta","trans_4",NA,18918
"2016","__enpg/base ENPG 2016 publico general.dta","od_3","1",1878
"2016","__enpg/base ENPG 2016 publico general.dta","od_3","2",5315
"2016","__enpg/base ENPG 2016 publico general.dta","od_3","88",12
"2016","__enpg/base ENPG 2016 publico general.dta","od_3","99",5
"2016","__enpg/base ENPG 2016 publico general.dta","od_3",NA,11937
"2016","__enpg/base ENPG 2016 publico general.dta","trata_3","1",26
"2016","__enpg/base ENPG 2016 publico general.dta","trata_3","2",23
"2016","__enpg/base ENPG 2016 publico general.dta","trata_3","3",25
"2016","__enpg/base ENPG 2016 publico general.dta","trata_3",NA,19073
"2016","__enpg/base ENPG 2016 publico general.dta","trata_4","1",90
"2016","__enpg/base ENPG 2016 publico general.dta","trata_4","2",22
"2016","__enpg/base ENPG 2016 publico general.dta","trata_4","3",31
"2016","__enpg/base ENPG 2016 publico general.dta","trata_4","4",18930
"2016","__enpg/base ENPG 2016 publico general.dta","trata_4",NA,74
"2016","__enpg/base ENPG 2016 publico general.dta","trata_5","1",42
"2016","__enpg/base ENPG 2016 publico general.dta","trata_5","2",11
"2016","__enpg/base ENPG 2016 publico general.dta","trata_5","3",18
"2016","__enpg/base ENPG 2016 publico general.dta","trata_5","4",72
"2016","__enpg/base ENPG 2016 publico general.dta","trata_5",NA,19004
"2016","__enpg/base ENPG 2016 publico general.dta","pr_1_b","1",1796
"2016","__enpg/base ENPG 2016 publico general.dta","pr_1_b","2",4231
"2016","__enpg/base ENPG 2016 publico general.dta","pr_1_b","3",5969
"2016","__enpg/base ENPG 2016 publico general.dta","pr_1_b","4",6858
"2016","__enpg/base ENPG 2016 publico general.dta","pr_1_b","88",293
"2016","__enpg/base ENPG 2016 publico general.dta","pr_1_c","1",176
"2016","__enpg/base ENPG 2016 publico general.dta","pr_1_c","2",531
"2016","__enpg/base ENPG 2016 publico general.dta","pr_1_c","3",1464
"2016","__enpg/base ENPG 2016 publico general.dta","pr_1_c","4",16725
"2016","__enpg/base ENPG 2016 publico general.dta","pr_1_c","88",251
"2016","__enpg/base ENPG 2016 publico general.dta","eb_1","1",503
"2016","__enpg/base ENPG 2016 publico general.dta","eb_1","2",126
"2016","__enpg/base ENPG 2016 publico general.dta","eb_1","3",205
"2016","__enpg/base ENPG 2016 publico general.dta","eb_1","4",17977
"2016","__enpg/base ENPG 2016 publico general.dta","eb_1","88",199
"2016","__enpg/base ENPG 2016 publico general.dta","eb_1","99",137
"2016","__enpg/base ENPG 2016 publico general.dta","eb_7_a","1",412
"2016","__enpg/base ENPG 2016 publico general.dta","eb_7_a","2",1554
"2016","__enpg/base ENPG 2016 publico general.dta","eb_7_a","3",1152
"2016","__enpg/base ENPG 2016 publico general.dta","eb_7_a","4",461
"2016","__enpg/base ENPG 2016 publico general.dta","eb_7_a","5",2205
"2016","__enpg/base ENPG 2016 publico general.dta","eb_7_a","6",42
"2016","__enpg/base ENPG 2016 publico general.dta","eb_7_a","7",527
"2016","__enpg/base ENPG 2016 publico general.dta","eb_7_a",NA,12794
"2016","__enpg/base ENPG 2016 publico general.dta","eb_7_b","1",35
"2016","__enpg/base ENPG 2016 publico general.dta","eb_7_b","2",525
"2016","__enpg/base ENPG 2016 publico general.dta","eb_7_b","3",237
"2016","__enpg/base ENPG 2016 publico general.dta","eb_7_b","4",114
"2016","__enpg/base ENPG 2016 publico general.dta","eb_7_b","5",847
"2016","__enpg/base ENPG 2016 publico general.dta","eb_7_b","6",22
"2016","__enpg/base ENPG 2016 publico general.dta","eb_7_b","7",230
"2016","__enpg/base ENPG 2016 publico general.dta","eb_7_b",NA,17137
"2016","__enpg/base ENPG 2016 publico general.dta","eb_7_c","1",11
"2016","__enpg/base ENPG 2016 publico general.dta","eb_7_c","2",427
"2016","__enpg/base ENPG 2016 publico general.dta","eb_7_c","3",94
"2016","__enpg/base ENPG 2016 publico general.dta","eb_7_c","4",63
"2016","__enpg/base ENPG 2016 publico general.dta","eb_7_c","5",289
"2016","__enpg/base ENPG 2016 publico general.dta","eb_7_c","6",17
"2016","__enpg/base ENPG 2016 publico general.dta","eb_7_c","7",193
"2016","__enpg/base ENPG 2016 publico general.dta","eb_7_c",NA,18053
"2016","__enpg/base ENPG 2016 publico general.dta","eb_7_d","1",4
"2016","__enpg/base ENPG 2016 publico general.dta","eb_7_d","2",133
"2016","__enpg/base ENPG 2016 publico general.dta","eb_7_d","3",55
"2016","__enpg/base ENPG 2016 publico general.dta","eb_7_d","4",41
"2016","__enpg/base ENPG 2016 publico general.dta","eb_7_d","5",218
"2016","__enpg/base ENPG 2016 publico general.dta","eb_7_d","6",18
"2016","__enpg/base ENPG 2016 publico general.dta","eb_7_d","7",157
"2016","__enpg/base ENPG 2016 publico general.dta","eb_7_d",NA,18521
"2016","__enpg/base ENPG 2016 publico general.dta","eb_7_e","1",12
"2016","__enpg/base ENPG 2016 publico general.dta","eb_7_e","2",150
"2016","__enpg/base ENPG 2016 publico general.dta","eb_7_e","3",63
"2016","__enpg/base ENPG 2016 publico general.dta","eb_7_e","4",33
"2016","__enpg/base ENPG 2016 publico general.dta","eb_7_e","5",135
"2016","__enpg/base ENPG 2016 publico general.dta","eb_7_e","6",22
"2016","__enpg/base ENPG 2016 publico general.dta","eb_7_e","7",163
"2016","__enpg/base ENPG 2016 publico general.dta","eb_7_e",NA,18569
"2016","__enpg/base ENPG 2016 publico general.dta","op_1_c","1",5064
"2016","__enpg/base ENPG 2016 publico general.dta","op_1_c","2",8668
"2016","__enpg/base ENPG 2016 publico general.dta","op_1_c","3",3688
"2016","__enpg/base ENPG 2016 publico general.dta","op_1_c","4",1064
"2016","__enpg/base ENPG 2016 publico general.dta","op_1_c","88",406
"2016","__enpg/base ENPG 2016 publico general.dta","op_1_c","99",257
"2016","__enpg/base ENPG 2016 publico general.dta","op_1_e","1",4745
"2016","__enpg/base ENPG 2016 publico general.dta","op_1_e","2",8685
"2016","__enpg/base ENPG 2016 publico general.dta","op_1_e","3",3876
"2016","__enpg/base ENPG 2016 publico general.dta","op_1_e","4",1151
"2016","__enpg/base ENPG 2016 publico general.dta","op_1_e","88",427
"2016","__enpg/base ENPG 2016 publico general.dta","op_1_e","99",263
"2016","__enpg/base ENPG 2016 publico general.dta","op_2_a","1",3221
"2016","__enpg/base ENPG 2016 publico general.dta","op_2_a","2",6626
"2016","__enpg/base ENPG 2016 publico general.dta","op_2_a","3",6924
"2016","__enpg/base ENPG 2016 publico general.dta","op_2_a","4",1748
"2016","__enpg/base ENPG 2016 publico general.dta","op_2_a","88",399
"2016","__enpg/base ENPG 2016 publico general.dta","op_2_a","99",229
"2016","__enpg/base ENPG 2016 publico general.dta","op_3_b","1",2633
"2016","__enpg/base ENPG 2016 publico general.dta","op_3_b","2",7360
"2016","__enpg/base ENPG 2016 publico general.dta","op_3_b","3",5144
"2016","__enpg/base ENPG 2016 publico general.dta","op_3_b","4",782
"2016","__enpg/base ENPG 2016 publico general.dta","op_3_b","88",2958
"2016","__enpg/base ENPG 2016 publico general.dta","op_3_b","99",270
"2016","__enpg/base ENPG 2016 publico general.dta","op_6_a","1",96
"2016","__enpg/base ENPG 2016 publico general.dta","op_6_a","2",41
"2016","__enpg/base ENPG 2016 publico general.dta","op_6_a","3",1673
"2016","__enpg/base ENPG 2016 publico general.dta","op_6_a","4",17088
"2016","__enpg/base ENPG 2016 publico general.dta","op_6_a","88",109
"2016","__enpg/base ENPG 2016 publico general.dta","op_6_a","99",140
"2016","__enpg/base ENPG 2016 publico general.dta","op_6_b","1",93
"2016","__enpg/base ENPG 2016 publico general.dta","op_6_b","2",48
"2016","__enpg/base ENPG 2016 publico general.dta","op_6_b","3",1632
"2016","__enpg/base ENPG 2016 publico general.dta","op_6_b","4",17110
"2016","__enpg/base ENPG 2016 publico general.dta","op_6_b","88",124
"2016","__enpg/base ENPG 2016 publico general.dta","op_6_b","99",140
"2016","__enpg/base ENPG 2016 publico general.dta","op_6_c","1",93
"2016","__enpg/base ENPG 2016 publico general.dta","op_6_c","2",69
"2016","__enpg/base ENPG 2016 publico general.dta","op_6_c","3",2142
"2016","__enpg/base ENPG 2016 publico general.dta","op_6_c","4",16558
"2016","__enpg/base ENPG 2016 publico general.dta","op_6_c","88",133
"2016","__enpg/base ENPG 2016 publico general.dta","op_6_c","99",152
"2018","__enpg/Base de datos ENPG 2018 (PG).DTA","SA_1","1",15268
"2018","__enpg/Base de datos ENPG 2018 (PG).DTA","SA_1","2",4159
"2018","__enpg/Base de datos ENPG 2018 (PG).DTA","OH_1","1",14498
"2018","__enpg/Base de datos ENPG 2018 (PG).DTA","OH_1","2",4846
"2018","__enpg/Base de datos ENPG 2018 (PG).DTA","OH_1","88",45
"2018","__enpg/Base de datos ENPG 2018 (PG).DTA","OH_1","99",38
"2018","__enpg/Base de datos ENPG 2018 (PG).DTA","OH_2","1",2099
"2018","__enpg/Base de datos ENPG 2018 (PG).DTA","OH_2","2",984
"2018","__enpg/Base de datos ENPG 2018 (PG).DTA","OH_2","3",10971
"2018","__enpg/Base de datos ENPG 2018 (PG).DTA","OH_2","88",373
"2018","__enpg/Base de datos ENPG 2018 (PG).DTA","OH_2","99",71
"2018","__enpg/Base de datos ENPG 2018 (PG).DTA","OH_2",NA,4929
"2018","__enpg/Base de datos ENPG 2018 (PG).DTA","OH_3","5",14
"2018","__enpg/Base de datos ENPG 2018 (PG).DTA","OH_3","6",14
"2018","__enpg/Base de datos ENPG 2018 (PG).DTA","OH_3","7",9
"2018","__enpg/Base de datos ENPG 2018 (PG).DTA","OH_3","8",38
"2018","__enpg/Base de datos ENPG 2018 (PG).DTA","OH_3","9",21
"2018","__enpg/Base de datos ENPG 2018 (PG).DTA","OH_3","10",68
"2018","__enpg/Base de datos ENPG 2018 (PG).DTA","OH_3","11",52
"2018","__enpg/Base de datos ENPG 2018 (PG).DTA","OH_3","12",256
"2018","__enpg/Base de datos ENPG 2018 (PG).DTA","OH_3","13",320
"2018","__enpg/Base de datos ENPG 2018 (PG).DTA","OH_3","14",769
"2018","__enpg/Base de datos ENPG 2018 (PG).DTA","OH_3","15",1840
"2018","__enpg/Base de datos ENPG 2018 (PG).DTA","OH_3","16",1320
"2018","__enpg/Base de datos ENPG 2018 (PG).DTA","OH_3","17",1789
"2018","__enpg/Base de datos ENPG 2018 (PG).DTA","OH_3","18",2604
"2018","__enpg/Base de datos ENPG 2018 (PG).DTA","OH_3","19",559
"2018","__enpg/Base de datos ENPG 2018 (PG).DTA","OH_3","20",1586
"2018","__enpg/Base de datos ENPG 2018 (PG).DTA","OH_3","21",378
"2018","__enpg/Base de datos ENPG 2018 (PG).DTA","OH_3","22",333
"2018","__enpg/Base de datos ENPG 2018 (PG).DTA","OH_3","23",206
"2018","__enpg/Base de datos ENPG 2018 (PG).DTA","OH_3","24",143
"2018","__enpg/Base de datos ENPG 2018 (PG).DTA","OH_3","25",536
"2018","__enpg/Base de datos ENPG 2018 (PG).DTA","OH_3","26",53
"2018","__enpg/Base de datos ENPG 2018 (PG).DTA","OH_3","27",57
"2018","__enpg/Base de datos ENPG 2018 (PG).DTA","OH_3","28",88
"2018","__enpg/Base de datos ENPG 2018 (PG).DTA","OH_3","29",16
"2018","__enpg/Base de datos ENPG 2018 (PG).DTA","OH_3","30",280
"2018","__enpg/Base de datos ENPG 2018 (PG).DTA","OH_3","31",5
"2018","__enpg/Base de datos ENPG 2018 (PG).DTA","OH_3","32",17
"2018","__enpg/Base de datos ENPG 2018 (PG).DTA","OH_3","33",11
"2018","__enpg/Base de datos ENPG 2018 (PG).DTA","OH_3","34",7
"2018","__enpg/Base de datos ENPG 2018 (PG).DTA","OH_3","35",62
"2018","__enpg/Base de datos ENPG 2018 (PG).DTA","OH_3","36",9
"2018","__enpg/Base de datos ENPG 2018 (PG).DTA","OH_3","37",6
"2018","__enpg/Base de datos ENPG 2018 (PG).DTA","OH_3","38",18
"2018","__enpg/Base de datos ENPG 2018 (PG).DTA","OH_3","39",7
"2018","__enpg/Base de datos ENPG 2018 (PG).DTA","OH_3","40",61
"2018","__enpg/Base de datos ENPG 2018 (PG).DTA","OH_3","41",1
"2018","__enpg/Base de datos ENPG 2018 (PG).DTA","OH_3","42",7
"2018","__enpg/Base de datos ENPG 2018 (PG).DTA","OH_3","43",5
"2018","__enpg/Base de datos ENPG 2018 (PG).DTA","OH_3","44",5
"2018","__enpg/Base de datos ENPG 2018 (PG).DTA","OH_3","45",21
"2018","__enpg/Base de datos ENPG 2018 (PG).DTA","OH_3","46",8
"2018","__enpg/Base de datos ENPG 2018 (PG).DTA","OH_3","47",1
"2018","__enpg/Base de datos ENPG 2018 (PG).DTA","OH_3","48",5
"2018","__enpg/Base de datos ENPG 2018 (PG).DTA","OH_3","49",6
"2018","__enpg/Base de datos ENPG 2018 (PG).DTA","OH_3","50",27
"2018","__enpg/Base de datos ENPG 2018 (PG).DTA","OH_3","51",2
"2018","__enpg/Base de datos ENPG 2018 (PG).DTA","OH_3","52",2
"2018","__enpg/Base de datos ENPG 2018 (PG).DTA","OH_3","53",2
"2018","__enpg/Base de datos ENPG 2018 (PG).DTA","OH_3","54",2
"2018","__enpg/Base de datos ENPG 2018 (PG).DTA","OH_3","55",4
"2018","__enpg/Base de datos ENPG 2018 (PG).DTA","OH_3","56",5
"2018","__enpg/Base de datos ENPG 2018 (PG).DTA","OH_3","57",2
"2018","__enpg/Base de datos ENPG 2018 (PG).DTA","OH_3","58",1
"2018","__enpg/Base de datos ENPG 2018 (PG).DTA","OH_3","59",4
"2018","__enpg/Base de datos ENPG 2018 (PG).DTA","OH_3","61",1
"2018","__enpg/Base de datos ENPG 2018 (PG).DTA","OH_3","62",1
"2018","__enpg/Base de datos ENPG 2018 (PG).DTA","OH_3","63",1
"2018","__enpg/Base de datos ENPG 2018 (PG).DTA","OH_3","88",710
"2018","__enpg/Base de datos ENPG 2018 (PG).DTA","OH_3","99",123
"2018","__enpg/Base de datos ENPG 2018 (PG).DTA","OH_3",NA,4929
"2018","__enpg/Base de datos ENPG 2018 (PG).DTA","OH_4","1",7506
"2018","__enpg/Base de datos ENPG 2018 (PG).DTA","OH_4","2",3426
"2018","__enpg/Base de datos ENPG 2018 (PG).DTA","OH_4","3",3292
"2018","__enpg/Base de datos ENPG 2018 (PG).DTA","OH_4","88",197
"2018","__enpg/Base de datos ENPG 2018 (PG).DTA","OH_4","99",77
"2018","__enpg/Base de datos ENPG 2018 (PG).DTA","OH_4",NA,4929
"2018","__enpg/Base de datos ENPG 2018 (PG).DTA","OH_5","1",1875
"2018","__enpg/Base de datos ENPG 2018 (PG).DTA","OH_5","2",1567
"2018","__enpg/Base de datos ENPG 2018 (PG).DTA","OH_5","3",729
"2018","__enpg/Base de datos ENPG 2018 (PG).DTA","OH_5","4",1279
"2018","__enpg/Base de datos ENPG 2018 (PG).DTA","OH_5","5",418
"2018","__enpg/Base de datos ENPG 2018 (PG).DTA","OH_5","6",248
"2018","__enpg/Base de datos ENPG 2018 (PG).DTA","OH_5","7",72
"2018","__enpg/Base de datos ENPG 2018 (PG).DTA","OH_5","8",263
"2018","__enpg/Base de datos ENPG 2018 (PG).DTA","OH_5","9",13
"2018","__enpg/Base de datos ENPG 2018 (PG).DTA","OH_5","10",224
"2018","__enpg/Base de datos ENPG 2018 (PG).DTA","OH_5","11",2
"2018","__enpg/Base de datos ENPG 2018 (PG).DTA","OH_5","12",33
"2018","__enpg/Base de datos ENPG 2018 (PG).DTA","OH_5","13",1
"2018","__enpg/Base de datos ENPG 2018 (PG).DTA","OH_5","14",13
"2018","__enpg/Base de datos ENPG 2018 (PG).DTA","OH_5","15",119
"2018","__enpg/Base de datos ENPG 2018 (PG).DTA","OH_5","16",5
"2018","__enpg/Base de datos ENPG 2018 (PG).DTA","OH_5","17",1
"2018","__enpg/Base de datos ENPG 2018 (PG).DTA","OH_5","18",3
"2018","__enpg/Base de datos ENPG 2018 (PG).DTA","OH_5","19",1
"2018","__enpg/Base de datos ENPG 2018 (PG).DTA","OH_5","20",106
"2018","__enpg/Base de datos ENPG 2018 (PG).DTA","OH_5","21",3
"2018","__enpg/Base de datos ENPG 2018 (PG).DTA","OH_5","23",1
"2018","__enpg/Base de datos ENPG 2018 (PG).DTA","OH_5","24",2
"2018","__enpg/Base de datos ENPG 2018 (PG).DTA","OH_5","25",38
"2018","__enpg/Base de datos ENPG 2018 (PG).DTA","OH_5","26",2
"2018","__enpg/Base de datos ENPG 2018 (PG).DTA","OH_5","27",3
"2018","__enpg/Base de datos ENPG 2018 (PG).DTA","OH_5","28",5
"2018","__enpg/Base de datos ENPG 2018 (PG).DTA","OH_5","29",1
"2018","__enpg/Base de datos ENPG 2018 (PG).DTA","OH_5","30",134
"2018","__enpg/Base de datos ENPG 2018 (PG).DTA","OH_5","88",273
"2018","__enpg/Base de datos ENPG 2018 (PG).DTA","OH_5","99",72
"2018","__enpg/Base de datos ENPG 2018 (PG).DTA","OH_5",NA,11921
"2018","__enpg/Base de datos ENPG 2018 (PG).DTA","OH_6","1",4397
"2018","__enpg/Base de datos ENPG 2018 (PG).DTA","OH_6","2",1897
"2018","__enpg/Base de datos ENPG 2018 (PG).DTA","OH_6","3",1046
"2018","__enpg/Base de datos ENPG 2018 (PG).DTA","OH_6","4",119
"2018","__enpg/Base de datos ENPG 2018 (PG).DTA","OH_6","88",19
"2018","__enpg/Base de datos ENPG 2018 (PG).DTA","OH_6","99",28
"2018","__enpg/Base de datos ENPG 2018 (PG).DTA","OH_6",NA,11921
"2018","__enpg/Base de datos ENPG 2018 (PG).DTA","OH_7H","0",1225
"2018","__enpg/Base de datos ENPG 2018 (PG).DTA","OH_7H","1",871
"2018","__enpg/Base de datos ENPG 2018 (PG).DTA","OH_7H","2",589
"2018","__enpg/Base de datos ENPG 2018 (PG).DTA","OH_7H","3",246
"2018","__enpg/Base de datos ENPG 2018 (PG).DTA","OH_7H","4",177
"2018","__enpg/Base de datos ENPG 2018 (PG).DTA","OH_7H","5",393
"2018","__enpg/Base de datos ENPG 2018 (PG).DTA","OH_7H","6",56
"2018","__enpg/Base de datos ENPG 2018 (PG).DTA","OH_7H","7",14
"2018","__enpg/Base de datos ENPG 2018 (PG).DTA","OH_7H","8",48
"2018","__enpg/Base de datos ENPG 2018 (PG).DTA","OH_7H","9",2
"2018","__enpg/Base de datos ENPG 2018 (PG).DTA","OH_7H","10",41
"2018","__enpg/Base de datos ENPG 2018 (PG).DTA","OH_7H","11",2
"2018","__enpg/Base de datos ENPG 2018 (PG).DTA","OH_7H","12",9
"2018","__enpg/Base de datos ENPG 2018 (PG).DTA","OH_7H","13",1
"2018","__enpg/Base de datos ENPG 2018 (PG).DTA","OH_7H","14",1
"2018","__enpg/Base de datos ENPG 2018 (PG).DTA","OH_7H","15",15
"2018","__enpg/Base de datos ENPG 2018 (PG).DTA","OH_7H","16",1
"2018","__enpg/Base de datos ENPG 2018 (PG).DTA","OH_7H","19",1
"2018","__enpg/Base de datos ENPG 2018 (PG).DTA","OH_7H","20",12
"2018","__enpg/Base de datos ENPG 2018 (PG).DTA","OH_7H","21",1
"2018","__enpg/Base de datos ENPG 2018 (PG).DTA","OH_7H","22",2
"2018","__enpg/Base de datos ENPG 2018 (PG).DTA","OH_7H","23",2
"2018","__enpg/Base de datos ENPG 2018 (PG).DTA","OH_7H","24",2
"2018","__enpg/Base de datos ENPG 2018 (PG).DTA","OH_7H","25",6
"2018","__enpg/Base de datos ENPG 2018 (PG).DTA","OH_7H","29",1
"2018","__enpg/Base de datos ENPG 2018 (PG).DTA","OH_7H","30",18
"2018","__enpg/Base de datos ENPG 2018 (PG).DTA","OH_7H","33",1
"2018","__enpg/Base de datos ENPG 2018 (PG).DTA","OH_7H","39",1
"2018","__enpg/Base de datos ENPG 2018 (PG).DTA","OH_7H","40",1
"2018","__enpg/Base de datos ENPG 2018 (PG).DTA","OH_7H","50",2
"2018","__enpg/Base de datos ENPG 2018 (PG).DTA","OH_7H","55",1
"2018","__enpg/Base de datos ENPG 2018 (PG).DTA","OH_7H","58",1
"2018","__enpg/Base de datos ENPG 2018 (PG).DTA","OH_7H","60",1
"2018","__enpg/Base de datos ENPG 2018 (PG).DTA","OH_7H","70",1
"2018","__enpg/Base de datos ENPG 2018 (PG).DTA","OH_7H","80",1
"2018","__enpg/Base de datos ENPG 2018 (PG).DTA","OH_7H","88",1
"2018","__enpg/Base de datos ENPG 2018 (PG).DTA","OH_7H","99",2
"2018","__enpg/Base de datos ENPG 2018 (PG).DTA","OH_7H","888",201
"2018","__enpg/Base de datos ENPG 2018 (PG).DTA","OH_7H","999",83
"2018","__enpg/Base de datos ENPG 2018 (PG).DTA","OH_7H",NA,15394
"2018","__enpg/Base de datos ENPG 2018 (PG).DTA","OH_7M","0",1405
"2018","__enpg/Base de datos ENPG 2018 (PG).DTA","OH_7M","1",860
"2018","__enpg/Base de datos ENPG 2018 (PG).DTA","OH_7M","2",408
"2018","__enpg/Base de datos ENPG 2018 (PG).DTA","OH_7M","3",160
"2018","__enpg/Base de datos ENPG 2018 (PG).DTA","OH_7M","4",260
"2018","__enpg/Base de datos ENPG 2018 (PG).DTA","OH_7M","5",33
"2018","__enpg/Base de datos ENPG 2018 (PG).DTA","OH_7M","6",29
"2018","__enpg/Base de datos ENPG 2018 (PG).DTA","OH_7M","7",2
"2018","__enpg/Base de datos ENPG 2018 (PG).DTA","OH_7M","8",17
"2018","__enpg/Base de datos ENPG 2018 (PG).DTA","OH_7M","9",3
"2018","__enpg/Base de datos ENPG 2018 (PG).DTA","OH_7M","10",12
"2018","__enpg/Base de datos ENPG 2018 (PG).DTA","OH_7M","11",1
"2018","__enpg/Base de datos ENPG 2018 (PG).DTA","OH_7M","12",2
"2018","__enpg/Base de datos ENPG 2018 (PG).DTA","OH_7M","14",1
"2018","__enpg/Base de datos ENPG 2018 (PG).DTA","OH_7M","15",2
"2018","__enpg/Base de datos ENPG 2018 (PG).DTA","OH_7M","20",2
"2018","__enpg/Base de datos ENPG 2018 (PG).DTA","OH_7M","22",2
"2018","__enpg/Base de datos ENPG 2018 (PG).DTA","OH_7M","25",1
"2018","__enpg/Base de datos ENPG 2018 (PG).DTA","OH_7M","30",1
"2018","__enpg/Base de datos ENPG 2018 (PG).DTA","OH_7M","40",1
"2018","__enpg/Base de datos ENPG 2018 (PG).DTA","OH_7M","43",1
"2018","__enpg/Base de datos ENPG 2018 (PG).DTA","OH_7M","52",1
"2018","__enpg/Base de datos ENPG 2018 (PG).DTA","OH_7M","83",1
"2018","__enpg/Base de datos ENPG 2018 (PG).DTA","OH_7M","88",1
"2018","__enpg/Base de datos ENPG 2018 (PG).DTA","OH_7M","888",178
"2018","__enpg/Base de datos ENPG 2018 (PG).DTA","OH_7M","999",89
"2018","__enpg/Base de datos ENPG 2018 (PG).DTA","OH_7M",NA,15954
"2018","__enpg/Base de datos ENPG 2018 (PG).DTA","OH_8","0",73
"2018","__enpg/Base de datos ENPG 2018 (PG).DTA","OH_8","1",2579
"2018","__enpg/Base de datos ENPG 2018 (PG).DTA","OH_8","2",1220
"2018","__enpg/Base de datos ENPG 2018 (PG).DTA","OH_8","3",1387
"2018","__enpg/Base de datos ENPG 2018 (PG).DTA","OH_8","4",340
"2018","__enpg/Base de datos ENPG 2018 (PG).DTA","OH_8","5",282
"2018","__enpg/Base de datos ENPG 2018 (PG).DTA","OH_8","6",596
"2018","__enpg/Base de datos ENPG 2018 (PG).DTA","OH_8","7",51
"2018","__enpg/Base de datos ENPG 2018 (PG).DTA","OH_8","8",225
"2018","__enpg/Base de datos ENPG 2018 (PG).DTA","OH_8","9",25
"2018","__enpg/Base de datos ENPG 2018 (PG).DTA","OH_8","10",88
"2018","__enpg/Base de datos ENPG 2018 (PG).DTA","OH_8","11",9
"2018","__enpg/Base de datos ENPG 2018 (PG).DTA","OH_8","12",41
"2018","__enpg/Base de datos ENPG 2018 (PG).DTA","OH_8","13",1
"2018","__enpg/Base de datos ENPG 2018 (PG).DTA","OH_8","14",2
"2018","__enpg/Base de datos ENPG 2018 (PG).DTA","OH_8","15",13
"2018","__enpg/Base de datos ENPG 2018 (PG).DTA","OH_8","16",6
"2018","__enpg/Base de datos ENPG 2018 (PG).DTA","OH_8","17",1
"2018","__enpg/Base de datos ENPG 2018 (PG).DTA","OH_8","18",97
"2018","__enpg/Base de datos ENPG 2018 (PG).DTA","OH_8","20",11
"2018","__enpg/Base de datos ENPG 2018 (PG).DTA","OH_8","24",2
"2018","__enpg/Base de datos ENPG 2018 (PG).DTA","OH_8","25",1
"2018","__enpg/Base de datos ENPG 2018 (PG).DTA","OH_8","28",1
"2018","__enpg/Base de datos ENPG 2018 (PG).DTA","OH_8","30",5
"2018","__enpg/Base de datos ENPG 2018 (PG).DTA","OH_8","32",1
"2018","__enpg/Base de datos ENPG 2018 (PG).DTA","OH_8","33",1
"2018","__enpg/Base de datos ENPG 2018 (PG).DTA","OH_8","36",3
"2018","__enpg/Base de datos ENPG 2018 (PG).DTA","OH_8","40",2
"2018","__enpg/Base de datos ENPG 2018 (PG).DTA","OH_8","48",1
"2018","__enpg/Base de datos ENPG 2018 (PG).DTA","OH_8","54",1
"2018","__enpg/Base de datos ENPG 2018 (PG).DTA","OH_8","60",1
"2018","__enpg/Base de datos ENPG 2018 (PG).DTA","OH_8","66",1
"2018","__enpg/Base de datos ENPG 2018 (PG).DTA","OH_8","80",2
"2018","__enpg/Base de datos ENPG 2018 (PG).DTA","OH_8","888",333
"2018","__enpg/Base de datos ENPG 2018 (PG).DTA","OH_8","999",104
"2018","__enpg/Base de datos ENPG 2018 (PG).DTA","OH_8",NA,11921
"2018","__enpg/Base de datos ENPG 2018 (PG).DTA","OH_9","0",1150
"2018","__enpg/Base de datos ENPG 2018 (PG).DTA","OH_9","1",8
"2018","__enpg/Base de datos ENPG 2018 (PG).DTA","OH_9","2",7
"2018","__enpg/Base de datos ENPG 2018 (PG).DTA","OH_9","3",1
"2018","__enpg/Base de datos ENPG 2018 (PG).DTA","OH_9","4",3
"2018","__enpg/Base de datos ENPG 2018 (PG).DTA","OH_9","5",3
"2018","__enpg/Base de datos ENPG 2018 (PG).DTA","OH_9","6",2
"2018","__enpg/Base de datos ENPG 2018 (PG).DTA","OH_9","7",1
"2018","__enpg/Base de datos ENPG 2018 (PG).DTA","OH_9","10",7
"2018","__enpg/Base de datos ENPG 2018 (PG).DTA","OH_9","12",1
"2018","__enpg/Base de datos ENPG 2018 (PG).DTA","OH_9","15",1
"2018","__enpg/Base de datos ENPG 2018 (PG).DTA","OH_9","16",1
"2018","__enpg/Base de datos ENPG 2018 (PG).DTA","OH_9","18",1
"2018","__enpg/Base de datos ENPG 2018 (PG).DTA","OH_9","20",3
"2018","__enpg/Base de datos ENPG 2018 (PG).DTA","OH_9","25",2
"2018","__enpg/Base de datos ENPG 2018 (PG).DTA","OH_9","30",4
"2018","__enpg/Base de datos ENPG 2018 (PG).DTA","OH_9","40",2
"2018","__enpg/Base de datos ENPG 2018 (PG).DTA","OH_9","50",5
"2018","__enpg/Base de datos ENPG 2018 (PG).DTA","OH_9","200",7
"2018","__enpg/Base de datos ENPG 2018 (PG).DTA","OH_9","250",3
"2018","__enpg/Base de datos ENPG 2018 (PG).DTA","OH_9","350",1
"2018","__enpg/Base de datos ENPG 2018 (PG).DTA","OH_9","400",2
"2018","__enpg/Base de datos ENPG 2018 (PG).DTA","OH_9","500",21
"2018","__enpg/Base de datos ENPG 2018 (PG).DTA","OH_9","580",1
"2018","__enpg/Base de datos ENPG 2018 (PG).DTA","OH_9","600",10
"2018","__enpg/Base de datos ENPG 2018 (PG).DTA","OH_9","650",3
"2018","__enpg/Base de datos ENPG 2018 (PG).DTA","OH_9","690",1
"2018","__enpg/Base de datos ENPG 2018 (PG).DTA","OH_9","700",11
"2018","__enpg/Base de datos ENPG 2018 (PG).DTA","OH_9","800",4
"2018","__enpg/Base de datos ENPG 2018 (PG).DTA","OH_9","888",1
"2018","__enpg/Base de datos ENPG 2018 (PG).DTA","OH_9","900",2
"2018","__enpg/Base de datos ENPG 2018 (PG).DTA","OH_9","950",1
"2018","__enpg/Base de datos ENPG 2018 (PG).DTA","OH_9","999",1
"2018","__enpg/Base de datos ENPG 2018 (PG).DTA","OH_9","1000",120
"2018","__enpg/Base de datos ENPG 2018 (PG).DTA","OH_9","1100",3
"2018","__enpg/Base de datos ENPG 2018 (PG).DTA","OH_9","1200",23
"2018","__enpg/Base de datos ENPG 2018 (PG).DTA","OH_9","1300",6
"2018","__enpg/Base de datos ENPG 2018 (PG).DTA","OH_9","1350",1
"2018","__enpg/Base de datos ENPG 2018 (PG).DTA","OH_9","1400",9
"2018","__enpg/Base de datos ENPG 2018 (PG).DTA","OH_9","1500",56
"2018","__enpg/Base de datos ENPG 2018 (PG).DTA","OH_9","1600",7
"2018","__enpg/Base de datos ENPG 2018 (PG).DTA","OH_9","1700",5
"2018","__enpg/Base de datos ENPG 2018 (PG).DTA","OH_9","1800",8
"2018","__enpg/Base de datos ENPG 2018 (PG).DTA","OH_9","1900",4
"2018","__enpg/Base de datos ENPG 2018 (PG).DTA","OH_9","2000",284
"2018","__enpg/Base de datos ENPG 2018 (PG).DTA","OH_9","2100",3
"2018","__enpg/Base de datos ENPG 2018 (PG).DTA","OH_9","2200",10
"2018","__enpg/Base de datos ENPG 2018 (PG).DTA","OH_9","2300",3
"2018","__enpg/Base de datos ENPG 2018 (PG).DTA","OH_9","2390",1
"2018","__enpg/Base de datos ENPG 2018 (PG).DTA","OH_9","2400",9
"2018","__enpg/Base de datos ENPG 2018 (PG).DTA","OH_9","2490",1
"2018","__enpg/Base de datos ENPG 2018 (PG).DTA","OH_9","2500",76
"2018","__enpg/Base de datos ENPG 2018 (PG).DTA","OH_9","2508",1
"2018","__enpg/Base de datos ENPG 2018 (PG).DTA","OH_9","2550",1
"2018","__enpg/Base de datos ENPG 2018 (PG).DTA","OH_9","2600",6
"2018","__enpg/Base de datos ENPG 2018 (PG).DTA","OH_9","2700",4
"2018","__enpg/Base de datos ENPG 2018 (PG).DTA","OH_9","2750",1
"2018","__enpg/Base de datos ENPG 2018 (PG).DTA","OH_9","2800",10
"2018","__enpg/Base de datos ENPG 2018 (PG).DTA","OH_9","2900",1
"2018","__enpg/Base de datos ENPG 2018 (PG).DTA","OH_9","2990",3
"2018","__enpg/Base de datos ENPG 2018 (PG).DTA","OH_9","3000",401
"2018","__enpg/Base de datos ENPG 2018 (PG).DTA","OH_9","3100",1
"2018","__enpg/Base de datos ENPG 2018 (PG).DTA","OH_9","3200",5
"2018","__enpg/Base de datos ENPG 2018 (PG).DTA","OH_9","3300",2
"2018","__enpg/Base de datos ENPG 2018 (PG).DTA","OH_9","3400",2
"2018","__enpg/Base de datos ENPG 2018 (PG).DTA","OH_9","3500",44
"2018","__enpg/Base de datos ENPG 2018 (PG).DTA","OH_9","3600",5
"2018","__enpg/Base de datos ENPG 2018 (PG).DTA","OH_9","3700",2
"2018","__enpg/Base de datos ENPG 2018 (PG).DTA","OH_9","3800",5
"2018","__enpg/Base de datos ENPG 2018 (PG).DTA","OH_9","3900",2
"2018","__enpg/Base de datos ENPG 2018 (PG).DTA","OH_9","3990",4
"2018","__enpg/Base de datos ENPG 2018 (PG).DTA","OH_9","4000",189
"2018","__enpg/Base de datos ENPG 2018 (PG).DTA","OH_9","4100",1
"2018","__enpg/Base de datos ENPG 2018 (PG).DTA","OH_9","4290",1
"2018","__enpg/Base de datos ENPG 2018 (PG).DTA","OH_9","4300",2
"2018","__enpg/Base de datos ENPG 2018 (PG).DTA","OH_9","4500",24
"2018","__enpg/Base de datos ENPG 2018 (PG).DTA","OH_9","4600",1
"2018","__enpg/Base de datos ENPG 2018 (PG).DTA","OH_9","4800",3
"2018","__enpg/Base de datos ENPG 2018 (PG).DTA","OH_9","4900",1
"2018","__enpg/Base de datos ENPG 2018 (PG).DTA","OH_9","5000",750
"2018","__enpg/Base de datos ENPG 2018 (PG).DTA","OH_9","5200",5
"2018","__enpg/Base de datos ENPG 2018 (PG).DTA","OH_9","5400",1
"2018","__enpg/Base de datos ENPG 2018 (PG).DTA","OH_9","5500",1
"2018","__enpg/Base de datos ENPG 2018 (PG).DTA","OH_9","5600",1
"2018","__enpg/Base de datos ENPG 2018 (PG).DTA","OH_9","5700",2
"2018","__enpg/Base de datos ENPG 2018 (PG).DTA","OH_9","5800",1
"2018","__enpg/Base de datos ENPG 2018 (PG).DTA","OH_9","5888",1
"2018","__enpg/Base de datos ENPG 2018 (PG).DTA","OH_9","5900",1
"2018","__enpg/Base de datos ENPG 2018 (PG).DTA","OH_9","6000",241
"2018","__enpg/Base de datos ENPG 2018 (PG).DTA","OH_9","6500",8
"2018","__enpg/Base de datos ENPG 2018 (PG).DTA","OH_9","6700",1
"2018","__enpg/Base de datos ENPG 2018 (PG).DTA","OH_9","6900",1
"2018","__enpg/Base de datos ENPG 2018 (PG).DTA","OH_9","7000",105
"2018","__enpg/Base de datos ENPG 2018 (PG).DTA","OH_9","7200",2
"2018","__enpg/Base de datos ENPG 2018 (PG).DTA","OH_9","7500",9
"2018","__enpg/Base de datos ENPG 2018 (PG).DTA","OH_9","7990",1
"2018","__enpg/Base de datos ENPG 2018 (PG).DTA","OH_9","8000",118
"2018","__enpg/Base de datos ENPG 2018 (PG).DTA","OH_9","8500",1
"2018","__enpg/Base de datos ENPG 2018 (PG).DTA","OH_9","8600",1
"2018","__enpg/Base de datos ENPG 2018 (PG).DTA","OH_9","9000",14
"2018","__enpg/Base de datos ENPG 2018 (PG).DTA","OH_9","9500",1
"2018","__enpg/Base de datos ENPG 2018 (PG).DTA","OH_9","9990",1
"2018","__enpg/Base de datos ENPG 2018 (PG).DTA","OH_9","10000",902
"2018","__enpg/Base de datos ENPG 2018 (PG).DTA","OH_9","10008",1
"2018","__enpg/Base de datos ENPG 2018 (PG).DTA","OH_9","10500",1
"2018","__enpg/Base de datos ENPG 2018 (PG).DTA","OH_9","11000",10
"2018","__enpg/Base de datos ENPG 2018 (PG).DTA","OH_9","12000",99
"2018","__enpg/Base de datos ENPG 2018 (PG).DTA","OH_9","12990",1
"2018","__enpg/Base de datos ENPG 2018 (PG).DTA","OH_9","13000",4
"2018","__enpg/Base de datos ENPG 2018 (PG).DTA","OH_9","14000",10
"2018","__enpg/Base de datos ENPG 2018 (PG).DTA","OH_9","15000",344
"2018","__enpg/Base de datos ENPG 2018 (PG).DTA","OH_9","16000",8
"2018","__enpg/Base de datos ENPG 2018 (PG).DTA","OH_9","17000",2
"2018","__enpg/Base de datos ENPG 2018 (PG).DTA","OH_9","18000",18
"2018","__enpg/Base de datos ENPG 2018 (PG).DTA","OH_9","20000",424
"2018","__enpg/Base de datos ENPG 2018 (PG).DTA","OH_9","21000",1
"2018","__enpg/Base de datos ENPG 2018 (PG).DTA","OH_9","22000",2
"2018","__enpg/Base de datos ENPG 2018 (PG).DTA","OH_9","24000",6
"2018","__enpg/Base de datos ENPG 2018 (PG).DTA","OH_9","25000",79
"2018","__enpg/Base de datos ENPG 2018 (PG).DTA","OH_9","26000",1
"2018","__enpg/Base de datos ENPG 2018 (PG).DTA","OH_9","28000",2
"2018","__enpg/Base de datos ENPG 2018 (PG).DTA","OH_9","29000",1
"2018","__enpg/Base de datos ENPG 2018 (PG).DTA","OH_9","30000",199
"2018","__enpg/Base de datos ENPG 2018 (PG).DTA","OH_9","30008",1
"2018","__enpg/Base de datos ENPG 2018 (PG).DTA","OH_9","30150",1
"2018","__enpg/Base de datos ENPG 2018 (PG).DTA","OH_9","32000",4
"2018","__enpg/Base de datos ENPG 2018 (PG).DTA","OH_9","33000",2
"2018","__enpg/Base de datos ENPG 2018 (PG).DTA","OH_9","34000",1
"2018","__enpg/Base de datos ENPG 2018 (PG).DTA","OH_9","35000",16
"2018","__enpg/Base de datos ENPG 2018 (PG).DTA","OH_9","39000",1
"2018","__enpg/Base de datos ENPG 2018 (PG).DTA","OH_9","40000",78
"2018","__enpg/Base de datos ENPG 2018 (PG).DTA","OH_9","42000",1
"2018","__enpg/Base de datos ENPG 2018 (PG).DTA","OH_9","45000",8
"2018","__enpg/Base de datos ENPG 2018 (PG).DTA","OH_9","46000",2
"2018","__enpg/Base de datos ENPG 2018 (PG).DTA","OH_9","49990",1
"2018","__enpg/Base de datos ENPG 2018 (PG).DTA","OH_9","50000",81
"2018","__enpg/Base de datos ENPG 2018 (PG).DTA","OH_9","55000",1
"2018","__enpg/Base de datos ENPG 2018 (PG).DTA","OH_9","60000",28
"2018","__enpg/Base de datos ENPG 2018 (PG).DTA","OH_9","65000",1
"2018","__enpg/Base de datos ENPG 2018 (PG).DTA","OH_9","70000",6
"2018","__enpg/Base de datos ENPG 2018 (PG).DTA","OH_9","75000",1
"2018","__enpg/Base de datos ENPG 2018 (PG).DTA","OH_9","80000",11
"2018","__enpg/Base de datos ENPG 2018 (PG).DTA","OH_9","90000",3
"2018","__enpg/Base de datos ENPG 2018 (PG).DTA","OH_9","1e+05",30
"2018","__enpg/Base de datos ENPG 2018 (PG).DTA","OH_9","120000",7
"2018","__enpg/Base de datos ENPG 2018 (PG).DTA","OH_9","130000",1
"2018","__enpg/Base de datos ENPG 2018 (PG).DTA","OH_9","150000",6
"2018","__enpg/Base de datos ENPG 2018 (PG).DTA","OH_9","180000",1
"2018","__enpg/Base de datos ENPG 2018 (PG).DTA","OH_9","2e+05",6
"2018","__enpg/Base de datos ENPG 2018 (PG).DTA","OH_9","270000",1
"2018","__enpg/Base de datos ENPG 2018 (PG).DTA","OH_9","3e+05",3
"2018","__enpg/Base de datos ENPG 2018 (PG).DTA","OH_9","4e+05",1
"2018","__enpg/Base de datos ENPG 2018 (PG).DTA","OH_9","5e+05",3
"2018","__enpg/Base de datos ENPG 2018 (PG).DTA","OH_9","8e+05",1
"2018","__enpg/Base de datos ENPG 2018 (PG).DTA","OH_9","8888888",1000
"2018","__enpg/Base de datos ENPG 2018 (PG).DTA","OH_9","9999999",194
"2018","__enpg/Base de datos ENPG 2018 (PG).DTA","OH_9",NA,11921
"2018","__enpg/Base de datos ENPG 2018 (PG).DTA","OH_9a","1",6
"2018","__enpg/Base de datos ENPG 2018 (PG).DTA","OH_9a","4",1
"2018","__enpg/Base de datos ENPG 2018 (PG).DTA","OH_9a","6",1
"2018","__enpg/Base de datos ENPG 2018 (PG).DTA","OH_9a","10",2
"2018","__enpg/Base de datos ENPG 2018 (PG).DTA","OH_9a","30",1
"2018","__enpg/Base de datos ENPG 2018 (PG).DTA","OH_9a","50",1
"2018","__enpg/Base de datos ENPG 2018 (PG).DTA","OH_9a","500",1
"2018","__enpg/Base de datos ENPG 2018 (PG).DTA","OH_9a","1300",1
"2018","__enpg/Base de datos ENPG 2018 (PG).DTA","OH_9a","2000",1
"2018","__enpg/Base de datos ENPG 2018 (PG).DTA","OH_9a","2500",2
"2018","__enpg/Base de datos ENPG 2018 (PG).DTA","OH_9a","2600",1
"2018","__enpg/Base de datos ENPG 2018 (PG).DTA","OH_9a","3500",1
"2018","__enpg/Base de datos ENPG 2018 (PG).DTA","OH_9a","4000",1
"2018","__enpg/Base de datos ENPG 2018 (PG).DTA","OH_9a","5000",4
"2018","__enpg/Base de datos ENPG 2018 (PG).DTA","OH_9a","7000",1
"2018","__enpg/Base de datos ENPG 2018 (PG).DTA","OH_9a","10000",7
"2018","__enpg/Base de datos ENPG 2018 (PG).DTA","OH_9a","12000",1
"2018","__enpg/Base de datos ENPG 2018 (PG).DTA","OH_9a","15000",1
"2018","__enpg/Base de datos ENPG 2018 (PG).DTA","OH_9a","16000",1
"2018","__enpg/Base de datos ENPG 2018 (PG).DTA","OH_9a","18000",1
"2018","__enpg/Base de datos ENPG 2018 (PG).DTA","OH_9a","20000",5
"2018","__enpg/Base de datos ENPG 2018 (PG).DTA","OH_9a","25000",2
"2018","__enpg/Base de datos ENPG 2018 (PG).DTA","OH_9a","30000",3
"2018","__enpg/Base de datos ENPG 2018 (PG).DTA","OH_9a","40000",2
"2018","__enpg/Base de datos ENPG 2018 (PG).DTA","OH_9a","50000",4
"2018","__enpg/Base de datos ENPG 2018 (PG).DTA","OH_9a",NA,19375
"2018","__enpg/Base de datos ENPG 2018 (PG).DTA","OH_10","1",4249
"2018","__enpg/Base de datos ENPG 2018 (PG).DTA","OH_10","2",3205
"2018","__enpg/Base de datos ENPG 2018 (PG).DTA","OH_10","88",33
"2018","__enpg/Base de datos ENPG 2018 (PG).DTA","OH_10","99",19
"2018","__enpg/Base de datos ENPG 2018 (PG).DTA","OH_10",NA,11921
"2018","__enpg/Base de datos ENPG 2018 (PG).DTA","OH_12","1",1244
"2018","__enpg/Base de datos ENPG 2018 (PG).DTA","OH_12","2",5278
"2018","__enpg/Base de datos ENPG 2018 (PG).DTA","OH_12","3",3552
"2018","__enpg/Base de datos ENPG 2018 (PG).DTA","OH_12","4",575
"2018","__enpg/Base de datos ENPG 2018 (PG).DTA","OH_12","5",283
"2018","__enpg/Base de datos ENPG 2018 (PG).DTA","OH_12",NA,8495
"2018","__enpg/Base de datos ENPG 2018 (PG).DTA","OH_13","1",7465
"2018","__enpg/Base de datos ENPG 2018 (PG).DTA","OH_13","2",2358
"2018","__enpg/Base de datos ENPG 2018 (PG).DTA","OH_13","3",809
"2018","__enpg/Base de datos ENPG 2018 (PG).DTA","OH_13","4",179
"2018","__enpg/Base de datos ENPG 2018 (PG).DTA","OH_13","5",121
"2018","__enpg/Base de datos ENPG 2018 (PG).DTA","OH_13",NA,8495
"2018","__enpg/Base de datos ENPG 2018 (PG).DTA","OH_14","1",7513
"2018","__enpg/Base de datos ENPG 2018 (PG).DTA","OH_14","2",2281
"2018","__enpg/Base de datos ENPG 2018 (PG).DTA","OH_14","3",685
"2018","__enpg/Base de datos ENPG 2018 (PG).DTA","OH_14","4",402
"2018","__enpg/Base de datos ENPG 2018 (PG).DTA","OH_14","5",51
"2018","__enpg/Base de datos ENPG 2018 (PG).DTA","OH_14",NA,8495
"2018","__enpg/Base de datos ENPG 2018 (PG).DTA","OH_15","1",9841
"2018","__enpg/Base de datos ENPG 2018 (PG).DTA","OH_15","2",737
"2018","__enpg/Base de datos ENPG 2018 (PG).DTA","OH_15","3",189
"2018","__enpg/Base de datos ENPG 2018 (PG).DTA","OH_15","4",109
"2018","__enpg/Base de datos ENPG 2018 (PG).DTA","OH_15","5",56
"2018","__enpg/Base de datos ENPG 2018 (PG).DTA","OH_15",NA,8495
"2018","__enpg/Base de datos ENPG 2018 (PG).DTA","OH_16","1",10115
"2018","__enpg/Base de datos ENPG 2018 (PG).DTA","OH_16","2",631
"2018","__enpg/Base de datos ENPG 2018 (PG).DTA","OH_16","3",115
"2018","__enpg/Base de datos ENPG 2018 (PG).DTA","OH_16","4",45
"2018","__enpg/Base de datos ENPG 2018 (PG).DTA","OH_16","5",26
"2018","__enpg/Base de datos ENPG 2018 (PG).DTA","OH_16",NA,8495
"2018","__enpg/Base de datos ENPG 2018 (PG).DTA","OH_17","1",10365
"2018","__enpg/Base de datos ENPG 2018 (PG).DTA","OH_17","2",381
"2018","__enpg/Base de datos ENPG 2018 (PG).DTA","OH_17","3",98
"2018","__enpg/Base de datos ENPG 2018 (PG).DTA","OH_17","4",59
"2018","__enpg/Base de datos ENPG 2018 (PG).DTA","OH_17","5",29
"2018","__enpg/Base de datos ENPG 2018 (PG).DTA","OH_17",NA,8495
"2018","__enpg/Base de datos ENPG 2018 (PG).DTA","OH_18","1",10044
"2018","__enpg/Base de datos ENPG 2018 (PG).DTA","OH_18","2",658
"2018","__enpg/Base de datos ENPG 2018 (PG).DTA","OH_18","3",128
"2018","__enpg/Base de datos ENPG 2018 (PG).DTA","OH_18","4",61
"2018","__enpg/Base de datos ENPG 2018 (PG).DTA","OH_18","5",41
"2018","__enpg/Base de datos ENPG 2018 (PG).DTA","OH_18",NA,8495
"2018","__enpg/Base de datos ENPG 2018 (PG).DTA","OH_19","1",10079
"2018","__enpg/Base de datos ENPG 2018 (PG).DTA","OH_19","2",637
"2018","__enpg/Base de datos ENPG 2018 (PG).DTA","OH_19","3",124
"2018","__enpg/Base de datos ENPG 2018 (PG).DTA","OH_19","4",47
"2018","__enpg/Base de datos ENPG 2018 (PG).DTA","OH_19","5",45
"2018","__enpg/Base de datos ENPG 2018 (PG).DTA","OH_19",NA,8495
"2018","__enpg/Base de datos ENPG 2018 (PG).DTA","OH_20","0",10619
"2018","__enpg/Base de datos ENPG 2018 (PG).DTA","OH_20","2",225
"2018","__enpg/Base de datos ENPG 2018 (PG).DTA","OH_20","4",88
"2018","__enpg/Base de datos ENPG 2018 (PG).DTA","OH_20",NA,8495
"2018","__enpg/Base de datos ENPG 2018 (PG).DTA","OH_21","0",10381
"2018","__enpg/Base de datos ENPG 2018 (PG).DTA","OH_21","2",236
"2018","__enpg/Base de datos ENPG 2018 (PG).DTA","OH_21","4",315
"2018","__enpg/Base de datos ENPG 2018 (PG).DTA","OH_21",NA,8495
"2018","__enpg/Base de datos ENPG 2018 (PG).DTA","OH_22_O1","1",1381
"2018","__enpg/Base de datos ENPG 2018 (PG).DTA","OH_22_O1","2",376
"2018","__enpg/Base de datos ENPG 2018 (PG).DTA","OH_22_O1","3",2802
"2018","__enpg/Base de datos ENPG 2018 (PG).DTA","OH_22_O1","4",2871
"2018","__enpg/Base de datos ENPG 2018 (PG).DTA","OH_22_O1","5",14
"2018","__enpg/Base de datos ENPG 2018 (PG).DTA","OH_22_O1","6",100
"2018","__enpg/Base de datos ENPG 2018 (PG).DTA","OH_22_O1","7",3388
"2018","__enpg/Base de datos ENPG 2018 (PG).DTA","OH_22_O1",NA,8495
"2018","__enpg/Base de datos ENPG 2018 (PG).DTA","OH_22_O2","2",341
"2018","__enpg/Base de datos ENPG 2018 (PG).DTA","OH_22_O2","3",484
"2018","__enpg/Base de datos ENPG 2018 (PG).DTA","OH_22_O2","4",1157
"2018","__enpg/Base de datos ENPG 2018 (PG).DTA","OH_22_O2","5",9
"2018","__enpg/Base de datos ENPG 2018 (PG).DTA","OH_22_O2","6",19
"2018","__enpg/Base de datos ENPG 2018 (PG).DTA","OH_22_O2",NA,17417
"2018","__enpg/Base de datos ENPG 2018 (PG).DTA","OH_22_O3","3",237
"2018","__enpg/Base de datos ENPG 2018 (PG).DTA","OH_22_O3","4",330
"2018","__enpg/Base de datos ENPG 2018 (PG).DTA","OH_22_O3","5",13
"2018","__enpg/Base de datos ENPG 2018 (PG).DTA","OH_22_O3","6",1
"2018","__enpg/Base de datos ENPG 2018 (PG).DTA","OH_22_O3",NA,18846
"2018","__enpg/Base de datos ENPG 2018 (PG).DTA","OH_22_O4","4",194
"2018","__enpg/Base de datos ENPG 2018 (PG).DTA","OH_22_O4","5",7
"2018","__enpg/Base de datos ENPG 2018 (PG).DTA","OH_22_O4","6",2
"2018","__enpg/Base de datos ENPG 2018 (PG).DTA","OH_22_O4",NA,19224
"2018","__enpg/Base de datos ENPG 2018 (PG).DTA","OH_22_O5","5",24
"2018","__enpg/Base de datos ENPG 2018 (PG).DTA","OH_22_O5","6",3
"2018","__enpg/Base de datos ENPG 2018 (PG).DTA","OH_22_O5",NA,19400
"2018","__enpg/Base de datos ENPG 2018 (PG).DTA","OH_22_O6","6",2
"2018","__enpg/Base de datos ENPG 2018 (PG).DTA","OH_22_O6",NA,19425
"2018","__enpg/Base de datos ENPG 2018 (PG).DTA","OH_22_O7",NA,19427
"2018","__enpg/Base de datos ENPG 2018 (PG).DTA","OH_22_OTH","",19300
"2018","__enpg/Base de datos ENPG 2018 (PG).DTA","OH_22_OTH","Negocios",1
"2018","__enpg/Base de datos ENPG 2018 (PG).DTA","OH_22_OTH","Visita.",1
"2018","__enpg/Base de datos ENPG 2018 (PG).DTA","OH_22_OTH","actividad a beneficio",1
"2018","__enpg/Base de datos ENPG 2018 (PG).DTA","OH_22_OTH","almacen",8
"2018","__enpg/Base de datos ENPG 2018 (PG).DTA","OH_22_OTH","almacen barrio",1
"2018","__enpg/Base de datos ENPG 2018 (PG).DTA","OH_22_OTH","almacen de barrio",1
"2018","__enpg/Base de datos ENPG 2018 (PG).DTA","OH_22_OTH","almacen del barrio",1
"2018","__enpg/Base de datos ENPG 2018 (PG).DTA","OH_22_OTH","almacenes de pueblo",1
"2018","__enpg/Base de datos ENPG 2018 (PG).DTA","OH_22_OTH","almacenes en curico",1
"2018","__enpg/Base de datos ENPG 2018 (PG).DTA","OH_22_OTH","bodega de vino",1
"2018","__enpg/Base de datos ENPG 2018 (PG).DTA","OH_22_OTH","botilleria",1
"2018","__enpg/Base de datos ENPG 2018 (PG).DTA","OH_22_OTH","bulnes",1
"2018","__enpg/Base de datos ENPG 2018 (PG).DTA","OH_22_OTH","cancha",1
"2018","__enpg/Base de datos ENPG 2018 (PG).DTA","OH_22_OTH","cancha de futbol",1
"2018","__enpg/Base de datos ENPG 2018 (PG).DTA","OH_22_OTH","cantina",1
"2018","__enpg/Base de datos ENPG 2018 (PG).DTA","OH_22_OTH","carretes",1
"2018","__enpg/Base de datos ENPG 2018 (PG).DTA","OH_22_OTH","casa",10
"2018","__enpg/Base de datos ENPG 2018 (PG).DTA","OH_22_OTH","casa amigos",1
"2018","__enpg/Base de datos ENPG 2018 (PG).DTA","OH_22_OTH","casa de una amiga",1
"2018","__enpg/Base de datos ENPG 2018 (PG).DTA","OH_22_OTH","casa, reuniones.",1
"2018","__enpg/Base de datos ENPG 2018 (PG).DTA","OH_22_OTH","casas",1
"2018","__enpg/Base de datos ENPG 2018 (PG).DTA","OH_22_OTH","cava",2
"2018","__enpg/Base de datos ENPG 2018 (PG).DTA","OH_22_OTH","clamdestino",1
"2018","__enpg/Base de datos ENPG 2018 (PG).DTA","OH_22_OTH","clandestino",1
"2018","__enpg/Base de datos ENPG 2018 (PG).DTA","OH_22_OTH","clandestinos",1
"2018","__enpg/Base de datos ENPG 2018 (PG).DTA","OH_22_OTH","club de rayuela",1
"2018","__enpg/Base de datos ENPG 2018 (PG).DTA","OH_22_OTH","club deportivo",1
"2018","__enpg/Base de datos ENPG 2018 (PG).DTA","OH_22_OTH","con amigos en casa",1
"2018","__enpg/Base de datos ENPG 2018 (PG).DTA","OH_22_OTH","con conosidos amigos etc",1
"2018","__enpg/Base de datos ENPG 2018 (PG).DTA","OH_22_OTH","cuando hay un festejo familiar o de amigos",1
"2018","__enpg/Base de datos ENPG 2018 (PG).DTA","OH_22_OTH","distribuidora de licores",1
"2018","__enpg/Base de datos ENPG 2018 (PG).DTA","OH_22_OTH","en casa",2
"2018","__enpg/Base de datos ENPG 2018 (PG).DTA","OH_22_OTH","en el club de rayuela",1
"2018","__enpg/Base de datos ENPG 2018 (PG).DTA","OH_22_OTH","en la casa para compartir",1
"2018","__enpg/Base de datos ENPG 2018 (PG).DTA","OH_22_OTH","enla calle",1
"2018","__enpg/Base de datos ENPG 2018 (PG).DTA","OH_22_OTH","evento musical",1
"2018","__enpg/Base de datos ENPG 2018 (PG).DTA","OH_22_OTH","fabrica fervesa artesanal",1
"2018","__enpg/Base de datos ENPG 2018 (PG).DTA","OH_22_OTH","feria li valledfor",1
"2018","__enpg/Base de datos ENPG 2018 (PG).DTA","OH_22_OTH","fiesta de amigos",1
"2018","__enpg/Base de datos ENPG 2018 (PG).DTA","OH_22_OTH","fiestas",2
"2018","__enpg/Base de datos ENPG 2018 (PG).DTA","OH_22_OTH","fono copete",1
"2018","__enpg/Base de datos ENPG 2018 (PG).DTA","OH_22_OTH","hogar",1
"2018","__enpg/Base de datos ENPG 2018 (PG).DTA","OH_22_OTH","hogares familia",1
"2018","__enpg/Base de datos ENPG 2018 (PG).DTA","OH_22_OTH","internet",1
"2018","__enpg/Base de datos ENPG 2018 (PG).DTA","OH_22_OTH","le regalan",1
"2018","__enpg/Base de datos ENPG 2018 (PG).DTA","OH_22_OTH","licoreria",1
"2018","__enpg/Base de datos ENPG 2018 (PG).DTA","OH_22_OTH","lo encargo a una persona",1
"2018","__enpg/Base de datos ENPG 2018 (PG).DTA","OH_22_OTH","lo invitan",1
"2018","__enpg/Base de datos ENPG 2018 (PG).DTA","OH_22_OTH","locales",1
"2018","__enpg/Base de datos ENPG 2018 (PG).DTA","OH_22_OTH","mi casa",1
"2018","__enpg/Base de datos ENPG 2018 (PG).DTA","OH_22_OTH","miniarket",1
"2018","__enpg/Base de datos ENPG 2018 (PG).DTA","OH_22_OTH","minimarket",9
"2018","__enpg/Base de datos ENPG 2018 (PG).DTA","OH_22_OTH","minimatket",1
"2018","__enpg/Base de datos ENPG 2018 (PG).DTA","OH_22_OTH","minimercado",1
"2018","__enpg/Base de datos ENPG 2018 (PG).DTA","OH_22_OTH","negocio",10
"2018","__enpg/Base de datos ENPG 2018 (PG).DTA","OH_22_OTH","negocio barrio",1
"2018","__enpg/Base de datos ENPG 2018 (PG).DTA","OH_22_OTH","negocio cerca de lacasa",1
"2018","__enpg/Base de datos ENPG 2018 (PG).DTA","OH_22_OTH","negocio de barrio",2
"2018","__enpg/Base de datos ENPG 2018 (PG).DTA","OH_22_OTH","negocios",10
"2018","__enpg/Base de datos ENPG 2018 (PG).DTA","OH_22_OTH","negocios de barrio",1
"2018","__enpg/Base de datos ENPG 2018 (PG).DTA","OH_22_OTH","negocios de bsrrios y supermecados",1
"2018","__enpg/Base de datos ENPG 2018 (PG).DTA","OH_22_OTH","negocios del barrio",1
"2018","__enpg/Base de datos ENPG 2018 (PG).DTA","OH_22_OTH","negocios locales",1
"2018","__enpg/Base de datos ENPG 2018 (PG).DTA","OH_22_OTH","nehocios debarrio",1
"2018","__enpg/Base de datos ENPG 2018 (PG).DTA","OH_22_OTH","parcela",1
"2018","__enpg/Base de datos ENPG 2018 (PG).DTA","OH_22_OTH","por internet",1
"2018","__enpg/Base de datos ENPG 2018 (PG).DTA","OH_22_OTH","productor",1
"2018","__enpg/Base de datos ENPG 2018 (PG).DTA","OH_22_OTH","recibo vinos por suscripcion",1
"2018","__enpg/Base de datos ENPG 2018 (PG).DTA","OH_22_OTH","regalo",1
"2018","__enpg/Base de datos ENPG 2018 (PG).DTA","OH_22_OTH","regalo de fiestas patrias",1
"2018","__enpg/Base de datos ENPG 2018 (PG).DTA","OH_22_OTH","schoperia",1
"2018","__enpg/Base de datos ENPG 2018 (PG).DTA","OH_22_OTH","se lo traen de las viñas",1
"2018","__enpg/Base de datos ENPG 2018 (PG).DTA","OH_22_OTH","stand",1
"2018","__enpg/Base de datos ENPG 2018 (PG).DTA","OH_22_OTH","tienda de abarrotes",1
"2018","__enpg/Base de datos ENPG 2018 (PG).DTA","OH_22_OTH","vacaciones",1
"2018","__enpg/Base de datos ENPG 2018 (PG).DTA","OH_22_OTH","viña",1
"2018","__enpg/Base de datos ENPG 2018 (PG).DTA","OH_22_OTH","viñas",1
"2018","__enpg/Base de datos ENPG 2018 (PG).DTA","OH_22_OTH","zofri",3
"2018","__enpg/Base de datos ENPG 2018 (PG).DTA","OH_22_OTH","zona franca",1
"2018","__enpg/Base de datos ENPG 2018 (PG).DTA","OH_23_O1","1",275
"2018","__enpg/Base de datos ENPG 2018 (PG).DTA","OH_23_O1","2",470
"2018","__enpg/Base de datos ENPG 2018 (PG).DTA","OH_23_O1","3",210
"2018","__enpg/Base de datos ENPG 2018 (PG).DTA","OH_23_O1","4",86
"2018","__enpg/Base de datos ENPG 2018 (PG).DTA","OH_23_O1","5",146
"2018","__enpg/Base de datos ENPG 2018 (PG).DTA","OH_23_O1","6",93
"2018","__enpg/Base de datos ENPG 2018 (PG).DTA","OH_23_O1","7",9652
"2018","__enpg/Base de datos ENPG 2018 (PG).DTA","OH_23_O1",NA,8495
"2018","__enpg/Base de datos ENPG 2018 (PG).DTA","OH_23_O2","2",65
"2018","__enpg/Base de datos ENPG 2018 (PG).DTA","OH_23_O2","3",48
"2018","__enpg/Base de datos ENPG 2018 (PG).DTA","OH_23_O2","4",31
"2018","__enpg/Base de datos ENPG 2018 (PG).DTA","OH_23_O2","5",45
"2018","__enpg/Base de datos ENPG 2018 (PG).DTA","OH_23_O2","6",3
"2018","__enpg/Base de datos ENPG 2018 (PG).DTA","OH_23_O2",NA,19235
"2018","__enpg/Base de datos ENPG 2018 (PG).DTA","OH_23_O3","3",25
"2018","__enpg/Base de datos ENPG 2018 (PG).DTA","OH_23_O3","4",25
"2018","__enpg/Base de datos ENPG 2018 (PG).DTA","OH_23_O3","5",17
"2018","__enpg/Base de datos ENPG 2018 (PG).DTA","OH_23_O3",NA,19360
"2018","__enpg/Base de datos ENPG 2018 (PG).DTA","OH_23_O4","4",12
"2018","__enpg/Base de datos ENPG 2018 (PG).DTA","OH_23_O4","5",15
"2018","__enpg/Base de datos ENPG 2018 (PG).DTA","OH_23_O4",NA,19400
"2018","__enpg/Base de datos ENPG 2018 (PG).DTA","OH_23_O5","5",9
"2018","__enpg/Base de datos ENPG 2018 (PG).DTA","OH_23_O5",NA,19418
"2018","__enpg/Base de datos ENPG 2018 (PG).DTA","OH_23_O6",NA,19427
"2018","__enpg/Base de datos ENPG 2018 (PG).DTA","OH_23_O7",NA,19427
"2018","__enpg/Base de datos ENPG 2018 (PG).DTA","OH_23_OTH","",19331
"2018","__enpg/Base de datos ENPG 2018 (PG).DTA","OH_23_OTH","Supermercado",1
"2018","__enpg/Base de datos ENPG 2018 (PG).DTA","OH_23_OTH","Universidad",1
"2018","__enpg/Base de datos ENPG 2018 (PG).DTA","OH_23_OTH","Visita.",1
"2018","__enpg/Base de datos ENPG 2018 (PG).DTA","OH_23_OTH","actividad benefica",1
"2018","__enpg/Base de datos ENPG 2018 (PG).DTA","OH_23_OTH","almacen",1
"2018","__enpg/Base de datos ENPG 2018 (PG).DTA","OH_23_OTH","almuerzo familiar",1
"2018","__enpg/Base de datos ENPG 2018 (PG).DTA","OH_23_OTH","bar",1
"2018","__enpg/Base de datos ENPG 2018 (PG).DTA","OH_23_OTH","boilleria",1
"2018","__enpg/Base de datos ENPG 2018 (PG).DTA","OH_23_OTH","bolichesde barrios",1
"2018","__enpg/Base de datos ENPG 2018 (PG).DTA","OH_23_OTH","bollería",1
"2018","__enpg/Base de datos ENPG 2018 (PG).DTA","OH_23_OTH","botilleria",10
"2018","__enpg/Base de datos ENPG 2018 (PG).DTA","OH_23_OTH","botilleria,",1
"2018","__enpg/Base de datos ENPG 2018 (PG).DTA","OH_23_OTH","botillerias",1
"2018","__enpg/Base de datos ENPG 2018 (PG).DTA","OH_23_OTH","botillerias supermercado",1
"2018","__enpg/Base de datos ENPG 2018 (PG).DTA","OH_23_OTH","campeonato",1
"2018","__enpg/Base de datos ENPG 2018 (PG).DTA","OH_23_OTH","cancha",1
"2018","__enpg/Base de datos ENPG 2018 (PG).DTA","OH_23_OTH","cancha amater",1
"2018","__enpg/Base de datos ENPG 2018 (PG).DTA","OH_23_OTH","casa",3
"2018","__enpg/Base de datos ENPG 2018 (PG).DTA","OH_23_OTH","casa particular",1
"2018","__enpg/Base de datos ENPG 2018 (PG).DTA","OH_23_OTH","casino",1
"2018","__enpg/Base de datos ENPG 2018 (PG).DTA","OH_23_OTH","cerro",1
"2018","__enpg/Base de datos ENPG 2018 (PG).DTA","OH_23_OTH","club de la cervesa",1
"2018","__enpg/Base de datos ENPG 2018 (PG).DTA","OH_23_OTH","club de rayuela",1
"2018","__enpg/Base de datos ENPG 2018 (PG).DTA","OH_23_OTH","disco",1
"2018","__enpg/Base de datos ENPG 2018 (PG).DTA","OH_23_OTH","en casa",1
"2018","__enpg/Base de datos ENPG 2018 (PG).DTA","OH_23_OTH","en el centro de rayuela",1
"2018","__enpg/Base de datos ENPG 2018 (PG).DTA","OH_23_OTH","en familia",1
"2018","__enpg/Base de datos ENPG 2018 (PG).DTA","OH_23_OTH","en fiestas se la regalan",1
"2018","__enpg/Base de datos ENPG 2018 (PG).DTA","OH_23_OTH","en mi casa",1
"2018","__enpg/Base de datos ENPG 2018 (PG).DTA","OH_23_OTH","eventos",1
"2018","__enpg/Base de datos ENPG 2018 (PG).DTA","OH_23_OTH","familia",1
"2018","__enpg/Base de datos ENPG 2018 (PG).DTA","OH_23_OTH","feria plaza de coppo",1
"2018","__enpg/Base de datos ENPG 2018 (PG).DTA","OH_23_OTH","ferias",1
"2018","__enpg/Base de datos ENPG 2018 (PG).DTA","OH_23_OTH","kiosko",1
"2018","__enpg/Base de datos ENPG 2018 (PG).DTA","OH_23_OTH","minimarket",2
"2018","__enpg/Base de datos ENPG 2018 (PG).DTA","OH_23_OTH","negocio",1
"2018","__enpg/Base de datos ENPG 2018 (PG).DTA","OH_23_OTH","negocio barrio",1
"2018","__enpg/Base de datos ENPG 2018 (PG).DTA","OH_23_OTH","negocio cerca de la casa",1
"2018","__enpg/Base de datos ENPG 2018 (PG).DTA","OH_23_OTH","negocio del barrio",1
"2018","__enpg/Base de datos ENPG 2018 (PG).DTA","OH_23_OTH","negocios",4
"2018","__enpg/Base de datos ENPG 2018 (PG).DTA","OH_23_OTH","negocios de barrio",1
"2018","__enpg/Base de datos ENPG 2018 (PG).DTA","OH_23_OTH","negocios de barrios",1
"2018","__enpg/Base de datos ENPG 2018 (PG).DTA","OH_23_OTH","o",1
"2018","__enpg/Base de datos ENPG 2018 (PG).DTA","OH_23_OTH","pub",3
"2018","__enpg/Base de datos ENPG 2018 (PG).DTA","OH_23_OTH","radio taxi",1
"2018","__enpg/Base de datos ENPG 2018 (PG).DTA","OH_23_OTH","restaurante",1
"2018","__enpg/Base de datos ENPG 2018 (PG).DTA","OH_23_OTH","restaurantes",2
"2018","__enpg/Base de datos ENPG 2018 (PG).DTA","OH_23_OTH","restaurantes, supermercado, pubs",1
"2018","__enpg/Base de datos ENPG 2018 (PG).DTA","OH_23_OTH","sede social",1
"2018","__enpg/Base de datos ENPG 2018 (PG).DTA","OH_23_OTH","supermecado",1
"2018","__enpg/Base de datos ENPG 2018 (PG).DTA","OH_23_OTH","supermercado",18
"2018","__enpg/Base de datos ENPG 2018 (PG).DTA","OH_23_OTH","supermercados",3
"2018","__enpg/Base de datos ENPG 2018 (PG).DTA","OH_23_OTH","supermercados, clandestinos",1
"2018","__enpg/Base de datos ENPG 2018 (PG).DTA","OH_23_OTH","supermercasos",1
"2018","__enpg/Base de datos ENPG 2018 (PG).DTA","OH_23_OTH","supernercados",1
"2018","__enpg/Base de datos ENPG 2018 (PG).DTA","OH_23_OTH","suprrmrrcado",1
"2018","__enpg/Base de datos ENPG 2018 (PG).DTA","OH_23_OTH","supwrmercados",1
"2018","__enpg/Base de datos ENPG 2018 (PG).DTA","OH_23_OTH","yo no soy el k los compra mayormente",1
"2018","__enpg/Base de datos ENPG 2018 (PG).DTA","OH_23_OTH","zona franca",1
"2018","__enpg/Base de datos ENPG 2018 (PG).DTA","OH_24","1",270
"2018","__enpg/Base de datos ENPG 2018 (PG).DTA","OH_24","2",10592
"2018","__enpg/Base de datos ENPG 2018 (PG).DTA","OH_24","88",30
"2018","__enpg/Base de datos ENPG 2018 (PG).DTA","OH_24","99",40
"2018","__enpg/Base de datos ENPG 2018 (PG).DTA","OH_24",NA,8495
"2018","__enpg/Base de datos ENPG 2018 (PG).DTA","OH_25","1",285
"2018","__enpg/Base de datos ENPG 2018 (PG).DTA","OH_25","2",10582
"2018","__enpg/Base de datos ENPG 2018 (PG).DTA","OH_25","88",42
"2018","__enpg/Base de datos ENPG 2018 (PG).DTA","OH_25","99",23
"2018","__enpg/Base de datos ENPG 2018 (PG).DTA","OH_25",NA,8495
"2018","__enpg/Base de datos ENPG 2018 (PG).DTA","OH_26","1",263
"2018","__enpg/Base de datos ENPG 2018 (PG).DTA","OH_26","2",10616
"2018","__enpg/Base de datos ENPG 2018 (PG).DTA","OH_26","88",31
"2018","__enpg/Base de datos ENPG 2018 (PG).DTA","OH_26","99",22
"2018","__enpg/Base de datos ENPG 2018 (PG).DTA","OH_26",NA,8495
"2018","__enpg/Base de datos ENPG 2018 (PG).DTA","OH_27","1",263
"2018","__enpg/Base de datos ENPG 2018 (PG).DTA","OH_27","2",10582
"2018","__enpg/Base de datos ENPG 2018 (PG).DTA","OH_27","88",68
"2018","__enpg/Base de datos ENPG 2018 (PG).DTA","OH_27","99",19
"2018","__enpg/Base de datos ENPG 2018 (PG).DTA","OH_27",NA,8495
"2018","__enpg/Base de datos ENPG 2018 (PG).DTA","MAR_11","1",80
"2018","__enpg/Base de datos ENPG 2018 (PG).DTA","MAR_11","2",543
"2018","__enpg/Base de datos ENPG 2018 (PG).DTA","MAR_11","3",41
"2018","__enpg/Base de datos ENPG 2018 (PG).DTA","MAR_11","4",123
"2018","__enpg/Base de datos ENPG 2018 (PG).DTA","MAR_11","5",254
"2018","__enpg/Base de datos ENPG 2018 (PG).DTA","MAR_11","6",155
"2018","__enpg/Base de datos ENPG 2018 (PG).DTA","MAR_11","7",462
"2018","__enpg/Base de datos ENPG 2018 (PG).DTA","MAR_11","8",30
"2018","__enpg/Base de datos ENPG 2018 (PG).DTA","MAR_11","88",70
"2018","__enpg/Base de datos ENPG 2018 (PG).DTA","MAR_11","99",64
"2018","__enpg/Base de datos ENPG 2018 (PG).DTA","MAR_11",NA,17605
"2018","__enpg/Base de datos ENPG 2018 (PG).DTA","TRANS_4","1",17
"2018","__enpg/Base de datos ENPG 2018 (PG).DTA","TRANS_4","2",34
"2018","__enpg/Base de datos ENPG 2018 (PG).DTA","TRANS_4","3",5
"2018","__enpg/Base de datos ENPG 2018 (PG).DTA","TRANS_4","4",97
"2018","__enpg/Base de datos ENPG 2018 (PG).DTA","TRANS_4","5",10
"2018","__enpg/Base de datos ENPG 2018 (PG).DTA","TRANS_4","6",33
"2018","__enpg/Base de datos ENPG 2018 (PG).DTA","TRANS_4","7",30
"2018","__enpg/Base de datos ENPG 2018 (PG).DTA","TRANS_4","88",6
"2018","__enpg/Base de datos ENPG 2018 (PG).DTA","TRANS_4","99",8
"2018","__enpg/Base de datos ENPG 2018 (PG).DTA","TRANS_4",NA,19187
"2018","__enpg/Base de datos ENPG 2018 (PG).DTA","ANALG_4","1",13
"2018","__enpg/Base de datos ENPG 2018 (PG).DTA","ANALG_4","2",14
"2018","__enpg/Base de datos ENPG 2018 (PG).DTA","ANALG_4","3",4
"2018","__enpg/Base de datos ENPG 2018 (PG).DTA","ANALG_4","4",77
"2018","__enpg/Base de datos ENPG 2018 (PG).DTA","ANALG_4","5",3
"2018","__enpg/Base de datos ENPG 2018 (PG).DTA","ANALG_4","6",15
"2018","__enpg/Base de datos ENPG 2018 (PG).DTA","ANALG_4","7",21
"2018","__enpg/Base de datos ENPG 2018 (PG).DTA","ANALG_4","88",7
"2018","__enpg/Base de datos ENPG 2018 (PG).DTA","ANALG_4","99",5
"2018","__enpg/Base de datos ENPG 2018 (PG).DTA","ANALG_4",NA,19268
"2018","__enpg/Base de datos ENPG 2018 (PG).DTA","OD_3","1",2315
"2018","__enpg/Base de datos ENPG 2018 (PG).DTA","OD_3","2",5830
"2018","__enpg/Base de datos ENPG 2018 (PG).DTA","OD_3","88",37
"2018","__enpg/Base de datos ENPG 2018 (PG).DTA","OD_3","99",9
"2018","__enpg/Base de datos ENPG 2018 (PG).DTA","OD_3",NA,11236
"2018","__enpg/Base de datos ENPG 2018 (PG).DTA","TRATA_3","1",33
"2018","__enpg/Base de datos ENPG 2018 (PG).DTA","TRATA_3","2",29
"2018","__enpg/Base de datos ENPG 2018 (PG).DTA","TRATA_3","3",22
"2018","__enpg/Base de datos ENPG 2018 (PG).DTA","TRATA_3",NA,19343
"2018","__enpg/Base de datos ENPG 2018 (PG).DTA","TRATA_4","1",83
"2018","__enpg/Base de datos ENPG 2018 (PG).DTA","TRATA_4","2",34
"2018","__enpg/Base de datos ENPG 2018 (PG).DTA","TRATA_4","3",34
"2018","__enpg/Base de datos ENPG 2018 (PG).DTA","TRATA_4","4",19192
"2018","__enpg/Base de datos ENPG 2018 (PG).DTA","TRATA_4",NA,84
"2018","__enpg/Base de datos ENPG 2018 (PG).DTA","TRATA_5","1",37
"2018","__enpg/Base de datos ENPG 2018 (PG).DTA","TRATA_5","2",16
"2018","__enpg/Base de datos ENPG 2018 (PG).DTA","TRATA_5","3",18
"2018","__enpg/Base de datos ENPG 2018 (PG).DTA","TRATA_5","4",80
"2018","__enpg/Base de datos ENPG 2018 (PG).DTA","TRATA_5",NA,19276
"2018","__enpg/Base de datos ENPG 2018 (PG).DTA","T_PR_1_2","1",873
"2018","__enpg/Base de datos ENPG 2018 (PG).DTA","T_PR_1_2","2",3563
"2018","__enpg/Base de datos ENPG 2018 (PG).DTA","T_PR_1_2","3",6530
"2018","__enpg/Base de datos ENPG 2018 (PG).DTA","T_PR_1_2","4",8130
"2018","__enpg/Base de datos ENPG 2018 (PG).DTA","T_PR_1_2","88",331
"2018","__enpg/Base de datos ENPG 2018 (PG).DTA","T_PR_1_3","1",175
"2018","__enpg/Base de datos ENPG 2018 (PG).DTA","T_PR_1_3","2",472
"2018","__enpg/Base de datos ENPG 2018 (PG).DTA","T_PR_1_3","3",1831
"2018","__enpg/Base de datos ENPG 2018 (PG).DTA","T_PR_1_3","4",16650
"2018","__enpg/Base de datos ENPG 2018 (PG).DTA","T_PR_1_3","88",299
"2018","__enpg/Base de datos ENPG 2018 (PG).DTA","EB_1","1",480
"2018","__enpg/Base de datos ENPG 2018 (PG).DTA","EB_1","2",191
"2018","__enpg/Base de datos ENPG 2018 (PG).DTA","EB_1","3",265
"2018","__enpg/Base de datos ENPG 2018 (PG).DTA","EB_1","4",17949
"2018","__enpg/Base de datos ENPG 2018 (PG).DTA","EB_1","88",369
"2018","__enpg/Base de datos ENPG 2018 (PG).DTA","EB_1","99",173
"2018","__enpg/Base de datos ENPG 2018 (PG).DTA","T_EB_3_8","1",693
"2018","__enpg/Base de datos ENPG 2018 (PG).DTA","T_EB_3_8","2",862
"2018","__enpg/Base de datos ENPG 2018 (PG).DTA","T_EB_3_8","3",1395
"2018","__enpg/Base de datos ENPG 2018 (PG).DTA","T_EB_3_8","4",1900
"2018","__enpg/Base de datos ENPG 2018 (PG).DTA","T_EB_3_8","5",11004
"2018","__enpg/Base de datos ENPG 2018 (PG).DTA","T_EB_3_8","88",3382
"2018","__enpg/Base de datos ENPG 2018 (PG).DTA","T_EB_3_8","99",191
"2018","__enpg/Base de datos ENPG 2018 (PG).DTA","T_OP_1_3","1",5068
"2018","__enpg/Base de datos ENPG 2018 (PG).DTA","T_OP_1_3","2",8626
"2018","__enpg/Base de datos ENPG 2018 (PG).DTA","T_OP_1_3","3",3743
"2018","__enpg/Base de datos ENPG 2018 (PG).DTA","T_OP_1_3","4",1162
"2018","__enpg/Base de datos ENPG 2018 (PG).DTA","T_OP_1_3","88",606
"2018","__enpg/Base de datos ENPG 2018 (PG).DTA","T_OP_1_3","99",222
"2018","__enpg/Base de datos ENPG 2018 (PG).DTA","T_OP_1_5","1",4598
"2018","__enpg/Base de datos ENPG 2018 (PG).DTA","T_OP_1_5","2",8782
"2018","__enpg/Base de datos ENPG 2018 (PG).DTA","T_OP_1_5","3",3954
"2018","__enpg/Base de datos ENPG 2018 (PG).DTA","T_OP_1_5","4",1186
"2018","__enpg/Base de datos ENPG 2018 (PG).DTA","T_OP_1_5","88",689
"2018","__enpg/Base de datos ENPG 2018 (PG).DTA","T_OP_1_5","99",218
"2018","__enpg/Base de datos ENPG 2018 (PG).DTA","T_OP_1_6","1",2399
"2018","__enpg/Base de datos ENPG 2018 (PG).DTA","T_OP_1_6","2",5239
"2018","__enpg/Base de datos ENPG 2018 (PG).DTA","T_OP_1_6","3",8150
"2018","__enpg/Base de datos ENPG 2018 (PG).DTA","T_OP_1_6","4",2573
"2018","__enpg/Base de datos ENPG 2018 (PG).DTA","T_OP_1_6","88",824
"2018","__enpg/Base de datos ENPG 2018 (PG).DTA","T_OP_1_6","99",242
"2018","__enpg/Base de datos ENPG 2018 (PG).DTA","T_OP_1_7","1",4166
"2018","__enpg/Base de datos ENPG 2018 (PG).DTA","T_OP_1_7","2",8047
"2018","__enpg/Base de datos ENPG 2018 (PG).DTA","T_OP_1_7","3",4826
"2018","__enpg/Base de datos ENPG 2018 (PG).DTA","T_OP_1_7","4",1305
"2018","__enpg/Base de datos ENPG 2018 (PG).DTA","T_OP_1_7","88",844
"2018","__enpg/Base de datos ENPG 2018 (PG).DTA","T_OP_1_7","99",239
"2018","__enpg/Base de datos ENPG 2018 (PG).DTA","T_OP_2_1","1",2823
"2018","__enpg/Base de datos ENPG 2018 (PG).DTA","T_OP_2_1","2",6956
"2018","__enpg/Base de datos ENPG 2018 (PG).DTA","T_OP_2_1","3",6886
"2018","__enpg/Base de datos ENPG 2018 (PG).DTA","T_OP_2_1","4",1813
"2018","__enpg/Base de datos ENPG 2018 (PG).DTA","T_OP_2_1","88",753
"2018","__enpg/Base de datos ENPG 2018 (PG).DTA","T_OP_2_1","99",196
"2018","__enpg/Base de datos ENPG 2018 (PG).DTA","T_OP_3_2","1",2377
"2018","__enpg/Base de datos ENPG 2018 (PG).DTA","T_OP_3_2","2",6622
"2018","__enpg/Base de datos ENPG 2018 (PG).DTA","T_OP_3_2","3",5300
"2018","__enpg/Base de datos ENPG 2018 (PG).DTA","T_OP_3_2","4",1167
"2018","__enpg/Base de datos ENPG 2018 (PG).DTA","T_OP_3_2","88",3734
"2018","__enpg/Base de datos ENPG 2018 (PG).DTA","T_OP_3_2","99",227
"2020","__enpg/enpg2020.RDS","OH_1","1",12639
"2020","__enpg/enpg2020.RDS","OH_1","2",4004
"2020","__enpg/enpg2020.RDS","OH_1","88",16
"2020","__enpg/enpg2020.RDS","OH_1","99",3
"2020","__enpg/enpg2020.RDS","OH_2","1",645
"2020","__enpg/enpg2020.RDS","OH_2","2",342
"2020","__enpg/enpg2020.RDS","OH_2","3",11497
"2020","__enpg/enpg2020.RDS","OH_2","88",147
"2020","__enpg/enpg2020.RDS","OH_2","99",8
"2020","__enpg/enpg2020.RDS","OH_2",NA,4023
"2020","__enpg/enpg2020.RDS","OH_3","5",13
"2020","__enpg/enpg2020.RDS","OH_3","6",6
"2020","__enpg/enpg2020.RDS","OH_3","7",20
"2020","__enpg/enpg2020.RDS","OH_3","8",33
"2020","__enpg/enpg2020.RDS","OH_3","9",16
"2020","__enpg/enpg2020.RDS","OH_3","10",66
"2020","__enpg/enpg2020.RDS","OH_3","11",39
"2020","__enpg/enpg2020.RDS","OH_3","12",201
"2020","__enpg/enpg2020.RDS","OH_3","13",288
"2020","__enpg/enpg2020.RDS","OH_3","14",600
"2020","__enpg/enpg2020.RDS","OH_3","15",1493
"2020","__enpg/enpg2020.RDS","OH_3","16",1218
"2020","__enpg/enpg2020.RDS","OH_3","17",1620
"2020","__enpg/enpg2020.RDS","OH_3","18",2379
"2020","__enpg/enpg2020.RDS","OH_3","19",529
"2020","__enpg/enpg2020.RDS","OH_3","20",1466
"2020","__enpg/enpg2020.RDS","OH_3","21",310
"2020","__enpg/enpg2020.RDS","OH_3","22",316
"2020","__enpg/enpg2020.RDS","OH_3","23",178
"2020","__enpg/enpg2020.RDS","OH_3","24",142
"2020","__enpg/enpg2020.RDS","OH_3","25",468
"2020","__enpg/enpg2020.RDS","OH_3","26",69
"2020","__enpg/enpg2020.RDS","OH_3","27",54
"2020","__enpg/enpg2020.RDS","OH_3","28",58
"2020","__enpg/enpg2020.RDS","OH_3","29",15
"2020","__enpg/enpg2020.RDS","OH_3","30",296
"2020","__enpg/enpg2020.RDS","OH_3","31",4
"2020","__enpg/enpg2020.RDS","OH_3","32",17
"2020","__enpg/enpg2020.RDS","OH_3","33",12
"2020","__enpg/enpg2020.RDS","OH_3","34",6
"2020","__enpg/enpg2020.RDS","OH_3","35",48
"2020","__enpg/enpg2020.RDS","OH_3","36",4
"2020","__enpg/enpg2020.RDS","OH_3","37",9
"2020","__enpg/enpg2020.RDS","OH_3","38",11
"2020","__enpg/enpg2020.RDS","OH_3","39",4
"2020","__enpg/enpg2020.RDS","OH_3","40",86
"2020","__enpg/enpg2020.RDS","OH_3","41",5
"2020","__enpg/enpg2020.RDS","OH_3","42",4
"2020","__enpg/enpg2020.RDS","OH_3","43",4
"2020","__enpg/enpg2020.RDS","OH_3","44",1
"2020","__enpg/enpg2020.RDS","OH_3","45",23
"2020","__enpg/enpg2020.RDS","OH_3","46",1
"2020","__enpg/enpg2020.RDS","OH_3","47",4
"2020","__enpg/enpg2020.RDS","OH_3","48",3
"2020","__enpg/enpg2020.RDS","OH_3","49",1
"2020","__enpg/enpg2020.RDS","OH_3","50",24
"2020","__enpg/enpg2020.RDS","OH_3","51",2
"2020","__enpg/enpg2020.RDS","OH_3","52",1
"2020","__enpg/enpg2020.RDS","OH_3","53",3
"2020","__enpg/enpg2020.RDS","OH_3","55",2
"2020","__enpg/enpg2020.RDS","OH_3","56",3
"2020","__enpg/enpg2020.RDS","OH_3","57",2
"2020","__enpg/enpg2020.RDS","OH_3","59",1
"2020","__enpg/enpg2020.RDS","OH_3","60",5
"2020","__enpg/enpg2020.RDS","OH_3","61",2
"2020","__enpg/enpg2020.RDS","OH_3","88",409
"2020","__enpg/enpg2020.RDS","OH_3","99",45
"2020","__enpg/enpg2020.RDS","OH_3",NA,4023
"2020","__enpg/enpg2020.RDS","OH_4","1",6519
"2020","__enpg/enpg2020.RDS","OH_4","2",2437
"2020","__enpg/enpg2020.RDS","OH_4","3",3556
"2020","__enpg/enpg2020.RDS","OH_4","88",99
"2020","__enpg/enpg2020.RDS","OH_4","99",28
"2020","__enpg/enpg2020.RDS","OH_4",NA,4023
"2020","__enpg/enpg2020.RDS","OH_5","1",1669
"2020","__enpg/enpg2020.RDS","OH_5","2",1311
"2020","__enpg/enpg2020.RDS","OH_5","3",628
"2020","__enpg/enpg2020.RDS","OH_5","4",1182
"2020","__enpg/enpg2020.RDS","OH_5","5",360
"2020","__enpg/enpg2020.RDS","OH_5","6",153
"2020","__enpg/enpg2020.RDS","OH_5","7",66
"2020","__enpg/enpg2020.RDS","OH_5","8",209
"2020","__enpg/enpg2020.RDS","OH_5","9",3
"2020","__enpg/enpg2020.RDS","OH_5","10",206
"2020","__enpg/enpg2020.RDS","OH_5","11",2
"2020","__enpg/enpg2020.RDS","OH_5","12",40
"2020","__enpg/enpg2020.RDS","OH_5","13",1
"2020","__enpg/enpg2020.RDS","OH_5","14",12
"2020","__enpg/enpg2020.RDS","OH_5","15",152
"2020","__enpg/enpg2020.RDS","OH_5","16",6
"2020","__enpg/enpg2020.RDS","OH_5","18",3
"2020","__enpg/enpg2020.RDS","OH_5","20",102
"2020","__enpg/enpg2020.RDS","OH_5","22",1
"2020","__enpg/enpg2020.RDS","OH_5","23",2
"2020","__enpg/enpg2020.RDS","OH_5","24",1
"2020","__enpg/enpg2020.RDS","OH_5","25",25
"2020","__enpg/enpg2020.RDS","OH_5","27",2
"2020","__enpg/enpg2020.RDS","OH_5","28",5
"2020","__enpg/enpg2020.RDS","OH_5","29",4
"2020","__enpg/enpg2020.RDS","OH_5","30",168
"2020","__enpg/enpg2020.RDS","OH_5","88",163
"2020","__enpg/enpg2020.RDS","OH_5","99",43
"2020","__enpg/enpg2020.RDS","OH_5",NA,10143
"2020","__enpg/enpg2020.RDS","OH_6","1",4008
"2020","__enpg/enpg2020.RDS","OH_6","2",1617
"2020","__enpg/enpg2020.RDS","OH_6","3",775
"2020","__enpg/enpg2020.RDS","OH_6","4",94
"2020","__enpg/enpg2020.RDS","OH_6","88",11
"2020","__enpg/enpg2020.RDS","OH_6","99",14
"2020","__enpg/enpg2020.RDS","OH_6",NA,10143
"2020","__enpg/enpg2020.RDS","OH_7","0",3065
"2020","__enpg/enpg2020.RDS","OH_7","1",1152
"2020","__enpg/enpg2020.RDS","OH_7","2",704
"2020","__enpg/enpg2020.RDS","OH_7","3",269
"2020","__enpg/enpg2020.RDS","OH_7","4",354
"2020","__enpg/enpg2020.RDS","OH_7","5",151
"2020","__enpg/enpg2020.RDS","OH_7","6",77
"2020","__enpg/enpg2020.RDS","OH_7","7",20
"2020","__enpg/enpg2020.RDS","OH_7","8",56
"2020","__enpg/enpg2020.RDS","OH_7","9",1
"2020","__enpg/enpg2020.RDS","OH_7","10",54
"2020","__enpg/enpg2020.RDS","OH_7","11",1
"2020","__enpg/enpg2020.RDS","OH_7","12",14
"2020","__enpg/enpg2020.RDS","OH_7","14",1
"2020","__enpg/enpg2020.RDS","OH_7","15",31
"2020","__enpg/enpg2020.RDS","OH_7","16",2
"2020","__enpg/enpg2020.RDS","OH_7","20",19
"2020","__enpg/enpg2020.RDS","OH_7","25",1
"2020","__enpg/enpg2020.RDS","OH_7","27",1
"2020","__enpg/enpg2020.RDS","OH_7","30",19
"2020","__enpg/enpg2020.RDS","OH_7","88",385
"2020","__enpg/enpg2020.RDS","OH_7","99",142
"2020","__enpg/enpg2020.RDS","OH_7",NA,10143
"2020","__enpg/enpg2020.RDS","OH_8","0",1165
"2020","__enpg/enpg2020.RDS","OH_8","1",3735
"2020","__enpg/enpg2020.RDS","OH_8","2",3116
"2020","__enpg/enpg2020.RDS","OH_8","3",657
"2020","__enpg/enpg2020.RDS","OH_8","4",283
"2020","__enpg/enpg2020.RDS","OH_8",NA,7706
"2020","__enpg/enpg2020.RDS","OH_9","0",5785
"2020","__enpg/enpg2020.RDS","OH_9","1",2056
"2020","__enpg/enpg2020.RDS","OH_9","2",792
"2020","__enpg/enpg2020.RDS","OH_9","3",151
"2020","__enpg/enpg2020.RDS","OH_9","4",172
"2020","__enpg/enpg2020.RDS","OH_9",NA,7706
"2020","__enpg/enpg2020.RDS","OH_10","0",6521
"2020","__enpg/enpg2020.RDS","OH_10","1",1460
"2020","__enpg/enpg2020.RDS","OH_10","2",608
"2020","__enpg/enpg2020.RDS","OH_10","3",323
"2020","__enpg/enpg2020.RDS","OH_10","4",44
"2020","__enpg/enpg2020.RDS","OH_10",NA,7706
"2020","__enpg/enpg2020.RDS","OH_11","0",8301
"2020","__enpg/enpg2020.RDS","OH_11","1",412
"2020","__enpg/enpg2020.RDS","OH_11","2",146
"2020","__enpg/enpg2020.RDS","OH_11","3",60
"2020","__enpg/enpg2020.RDS","OH_11","4",37
"2020","__enpg/enpg2020.RDS","OH_11",NA,7706
"2020","__enpg/enpg2020.RDS","OH_12","0",8428
"2020","__enpg/enpg2020.RDS","OH_12","1",366
"2020","__enpg/enpg2020.RDS","OH_12","2",101
"2020","__enpg/enpg2020.RDS","OH_12","3",42
"2020","__enpg/enpg2020.RDS","OH_12","4",19
"2020","__enpg/enpg2020.RDS","OH_12",NA,7706
"2020","__enpg/enpg2020.RDS","OH_13","0",8655
"2020","__enpg/enpg2020.RDS","OH_13","1",177
"2020","__enpg/enpg2020.RDS","OH_13","2",61
"2020","__enpg/enpg2020.RDS","OH_13","3",41
"2020","__enpg/enpg2020.RDS","OH_13","4",22
"2020","__enpg/enpg2020.RDS","OH_13",NA,7706
"2020","__enpg/enpg2020.RDS","OH_14","0",8239
"2020","__enpg/enpg2020.RDS","OH_14","1",524
"2020","__enpg/enpg2020.RDS","OH_14","2",117
"2020","__enpg/enpg2020.RDS","OH_14","3",44
"2020","__enpg/enpg2020.RDS","OH_14","4",32
"2020","__enpg/enpg2020.RDS","OH_14",NA,7706
"2020","__enpg/enpg2020.RDS","OH_15","0",8367
"2020","__enpg/enpg2020.RDS","OH_15","1",434
"2020","__enpg/enpg2020.RDS","OH_15","2",98
"2020","__enpg/enpg2020.RDS","OH_15","3",40
"2020","__enpg/enpg2020.RDS","OH_15","4",17
"2020","__enpg/enpg2020.RDS","OH_15",NA,7706
"2020","__enpg/enpg2020.RDS","OH_16","0",8770
"2020","__enpg/enpg2020.RDS","OH_16","2",133
"2020","__enpg/enpg2020.RDS","OH_16","4",53
"2020","__enpg/enpg2020.RDS","OH_16",NA,7706
"2020","__enpg/enpg2020.RDS","OH_17","0",8512
"2020","__enpg/enpg2020.RDS","OH_17","2",180
"2020","__enpg/enpg2020.RDS","OH_17","4",264
"2020","__enpg/enpg2020.RDS","OH_17",NA,7706
"2020","__enpg/enpg2020.RDS","OH_18_O1","0",8724
"2020","__enpg/enpg2020.RDS","OH_18_O1","1",232
"2020","__enpg/enpg2020.RDS","OH_18_O1",NA,7706
"2020","__enpg/enpg2020.RDS","OH_19_O1","0",8887
"2020","__enpg/enpg2020.RDS","OH_19_O1","1",69
"2020","__enpg/enpg2020.RDS","OH_19_O1",NA,7706
"2020","__enpg/enpg2020.RDS","OH_18_O2","0",8801
"2020","__enpg/enpg2020.RDS","OH_18_O2","1",155
"2020","__enpg/enpg2020.RDS","OH_18_O2",NA,7706
"2020","__enpg/enpg2020.RDS","OH_19_O2","0",8881
"2020","__enpg/enpg2020.RDS","OH_19_O2","1",75
"2020","__enpg/enpg2020.RDS","OH_19_O2",NA,7706
"2020","__enpg/enpg2020.RDS","OH_18_O3","0",5800
"2020","__enpg/enpg2020.RDS","OH_18_O3","1",3156
"2020","__enpg/enpg2020.RDS","OH_18_O3",NA,7706
"2020","__enpg/enpg2020.RDS","OH_19_O3","0",8836
"2020","__enpg/enpg2020.RDS","OH_19_O3","1",120
"2020","__enpg/enpg2020.RDS","OH_19_O3",NA,7706
"2020","__enpg/enpg2020.RDS","OH_18_O4","0",4838
"2020","__enpg/enpg2020.RDS","OH_18_O4","1",4118
"2020","__enpg/enpg2020.RDS","OH_18_O4",NA,7706
"2020","__enpg/enpg2020.RDS","OH_19_O4","0",8615
"2020","__enpg/enpg2020.RDS","OH_19_O4","1",341
"2020","__enpg/enpg2020.RDS","OH_19_O4",NA,7706
"2020","__enpg/enpg2020.RDS","OH_18_O5","0",8919
"2020","__enpg/enpg2020.RDS","OH_18_O5","1",37
"2020","__enpg/enpg2020.RDS","OH_18_O5",NA,7706
"2020","__enpg/enpg2020.RDS","OH_19_O5","0",8860
"2020","__enpg/enpg2020.RDS","OH_19_O5","1",96
"2020","__enpg/enpg2020.RDS","OH_19_O5",NA,7706
"2020","__enpg/enpg2020.RDS","OH_18_O6","0",8780
"2020","__enpg/enpg2020.RDS","OH_18_O6","1",176
"2020","__enpg/enpg2020.RDS","OH_18_O6",NA,7706
"2020","__enpg/enpg2020.RDS","OH_19_O6","0",8795
"2020","__enpg/enpg2020.RDS","OH_19_O6","1",161
"2020","__enpg/enpg2020.RDS","OH_19_O6",NA,7706
"2020","__enpg/enpg2020.RDS","OH_20","1",159
"2020","__enpg/enpg2020.RDS","OH_20","2",8768
"2020","__enpg/enpg2020.RDS","OH_20","88",12
"2020","__enpg/enpg2020.RDS","OH_20","99",17
"2020","__enpg/enpg2020.RDS","OH_20",NA,7706
"2020","__enpg/enpg2020.RDS","OH_21","1",248
"2020","__enpg/enpg2020.RDS","OH_21","2",8681
"2020","__enpg/enpg2020.RDS","OH_21","88",14
"2020","__enpg/enpg2020.RDS","OH_21","99",13
"2020","__enpg/enpg2020.RDS","OH_21",NA,7706
"2020","__enpg/enpg2020.RDS","OH_22","1",273
"2020","__enpg/enpg2020.RDS","OH_22","2",8653
"2020","__enpg/enpg2020.RDS","OH_22","88",16
"2020","__enpg/enpg2020.RDS","OH_22","99",14
"2020","__enpg/enpg2020.RDS","OH_22",NA,7706
"2020","__enpg/enpg2020.RDS","OH_23","1",195
"2020","__enpg/enpg2020.RDS","OH_23","2",8716
"2020","__enpg/enpg2020.RDS","OH_23","88",35
"2020","__enpg/enpg2020.RDS","OH_23","99",10
"2020","__enpg/enpg2020.RDS","OH_23",NA,7706
"2022","prueba_ext/BD - ENPG 2022 (Stata 16).dta","OH_1","1",12775
"2022","prueba_ext/BD - ENPG 2022 (Stata 16).dta","OH_1","2",4648
"2022","prueba_ext/BD - ENPG 2022 (Stata 16).dta","OH_1","88",17
"2022","prueba_ext/BD - ENPG 2022 (Stata 16).dta","OH_1","99",14
"2022","prueba_ext/BD - ENPG 2022 (Stata 16).dta","OH_2","1",925
"2022","prueba_ext/BD - ENPG 2022 (Stata 16).dta","OH_2","2",427
"2022","prueba_ext/BD - ENPG 2022 (Stata 16).dta","OH_2","3",11320
"2022","prueba_ext/BD - ENPG 2022 (Stata 16).dta","OH_2","88",94
"2022","prueba_ext/BD - ENPG 2022 (Stata 16).dta","OH_2","99",9
"2022","prueba_ext/BD - ENPG 2022 (Stata 16).dta","OH_2",NA,4679
"2022","prueba_ext/BD - ENPG 2022 (Stata 16).dta","OH_3","5",14
"2022","prueba_ext/BD - ENPG 2022 (Stata 16).dta","OH_3","6",8
"2022","prueba_ext/BD - ENPG 2022 (Stata 16).dta","OH_3","7",18
"2022","prueba_ext/BD - ENPG 2022 (Stata 16).dta","OH_3","8",24
"2022","prueba_ext/BD - ENPG 2022 (Stata 16).dta","OH_3","9",26
"2022","prueba_ext/BD - ENPG 2022 (Stata 16).dta","OH_3","10",59
"2022","prueba_ext/BD - ENPG 2022 (Stata 16).dta","OH_3","11",40
"2022","prueba_ext/BD - ENPG 2022 (Stata 16).dta","OH_3","12",205
"2022","prueba_ext/BD - ENPG 2022 (Stata 16).dta","OH_3","13",266
"2022","prueba_ext/BD - ENPG 2022 (Stata 16).dta","OH_3","14",604
"2022","prueba_ext/BD - ENPG 2022 (Stata 16).dta","OH_3","15",1572
"2022","prueba_ext/BD - ENPG 2022 (Stata 16).dta","OH_3","16",1208
"2022","prueba_ext/BD - ENPG 2022 (Stata 16).dta","OH_3","17",1524
"2022","prueba_ext/BD - ENPG 2022 (Stata 16).dta","OH_3","18",2439
"2022","prueba_ext/BD - ENPG 2022 (Stata 16).dta","OH_3","19",542
"2022","prueba_ext/BD - ENPG 2022 (Stata 16).dta","OH_3","20",1512
"2022","prueba_ext/BD - ENPG 2022 (Stata 16).dta","OH_3","21",314
"2022","prueba_ext/BD - ENPG 2022 (Stata 16).dta","OH_3","22",298
"2022","prueba_ext/BD - ENPG 2022 (Stata 16).dta","OH_3","23",169
"2022","prueba_ext/BD - ENPG 2022 (Stata 16).dta","OH_3","24",136
"2022","prueba_ext/BD - ENPG 2022 (Stata 16).dta","OH_3","25",432
"2022","prueba_ext/BD - ENPG 2022 (Stata 16).dta","OH_3","26",64
"2022","prueba_ext/BD - ENPG 2022 (Stata 16).dta","OH_3","27",58
"2022","prueba_ext/BD - ENPG 2022 (Stata 16).dta","OH_3","28",72
"2022","prueba_ext/BD - ENPG 2022 (Stata 16).dta","OH_3","29",16
"2022","prueba_ext/BD - ENPG 2022 (Stata 16).dta","OH_3","30",291
"2022","prueba_ext/BD - ENPG 2022 (Stata 16).dta","OH_3","31",8
"2022","prueba_ext/BD - ENPG 2022 (Stata 16).dta","OH_3","32",16
"2022","prueba_ext/BD - ENPG 2022 (Stata 16).dta","OH_3","33",12
"2022","prueba_ext/BD - ENPG 2022 (Stata 16).dta","OH_3","34",6
"2022","prueba_ext/BD - ENPG 2022 (Stata 16).dta","OH_3","35",66
"2022","prueba_ext/BD - ENPG 2022 (Stata 16).dta","OH_3","36",9
"2022","prueba_ext/BD - ENPG 2022 (Stata 16).dta","OH_3","37",7
"2022","prueba_ext/BD - ENPG 2022 (Stata 16).dta","OH_3","38",12
"2022","prueba_ext/BD - ENPG 2022 (Stata 16).dta","OH_3","39",2
"2022","prueba_ext/BD - ENPG 2022 (Stata 16).dta","OH_3","40",88
"2022","prueba_ext/BD - ENPG 2022 (Stata 16).dta","OH_3","41",1
"2022","prueba_ext/BD - ENPG 2022 (Stata 16).dta","OH_3","42",5
"2022","prueba_ext/BD - ENPG 2022 (Stata 16).dta","OH_3","43",1
"2022","prueba_ext/BD - ENPG 2022 (Stata 16).dta","OH_3","44",4
"2022","prueba_ext/BD - ENPG 2022 (Stata 16).dta","OH_3","45",17
"2022","prueba_ext/BD - ENPG 2022 (Stata 16).dta","OH_3","46",5
"2022","prueba_ext/BD - ENPG 2022 (Stata 16).dta","OH_3","47",1
"2022","prueba_ext/BD - ENPG 2022 (Stata 16).dta","OH_3","48",2
"2022","prueba_ext/BD - ENPG 2022 (Stata 16).dta","OH_3","49",2
"2022","prueba_ext/BD - ENPG 2022 (Stata 16).dta","OH_3","50",30
"2022","prueba_ext/BD - ENPG 2022 (Stata 16).dta","OH_3","51",3
"2022","prueba_ext/BD - ENPG 2022 (Stata 16).dta","OH_3","52",3
"2022","prueba_ext/BD - ENPG 2022 (Stata 16).dta","OH_3","53",5
"2022","prueba_ext/BD - ENPG 2022 (Stata 16).dta","OH_3","54",2
"2022","prueba_ext/BD - ENPG 2022 (Stata 16).dta","OH_3","55",3
"2022","prueba_ext/BD - ENPG 2022 (Stata 16).dta","OH_3","56",2
"2022","prueba_ext/BD - ENPG 2022 (Stata 16).dta","OH_3","58",4
"2022","prueba_ext/BD - ENPG 2022 (Stata 16).dta","OH_3","60",3
"2022","prueba_ext/BD - ENPG 2022 (Stata 16).dta","OH_3","62",1
"2022","prueba_ext/BD - ENPG 2022 (Stata 16).dta","OH_3","88",523
"2022","prueba_ext/BD - ENPG 2022 (Stata 16).dta","OH_3","99",21
"2022","prueba_ext/BD - ENPG 2022 (Stata 16).dta","OH_3",NA,4679
"2022","prueba_ext/BD - ENPG 2022 (Stata 16).dta","OH_4","1",6006
"2022","prueba_ext/BD - ENPG 2022 (Stata 16).dta","OH_4","2",2408
"2022","prueba_ext/BD - ENPG 2022 (Stata 16).dta","OH_4","3",4284
"2022","prueba_ext/BD - ENPG 2022 (Stata 16).dta","OH_4","88",63
"2022","prueba_ext/BD - ENPG 2022 (Stata 16).dta","OH_4","99",14
"2022","prueba_ext/BD - ENPG 2022 (Stata 16).dta","OH_4",NA,4679
"2022","prueba_ext/BD - ENPG 2022 (Stata 16).dta","OH_5","1",1431
"2022","prueba_ext/BD - ENPG 2022 (Stata 16).dta","OH_5","2",1326
"2022","prueba_ext/BD - ENPG 2022 (Stata 16).dta","OH_5","3",598
"2022","prueba_ext/BD - ENPG 2022 (Stata 16).dta","OH_5","4",1108
"2022","prueba_ext/BD - ENPG 2022 (Stata 16).dta","OH_5","5",310
"2022","prueba_ext/BD - ENPG 2022 (Stata 16).dta","OH_5","6",200
"2022","prueba_ext/BD - ENPG 2022 (Stata 16).dta","OH_5","7",46
"2022","prueba_ext/BD - ENPG 2022 (Stata 16).dta","OH_5","8",193
"2022","prueba_ext/BD - ENPG 2022 (Stata 16).dta","OH_5","9",6
"2022","prueba_ext/BD - ENPG 2022 (Stata 16).dta","OH_5","10",189
"2022","prueba_ext/BD - ENPG 2022 (Stata 16).dta","OH_5","12",27
"2022","prueba_ext/BD - ENPG 2022 (Stata 16).dta","OH_5","14",3
"2022","prueba_ext/BD - ENPG 2022 (Stata 16).dta","OH_5","15",151
"2022","prueba_ext/BD - ENPG 2022 (Stata 16).dta","OH_5","16",7
"2022","prueba_ext/BD - ENPG 2022 (Stata 16).dta","OH_5","18",4
"2022","prueba_ext/BD - ENPG 2022 (Stata 16).dta","OH_5","20",98
"2022","prueba_ext/BD - ENPG 2022 (Stata 16).dta","OH_5","21",1
"2022","prueba_ext/BD - ENPG 2022 (Stata 16).dta","OH_5","24",1
"2022","prueba_ext/BD - ENPG 2022 (Stata 16).dta","OH_5","25",15
"2022","prueba_ext/BD - ENPG 2022 (Stata 16).dta","OH_5","26",1
"2022","prueba_ext/BD - ENPG 2022 (Stata 16).dta","OH_5","27",3
"2022","prueba_ext/BD - ENPG 2022 (Stata 16).dta","OH_5","28",4
"2022","prueba_ext/BD - ENPG 2022 (Stata 16).dta","OH_5","29",1
"2022","prueba_ext/BD - ENPG 2022 (Stata 16).dta","OH_5","30",131
"2022","prueba_ext/BD - ENPG 2022 (Stata 16).dta","OH_5","88",138
"2022","prueba_ext/BD - ENPG 2022 (Stata 16).dta","OH_5","99",14
"2022","prueba_ext/BD - ENPG 2022 (Stata 16).dta","OH_5",NA,11448
"2022","prueba_ext/BD - ENPG 2022 (Stata 16).dta","OH_6","1",3666
"2022","prueba_ext/BD - ENPG 2022 (Stata 16).dta","OH_6","2",1275
"2022","prueba_ext/BD - ENPG 2022 (Stata 16).dta","OH_6","3",976
"2022","prueba_ext/BD - ENPG 2022 (Stata 16).dta","OH_6","4",59
"2022","prueba_ext/BD - ENPG 2022 (Stata 16).dta","OH_6","88",21
"2022","prueba_ext/BD - ENPG 2022 (Stata 16).dta","OH_6","99",9
"2022","prueba_ext/BD - ENPG 2022 (Stata 16).dta","OH_6",NA,11448
"2022","prueba_ext/BD - ENPG 2022 (Stata 16).dta","OH_7","0",2605
"2022","prueba_ext/BD - ENPG 2022 (Stata 16).dta","OH_7","1",1294
"2022","prueba_ext/BD - ENPG 2022 (Stata 16).dta","OH_7","2",795
"2022","prueba_ext/BD - ENPG 2022 (Stata 16).dta","OH_7","3",259
"2022","prueba_ext/BD - ENPG 2022 (Stata 16).dta","OH_7","4",312
"2022","prueba_ext/BD - ENPG 2022 (Stata 16).dta","OH_7","5",170
"2022","prueba_ext/BD - ENPG 2022 (Stata 16).dta","OH_7","6",53
"2022","prueba_ext/BD - ENPG 2022 (Stata 16).dta","OH_7","7",13
"2022","prueba_ext/BD - ENPG 2022 (Stata 16).dta","OH_7","8",35
"2022","prueba_ext/BD - ENPG 2022 (Stata 16).dta","OH_7","9",4
"2022","prueba_ext/BD - ENPG 2022 (Stata 16).dta","OH_7","10",41
"2022","prueba_ext/BD - ENPG 2022 (Stata 16).dta","OH_7","12",8
"2022","prueba_ext/BD - ENPG 2022 (Stata 16).dta","OH_7","14",2
"2022","prueba_ext/BD - ENPG 2022 (Stata 16).dta","OH_7","15",24
"2022","prueba_ext/BD - ENPG 2022 (Stata 16).dta","OH_7","20",16
"2022","prueba_ext/BD - ENPG 2022 (Stata 16).dta","OH_7","25",4
"2022","prueba_ext/BD - ENPG 2022 (Stata 16).dta","OH_7","27",1
"2022","prueba_ext/BD - ENPG 2022 (Stata 16).dta","OH_7","28",1
"2022","prueba_ext/BD - ENPG 2022 (Stata 16).dta","OH_7","30",17
"2022","prueba_ext/BD - ENPG 2022 (Stata 16).dta","OH_7","44",1
"2022","prueba_ext/BD - ENPG 2022 (Stata 16).dta","OH_7","88",285
"2022","prueba_ext/BD - ENPG 2022 (Stata 16).dta","OH_7","99",66
"2022","prueba_ext/BD - ENPG 2022 (Stata 16).dta","OH_7",NA,11448
"2022","prueba_ext/BD - ENPG 2022 (Stata 16).dta","OH_8","0",1172
"2022","prueba_ext/BD - ENPG 2022 (Stata 16).dta","OH_8","1",3684
"2022","prueba_ext/BD - ENPG 2022 (Stata 16).dta","OH_8","2",2872
"2022","prueba_ext/BD - ENPG 2022 (Stata 16).dta","OH_8","3",459
"2022","prueba_ext/BD - ENPG 2022 (Stata 16).dta","OH_8","4",227
"2022","prueba_ext/BD - ENPG 2022 (Stata 16).dta","OH_8",NA,9040
"2022","prueba_ext/BD - ENPG 2022 (Stata 16).dta","OH_9","0",5263
"2022","prueba_ext/BD - ENPG 2022 (Stata 16).dta","OH_9","1",2159
"2022","prueba_ext/BD - ENPG 2022 (Stata 16).dta","OH_9","2",704
"2022","prueba_ext/BD - ENPG 2022 (Stata 16).dta","OH_9","3",141
"2022","prueba_ext/BD - ENPG 2022 (Stata 16).dta","OH_9","4",147
"2022","prueba_ext/BD - ENPG 2022 (Stata 16).dta","OH_9",NA,9040
"2022","prueba_ext/BD - ENPG 2022 (Stata 16).dta","OH_10","0",5954
"2022","prueba_ext/BD - ENPG 2022 (Stata 16).dta","OH_10","1",1563
"2022","prueba_ext/BD - ENPG 2022 (Stata 16).dta","OH_10","2",580
"2022","prueba_ext/BD - ENPG 2022 (Stata 16).dta","OH_10","3",278
"2022","prueba_ext/BD - ENPG 2022 (Stata 16).dta","OH_10","4",39
"2022","prueba_ext/BD - ENPG 2022 (Stata 16).dta","OH_10",NA,9040
"2022","prueba_ext/BD - ENPG 2022 (Stata 16).dta","OH_11","0",7689
"2022","prueba_ext/BD - ENPG 2022 (Stata 16).dta","OH_11","1",491
"2022","prueba_ext/BD - ENPG 2022 (Stata 16).dta","OH_11","2",142
"2022","prueba_ext/BD - ENPG 2022 (Stata 16).dta","OH_11","3",66
"2022","prueba_ext/BD - ENPG 2022 (Stata 16).dta","OH_11","4",26
"2022","prueba_ext/BD - ENPG 2022 (Stata 16).dta","OH_11",NA,9040
"2022","prueba_ext/BD - ENPG 2022 (Stata 16).dta","OH_12","0",7810
"2022","prueba_ext/BD - ENPG 2022 (Stata 16).dta","OH_12","1",432
"2022","prueba_ext/BD - ENPG 2022 (Stata 16).dta","OH_12","2",102
"2022","prueba_ext/BD - ENPG 2022 (Stata 16).dta","OH_12","3",52
"2022","prueba_ext/BD - ENPG 2022 (Stata 16).dta","OH_12","4",18
"2022","prueba_ext/BD - ENPG 2022 (Stata 16).dta","OH_12",NA,9040
"2022","prueba_ext/BD - ENPG 2022 (Stata 16).dta","OH_13","0",8025
"2022","prueba_ext/BD - ENPG 2022 (Stata 16).dta","OH_13","1",267
"2022","prueba_ext/BD - ENPG 2022 (Stata 16).dta","OH_13","2",58
"2022","prueba_ext/BD - ENPG 2022 (Stata 16).dta","OH_13","3",42
"2022","prueba_ext/BD - ENPG 2022 (Stata 16).dta","OH_13","4",22
"2022","prueba_ext/BD - ENPG 2022 (Stata 16).dta","OH_13",NA,9040
"2022","prueba_ext/BD - ENPG 2022 (Stata 16).dta","OH_14","0",7660
"2022","prueba_ext/BD - ENPG 2022 (Stata 16).dta","OH_14","1",531
"2022","prueba_ext/BD - ENPG 2022 (Stata 16).dta","OH_14","2",139
"2022","prueba_ext/BD - ENPG 2022 (Stata 16).dta","OH_14","3",50
"2022","prueba_ext/BD - ENPG 2022 (Stata 16).dta","OH_14","4",34
"2022","prueba_ext/BD - ENPG 2022 (Stata 16).dta","OH_14",NA,9040
"2022","prueba_ext/BD - ENPG 2022 (Stata 16).dta","OH_15","0",7786
"2022","prueba_ext/BD - ENPG 2022 (Stata 16).dta","OH_15","1",481
"2022","prueba_ext/BD - ENPG 2022 (Stata 16).dta","OH_15","2",94
"2022","prueba_ext/BD - ENPG 2022 (Stata 16).dta","OH_15","3",36
"2022","prueba_ext/BD - ENPG 2022 (Stata 16).dta","OH_15","4",17
"2022","prueba_ext/BD - ENPG 2022 (Stata 16).dta","OH_15",NA,9040
"2022","prueba_ext/BD - ENPG 2022 (Stata 16).dta","OH_16","0",8202
"2022","prueba_ext/BD - ENPG 2022 (Stata 16).dta","OH_16","2",137
"2022","prueba_ext/BD - ENPG 2022 (Stata 16).dta","OH_16","4",75
"2022","prueba_ext/BD - ENPG 2022 (Stata 16).dta","OH_16",NA,9040
"2022","prueba_ext/BD - ENPG 2022 (Stata 16).dta","OH_17","0",8002
"2022","prueba_ext/BD - ENPG 2022 (Stata 16).dta","OH_17","2",184
"2022","prueba_ext/BD - ENPG 2022 (Stata 16).dta","OH_17","4",228
"2022","prueba_ext/BD - ENPG 2022 (Stata 16).dta","OH_17",NA,9040
"2022","prueba_ext/BD - ENPG 2022 (Stata 16).dta","OH_181","0",7352
"2022","prueba_ext/BD - ENPG 2022 (Stata 16).dta","OH_181","1",1062
"2022","prueba_ext/BD - ENPG 2022 (Stata 16).dta","OH_181",NA,9040
"2022","prueba_ext/BD - ENPG 2022 (Stata 16).dta","OH_191","0",8249
"2022","prueba_ext/BD - ENPG 2022 (Stata 16).dta","OH_191","1",165
"2022","prueba_ext/BD - ENPG 2022 (Stata 16).dta","OH_191",NA,9040
"2022","prueba_ext/BD - ENPG 2022 (Stata 16).dta","OH_182","0",7776
"2022","prueba_ext/BD - ENPG 2022 (Stata 16).dta","OH_182","1",638
"2022","prueba_ext/BD - ENPG 2022 (Stata 16).dta","OH_182",NA,9040
"2022","prueba_ext/BD - ENPG 2022 (Stata 16).dta","OH_192","0",8094
"2022","prueba_ext/BD - ENPG 2022 (Stata 16).dta","OH_192","1",320
"2022","prueba_ext/BD - ENPG 2022 (Stata 16).dta","OH_192",NA,9040
"2022","prueba_ext/BD - ENPG 2022 (Stata 16).dta","OH_183","0",5085
"2022","prueba_ext/BD - ENPG 2022 (Stata 16).dta","OH_183","1",3329
"2022","prueba_ext/BD - ENPG 2022 (Stata 16).dta","OH_183",NA,9040
"2022","prueba_ext/BD - ENPG 2022 (Stata 16).dta","OH_193","0",8285
"2022","prueba_ext/BD - ENPG 2022 (Stata 16).dta","OH_193","1",129
"2022","prueba_ext/BD - ENPG 2022 (Stata 16).dta","OH_193",NA,9040
"2022","prueba_ext/BD - ENPG 2022 (Stata 16).dta","OH_184","0",4955
"2022","prueba_ext/BD - ENPG 2022 (Stata 16).dta","OH_184","1",3459
"2022","prueba_ext/BD - ENPG 2022 (Stata 16).dta","OH_184",NA,9040
"2022","prueba_ext/BD - ENPG 2022 (Stata 16).dta","OH_194","0",8190
"2022","prueba_ext/BD - ENPG 2022 (Stata 16).dta","OH_194","1",224
"2022","prueba_ext/BD - ENPG 2022 (Stata 16).dta","OH_194",NA,9040
"2022","prueba_ext/BD - ENPG 2022 (Stata 16).dta","OH_185","0",8345
"2022","prueba_ext/BD - ENPG 2022 (Stata 16).dta","OH_185","1",69
"2022","prueba_ext/BD - ENPG 2022 (Stata 16).dta","OH_185",NA,9040
"2022","prueba_ext/BD - ENPG 2022 (Stata 16).dta","OH_195","0",8241
"2022","prueba_ext/BD - ENPG 2022 (Stata 16).dta","OH_195","1",173
"2022","prueba_ext/BD - ENPG 2022 (Stata 16).dta","OH_195",NA,9040
"2022","prueba_ext/BD - ENPG 2022 (Stata 16).dta","OH_186","0",8284
"2022","prueba_ext/BD - ENPG 2022 (Stata 16).dta","OH_186","1",130
"2022","prueba_ext/BD - ENPG 2022 (Stata 16).dta","OH_186",NA,9040
"2022","prueba_ext/BD - ENPG 2022 (Stata 16).dta","OH_196","0",8239
"2022","prueba_ext/BD - ENPG 2022 (Stata 16).dta","OH_196","1",175
"2022","prueba_ext/BD - ENPG 2022 (Stata 16).dta","OH_196",NA,9040
"2022","prueba_ext/BD - ENPG 2022 (Stata 16).dta","OH_20","1",221
"2022","prueba_ext/BD - ENPG 2022 (Stata 16).dta","OH_20","2",8169
"2022","prueba_ext/BD - ENPG 2022 (Stata 16).dta","OH_20","88",12
"2022","prueba_ext/BD - ENPG 2022 (Stata 16).dta","OH_20","99",12
"2022","prueba_ext/BD - ENPG 2022 (Stata 16).dta","OH_20",NA,9040
"2022","prueba_ext/BD - ENPG 2022 (Stata 16).dta","OH_21","1",366
"2022","prueba_ext/BD - ENPG 2022 (Stata 16).dta","OH_21","2",8031
"2022","prueba_ext/BD - ENPG 2022 (Stata 16).dta","OH_21","88",10
"2022","prueba_ext/BD - ENPG 2022 (Stata 16).dta","OH_21","99",7
"2022","prueba_ext/BD - ENPG 2022 (Stata 16).dta","OH_21",NA,9040
"2022","prueba_ext/BD - ENPG 2022 (Stata 16).dta","OH_22","1",278
"2022","prueba_ext/BD - ENPG 2022 (Stata 16).dta","OH_22","2",8117
"2022","prueba_ext/BD - ENPG 2022 (Stata 16).dta","OH_22","88",9
"2022","prueba_ext/BD - ENPG 2022 (Stata 16).dta","OH_22","99",10
"2022","prueba_ext/BD - ENPG 2022 (Stata 16).dta","OH_22",NA,9040
"2022","prueba_ext/BD - ENPG 2022 (Stata 16).dta","OH_23","1",226
"2022","prueba_ext/BD - ENPG 2022 (Stata 16).dta","OH_23","2",8153
"2022","prueba_ext/BD - ENPG 2022 (Stata 16).dta","OH_23","88",26
"2022","prueba_ext/BD - ENPG 2022 (Stata 16).dta","OH_23","99",9
"2022","prueba_ext/BD - ENPG 2022 (Stata 16).dta","OH_23",NA,9040
"2022","prueba_ext/BD - ENPG 2022 (Stata 16).dta","OH_24","1",237
"2022","prueba_ext/BD - ENPG 2022 (Stata 16).dta","OH_24","2",8142
"2022","prueba_ext/BD - ENPG 2022 (Stata 16).dta","OH_24","88",30
"2022","prueba_ext/BD - ENPG 2022 (Stata 16).dta","OH_24","99",5
"2022","prueba_ext/BD - ENPG 2022 (Stata 16).dta","OH_24",NA,9040
"2022","prueba_ext/BD - ENPG 2022 (Stata 16).dta","TRANS_3","1",28
"2022","prueba_ext/BD - ENPG 2022 (Stata 16).dta","TRANS_3","2",91
"2022","prueba_ext/BD - ENPG 2022 (Stata 16).dta","TRANS_3","3",11
"2022","prueba_ext/BD - ENPG 2022 (Stata 16).dta","TRANS_3","4",75
"2022","prueba_ext/BD - ENPG 2022 (Stata 16).dta","TRANS_3","5",15
"2022","prueba_ext/BD - ENPG 2022 (Stata 16).dta","TRANS_3","6",20
"2022","prueba_ext/BD - ENPG 2022 (Stata 16).dta","TRANS_3","7",32
"2022","prueba_ext/BD - ENPG 2022 (Stata 16).dta","TRANS_3","88",2
"2022","prueba_ext/BD - ENPG 2022 (Stata 16).dta","TRANS_3","99",3
"2022","prueba_ext/BD - ENPG 2022 (Stata 16).dta","TRANS_3",NA,17177
"2022","prueba_ext/BD - ENPG 2022 (Stata 16).dta","ANALG_3","1",30
"2022","prueba_ext/BD - ENPG 2022 (Stata 16).dta","ANALG_3","2",53
"2022","prueba_ext/BD - ENPG 2022 (Stata 16).dta","ANALG_3","3",8
"2022","prueba_ext/BD - ENPG 2022 (Stata 16).dta","ANALG_3","4",63
"2022","prueba_ext/BD - ENPG 2022 (Stata 16).dta","ANALG_3","5",14
"2022","prueba_ext/BD - ENPG 2022 (Stata 16).dta","ANALG_3","6",26
"2022","prueba_ext/BD - ENPG 2022 (Stata 16).dta","ANALG_3","7",26
"2022","prueba_ext/BD - ENPG 2022 (Stata 16).dta","ANALG_3","88",1
"2022","prueba_ext/BD - ENPG 2022 (Stata 16).dta","ANALG_3","99",1
"2022","prueba_ext/BD - ENPG 2022 (Stata 16).dta","ANALG_3",NA,17232
"2022","prueba_ext/BD - ENPG 2022 (Stata 16).dta","OD_14_2_Rp","1",210
"2022","prueba_ext/BD - ENPG 2022 (Stata 16).dta","OD_14_2_Rp","2",369
"2022","prueba_ext/BD - ENPG 2022 (Stata 16).dta","OD_14_2_Rp","3",554
"2022","prueba_ext/BD - ENPG 2022 (Stata 16).dta","OD_14_2_Rp","88",4
"2022","prueba_ext/BD - ENPG 2022 (Stata 16).dta","OD_14_2_Rp","99",2
"2022","prueba_ext/BD - ENPG 2022 (Stata 16).dta","OD_14_2_Rp",NA,16315
"2022","prueba_ext/BD - ENPG 2022 (Stata 16).dta","TRATA_3","1",48
"2022","prueba_ext/BD - ENPG 2022 (Stata 16).dta","TRATA_3","2",16
"2022","prueba_ext/BD - ENPG 2022 (Stata 16).dta","TRATA_3","3",22
"2022","prueba_ext/BD - ENPG 2022 (Stata 16).dta","TRATA_3",NA,17368
"2022","prueba_ext/BD - ENPG 2022 (Stata 16).dta","TRATA_4","1",80
"2022","prueba_ext/BD - ENPG 2022 (Stata 16).dta","TRATA_4","2",55
"2022","prueba_ext/BD - ENPG 2022 (Stata 16).dta","TRATA_4","3",44
"2022","prueba_ext/BD - ENPG 2022 (Stata 16).dta","TRATA_4","4",17189
"2022","prueba_ext/BD - ENPG 2022 (Stata 16).dta","TRATA_4",NA,86
"2022","prueba_ext/BD - ENPG 2022 (Stata 16).dta","TRATA_5","1",29
"2022","prueba_ext/BD - ENPG 2022 (Stata 16).dta","TRATA_5","2",18
"2022","prueba_ext/BD - ENPG 2022 (Stata 16).dta","TRATA_5","3",15
"2022","prueba_ext/BD - ENPG 2022 (Stata 16).dta","TRATA_5","4",117
"2022","prueba_ext/BD - ENPG 2022 (Stata 16).dta","TRATA_5",NA,17275
"2022","prueba_ext/BD - ENPG 2022 (Stata 16).dta","PR_1_2_Rp","1",1011
"2022","prueba_ext/BD - ENPG 2022 (Stata 16).dta","PR_1_2_Rp","2",2771
"2022","prueba_ext/BD - ENPG 2022 (Stata 16).dta","PR_1_2_Rp","3",5052
"2022","prueba_ext/BD - ENPG 2022 (Stata 16).dta","PR_1_2_Rp","4",8343
"2022","prueba_ext/BD - ENPG 2022 (Stata 16).dta","PR_1_2_Rp","88",277
"2022","prueba_ext/BD - ENPG 2022 (Stata 16).dta","PR_1_3_Rp","1",278
"2022","prueba_ext/BD - ENPG 2022 (Stata 16).dta","PR_1_3_Rp","2",259
"2022","prueba_ext/BD - ENPG 2022 (Stata 16).dta","PR_1_3_Rp","3",1194
"2022","prueba_ext/BD - ENPG 2022 (Stata 16).dta","PR_1_3_Rp","4",15513
"2022","prueba_ext/BD - ENPG 2022 (Stata 16).dta","PR_1_3_Rp","88",210
"2022","prueba_ext/BD - ENPG 2022 (Stata 16).dta","EB_1","1",355
"2022","prueba_ext/BD - ENPG 2022 (Stata 16).dta","EB_1","2",159
"2022","prueba_ext/BD - ENPG 2022 (Stata 16).dta","EB_1","3",222
"2022","prueba_ext/BD - ENPG 2022 (Stata 16).dta","EB_1","4",16484
"2022","prueba_ext/BD - ENPG 2022 (Stata 16).dta","EB_1","88",159
"2022","prueba_ext/BD - ENPG 2022 (Stata 16).dta","EB_1","99",75
"2022","prueba_ext/BD - ENPG 2022 (Stata 16).dta","EB_3_8_Rp","1",778
"2022","prueba_ext/BD - ENPG 2022 (Stata 16).dta","EB_3_8_Rp","2",1131
"2022","prueba_ext/BD - ENPG 2022 (Stata 16).dta","EB_3_8_Rp","3",1431
"2022","prueba_ext/BD - ENPG 2022 (Stata 16).dta","EB_3_8_Rp","4",1694
"2022","prueba_ext/BD - ENPG 2022 (Stata 16).dta","EB_3_8_Rp","5",10213
"2022","prueba_ext/BD - ENPG 2022 (Stata 16).dta","EB_3_8_Rp","88",2156
"2022","prueba_ext/BD - ENPG 2022 (Stata 16).dta","EB_3_8_Rp","99",51
"2022","prueba_ext/BD - ENPG 2022 (Stata 16).dta","OP_1_2_Rp","1",1109
"2022","prueba_ext/BD - ENPG 2022 (Stata 16).dta","OP_1_2_Rp","2",5798
"2022","prueba_ext/BD - ENPG 2022 (Stata 16).dta","OP_1_2_Rp","3",6942
"2022","prueba_ext/BD - ENPG 2022 (Stata 16).dta","OP_1_2_Rp","4",1447
"2022","prueba_ext/BD - ENPG 2022 (Stata 16).dta","OP_1_2_Rp","88",2031
"2022","prueba_ext/BD - ENPG 2022 (Stata 16).dta","OP_1_2_Rp","99",127
"2024","__enpg/Base Publica ENPG 2024 (Stata 16).dta","OH_1","1",12633
"2024","__enpg/Base Publica ENPG 2024 (Stata 16).dta","OH_1","2",6007
"2024","__enpg/Base Publica ENPG 2024 (Stata 16).dta","OH_1","88",13
"2024","__enpg/Base Publica ENPG 2024 (Stata 16).dta","OH_1","99",15
"2024","__enpg/Base Publica ENPG 2024 (Stata 16).dta","OH_2","1",1022
"2024","__enpg/Base Publica ENPG 2024 (Stata 16).dta","OH_2","2",535
"2024","__enpg/Base Publica ENPG 2024 (Stata 16).dta","OH_2","3",10952
"2024","__enpg/Base Publica ENPG 2024 (Stata 16).dta","OH_2","88",112
"2024","__enpg/Base Publica ENPG 2024 (Stata 16).dta","OH_2","99",12
"2024","__enpg/Base Publica ENPG 2024 (Stata 16).dta","OH_2",NA,6035
"2024","__enpg/Base Publica ENPG 2024 (Stata 16).dta","OH_3","5",22
"2024","__enpg/Base Publica ENPG 2024 (Stata 16).dta","OH_3","6",14
"2024","__enpg/Base Publica ENPG 2024 (Stata 16).dta","OH_3","7",12
"2024","__enpg/Base Publica ENPG 2024 (Stata 16).dta","OH_3","8",20
"2024","__enpg/Base Publica ENPG 2024 (Stata 16).dta","OH_3","9",17
"2024","__enpg/Base Publica ENPG 2024 (Stata 16).dta","OH_3","10",41
"2024","__enpg/Base Publica ENPG 2024 (Stata 16).dta","OH_3","11",28
"2024","__enpg/Base Publica ENPG 2024 (Stata 16).dta","OH_3","12",175
"2024","__enpg/Base Publica ENPG 2024 (Stata 16).dta","OH_3","13",241
"2024","__enpg/Base Publica ENPG 2024 (Stata 16).dta","OH_3","14",567
"2024","__enpg/Base Publica ENPG 2024 (Stata 16).dta","OH_3","15",1471
"2024","__enpg/Base Publica ENPG 2024 (Stata 16).dta","OH_3","16",1184
"2024","__enpg/Base Publica ENPG 2024 (Stata 16).dta","OH_3","17",1530
"2024","__enpg/Base Publica ENPG 2024 (Stata 16).dta","OH_3","18",2574
"2024","__enpg/Base Publica ENPG 2024 (Stata 16).dta","OH_3","19",550
"2024","__enpg/Base Publica ENPG 2024 (Stata 16).dta","OH_3","20",1703
"2024","__enpg/Base Publica ENPG 2024 (Stata 16).dta","OH_3","21",310
"2024","__enpg/Base Publica ENPG 2024 (Stata 16).dta","OH_3","22",307
"2024","__enpg/Base Publica ENPG 2024 (Stata 16).dta","OH_3","23",177
"2024","__enpg/Base Publica ENPG 2024 (Stata 16).dta","OH_3","24",132
"2024","__enpg/Base Publica ENPG 2024 (Stata 16).dta","OH_3","25",457
"2024","__enpg/Base Publica ENPG 2024 (Stata 16).dta","OH_3","26",49
"2024","__enpg/Base Publica ENPG 2024 (Stata 16).dta","OH_3","27",51
"2024","__enpg/Base Publica ENPG 2024 (Stata 16).dta","OH_3","28",60
"2024","__enpg/Base Publica ENPG 2024 (Stata 16).dta","OH_3","29",21
"2024","__enpg/Base Publica ENPG 2024 (Stata 16).dta","OH_3","30",255
"2024","__enpg/Base Publica ENPG 2024 (Stata 16).dta","OH_3","31",8
"2024","__enpg/Base Publica ENPG 2024 (Stata 16).dta","OH_3","32",20
"2024","__enpg/Base Publica ENPG 2024 (Stata 16).dta","OH_3","33",15
"2024","__enpg/Base Publica ENPG 2024 (Stata 16).dta","OH_3","34",7
"2024","__enpg/Base Publica ENPG 2024 (Stata 16).dta","OH_3","35",52
"2024","__enpg/Base Publica ENPG 2024 (Stata 16).dta","OH_3","36",5
"2024","__enpg/Base Publica ENPG 2024 (Stata 16).dta","OH_3","37",5
"2024","__enpg/Base Publica ENPG 2024 (Stata 16).dta","OH_3","38",15
"2024","__enpg/Base Publica ENPG 2024 (Stata 16).dta","OH_3","39",3
"2024","__enpg/Base Publica ENPG 2024 (Stata 16).dta","OH_3","40",64
"2024","__enpg/Base Publica ENPG 2024 (Stata 16).dta","OH_3","42",1
"2024","__enpg/Base Publica ENPG 2024 (Stata 16).dta","OH_3","43",5
"2024","__enpg/Base Publica ENPG 2024 (Stata 16).dta","OH_3","44",2
"2024","__enpg/Base Publica ENPG 2024 (Stata 16).dta","OH_3","45",17
"2024","__enpg/Base Publica ENPG 2024 (Stata 16).dta","OH_3","47",1
"2024","__enpg/Base Publica ENPG 2024 (Stata 16).dta","OH_3","48",2
"2024","__enpg/Base Publica ENPG 2024 (Stata 16).dta","OH_3","49",3
"2024","__enpg/Base Publica ENPG 2024 (Stata 16).dta","OH_3","50",28
"2024","__enpg/Base Publica ENPG 2024 (Stata 16).dta","OH_3","51",2
"2024","__enpg/Base Publica ENPG 2024 (Stata 16).dta","OH_3","52",4
"2024","__enpg/Base Publica ENPG 2024 (Stata 16).dta","OH_3","54",2
"2024","__enpg/Base Publica ENPG 2024 (Stata 16).dta","OH_3","55",2
"2024","__enpg/Base Publica ENPG 2024 (Stata 16).dta","OH_3","57",2
"2024","__enpg/Base Publica ENPG 2024 (Stata 16).dta","OH_3","58",1
"2024","__enpg/Base Publica ENPG 2024 (Stata 16).dta","OH_3","59",1
"2024","__enpg/Base Publica ENPG 2024 (Stata 16).dta","OH_3","60",5
"2024","__enpg/Base Publica ENPG 2024 (Stata 16).dta","OH_3","63",2
"2024","__enpg/Base Publica ENPG 2024 (Stata 16).dta","OH_3","64",2
"2024","__enpg/Base Publica ENPG 2024 (Stata 16).dta","OH_3","65",1
"2024","__enpg/Base Publica ENPG 2024 (Stata 16).dta","OH_3","88",357
"2024","__enpg/Base Publica ENPG 2024 (Stata 16).dta","OH_3","99",31
"2024","__enpg/Base Publica ENPG 2024 (Stata 16).dta","OH_3",NA,6035
"2024","__enpg/Base Publica ENPG 2024 (Stata 16).dta","OH_4","1",5533
"2024","__enpg/Base Publica ENPG 2024 (Stata 16).dta","OH_4","2",2724
"2024","__enpg/Base Publica ENPG 2024 (Stata 16).dta","OH_4","3",4261
"2024","__enpg/Base Publica ENPG 2024 (Stata 16).dta","OH_4","88",87
"2024","__enpg/Base Publica ENPG 2024 (Stata 16).dta","OH_4","99",28
"2024","__enpg/Base Publica ENPG 2024 (Stata 16).dta","OH_4",NA,6035
"2024","__enpg/Base Publica ENPG 2024 (Stata 16).dta","OH_5","1",1427
"2024","__enpg/Base Publica ENPG 2024 (Stata 16).dta","OH_5","2",1217
"2024","__enpg/Base Publica ENPG 2024 (Stata 16).dta","OH_5","3",570
"2024","__enpg/Base Publica ENPG 2024 (Stata 16).dta","OH_5","4",926
"2024","__enpg/Base Publica ENPG 2024 (Stata 16).dta","OH_5","5",273
"2024","__enpg/Base Publica ENPG 2024 (Stata 16).dta","OH_5","6",197
"2024","__enpg/Base Publica ENPG 2024 (Stata 16).dta","OH_5","7",49
"2024","__enpg/Base Publica ENPG 2024 (Stata 16).dta","OH_5","8",190
"2024","__enpg/Base Publica ENPG 2024 (Stata 16).dta","OH_5","9",5
"2024","__enpg/Base Publica ENPG 2024 (Stata 16).dta","OH_5","10",179
"2024","__enpg/Base Publica ENPG 2024 (Stata 16).dta","OH_5","12",26
"2024","__enpg/Base Publica ENPG 2024 (Stata 16).dta","OH_5","14",8
"2024","__enpg/Base Publica ENPG 2024 (Stata 16).dta","OH_5","15",108
"2024","__enpg/Base Publica ENPG 2024 (Stata 16).dta","OH_5","16",5
"2024","__enpg/Base Publica ENPG 2024 (Stata 16).dta","OH_5","20",80
"2024","__enpg/Base Publica ENPG 2024 (Stata 16).dta","OH_5","21",1
"2024","__enpg/Base Publica ENPG 2024 (Stata 16).dta","OH_5","22",1
"2024","__enpg/Base Publica ENPG 2024 (Stata 16).dta","OH_5","23",1
"2024","__enpg/Base Publica ENPG 2024 (Stata 16).dta","OH_5","24",1
"2024","__enpg/Base Publica ENPG 2024 (Stata 16).dta","OH_5","25",12
"2024","__enpg/Base Publica ENPG 2024 (Stata 16).dta","OH_5","26",1
"2024","__enpg/Base Publica ENPG 2024 (Stata 16).dta","OH_5","28",2
"2024","__enpg/Base Publica ENPG 2024 (Stata 16).dta","OH_5","29",1
"2024","__enpg/Base Publica ENPG 2024 (Stata 16).dta","OH_5","30",104
"2024","__enpg/Base Publica ENPG 2024 (Stata 16).dta","OH_5","88",131
"2024","__enpg/Base Publica ENPG 2024 (Stata 16).dta","OH_5","99",18
"2024","__enpg/Base Publica ENPG 2024 (Stata 16).dta","OH_5",NA,13135
"2024","__enpg/Base Publica ENPG 2024 (Stata 16).dta","OH_6","1",3212
"2024","__enpg/Base Publica ENPG 2024 (Stata 16).dta","OH_6","2",1317
"2024","__enpg/Base Publica ENPG 2024 (Stata 16).dta","OH_6","3",883
"2024","__enpg/Base Publica ENPG 2024 (Stata 16).dta","OH_6","4",97
"2024","__enpg/Base Publica ENPG 2024 (Stata 16).dta","OH_6","88",14
"2024","__enpg/Base Publica ENPG 2024 (Stata 16).dta","OH_6","99",10
"2024","__enpg/Base Publica ENPG 2024 (Stata 16).dta","OH_6",NA,13135
"2024","__enpg/Base Publica ENPG 2024 (Stata 16).dta","OH_7","0",2327
"2024","__enpg/Base Publica ENPG 2024 (Stata 16).dta","OH_7","1",1142
"2024","__enpg/Base Publica ENPG 2024 (Stata 16).dta","OH_7","2",720
"2024","__enpg/Base Publica ENPG 2024 (Stata 16).dta","OH_7","3",297
"2024","__enpg/Base Publica ENPG 2024 (Stata 16).dta","OH_7","4",303
"2024","__enpg/Base Publica ENPG 2024 (Stata 16).dta","OH_7","5",152
"2024","__enpg/Base Publica ENPG 2024 (Stata 16).dta","OH_7","6",99
"2024","__enpg/Base Publica ENPG 2024 (Stata 16).dta","OH_7","7",9
"2024","__enpg/Base Publica ENPG 2024 (Stata 16).dta","OH_7","8",33
"2024","__enpg/Base Publica ENPG 2024 (Stata 16).dta","OH_7","10",48
"2024","__enpg/Base Publica ENPG 2024 (Stata 16).dta","OH_7","12",6
"2024","__enpg/Base Publica ENPG 2024 (Stata 16).dta","OH_7","13",1
"2024","__enpg/Base Publica ENPG 2024 (Stata 16).dta","OH_7","14",4
"2024","__enpg/Base Publica ENPG 2024 (Stata 16).dta","OH_7","15",10
"2024","__enpg/Base Publica ENPG 2024 (Stata 16).dta","OH_7","16",1
"2024","__enpg/Base Publica ENPG 2024 (Stata 16).dta","OH_7","18",1
"2024","__enpg/Base Publica ENPG 2024 (Stata 16).dta","OH_7","20",12
"2024","__enpg/Base Publica ENPG 2024 (Stata 16).dta","OH_7","24",1
"2024","__enpg/Base Publica ENPG 2024 (Stata 16).dta","OH_7","25",3
"2024","__enpg/Base Publica ENPG 2024 (Stata 16).dta","OH_7","28",1
"2024","__enpg/Base Publica ENPG 2024 (Stata 16).dta","OH_7","30",12
"2024","__enpg/Base Publica ENPG 2024 (Stata 16).dta","OH_7","40",2
"2024","__enpg/Base Publica ENPG 2024 (Stata 16).dta","OH_7","88",274
"2024","__enpg/Base Publica ENPG 2024 (Stata 16).dta","OH_7","99",75
"2024","__enpg/Base Publica ENPG 2024 (Stata 16).dta","OH_7",NA,13135
"2024","__enpg/Base Publica ENPG 2024 (Stata 16).dta","OH_8","0",1209
"2024","__enpg/Base Publica ENPG 2024 (Stata 16).dta","OH_8","1",3775
"2024","__enpg/Base Publica ENPG 2024 (Stata 16).dta","OH_8","2",2599
"2024","__enpg/Base Publica ENPG 2024 (Stata 16).dta","OH_8","3",491
"2024","__enpg/Base Publica ENPG 2024 (Stata 16).dta","OH_8","4",183
"2024","__enpg/Base Publica ENPG 2024 (Stata 16).dta","OH_8",NA,10411
"2024","__enpg/Base Publica ENPG 2024 (Stata 16).dta","OH_9","0",5313
"2024","__enpg/Base Publica ENPG 2024 (Stata 16).dta","OH_9","1",2068
"2024","__enpg/Base Publica ENPG 2024 (Stata 16).dta","OH_9","2",677
"2024","__enpg/Base Publica ENPG 2024 (Stata 16).dta","OH_9","3",116
"2024","__enpg/Base Publica ENPG 2024 (Stata 16).dta","OH_9","4",83
"2024","__enpg/Base Publica ENPG 2024 (Stata 16).dta","OH_9",NA,10411
"2024","__enpg/Base Publica ENPG 2024 (Stata 16).dta","OH_10","0",5795
"2024","__enpg/Base Publica ENPG 2024 (Stata 16).dta","OH_10","1",1687
"2024","__enpg/Base Publica ENPG 2024 (Stata 16).dta","OH_10","2",533
"2024","__enpg/Base Publica ENPG 2024 (Stata 16).dta","OH_10","3",204
"2024","__enpg/Base Publica ENPG 2024 (Stata 16).dta","OH_10","4",38
"2024","__enpg/Base Publica ENPG 2024 (Stata 16).dta","OH_10",NA,10411
"2024","__enpg/Base Publica ENPG 2024 (Stata 16).dta","OH_11","0",7475
"2024","__enpg/Base Publica ENPG 2024 (Stata 16).dta","OH_11","1",551
"2024","__enpg/Base Publica ENPG 2024 (Stata 16).dta","OH_11","2",138
"2024","__enpg/Base Publica ENPG 2024 (Stata 16).dta","OH_11","3",59
"2024","__enpg/Base Publica ENPG 2024 (Stata 16).dta","OH_11","4",34
"2024","__enpg/Base Publica ENPG 2024 (Stata 16).dta","OH_11",NA,10411
"2024","__enpg/Base Publica ENPG 2024 (Stata 16).dta","OH_12","0",7624
"2024","__enpg/Base Publica ENPG 2024 (Stata 16).dta","OH_12","1",490
"2024","__enpg/Base Publica ENPG 2024 (Stata 16).dta","OH_12","2",85
"2024","__enpg/Base Publica ENPG 2024 (Stata 16).dta","OH_12","3",41
"2024","__enpg/Base Publica ENPG 2024 (Stata 16).dta","OH_12","4",17
"2024","__enpg/Base Publica ENPG 2024 (Stata 16).dta","OH_12",NA,10411
"2024","__enpg/Base Publica ENPG 2024 (Stata 16).dta","OH_13","0",7826
"2024","__enpg/Base Publica ENPG 2024 (Stata 16).dta","OH_13","1",311
"2024","__enpg/Base Publica ENPG 2024 (Stata 16).dta","OH_13","2",70
"2024","__enpg/Base Publica ENPG 2024 (Stata 16).dta","OH_13","3",30
"2024","__enpg/Base Publica ENPG 2024 (Stata 16).dta","OH_13","4",20
"2024","__enpg/Base Publica ENPG 2024 (Stata 16).dta","OH_13",NA,10411
"2024","__enpg/Base Publica ENPG 2024 (Stata 16).dta","OH_14","0",7530
"2024","__enpg/Base Publica ENPG 2024 (Stata 16).dta","OH_14","1",545
"2024","__enpg/Base Publica ENPG 2024 (Stata 16).dta","OH_14","2",116
"2024","__enpg/Base Publica ENPG 2024 (Stata 16).dta","OH_14","3",37
"2024","__enpg/Base Publica ENPG 2024 (Stata 16).dta","OH_14","4",29
"2024","__enpg/Base Publica ENPG 2024 (Stata 16).dta","OH_14",NA,10411
"2024","__enpg/Base Publica ENPG 2024 (Stata 16).dta","OH_15","0",7650
"2024","__enpg/Base Publica ENPG 2024 (Stata 16).dta","OH_15","1",479
"2024","__enpg/Base Publica ENPG 2024 (Stata 16).dta","OH_15","2",85
"2024","__enpg/Base Publica ENPG 2024 (Stata 16).dta","OH_15","3",27
"2024","__enpg/Base Publica ENPG 2024 (Stata 16).dta","OH_15","4",16
"2024","__enpg/Base Publica ENPG 2024 (Stata 16).dta","OH_15",NA,10411
"2024","__enpg/Base Publica ENPG 2024 (Stata 16).dta","OH_16","0",8058
"2024","__enpg/Base Publica ENPG 2024 (Stata 16).dta","OH_16","2",147
"2024","__enpg/Base Publica ENPG 2024 (Stata 16).dta","OH_16","4",52
"2024","__enpg/Base Publica ENPG 2024 (Stata 16).dta","OH_16",NA,10411
"2024","__enpg/Base Publica ENPG 2024 (Stata 16).dta","OH_17","0",7934
"2024","__enpg/Base Publica ENPG 2024 (Stata 16).dta","OH_17","2",161
"2024","__enpg/Base Publica ENPG 2024 (Stata 16).dta","OH_17","4",162
"2024","__enpg/Base Publica ENPG 2024 (Stata 16).dta","OH_17",NA,10411
"2024","__enpg/Base Publica ENPG 2024 (Stata 16).dta","OH_181","1",967
"2024","__enpg/Base Publica ENPG 2024 (Stata 16).dta","OH_181","2",339
"2024","__enpg/Base Publica ENPG 2024 (Stata 16).dta","OH_181","3",2513
"2024","__enpg/Base Publica ENPG 2024 (Stata 16).dta","OH_181","4",2145
"2024","__enpg/Base Publica ENPG 2024 (Stata 16).dta","OH_181","5",5
"2024","__enpg/Base Publica ENPG 2024 (Stata 16).dta","OH_181","6",109
"2024","__enpg/Base Publica ENPG 2024 (Stata 16).dta","OH_181","7",2179
"2024","__enpg/Base Publica ENPG 2024 (Stata 16).dta","OH_181",NA,10411
"2024","__enpg/Base Publica ENPG 2024 (Stata 16).dta","OH_182","2",239
"2024","__enpg/Base Publica ENPG 2024 (Stata 16).dta","OH_182","3",318
"2024","__enpg/Base Publica ENPG 2024 (Stata 16).dta","OH_182","4",789
"2024","__enpg/Base Publica ENPG 2024 (Stata 16).dta","OH_182","5",10
"2024","__enpg/Base Publica ENPG 2024 (Stata 16).dta","OH_182","6",20
"2024","__enpg/Base Publica ENPG 2024 (Stata 16).dta","OH_182",NA,17292
"2024","__enpg/Base Publica ENPG 2024 (Stata 16).dta","OH_183","3",169
"2024","__enpg/Base Publica ENPG 2024 (Stata 16).dta","OH_183","4",183
"2024","__enpg/Base Publica ENPG 2024 (Stata 16).dta","OH_183","5",5
"2024","__enpg/Base Publica ENPG 2024 (Stata 16).dta","OH_183","6",2
"2024","__enpg/Base Publica ENPG 2024 (Stata 16).dta","OH_183",NA,18309
"2024","__enpg/Base Publica ENPG 2024 (Stata 16).dta","OH_184","4",144
"2024","__enpg/Base Publica ENPG 2024 (Stata 16).dta","OH_184","5",10
"2024","__enpg/Base Publica ENPG 2024 (Stata 16).dta","OH_184","6",2
"2024","__enpg/Base Publica ENPG 2024 (Stata 16).dta","OH_184",NA,18512
"2024","__enpg/Base Publica ENPG 2024 (Stata 16).dta","OH_185","5",34
"2024","__enpg/Base Publica ENPG 2024 (Stata 16).dta","OH_185","6",4
"2024","__enpg/Base Publica ENPG 2024 (Stata 16).dta","OH_185",NA,18630
"2024","__enpg/Base Publica ENPG 2024 (Stata 16).dta","OH_186","6",7
"2024","__enpg/Base Publica ENPG 2024 (Stata 16).dta","OH_186",NA,18661
"2024","__enpg/Base Publica ENPG 2024 (Stata 16).dta","OH_191","1",193
"2024","__enpg/Base Publica ENPG 2024 (Stata 16).dta","OH_191","2",291
"2024","__enpg/Base Publica ENPG 2024 (Stata 16).dta","OH_191","3",70
"2024","__enpg/Base Publica ENPG 2024 (Stata 16).dta","OH_191","4",126
"2024","__enpg/Base Publica ENPG 2024 (Stata 16).dta","OH_191","5",111
"2024","__enpg/Base Publica ENPG 2024 (Stata 16).dta","OH_191","6",184
"2024","__enpg/Base Publica ENPG 2024 (Stata 16).dta","OH_191","7",7282
"2024","__enpg/Base Publica ENPG 2024 (Stata 16).dta","OH_191",NA,10411
"2024","__enpg/Base Publica ENPG 2024 (Stata 16).dta","OH_192","2",42
"2024","__enpg/Base Publica ENPG 2024 (Stata 16).dta","OH_192","3",27
"2024","__enpg/Base Publica ENPG 2024 (Stata 16).dta","OH_192","4",28
"2024","__enpg/Base Publica ENPG 2024 (Stata 16).dta","OH_192","5",16
"2024","__enpg/Base Publica ENPG 2024 (Stata 16).dta","OH_192","6",12
"2024","__enpg/Base Publica ENPG 2024 (Stata 16).dta","OH_192",NA,18543
"2024","__enpg/Base Publica ENPG 2024 (Stata 16).dta","OH_193","3",19
"2024","__enpg/Base Publica ENPG 2024 (Stata 16).dta","OH_193","4",6
"2024","__enpg/Base Publica ENPG 2024 (Stata 16).dta","OH_193","5",8
"2024","__enpg/Base Publica ENPG 2024 (Stata 16).dta","OH_193","6",4
"2024","__enpg/Base Publica ENPG 2024 (Stata 16).dta","OH_193",NA,18631
"2024","__enpg/Base Publica ENPG 2024 (Stata 16).dta","OH_194","4",13
"2024","__enpg/Base Publica ENPG 2024 (Stata 16).dta","OH_194","5",1
"2024","__enpg/Base Publica ENPG 2024 (Stata 16).dta","OH_194",NA,18654
"2024","__enpg/Base Publica ENPG 2024 (Stata 16).dta","OH_195","5",9
"2024","__enpg/Base Publica ENPG 2024 (Stata 16).dta","OH_195",NA,18659
"2024","__enpg/Base Publica ENPG 2024 (Stata 16).dta","OH_196","6",4
"2024","__enpg/Base Publica ENPG 2024 (Stata 16).dta","OH_196",NA,18664
"2024","__enpg/Base Publica ENPG 2024 (Stata 16).dta","OH_20","1",194
"2024","__enpg/Base Publica ENPG 2024 (Stata 16).dta","OH_20","2",8041
"2024","__enpg/Base Publica ENPG 2024 (Stata 16).dta","OH_20","88",5
"2024","__enpg/Base Publica ENPG 2024 (Stata 16).dta","OH_20","99",17
"2024","__enpg/Base Publica ENPG 2024 (Stata 16).dta","OH_20",NA,10411
"2024","__enpg/Base Publica ENPG 2024 (Stata 16).dta","OH_21","1",283
"2024","__enpg/Base Publica ENPG 2024 (Stata 16).dta","OH_21","2",7954
"2024","__enpg/Base Publica ENPG 2024 (Stata 16).dta","OH_21","88",13
"2024","__enpg/Base Publica ENPG 2024 (Stata 16).dta","OH_21","99",7
"2024","__enpg/Base Publica ENPG 2024 (Stata 16).dta","OH_21",NA,10411
"2024","__enpg/Base Publica ENPG 2024 (Stata 16).dta","OH_22","1",238
"2024","__enpg/Base Publica ENPG 2024 (Stata 16).dta","OH_22","2",8002
"2024","__enpg/Base Publica ENPG 2024 (Stata 16).dta","OH_22","88",11
"2024","__enpg/Base Publica ENPG 2024 (Stata 16).dta","OH_22","99",6
"2024","__enpg/Base Publica ENPG 2024 (Stata 16).dta","OH_22",NA,10411
"2024","__enpg/Base Publica ENPG 2024 (Stata 16).dta","OH_23","1",193
"2024","__enpg/Base Publica ENPG 2024 (Stata 16).dta","OH_23","2",8027
"2024","__enpg/Base Publica ENPG 2024 (Stata 16).dta","OH_23","88",28
"2024","__enpg/Base Publica ENPG 2024 (Stata 16).dta","OH_23","99",9
"2024","__enpg/Base Publica ENPG 2024 (Stata 16).dta","OH_23",NA,10411
"2024","__enpg/Base Publica ENPG 2024 (Stata 16).dta","OH_24","1",176
"2024","__enpg/Base Publica ENPG 2024 (Stata 16).dta","OH_24","2",8042
"2024","__enpg/Base Publica ENPG 2024 (Stata 16).dta","OH_24","88",32
"2024","__enpg/Base Publica ENPG 2024 (Stata 16).dta","OH_24","99",7
"2024","__enpg/Base Publica ENPG 2024 (Stata 16).dta","OH_24",NA,10411
"2024","__enpg/Base Publica ENPG 2024 (Stata 16).dta","TRANS_3","1",41
"2024","__enpg/Base Publica ENPG 2024 (Stata 16).dta","TRANS_3","2",137
"2024","__enpg/Base Publica ENPG 2024 (Stata 16).dta","TRANS_3","3",4
"2024","__enpg/Base Publica ENPG 2024 (Stata 16).dta","TRANS_3","4",126
"2024","__enpg/Base Publica ENPG 2024 (Stata 16).dta","TRANS_3","5",57
"2024","__enpg/Base Publica ENPG 2024 (Stata 16).dta","TRANS_3","6",25
"2024","__enpg/Base Publica ENPG 2024 (Stata 16).dta","TRANS_3","7",39
"2024","__enpg/Base Publica ENPG 2024 (Stata 16).dta","TRANS_3","88",2
"2024","__enpg/Base Publica ENPG 2024 (Stata 16).dta","TRANS_3","99",4
"2024","__enpg/Base Publica ENPG 2024 (Stata 16).dta","TRANS_3",NA,18233
"2024","__enpg/Base Publica ENPG 2024 (Stata 16).dta","ANALG_3","1",33
"2024","__enpg/Base Publica ENPG 2024 (Stata 16).dta","ANALG_3","2",49
"2024","__enpg/Base Publica ENPG 2024 (Stata 16).dta","ANALG_3","4",79
"2024","__enpg/Base Publica ENPG 2024 (Stata 16).dta","ANALG_3","5",24
"2024","__enpg/Base Publica ENPG 2024 (Stata 16).dta","ANALG_3","6",18
"2024","__enpg/Base Publica ENPG 2024 (Stata 16).dta","ANALG_3","7",24
"2024","__enpg/Base Publica ENPG 2024 (Stata 16).dta","ANALG_3","99",1
"2024","__enpg/Base Publica ENPG 2024 (Stata 16).dta","ANALG_3",NA,18440
"2024","__enpg/Base Publica ENPG 2024 (Stata 16).dta","TRATA_3","1",38
"2024","__enpg/Base Publica ENPG 2024 (Stata 16).dta","TRATA_3","2",24
"2024","__enpg/Base Publica ENPG 2024 (Stata 16).dta","TRATA_3","3",22
"2024","__enpg/Base Publica ENPG 2024 (Stata 16).dta","TRATA_3",NA,18584
"2024","__enpg/Base Publica ENPG 2024 (Stata 16).dta","TRATA_4","1",68
"2024","__enpg/Base Publica ENPG 2024 (Stata 16).dta","TRATA_4","2",48
"2024","__enpg/Base Publica ENPG 2024 (Stata 16).dta","TRATA_4","3",37
"2024","__enpg/Base Publica ENPG 2024 (Stata 16).dta","TRATA_4","4",18431
"2024","__enpg/Base Publica ENPG 2024 (Stata 16).dta","TRATA_4",NA,84
"2024","__enpg/Base Publica ENPG 2024 (Stata 16).dta","TRATA_5","1",22
"2024","__enpg/Base Publica ENPG 2024 (Stata 16).dta","TRATA_5","2",19
"2024","__enpg/Base Publica ENPG 2024 (Stata 16).dta","TRATA_5","3",18
"2024","__enpg/Base Publica ENPG 2024 (Stata 16).dta","TRATA_5","4",94
"2024","__enpg/Base Publica ENPG 2024 (Stata 16).dta","TRATA_5",NA,18515
"2024","__enpg/Base Publica ENPG 2024 (Stata 16).dta","EB_1","1",303
"2024","__enpg/Base Publica ENPG 2024 (Stata 16).dta","EB_1","2",137
"2024","__enpg/Base Publica ENPG 2024 (Stata 16).dta","EB_1","3",222
"2024","__enpg/Base Publica ENPG 2024 (Stata 16).dta","EB_1","4",17474
"2024","__enpg/Base Publica ENPG 2024 (Stata 16).dta","EB_1","88",417
"2024","__enpg/Base Publica ENPG 2024 (Stata 16).dta","EB_1","99",115
