"year","file","variable","label","codes","n","missing_n","class"
"2008","__enpg/enpg2008.RDS","id","","",17113,0,"character"
"2008","__enpg/enpg2008.RDS","q286","Tipo de vivienda","Tipo 1=1; Tipo 2=2; Tipo 3=3; Tipo 4=4; Tipo 5=5",17113,199,"haven_labelled;vctrs_vctr;double"
"2008","__enpg/enpg2008.RDS","q287","Barrio","Tipo 1=1; Tipo 2=2; Tipo 3=3; Tipo 4=4; Tipo 5=5",17113,220,"haven_labelled;vctrs_vctr;double"
"2008","__enpg/enpg2008.RDS","region","Región","I región=1; II región=2; III región=3; IV región=4; V región=5; VI región=6; VII región=7; VIII región=8; IX región=9; X región=10; XI región=11; XII región=12; Región Metropolitana=13; XIV=14; XV=15",17113,0,"haven_labelled;vctrs_vctr;double"
"2008","__enpg/enpg2008.RDS","area","Codigo de Aréa","Arica=1; Iquique=2; Calama=3; Antofagasta=4; Copiapó=5; Vallenar=6; La Serena=7; Coquimbo=8; Ovalle=9; Los Andes=10; San Felipe=11; Quillota=12; Calera=13; Limache=14; Valparaíso=15; Viña Del Mar=16; Quilpué=17; Villa Alemana=18; San Antonio=19; Rancagua=20; Rengo=21; San Fernando=22; Curicó=23; Talca=24; Constitución=25; Linares=26; Cauquenes=27; Chillán=28; Los Angeles=29; Concepción=30; Talcahuano=31; Penco=32; Tomé=33; Lota=34; Coronel=35; San Pedro De La Paz=36; Curanilahue=37; Chiguayante=38; Angol=39; Temuco=40; Valdivia=41; Osorno=42; Puerto Montt=43; Ancud=44; Coihaique=45; Punta Arenas=46; Santiago=47; Independencia=48; Conchalí=49; Huechuraba=50; Recoleta=51; Providencia=52; Vitacura=53; Lo Barnechea=54; Las Condes=55; Ñuñoa=56; La Reina=57; Macul=58; Peñalolén=59; La Florida=60; San Joaquín=61; La Granja=62; La Pintana=63; San Ramón=64; San Miguel=65; La Cisterna=66; El Bosque=67; Pedro Aguirre Cerda=68; Lo Espejo=69; Estación Central=70; Cerrillos=71; Maipú=72; Quinta Normal=73; Lo Prado=74; Pudahuel=75; Cerro Navia=76; Renca=77; Quilicura=78; Colina=79; Puente Alto=80; San Bernardo=81; Buin=82; Melipilla=83; Talagante=84; Peñaflor=85; Padre Hurtado=86; Aisén=87; Alto Hospicio=88; Concón=89; Hualpén=90; Padre Las Casas=91; Villarrica=92; Castro=93; Paine=94; Lampa=95",17113,0,"haven_labelled;vctrs_vctr;double"
"2008","__enpg/enpg2008.RDS","narea","","Arica=1; Iquique=2; Calama=3; Antofagasta=4; Copiapó=5; Vallenar=6; La Serena=7; Coquimbo=8; Ovalle=9; Los Andes=10; San Felipe=11; Quillota=12; Calera=13; Limache=14; Valparaíso=15; Viña Del Mar=16; Quilpué=17; Villa Alemana=18; San Antonio=19; Rancagua=20; Rengo=21; San Fernando=22; Curicó=23; Talca=24; Constitución=25; Linares=26; Cauquenes=27; Chillán=28; Los Angeles=29; Concepción=30; Talcahuano=31; Penco=32; Tomé=33; Lota=34; Coronel=35; San Pedro De La Paz=36; Curanilahue=37; Chiguayante=38; Angol=39; Temuco=40; Valdivia=41; Osorno=42; Puerto Montt=43; Ancud=44; Coihaique=45; Punta Arenas=46; Santiago=47; Independencia=48; Conchalí=49; Huechuraba=50; Recoleta=51; Providencia=52; Vitacura=53; Lo Barnechea=54; Las Condes=55; Ñuñoa=56; La Reina=57; Macul=58; Peñalolén=59; La Florida=60; San Joaquín=61; La Granja=62; La Pintana=63; San Ramón=64; San Miguel=65; La Cisterna=66; El Bosque=67; Pedro Aguirre Cerda=68; Lo Espejo=69; Estación Central=70; Cerrillos=71; Maipú=72; Quinta Normal=73; Lo Prado=74; Pudahuel=75; Cerro Navia=76; Renca=77; Quilicura=78; Colina=79; Puente Alto=80; San Bernardo=81; Buin=82; Melipilla=83; Talagante=84; Peñaflor=85; Padre Hurtado=86; Aisén=87; Alto Hospicio=88; Concón=89; Hualpén=90; Padre Las Casas=91; Villarrica=92; Castro=93; Paine=94; Lampa=95",17113,0,"haven_labelled;vctrs_vctr;double"
"2008","__enpg/enpg2008.RDS","comuna","Comuna","Arica=1; Iquique=2; Alto Hospicio=3; Calama=4; Antofagasta=5; Copiapo=6; Vallenar=7; La Serena=8; Coquimbo=9; Ovalle=10; Los Andes=11; San Felipe=12; Quillota=13; La Calera=14; Limache=15; Valpo=16; Viña Del Mar=17; Quilpue=18; Villa Alemana=19; San Antonio=20; Con Con=21; Rancagua=22; Rengo=23; San Fdo.=24; Curico=25; Talca=26; Constitucion=27; Linares=28; Cauquenes=29; Chillan=30; Los Angeles=31; Concepción=32; Talcahuano=33; Penco=34; Tome=35; Lota=36; Coronel=37; San Pedro De La Paz=38; Curanilahue=39; Chiguayante=40; Hualpen=41; Temuco=42; Angol=43; Padre Las Casas=44; Valdivia=45; Osorno=46; Puerto Montt=47; Villarica=48; Ancud=49; Castro=50; Coyhaique=51; Aysen=52; Punta Arenas=53; Santiago=54; Independencia=55; Conchali=56; Huechuraba=57; Recoleta=58; Providencia=59; Vitacura=60; Lo Barnechea=61; Las Condes=62; Ñuñoa=63; La Reina=64; Macul=65; Peñalolen=66; La Florida=67; San Joaquin=68; La Granja=69; La Pintana=70; San Ramón=71; San Miguel=72; La Cisterna=73; El Bosque=74; Pac=75; Lo Espejo=76; Est. Central=77; Cerrillos=78; Maipu=79; Quinta Normal=80; Lo Prado=81; Pudahuel=82; Cerro Navia=83; Renca=84; Quilicura=85; Colina=86; Puente Alto=87; San Bdo.=88; Buin=89; Melipilla=90; Talagante=91; Peñaflor=92; Padre Hurtado=93; Lampa=94; Paine=95",17113,0,"haven_labelled;vctrs_vctr;double"
"2008","__enpg/enpg2008.RDS","seccion","","",17113,0,"numeric"
"2008","__enpg/enpg2008.RDS","c_vivienda","Codigo de Vivienda","",17113,0,"numeric"
"2008","__enpg/enpg2008.RDS","q294","Tipo de Encuesta","Sin Reemplazo=1; Con reemplazo=2",17113,0,"haven_labelled;vctrs_vctr;double"
"2008","__enpg/enpg2008.RDS","n_per","Número de personas en hogar","",17113,0,"numeric"
"2008","__enpg/enpg2008.RDS","exp","Factor de expansión","",17113,0,"numeric"
"2008","__enpg/enpg2008.RDS","sexo","Sexo","Hombre=1; Mujer=2",17113,0,"haven_labelled;vctrs_vctr;double"
"2008","__enpg/enpg2008.RDS","edad","Edad","",17113,0,"numeric"
"2008","__enpg/enpg2008.RDS","q1","P.1. Hablando de su salud, ¿Cómo calificaría ud. su estado de salud, en general,","Muy malo=1; Malo=2; Regular=3; Bueno=4; Muy bueno=5; =6; =7; =8; No sabe, no contesta=9",17113,22,"haven_labelled;vctrs_vctr;double"
"2008","__enpg/enpg2008.RDS","q2","P. 2: Durante los últimos 12 meses, ¿Ha sufrido Ud. algún accidente que le haya","Si=1; No=2; =3; =4; =5; =6; =7; =8; No sabe, no contesta=9",17113,31,"haven_labelled;vctrs_vctr;double"
"2008","__enpg/enpg2008.RDS","q3","P. 3: Durante los últimos 12 meses, ¿Ha sufrido Ud. alguna enfermedad por la que","Si=1; No=2; =3; =4; =5; =6; =7; =8; No sabe, no contesta=9",17113,40,"haven_labelled;vctrs_vctr;double"
"2008","__enpg/enpg2008.RDS","q4","P. 4: Y, durante los últimos 12 meses, ¿Ha visitado Ud. a algún profesional de l","Si=1; No=2; =3; =4; =5; =6; =7; =8; No sabe, no contesta=9",17113,109,"haven_labelled;vctrs_vctr;double"
"2008","__enpg/enpg2008.RDS","q5","P. 5: ¿Ha fumado Ud. cigarrillos alguna vez en su vida?","Si=1; No=2; =3; =4; =5; =6; =7; =8; No sabe, no contesta=9",17113,0,"haven_labelled;vctrs_vctr;double"
"2008","__enpg/enpg2008.RDS","q6","P. 6: ¿Cuándo fue la primera vez que Ud. fumó cigarrillos?","Durante los últimos 30 días=1; Hace más de un mes, pero menos de un año=2; Hace más de un año=3; =4; =5; =6; =7; =8; No sabe, no contesta=9",17113,5781,"haven_labelled;vctrs_vctr;double"
"2008","__enpg/enpg2008.RDS","q7","P. 7: ¿Qué edad tenía cuando fumó cigarrillos por primera vez?","",17113,5607,"numeric"
"2008","__enpg/enpg2008.RDS","q8","P. 8: Y, ¿cuándo fue la última vez que Ud. fumó cigarrillos?","Durante los últimos 30 días=1; Hace más de un mes, pero menos de un año=2; Hace más de un año=3; =4; =5; =6; =7; =8; No sabe, no contesta=9",17113,0,"haven_labelled;vctrs_vctr;double"
"2008","__enpg/enpg2008.RDS","q9","P. 9: Piense solamente en los últimos 30 días, ¿cuántos días ha fumado cigarrill","",17113,10382,"numeric"
"2008","__enpg/enpg2008.RDS","q10","P. 10: Y, más o menos, ¿cuántos cigarrillos diarios ha fumado Ud. en estos últim","",17113,10391,"numeric"
"2008","__enpg/enpg2008.RDS","q11","P. 11: Ahora le voy a hacer algunas preguntas acerca del alcohol y drogas. Ud. p","El entrevistado prefiere que le lean las preguntas en voz al=1; El entrevistado prefiere completar el cuestionario por si mi=2; =3; =4; =5; =6; =7; =8; No contesta=9",17113,479,"haven_labelled;vctrs_vctr;double"
"2008","__enpg/enpg2008.RDS","q12","P. 12: ¿Ha tomado Ud. alcohol alguna vez en su vida?","Si=1; No=2; =3; =4; =5; =6; =7; =8; No sabe, no contesta=9",17113,0,"haven_labelled;vctrs_vctr;double"
"2008","__enpg/enpg2008.RDS","q13","P. 13: ¿Cuándo fue la primera vez que Ud. consumió alcohol?","Durante los últimos 30 días=1; Hace más de un mes, pero menos de un año=2; Hace más de un año=3; =4; =5; =6; =7; =8; No sabe, no contesta=9",17113,3299,"haven_labelled;vctrs_vctr;double"
"2008","__enpg/enpg2008.RDS","q14","P. 14: ¿Qué edad tenía cuando consumió alcohol por primera vez?","",17113,3169,"numeric"
"2008","__enpg/enpg2008.RDS","q15","P. 15: Y, ¿cuándo fue la última vez que consumió alcohol?","Durante los últimos 30 días=1; Hace más de un mes, pero menos de un año=2; Hace más de un año=3; =4; =5; =6; =7; =8; No sabe, no contesta=9",17113,0,"haven_labelled;vctrs_vctr;double"
"2008","__enpg/enpg2008.RDS","q16","P. 16: Piense solamente en los últimos 30 días, ¿Cuántos días ha tomado algún ti","",17113,9217,"numeric"
"2008","__enpg/enpg2008.RDS","q17","P. 17: Y, durante los últimos 30 días, ¿Qué tipo de bebida alcoholica tomó con m","Cerveza=1; Vino=2; Licores fuertes=3; =4; =5; =6; =7; =8; No sabe, no contesta=9",17113,9517,"haven_labelled;vctrs_vctr;double"
"2008","__enpg/enpg2008.RDS","q18","P. 18: ¿Qué tan seguido toma usted alguna bebida alcohólica?","Nunca=0; 1 vez al mes o menos=1; 2 a 4 veces al mes=2; 2 a 3 veces a la semana=3; 4 o más veces a la semana=4; =5; =6; =7; =8; No contesta=9",17113,3232,"haven_labelled;vctrs_vctr;double"
"2008","__enpg/enpg2008.RDS","q19","P. 19: ¿Cuántos tragos suele tomar usted en un día típico de consumo de alcohol?","0 - 2 tragos=0; 3 - 4 tragos=1; 5 - 6 tragos=2; 7 - 8 tragos=3; 9 o más tragos=4; =5; =6; =7; =8; No contesta=9",17113,3436,"haven_labelled;vctrs_vctr;double"
"2008","__enpg/enpg2008.RDS","q20","P. 20: ¿Qué tan seguido  toma usted 6 o más tragos en una sola ocasión?","Nunca=0; Menos de 1 vez al mes=1; Mensualmente=2; Semanalmente=3; Todos o casi todos los días=4; =5; =6; =7; =8; No contesta=9",17113,3193,"haven_labelled;vctrs_vctr;double"
"2008","__enpg/enpg2008.RDS","q21","P. 21: ¿Qué tan seguido, en el curso de los últimos 12 meses, usted no pudo para","Nunca=0; Menos de 1 vez al mes=1; Mensualmente=2; Semanalmente=3; Todos o casi todos los días=4; =5; =6; =7; =8; No contesta=9",17113,3190,"haven_labelled;vctrs_vctr;double"
"2008","__enpg/enpg2008.RDS","q22","P. 22: ¿Qué tan seguido, en el curso de los últimos 12 meses, su consumo de alco","Nunca=0; Menos de 1 vez al mes=1; Mensualmente=2; Semanalmente=3; Todos o casi todos los días=4; =5; =6; =7; =8; No contesta=9",17113,3170,"haven_labelled;vctrs_vctr;double"
"2008","__enpg/enpg2008.RDS","q23","P. 23: ¿Qué tan seguido, en el curso de los últimos 12 meses, usted necesitó beb","Nunca=0; Menos de 1 vez al mes=1; Mensualmente=2; Semanalmente=3; Todos o casi todos los días=4; =5; =6; =7; =8; No contesta=9",17113,3188,"haven_labelled;vctrs_vctr;double"
"2008","__enpg/enpg2008.RDS","q24","P. 24: ¿Qué tan seguido, en el curso de los últimos 12 meses, usted tuvo remordi","Nunca=0; Menos de 1 vez al mes=1; Mensualmente=2; Semanalmente=3; Todos o casi todos los días=4; =5; =6; =7; =8; No contesta=9",17113,3184,"haven_labelled;vctrs_vctr;double"
"2008","__enpg/enpg2008.RDS","q25","P. 25: ¿Qué tan seguido, en el curso de los últimos 12 meses, usted no fue capaz","Nunca=0; Menos de 1 vez al mes=1; Mensualmente=2; Semanalmente=3; Todos o casi todos los días=4; =5; =6; =7; =8; No contesta=9",17113,3186,"haven_labelled;vctrs_vctr;double"
"2008","__enpg/enpg2008.RDS","q26","P. 26: ¿Usted o alguna otra persona ha resultado fisicamente herido debido a que","No=0; =1; Si, pero no en el último año=2; =3; Si, en el último año=4; =5; =6; =7; =8; No contesta=9",17113,3183,"haven_labelled;vctrs_vctr;double"
"2008","__enpg/enpg2008.RDS","q27","P. 27: ¿Algún familiar, amigo, médico u otro profesional de la salud ha demostra","No=1; Si, pero no en el último año=2; =3; Si, en el último año=4; =5; =6; =7; =8; No contesta=9",17113,3193,"haven_labelled;vctrs_vctr;double"
"2008","__enpg/enpg2008.RDS","q28","P. 28: ¿Ha tenido algún problema serio en la casa, en el trabajo o donde estudia","Si=1; No=2; =3; =4; =5; =6; =7; =8; No recuerda=9",17113,3166,"haven_labelled;vctrs_vctr;double"
"2008","__enpg/enpg2008.RDS","q29","P. 29: ¿Le ha sucedido que a causa del alcohol se haya expuesto a algún peligro","Si=1; No=2; =3; =4; =5; =6; =7; =8; No recuerda=9",17113,3175,"haven_labelled;vctrs_vctr;double"
"2008","__enpg/enpg2008.RDS","q30","P. 30: ¿Ha hecho algo bajo los efectos del alcohol que pudiera causarle problema","Si=1; No=2; =3; =4; =5; =6; =7; =8; No recuerda=9",17113,3177,"haven_labelled;vctrs_vctr;double"
"2008","__enpg/enpg2008.RDS","q31","P. 31: ¿Ha tenido algún problema con la familia o los amigos a causa del alcohol","Si=1; No=2; =3; =4; =5; =6; =7; =8; No recuerda=9",17113,3180,"haven_labelled;vctrs_vctr;double"
"2008","__enpg/enpg2008.RDS","q32","P. 32: ¿Se ha visto envuelto en alguna pelea a golpes o ha agredido a alguien ba","Si=1; No=2; =3; =4; =5; =6; =7; =8; No recuerda=9",17113,3187,"haven_labelled;vctrs_vctr;double"
"2008","__enpg/enpg2008.RDS","q33","P. 33: ¿Ha probado Ud. marihuana alguna vez en su vida?","Si=1; No=2; =3; =4; =5; =6; =7; =8; No sabe, no contesta=9",17113,0,"haven_labelled;vctrs_vctr;double"
"2008","__enpg/enpg2008.RDS","q34","P. 34: ¿Cuándo fue la primera vez que Ud. consumió marihuana?","Durante los últimos 30 días=1; Hace más de un mes, pero menos de un año=2; Hace más de un año=3; =4; =5; =6; =7; =8; No sabe, no contesta=9",17113,13800,"haven_labelled;vctrs_vctr;double"
"2008","__enpg/enpg2008.RDS","q35","P. 35: ¿Qué edad tenía cuando consumió marihuana por primera vez?","",17113,13750,"numeric"
"2008","__enpg/enpg2008.RDS","q36","P. 36: Y, ¿cuándo fue la última vez que Ud. consumió marihuana?","Durante los últimos 30 días=1; Hace más de un mes, pero menos de un año=2; Hace más de un año=3; =4; =5; =6; =7; =8; No sabe, no contesta=9",17113,0,"haven_labelled;vctrs_vctr;double"
"2008","__enpg/enpg2008.RDS","q37","P. 37: ¿Consumió marihuana para eliminar problemas como éstos o para evitar que","Si=1; No=2; =3; =4; =5; =6; =7; =8; No responde=9",17113,16396,"haven_labelled;vctrs_vctr;double"
"2008","__enpg/enpg2008.RDS","q38","P. 38: Y, ¿ha presentado estos problemas cuando suspendía o disminuía el consumo","Si=1; No=2; =3; =4; =5; =6; =7; =8; No responde=9",17113,16392,"haven_labelled;vctrs_vctr;double"
"2008","__enpg/enpg2008.RDS","q39","P. 39: ¿Ha sentido un deseo tan grande de usar marihuana que no pudo resistir o","Si=1; No=2; =3; =4; =5; =6; =7; =8; No responde=9",17113,16395,"haven_labelled;vctrs_vctr;double"
"2008","__enpg/enpg2008.RDS","q40","P. 40: ¿Ha observado que para obtener el mismo efecto con marihuana ha consumido","Si=1; No=2; =3; =4; =5; =6; =7; =8; No responde=9",17113,16392,"haven_labelled;vctrs_vctr;double"
"2008","__enpg/enpg2008.RDS","q41","P. 41: ¿Ha notado que la misma cantidad de marihuana tiene menos efecto en Ud. q","Si=1; No=2; =3; =4; =5; =6; =7; =8; No responde=9",17113,16393,"haven_labelled;vctrs_vctr;double"
"2008","__enpg/enpg2008.RDS","q42","P. 42: ¿Ha consumido marihuana a pesar de que tenía la intención de no hacerlo?","Si=1; No=2; =3; =4; =5; =6; =7; =8; No responde=9",17113,16391,"haven_labelled;vctrs_vctr;double"
"2008","__enpg/enpg2008.RDS","q43","P. 43: ¿Ha terminado consumiendo marihuana en mayores cantidades de lo que usted","Si=1; No=2; =3; =4; =5; =6; =7; =8; No responde=9",17113,16394,"haven_labelled;vctrs_vctr;double"
"2008","__enpg/enpg2008.RDS","q44","P. 44: ¿Ha dejado de hacer o ha suspendido actividades sociales, laborales o rec","Si=1; No=2; =3; =4; =5; =6; =7; =8; No responde=9",17113,16393,"haven_labelled;vctrs_vctr;double"
"2008","__enpg/enpg2008.RDS","q45","P. 45: ¿Ha dedicado más tiempo que antes a conseguir y consumir marihuana o pasa","Si=1; No=2; =3; =4; =5; =6; =7; =8; No responde=9",17113,16392,"haven_labelled;vctrs_vctr;double"
"2008","__enpg/enpg2008.RDS","q46","P. 46: ¿Ha continuado consumiendo marihuana a pesar de que le ocasione problemas","Si=1; No=2; =3; =4; =5; =6; =7; =8; No responde=9",17113,16394,"haven_labelled;vctrs_vctr;double"
"2008","__enpg/enpg2008.RDS","q47","P. 47: ¿Ha tenido algún problema serio en la casa, en el trabajo o donde estudia","Si=1; No=2; =3; =4; =5; =6; =7; =8; No responde=9",17113,16393,"haven_labelled;vctrs_vctr;double"
"2008","__enpg/enpg2008.RDS","q48","P. 48: ¿Le ha sucedido que a causa de la marihuana se haya expuesto a algún peli","Si=1; No=2; =3; =4; =5; =6; =7; =8; No responde=9",17113,16393,"haven_labelled;vctrs_vctr;double"
"2008","__enpg/enpg2008.RDS","q49","P. 49: ¿Ha hecho algo bajo los efectos de la marihuana que pudiera causarle prob","Si=1; No=2; =3; =4; =5; =6; =7; =8; No responde=9",17113,16393,"haven_labelled;vctrs_vctr;double"
"2008","__enpg/enpg2008.RDS","q50","P. 50: ¿Ha tenido algún problema con la familia o los amigos a causa de la marih","Si=1; No=2; =3; =4; =5; =6; =7; =8; No responde=9",17113,16393,"haven_labelled;vctrs_vctr;double"
"2008","__enpg/enpg2008.RDS","q51","P. 51: ¿Se ha visto envuelto en alguna pelea a golpes o ha agredido a alguien ba","Si=1; No=2; =3; =4; =5; =6; =7; =8; No responde=9",17113,16394,"haven_labelled;vctrs_vctr;double"
"2008","__enpg/enpg2008.RDS","q52","P. 52: Piense solamente en los últimos 30 días, ¿Cuántos días ha consumido marih","",17113,16406,"numeric"
"2008","__enpg/enpg2008.RDS","q53","P. 53: ¿Cuántos cigarrillos de marihuana consume ud. al mes?","",17113,16599,"numeric"
"2008","__enpg/enpg2008.RDS","q54","P. 54: Según lo que usted sabe, ¿cuánto cuesta un cigarro de marihuana?","",17113,16588,"numeric"
"2008","__enpg/enpg2008.RDS","q55","P. 55: ¿Cuánto gastó ud. en marihuana durante los últimos 30 días?","",17113,16623,"numeric"
"2008","__enpg/enpg2008.RDS","q56","P. 56: ¿Ha probado Ud. pasta base alguna vez en su vida?","Si=1; No=2; =3; =4; =5; =6; =7; =8; No sabe, no contesta=9",17113,0,"haven_labelled;vctrs_vctr;double"
"2008","__enpg/enpg2008.RDS","q57","P. 57: ¿Cuándo fue la primera vez que Ud. consumió pasta base?","Durante los últimos 30 días=1; Hace más de un mes, pero menos de un año=2; Hace más de un año=3; =4; =5; =6; =7; =8; No sabe, no contesta=9",17113,16654,"haven_labelled;vctrs_vctr;double"
"2008","__enpg/enpg2008.RDS","q58","P. 58: ¿Qué edad tenía cuando probó pasta base por primera vez?","",17113,16646,"numeric"
"2008","__enpg/enpg2008.RDS","q59","P. 59: Y, ¿cuándo fue la última vez que Ud. consumió pasta base?","Durante los últimos 30 días=1; Hace más de un mes, pero menos de un año=2; Hace más de un año=3; =4; =5; =6; =7; =8; No sabe, no contesta=9",17113,0,"haven_labelled;vctrs_vctr;double"
"2008","__enpg/enpg2008.RDS","q60","P. 60: ¿Consumió pasta base para eliminar problemas como éstos o para evitar que","Si=1; No=2; =3; =4; =5; =6; =7; =8; No responde=9",17113,17017,"haven_labelled;vctrs_vctr;double"
"2008","__enpg/enpg2008.RDS","q61","P. 61: Y, ¿ha presentado estos problemas cuando suspendía o disminuía el consumo","Si=1; No=2; =3; =4; =5; =6; =7; =8; No responde=9",17113,17016,"haven_labelled;vctrs_vctr;double"
"2008","__enpg/enpg2008.RDS","q62","P. 62: ¿Ha sentido un deseo tan grande de usar pasta base que no pudo resistir o","Si=1; No=2; =3; =4; =5; =6; =7; =8; No responde=9",17113,17016,"haven_labelled;vctrs_vctr;double"
"2008","__enpg/enpg2008.RDS","q63","P. 63: ¿Ha observado que para obtener el mismo efecto con pasta base ha consumid","Si=1; No=2; =3; =4; =5; =6; =7; =8; No responde=9",17113,17015,"haven_labelled;vctrs_vctr;double"
"2008","__enpg/enpg2008.RDS","q64","P. 64: ¿Ha notado que la misma cantidad de pasta base tiene menos efecto que ant","Si=1; No=2; =3; =4; =5; =6; =7; =8; No responde=9",17113,17016,"haven_labelled;vctrs_vctr;double"
"2008","__enpg/enpg2008.RDS","q65","P. 65: ¿Ha consumido pasta base a pesar de que tenía la intención de no hacerlo?","Si=1; No=2; =3; =4; =5; =6; =7; =8; No responde=9",17113,17015,"haven_labelled;vctrs_vctr;double"
"2008","__enpg/enpg2008.RDS","q66","P. 66: ¿Ha terminado consumiendo pasta base en mayores cantidades de lo que uste","Si=1; No=2; =3; =4; =5; =6; =7; =8; No responde=9",17113,17016,"haven_labelled;vctrs_vctr;double"
"2008","__enpg/enpg2008.RDS","q67","P. 67: ¿Ha dejado de hacer o ha suspendido actividades sociales, laborales o rec","Si=1; No=2; =3; =4; =5; =6; =7; =8; No responde=9",17113,17015,"haven_labelled;vctrs_vctr;double"
"2008","__enpg/enpg2008.RDS","q68","P. 68: ¿Ha dedicado más tiempo que antes a conseguir y consumir pasta base o pas","Si=1; No=2; =3; =4; =5; =6; =7; =8; No responde=9",17113,17016,"haven_labelled;vctrs_vctr;double"
"2008","__enpg/enpg2008.RDS","q69","P. 69: ¿Ha continuado consumiendo pasta base a pesar de que le ocasione problema","Si=1; No=2; =3; =4; =5; =6; =7; =8; No responde=9",17113,17016,"haven_labelled;vctrs_vctr;double"
"2008","__enpg/enpg2008.RDS","q70","P. 70: ¿Ha tenido algún problema serio en la casa, en el trabajo o donde estudia","Si=1; No=2; =3; =4; =5; =6; =7; =8; No responde=9",17113,17015,"haven_labelled;vctrs_vctr;double"
"2008","__enpg/enpg2008.RDS","q71","P. 71: ¿Le ha sucedido que a causa de la pasta base se haya expuesto a algún pel","Si=1; No=2; =3; =4; =5; =6; =7; =8; No responde=9",17113,17016,"haven_labelled;vctrs_vctr;double"
"2008","__enpg/enpg2008.RDS","q72","P. 72: ¿Ha hecho algo bajo los efectos de la pasta base que pudiera causarle pro","Si=1; No=2; =3; =4; =5; =6; =7; =8; No responde=9",17113,17015,"haven_labelled;vctrs_vctr;double"
"2008","__enpg/enpg2008.RDS","q73","P. 73: ¿Ha tenido algún problema con la familia o los amigos a causa de la pasta","Si=1; No=2; =3; =4; =5; =6; =7; =8; No responde=9",17113,17015,"haven_labelled;vctrs_vctr;double"
"2008","__enpg/enpg2008.RDS","q74","P. 74: ¿Se ha visto envuelto en alguna pelea a golpes o ha agredido a alguien ba","Si=1; No=2; =3; =4; =5; =6; =7; =8; No responde=9",17113,17015,"haven_labelled;vctrs_vctr;double"
"2008","__enpg/enpg2008.RDS","q75","P. 75: Piense solamente en los últimos 30 días, ¿Cuántos días ha consumido pasta","",17113,17020,"numeric"
"2008","__enpg/enpg2008.RDS","q76","P. 76: ¿Cuántos papelillos de pasta base consume ud. al mes?","",17113,17048,"numeric"
"2008","__enpg/enpg2008.RDS","q77","P. 77: Según lo que usted sabe, ¿cuánto cuesta un papelillo de pasta base?","",17113,17048,"numeric"
"2008","__enpg/enpg2008.RDS","q78","P. 78: ¿Cuánto gastó ud. en pasta base durante los últimos 30 días?","",17113,17050,"numeric"
"2008","__enpg/enpg2008.RDS","q79","P. 79: ¿Ha probado Ud. cocaína alguna vez en su vida?","Si=1; No=2; =3; =4; =5; =6; =7; =8; No sabe, no contesta=9",17113,0,"haven_labelled;vctrs_vctr;double"
"2008","__enpg/enpg2008.RDS","q80","P. 80: ¿Cuándo fue la primera vez que Ud. consumió cocaína?","Durante los últimos 30 días=1; Hace más de un mes, pero menos de un año=2; Hace más de un año=3; =4; =5; =6; =7; =8; No sabe, no contesta=9",17113,16383,"haven_labelled;vctrs_vctr;double"
"2008","__enpg/enpg2008.RDS","q81","P. 81: ¿Qué edad tenía cuando probó cocaína por primera vez?","",17113,16370,"numeric"
"2008","__enpg/enpg2008.RDS","q82","P. 82: Y, ¿cuándo fue la última vez que Ud. consumió cocaína?","Durante los últimos 30 días=1; Hace más de un mes, pero menos de un año=2; Hace más de un año=3; =4; =5; =6; =7; =8; No sabe, no contesta=9",17113,0,"haven_labelled;vctrs_vctr;double"
"2008","__enpg/enpg2008.RDS","q83","P. 83: ¿Consumió cocaína para eliminar problemas como éstos o para evitar que se","Si=1; No=2; =3; =4; =5; =6; =7; =8; No responde=9",17113,16975,"haven_labelled;vctrs_vctr;double"
"2008","__enpg/enpg2008.RDS","q84","P. 84: Y, ¿ha presentado estos problemas cuando suspendía o disminuía el consumo","Si=1; No=2; =3; =4; =5; =6; =7; =8; No recuerda=9",17113,16974,"haven_labelled;vctrs_vctr;double"
"2008","__enpg/enpg2008.RDS","q85","P. 85: ¿Ha sentido un deseo tan grande de usar cocaína que no pudo resistir o pe","Si=1; No=2; =3; =4; =5; =6; =7; =8; No recuerda=9",17113,16978,"haven_labelled;vctrs_vctr;double"
"2008","__enpg/enpg2008.RDS","q86","P. 86: ¿Ha observado que para obtener el mismo efecto con cocaína ha consumido m","Si=1; No=2; =3; =4; =5; =6; =7; =8; No responde=9",17113,16974,"haven_labelled;vctrs_vctr;double"
"2008","__enpg/enpg2008.RDS","q87","P. 87: ¿Ha notado que la misma cantidad de cocaína tiene menos efecto que antes?","Si=1; No=2; =3; =4; =5; =6; =7; =8; No responde=9",17113,16974,"haven_labelled;vctrs_vctr;double"
"2008","__enpg/enpg2008.RDS","q88","P. 88: ¿Ha consumido cocaína a pesar de que tenía la intención de no hacerlo?","Si=1; No=2; =3; =4; =5; =6; =7; =8; No responde=9",17113,16974,"haven_labelled;vctrs_vctr;double"
"2008","__enpg/enpg2008.RDS","q89","P. 89: ¿Ha terminado consumiendo cocaína en mayores cantidades de lo que usted p","Si=1; No=2; =3; =4; =5; =6; =7; =8; No responde=9",17113,16975,"haven_labelled;vctrs_vctr;double"
"2008","__enpg/enpg2008.RDS","q90","P. 90: ¿Ha dejado de hacer o ha suspendido actividades sociales, laborales o rec","Si=1; No=2; =3; =4; =5; =6; =7; =8; No responde=9",17113,16974,"haven_labelled;vctrs_vctr;double"
"2008","__enpg/enpg2008.RDS","q91","P. 91: ¿Ha dedicado más tiempo que antes a conseguir y consumir cocaína o pasa m","Si=1; No=2; =3; =4; =5; =6; =7; =8; No responde=9",17113,16974,"haven_labelled;vctrs_vctr;double"
"2008","__enpg/enpg2008.RDS","q92","P. 92: ¿Ha continuado consumiendo cocaína a pesar de que le ocasione problemas d","Si=1; No=2; =3; =4; =5; =6; =7; =8; No responde=9",17113,16976,"haven_labelled;vctrs_vctr;double"
"2008","__enpg/enpg2008.RDS","q93","P. 93: ¿Ha tenido algún problema serio en la casa, en el trabajo o donde estudia","Si=1; No=2; =3; =4; =5; =6; =7; =8; No responde=9",17113,16974,"haven_labelled;vctrs_vctr;double"
"2008","__enpg/enpg2008.RDS","q94","P. 94: ¿Le ha sucedido que a causa de la cocaína se haya expuesto a algún peligr","Si=1; No=2; =3; =4; =5; =6; =7; =8; No responde=9",17113,16974,"haven_labelled;vctrs_vctr;double"
"2008","__enpg/enpg2008.RDS","q95","P. 95: ¿Ha hecho algo bajo los efectos de la cocaína que pudiera causarle proble","Si=1; No=2; =3; =4; =5; =6; =7; =8; No responde=9",17113,16974,"haven_labelled;vctrs_vctr;double"
"2008","__enpg/enpg2008.RDS","q96","P. 96: ¿Ha tenido algún problema con la familia o los amigos a causa de la cocaí","Si=1; No=2; =3; =4; =5; =6; =7; =8; No responde=9",17113,16975,"haven_labelled;vctrs_vctr;double"
"2008","__enpg/enpg2008.RDS","q97","P. 97: ¿Se ha visto envuelto en alguna pelea a golpes o ha agredido a alguien ba","Si=1; No=2; =3; =4; =5; =6; =7; =8; No responde=9",17113,16975,"haven_labelled;vctrs_vctr;double"
"2008","__enpg/enpg2008.RDS","q98","P. 98: Piense solamente en los últimos 30 días, ¿Cuántos días ha consumido cocaí","",17113,16977,"numeric"
"2008","__enpg/enpg2008.RDS","q99","P. 99: ¿Cuántos gramos de cocaína consume ud. al mes?","",17113,17030,"numeric"
"2008","__enpg/enpg2008.RDS","q100","P. 100: Según lo que usted sabe, ¿cuánto cuesta un gramo de cocaína?","",17113,17026,"numeric"
"2008","__enpg/enpg2008.RDS","q101","P. 101: ¿Cuánto gastó ud. en cocaína durante los últimos 30 días?","",17113,0,"numeric"
"2008","__enpg/enpg2008.RDS","q102","P. 102: ¿Ha probado Ud. crack alguna vez en su vida?","Si=1; No=2; =3; =4; =5; =6; =7; =8; No sabe, no contesta=9",17113,0,"haven_labelled;vctrs_vctr;double"
"2008","__enpg/enpg2008.RDS","q103","P. 103: Y, ¿cuándo fue la última vez que Ud. consumió crack?","Durante los últimos 30 días=1; Hace más de un mes, pero menos de un año=2; Hace más de un año=3; =4; =5; =6; =7; =8; No sabe, no contesta=9",17113,0,"haven_labelled;vctrs_vctr;double"
"2008","__enpg/enpg2008.RDS","q104","P. 104: ¿Ha probado Ud. hachís alguna vez en su vida?","Si=1; No=2; =3; =4; =5; =6; =7; =8; No sabe, no contesta=9",17113,0,"haven_labelled;vctrs_vctr;double"
"2008","__enpg/enpg2008.RDS","q105","P. 105: Y, ¿cuándo fue la última vez que Ud. consumió hachís?","Durante los últimos 30 días=1; Hace más de un mes, pero menos de un año=2; Hace más de un año=3; =4; =5; =6; =7; =8; No sabe, no contesta=9",17113,0,"haven_labelled;vctrs_vctr;double"
"2008","__enpg/enpg2008.RDS","q106","P. 106: ¿Ha probado Ud. heroína alguna vez en su vida?","Si=1; No=2; =3; =4; =5; =6; =7; =8; No sabe, no contesta=9",17113,0,"haven_labelled;vctrs_vctr;double"
"2008","__enpg/enpg2008.RDS","q107","P. 107: Y, ¿cuándo fue la última vez que Ud. consumió heroína?","Durante los últimos 30 días=1; Hace más de un mes, pero menos de un año=2; Hace más de un año=3; =4; =5; =6; =7; =8; No sabe, no contesta=9",17113,0,"haven_labelled;vctrs_vctr;double"
"2008","__enpg/enpg2008.RDS","q108","P. 108: ¿Ha probado Ud. extasis o MDMA alguna vez en su vida?","Si=1; No=2; =3; =4; =5; =6; =7; =8; No sabe, no contesta=9",17113,0,"haven_labelled;vctrs_vctr;double"
"2008","__enpg/enpg2008.RDS","q109","P. 109: Y, ¿cuándo fue la última vez que Ud. consumió extasis o MDMA?","Durante los últimos 30 días=1; Hace más de un mes, pero menos de un año=2; Hace más de un año=3; =4; =5; =6; =7; =8; No sabe, no contesta=9",17113,0,"haven_labelled;vctrs_vctr;double"
"2008","__enpg/enpg2008.RDS","q110a","P. 110: ¿Ha probado alguno de los siguientes alucinógenos alguna vez en su vida?","",17113,0,"numeric"
"2008","__enpg/enpg2008.RDS","q110b","P. 112: ¿Ha probado alguno de los siguientes alucinógenos alguna vez en su vida?","",17113,0,"numeric"
"2008","__enpg/enpg2008.RDS","q110c","P. 114: ¿Ha probado alguno de los siguientes alucinógenos alguna vez en su vida?","",17113,0,"numeric"
"2008","__enpg/enpg2008.RDS","q110d","P. 116: ¿Ha probado alguno de los siguientes alucinógenos alguna vez en su vida?","",17113,0,"numeric"
"2008","__enpg/enpg2008.RDS","q110e","P. 118: ¿Ha probado alguno de los siguientes alucinógenos alguna vez en su vida?","",17113,0,"numeric"
"2008","__enpg/enpg2008.RDS","q111","P. 111: Y, ¿cuándo fue la última vez que consumió LSD u otros ácidos?","Durante los últimos 30 días=1; Hace más de un mes pero menos de un año=2; Hace más de un año=3; =4; =5; =6; =7; =8; No sabe, no responde=9",17113,0,"haven_labelled;vctrs_vctr;double"
"2008","__enpg/enpg2008.RDS","q112","P. 113: Y, ¿cuándo fue la última vez que consumió Polvo de Angel?","Durante los últimos 30 días=1; Hace más de un mes pero menos de un año=2; Hace más de un año=3; =4; =5; =6; =7; =8; No sabe, no responde=9",17113,0,"haven_labelled;vctrs_vctr;double"
"2008","__enpg/enpg2008.RDS","q113","P. 115: Y, ¿cuándo fue la última vez que consumió Peyote o San Pedro?","Durante los últimos 30 días=1; Hace más de un mes pero menos de un año=2; Hace más de un año=3; =4; =5; =6; =7; =8; No sabe, no responde=9",17113,0,"haven_labelled;vctrs_vctr;double"
"2008","__enpg/enpg2008.RDS","q114","P. 117: Y, ¿cuándo fue la última vez que consumió Mescalina?","Durante los últimos 30 días=1; Hace más de un mes pero menos de un año=2; Hace más de un año=3; =4; =5; =6; =7; =8; No sabe, no responde=9",17113,0,"haven_labelled;vctrs_vctr;double"
"2008","__enpg/enpg2008.RDS","q115","P. 119: Y, ¿cuándo fue la última vez que consumió Belladona?","Durante los últimos 30 días=1; Hace más de un mes pero menos de un año=2; Hace más de un año=3; =4; =5; =6; =7; =8; No sabe, no responde=9",17113,0,"haven_labelled;vctrs_vctr;double"
"2008","__enpg/enpg2008.RDS","q116a","P. 120: ¿Ha probado alguno de los siguientes inhalantes alguna vez en su vida? -","",17113,0,"numeric"
"2008","__enpg/enpg2008.RDS","q116b","P. 122: ¿Ha probado alguno de los siguientes inhalantes alguna vez en su vida? -","",17113,0,"numeric"
"2008","__enpg/enpg2008.RDS","q116c","P. 124: ¿Ha probado alguno de los siguientes inhalantes alguna vez en su vida? -","",17113,0,"numeric"
"2008","__enpg/enpg2008.RDS","q116d","P. 126: ¿Ha probado alguno de los siguientes inhalantes alguna vez en su vida? -","",17113,0,"numeric"
"2008","__enpg/enpg2008.RDS","q116e","P. 128: ¿Ha probado alguno de los siguientes inhalantes alguna vez en su vida? -","",17113,0,"numeric"
"2008","__enpg/enpg2008.RDS","q116f","P. 130: ¿Ha probado alguno de los siguientes inhalantes alguna vez en su vida? -","",17113,0,"numeric"
"2008","__enpg/enpg2008.RDS","q116g","P. 132: ¿Ha probado alguno de los siguientes inhalantes alguna vez en su vida? -","",17113,0,"numeric"
"2008","__enpg/enpg2008.RDS","q116h","P. 134: ¿Ha probado alguno de los siguientes inhalantes alguna vez en su vida? -","",17113,0,"numeric"
"2008","__enpg/enpg2008.RDS","q116i","P. 136: ¿Ha probado alguno de los siguientes inhalantes alguna vez en su vida? -","",17113,0,"numeric"
"2008","__enpg/enpg2008.RDS","q116j","P. 138: ¿Ha probado alguno de los siguientes inhalantes alguna vez en su vida? -","",17113,0,"numeric"
"2008","__enpg/enpg2008.RDS","q117","P. 121: Y, ¿cuándo fue la última vez que consumió Neoprén?","Durante los últimos 30 días=1; Hace más de un mes pero menos de un año=2; Hace más de un año=3; =4; =5; =6; =7; =8; No sabe, no responde=9",17113,0,"haven_labelled;vctrs_vctr;double"
"2008","__enpg/enpg2008.RDS","q118","P. 123: Y, ¿cuándo fue la última vez que consumió Tolueno?","Durante los últimos 30 días=1; Hace más de un mes pero menos de un año=2; Hace más de un año=3; =4; =5; =6; =7; =8; No sabe, no responde=9",17113,0,"haven_labelled;vctrs_vctr;double"
"2008","__enpg/enpg2008.RDS","q119","P. 125: Y, ¿cuándo fue la última vez que consumió Bencina o Parafina?","Durante los últimos 30 días=1; Hace más de un mes pero menos de un año=2; Hace más de un año=3; =4; =5; =6; =7; =8; No sabe, no responde=9",17113,0,"haven_labelled;vctrs_vctr;double"
"2008","__enpg/enpg2008.RDS","q120","P. 127: Y, ¿cuándo fue la última vez que consumió Eter?","Durante los últimos 30 días=1; Hace más de un mes pero menos de un año=2; Hace más de un año=3; =4; =5; =6; =7; =8; No sabe, no responde=9",17113,0,"haven_labelled;vctrs_vctr;double"
"2008","__enpg/enpg2008.RDS","q121","P. 129: Y, ¿cuándo fue la última vez que consumió Pinturas en spray?","Durante los últimos 30 días=1; Hace más de un mes pero menos de un año=2; Hace más de un año=3; =4; =5; =6; =7; =8; No sabe, no responde=9",17113,0,"haven_labelled;vctrs_vctr;double"
"2008","__enpg/enpg2008.RDS","q122","P. 131: Y, ¿cuándo fue la última vez que consumió Poppers?","Durante los últimos 30 días=1; Hace más de un mes pero menos de un año=2; Hace más de un año=3; =4; =5; =6; =7; =8; No sabe, no responde=9",17113,0,"haven_labelled;vctrs_vctr;double"
"2008","__enpg/enpg2008.RDS","q123","P. 133: Y, ¿cuándo fue la última vez que consumió Acetona?","Durante los últimos 30 días=1; Hace más de un mes pero menos de un año=2; Hace más de un año=3; =4; =5; =6; =7; =8; No sabe, no responde=9",17113,0,"haven_labelled;vctrs_vctr;double"
"2008","__enpg/enpg2008.RDS","q124","P. 135: Y, ¿cuándo fue la última vez que consumió Solventes para extintores?","Durante los últimos 30 días=1; Hace más de un mes pero menos de un año=2; Hace más de un año=3; =4; =5; =6; =7; =8; No sabe, no responde=9",17113,0,"haven_labelled;vctrs_vctr;double"
"2008","__enpg/enpg2008.RDS","q125","P. 137: Y, ¿cuándo fue la última vez que consumió Cloruro de etilo?","Durante los últimos 30 días=1; Hace más de un mes pero menos de un año=2; Hace más de un año=3; =4; =5; =6; =7; =8; No sabe, no responde=9",17113,0,"haven_labelled;vctrs_vctr;double"
"2008","__enpg/enpg2008.RDS","q126","P. 139: Y, ¿cuándo fue la última vez que consumió Desodorantes ambientales?","Durante los últimos 30 días=1; Hace más de un mes pero menos de un año=2; Hace más de un año=3; =4; =5; =6; =7; =8; No sabe, no responde=9",17113,0,"haven_labelled;vctrs_vctr;double"
"2008","__enpg/enpg2008.RDS","q127a","P. 140: ¿Ha probado alguno de los siguientes analgesicos sin receta médica algun","",17113,0,"numeric"
"2008","__enpg/enpg2008.RDS","q127b","P. 142: ¿Ha probado alguno de los siguientes analgesicos sin receta médica algun","",17113,0,"numeric"
"2008","__enpg/enpg2008.RDS","q127c","P. 144: ¿Ha probado alguno de los siguientes analgesicos sin receta médica algun","",17113,0,"numeric"
"2008","__enpg/enpg2008.RDS","q127d","P. 146: ¿Ha probado alguno de los siguientes analgesicos sin receta médica algun","",17113,0,"numeric"
"2008","__enpg/enpg2008.RDS","q127e","P. 148: ¿Ha probado alguno de los siguientes analgesicos sin receta médica algun","",17113,0,"numeric"
"2008","__enpg/enpg2008.RDS","q128","P. 141: Y, ¿cuándo fue la última vez que consumió Codeína?","Durante los últimos 30 días=1; Hace más de un mes pero menos de un año=2; Hace más de un año=3; =4; =5; =6; =7; =8; No sabe, no responde=9",17113,0,"haven_labelled;vctrs_vctr;double"
"2008","__enpg/enpg2008.RDS","q129","P. 143: Y, ¿cuándo fue la última vez que consumió Metadona?","Durante los últimos 30 días=1; Hace más de un mes pero menos de un año=2; Hace más de un año=3; =4; =5; =6; =7; =8; No sabe, no responde=9",17113,0,"haven_labelled;vctrs_vctr;double"
"2008","__enpg/enpg2008.RDS","q130","P. 145: Y, ¿cuándo fue la última vez que consumió Morfina?","Durante los últimos 30 días=1; Hace más de un mes pero menos de un año=2; Hace más de un año=3; =4; =5; =6; =7; =8; No sabe, no responde=9",17113,0,"haven_labelled;vctrs_vctr;double"
"2008","__enpg/enpg2008.RDS","q131","P. 147: Y, ¿cuándo fue la última vez que consumió Petidina?","Durante los últimos 30 días=1; Hace más de un mes pero menos de un año=2; Hace más de un año=3; =4; =5; =6; =7; =8; No sabe, no responde=9",17113,0,"haven_labelled;vctrs_vctr;double"
"2008","__enpg/enpg2008.RDS","q132","P. 149: Y, ¿cuándo fue la última vez que consumió Tramal?","Durante los últimos 30 días=1; Hace más de un mes pero menos de un año=2; Hace más de un año=3; =4; =5; =6; =7; =8; No sabe, no responde=9",17113,0,"haven_labelled;vctrs_vctr;double"
"2008","__enpg/enpg2008.RDS","q133a","P. 150: ¿Ha probado alguno de los siguientes tranquilizantes sin receta médica a","",17113,0,"numeric"
"2008","__enpg/enpg2008.RDS","q133b","P. 152: ¿Ha probado alguno de los siguientes tranquilizantes sin receta médica a","",17113,0,"numeric"
"2008","__enpg/enpg2008.RDS","q133c","P. 154: ¿Ha probado alguno de los siguientes tranquilizantes sin receta médica a","",17113,0,"numeric"
"2008","__enpg/enpg2008.RDS","q133d","P. 156: ¿Ha probado alguno de los siguientes tranquilizantes sin receta médica a","",17113,0,"numeric"
"2008","__enpg/enpg2008.RDS","q133e","P. 158: ¿Ha probado alguno de los siguientes tranquilizantes sin receta médica a","",17113,0,"numeric"
"2008","__enpg/enpg2008.RDS","q133f","P. 160: ¿Ha probado alguno de los siguientes tranquilizantes sin receta médica a","",17113,0,"numeric"
"2008","__enpg/enpg2008.RDS","q133g","P. 162: ¿Ha probado alguno de los siguientes tranquilizantes sin receta médica a","",17113,0,"numeric"
"2008","__enpg/enpg2008.RDS","q133h","P. 164: ¿Ha probado alguno de los siguientes tranquilizantes sin receta médica a","",17113,0,"numeric"
"2008","__enpg/enpg2008.RDS","q133i","P. 166: ¿Ha probado alguno de los siguientes tranquilizantes sin receta médica a","",17113,0,"numeric"
"2008","__enpg/enpg2008.RDS","q133j","P. 168: ¿Ha probado alguno de los siguientes tranquilizantes sin receta médica a","",17113,0,"numeric"
"2008","__enpg/enpg2008.RDS","q134","P. 151: Y, ¿cuándo fue la última vez que consumió Clonazepam, Ravotril o Valpax?","Durante los últimos 30 días=1; Hace más de un mes pero menos de un año=2; Hace más de un año=3; =4; =5; =6; =7; =8; No sabe, no responde=9",17113,0,"haven_labelled;vctrs_vctr;double"
"2008","__enpg/enpg2008.RDS","q135","P. 153: Y, ¿cuándo fue la última vez que consumió Alprazolam, Zotrán o Ativán?","Durante los últimos 30 días=1; Hace más de un mes pero menos de un año=2; Hace más de un año=3; =4; =5; =6; =7; =8; No sabe, no responde=9",17113,0,"haven_labelled;vctrs_vctr;double"
"2008","__enpg/enpg2008.RDS","q136","P. 155: Y, ¿cuándo fue la última vez que consumió Lorazepam o Amparax?","Durante los últimos 30 días=1; Hace más de un mes pero menos de un año=2; Hace más de un año=3; =4; =5; =6; =7; =8; No sabe, no responde=9",17113,0,"haven_labelled;vctrs_vctr;double"
"2008","__enpg/enpg2008.RDS","q137","P. 157: Y, ¿cuándo fue la última vez que consumió Valium o Diazepam?","Durante los últimos 30 días=1; Hace más de un mes pero menos de un año=2; Hace más de un año=3; =4; =5; =6; =7; =8; No sabe, no responde=9",17113,0,"haven_labelled;vctrs_vctr;double"
"2008","__enpg/enpg2008.RDS","q138","P. 159: Y, ¿cuándo fue la última vez que consumió Clorodiacepóxido?","Durante los últimos 30 días=1; Hace más de un mes pero menos de un año=2; Hace más de un año=3; =4; =5; =6; =7; =8; No sabe, no responde=9",17113,0,"haven_labelled;vctrs_vctr;double"
"2008","__enpg/enpg2008.RDS","q139","P. 161: Y, ¿cuándo fue la última vez que consumió Bromacepam?","Durante los últimos 30 días=1; Hace más de un mes pero menos de un año=2; Hace más de un año=3; =4; =5; =6; =7; =8; No sabe, no responde=9",17113,0,"haven_labelled;vctrs_vctr;double"
"2008","__enpg/enpg2008.RDS","q140","P. 163: Y, ¿cuándo fue la última vez que consumió Dormonid o Midazolam?","Durante los últimos 30 días=1; Hace más de un mes pero menos de un año=2; Hace más de un año=3; =4; =5; =6; =7; =8; No sabe, no responde=9",17113,0,"haven_labelled;vctrs_vctr;double"
"2008","__enpg/enpg2008.RDS","q141","P. 165: Y, ¿cuándo fue la última vez que consumió Zopiclona?","Durante los últimos 30 días=1; Hace más de un mes pero menos de un año=2; Hace más de un año=3; =4; =5; =6; =7; =8; No sabe, no responde=9",17113,0,"haven_labelled;vctrs_vctr;double"
"2008","__enpg/enpg2008.RDS","q142","P. 167: Y, ¿cuándo fue la última vez que consumió Zolpidem o Sommo?","Durante los últimos 30 días=1; Hace más de un mes pero menos de un año=2; Hace más de un año=3; =4; =5; =6; =7; =8; No sabe, no responde=9",17113,0,"haven_labelled;vctrs_vctr;double"
"2008","__enpg/enpg2008.RDS","q143","P. 169: Y, ¿cuándo fue la última vez que consumió Flunitrazepam o Rohypnol?","Durante los últimos 30 días=1; Hace más de un mes pero menos de un año=2; Hace más de un año=3; =4; =5; =6; =7; =8; No sabe, no responde=9",17113,0,"haven_labelled;vctrs_vctr;double"
"2008","__enpg/enpg2008.RDS","q144a","P. 170: ¿Ha probado alguno de los siguientes estimulantes sin receta médica algu","",17113,0,"numeric"
"2008","__enpg/enpg2008.RDS","q144b","P. 172: ¿Ha probado alguno de los siguientes estimulantes sin receta médica algu","",17113,0,"numeric"
"2008","__enpg/enpg2008.RDS","q144c","P. 174: ¿Ha probado alguno de los siguientes estimulantes sin receta médica algu","",17113,0,"numeric"
"2008","__enpg/enpg2008.RDS","q144d","P. 176: ¿Ha probado alguno de los siguientes estimulantes sin receta médica algu","",17113,0,"numeric"
"2008","__enpg/enpg2008.RDS","q144e","P. 178: ¿Ha probado alguno de los siguientes estimulantes sin receta médica algu","",17113,0,"numeric"
"2008","__enpg/enpg2008.RDS","q144f","P. 180: ¿Ha probado alguno de los siguientes estimulantes sin receta médica algu","",17113,0,"numeric"
"2008","__enpg/enpg2008.RDS","q144g","P. 182: ¿Ha probado alguno de los siguientes estimulantes sin receta médica algu","",17113,0,"numeric"
"2008","__enpg/enpg2008.RDS","q145","P. 171: Y, ¿cuándo fue la última vez que consumió Anfetaminas?","Durante los últimos 30 días=1; Hace más de un mes pero menos de un año=2; Hace más de un año=3; =4; =5; =6; =7; =8; No sabe, no responde=9",17113,0,"haven_labelled;vctrs_vctr;double"
"2008","__enpg/enpg2008.RDS","q146","P. 173: Y, ¿cuándo fue la última vez que consumió Ritalín, Metilfenidato o Ritro","Durante los últimos 30 días=1; Hace más de un mes pero menos de un año=2; Hace más de un año=3; =4; =5; =6; =7; =8; No sabe, no responde=9",17113,0,"haven_labelled;vctrs_vctr;double"
"2008","__enpg/enpg2008.RDS","q147","P. 175: Y, ¿cuándo fue la última vez que consumió Cylert o Pemolina?","Durante los últimos 30 días=1; Hace más de un mes pero menos de un año=2; Hace más de un año=3; =4; =5; =6; =7; =8; No sabe, no responde=9",17113,0,"haven_labelled;vctrs_vctr;double"
"2008","__enpg/enpg2008.RDS","q148","P. 177: Y, ¿cuándo fue la última vez que consumió Cidrín?","Durante los últimos 30 días=1; Hace más de un mes pero menos de un año=2; Hace más de un año=3; =4; =5; =6; =7; =8; No sabe, no responde=9",17113,0,"haven_labelled;vctrs_vctr;double"
"2008","__enpg/enpg2008.RDS","q149","P. 179: Y, ¿cuándo fue la última vez que consumió Escandil?","Durante los últimos 30 días=1; Hace más de un mes pero menos de un año=2; Hace más de un año=3; =4; =5; =6; =7; =8; No sabe, no responde=9",17113,0,"haven_labelled;vctrs_vctr;double"
"2008","__enpg/enpg2008.RDS","q150","P. 181: Y, ¿cuándo fue la última vez que consumió Fenproporex?","Durante los últimos 30 días=1; Hace más de un mes pero menos de un año=2; Hace más de un año=3; =4; =5; =6; =7; =8; No sabe, no responde=9",17113,0,"haven_labelled;vctrs_vctr;double"
"2008","__enpg/enpg2008.RDS","q151","P. 183: Y, ¿cuándo fue la última vez que consumió Anfepramona?","Durante los últimos 30 días=1; Hace más de un mes pero menos de un año=2; Hace más de un año=3; =4; =5; =6; =7; =8; No sabe, no responde=9",17113,0,"haven_labelled;vctrs_vctr;double"
"2008","__enpg/enpg2008.RDS","q152a","P. 184: ¿Ha probado alguno de los siguientes medicamentos sin receta médica algu","",17113,0,"numeric"
"2008","__enpg/enpg2008.RDS","q152b","P. 186: ¿Ha probado alguno de los siguientes medicamentos sin receta médica algu","",17113,0,"numeric"
"2008","__enpg/enpg2008.RDS","q152c","P. 188: ¿Ha probado alguno de los siguientes medicamentos sin receta médica algu","",17113,0,"numeric"
"2008","__enpg/enpg2008.RDS","q152d","P. 190: ¿Ha probado alguno de los siguientes medicamentos sin receta médica algu","",17113,0,"numeric"
"2008","__enpg/enpg2008.RDS","q152e","P. 192: ¿Ha probado alguno de los siguientes medicamentos sin receta médica algu","",17113,0,"numeric"
"2008","__enpg/enpg2008.RDS","q152f","P. 194: ¿Ha probado alguno de los siguientes medicamentos sin receta médica algu","",17113,0,"numeric"
"2008","__enpg/enpg2008.RDS","q152g","P. 196: ¿Ha probado alguno de los siguientes medicamentos sin receta médica algu","",17113,0,"numeric"
"2008","__enpg/enpg2008.RDS","q152h","P. 198: ¿Ha probado alguno de los siguientes medicamentos sin receta médica algu","",17113,0,"numeric"
"2008","__enpg/enpg2008.RDS","q153","P. 185: Y, ¿cuándo fue la última vez que consumió Fluoxetina, Pragmaten o Sostac","Durante los últimos 30 días=1; Hace más de un mes pero menos de un año=2; Hace más de un año=3; =4; =5; =6; =7; =8; No sabe, no responde=9",17113,0,"haven_labelled;vctrs_vctr;double"
"2008","__enpg/enpg2008.RDS","q154","P. 187: Y, ¿cuándo fue la última vez que consumió Sedantol?","Durante los últimos 30 días=1; Hace más de un mes pero menos de un año=2; Hace más de un año=3; =4; =5; =6; =7; =8; No sabe, no responde=9",17113,0,"haven_labelled;vctrs_vctr;double"
"2008","__enpg/enpg2008.RDS","q155","P. 189: Y, ¿cuándo fue la última vez que consumió Clormezanona?","Durante los últimos 30 días=1; Hace más de un mes pero menos de un año=2; Hace más de un año=3; =4; =5; =6; =7; =8; No sabe, no responde=9",17113,0,"haven_labelled;vctrs_vctr;double"
"2008","__enpg/enpg2008.RDS","q156","P. 191: Y, ¿cuándo fue la última vez que consumió Dietilpropión?","Durante los últimos 30 días=1; Hace más de un mes pero menos de un año=2; Hace más de un año=3; =4; =5; =6; =7; =8; No sabe, no responde=9",17113,0,"haven_labelled;vctrs_vctr;double"
"2008","__enpg/enpg2008.RDS","q157","P. 193: Y, ¿cuándo fue la última vez que consumió Sibutramina?","Durante los últimos 30 días=1; Hace más de un mes pero menos de un año=2; Hace más de un año=3; =4; =5; =6; =7; =8; No sabe, no responde=9",17113,0,"haven_labelled;vctrs_vctr;double"
"2008","__enpg/enpg2008.RDS","q158","P. 195: Y, ¿cuándo fue la última vez que consumió Ipnopen?","Durante los últimos 30 días=1; Hace más de un mes pero menos de un año=2; Hace más de un año=3; =4; =5; =6; =7; =8; No sabe, no responde=9",17113,0,"haven_labelled;vctrs_vctr;double"
"2008","__enpg/enpg2008.RDS","q159","P. 197: Y, ¿cuándo fue la última vez que consumió Adax?","Durante los últimos 30 días=1; Hace más de un mes pero menos de un año=2; Hace más de un año=3; =4; =5; =6; =7; =8; No sabe, no responde=9",17113,0,"haven_labelled;vctrs_vctr;double"
"2008","__enpg/enpg2008.RDS","q160","P. 199: Y, ¿cuándo fue la última vez que consumió Codetol, Tusigen, Sedopec o To","Durante los últimos 30 días=1; Hace más de un mes pero menos de un año=2; Hace más de un año=3; =4; =5; =6; =7; =8; No sabe, no responde=9",17113,0,"haven_labelled;vctrs_vctr;double"
"2008","__enpg/enpg2008.RDS","q161","P. 200: ¿Ha probado Ud. Tonaril sin receta médica alguna vez en su vida?","Si=1; No=2; =3; =4; =5; =6; =7; =8; No sabe, no contesta=9",17113,0,"haven_labelled;vctrs_vctr;double"
"2008","__enpg/enpg2008.RDS","q162","P. 201: ¿Ha probado Ud. Ketamina alguna vez en su vida?","Si=1; No=2; =3; =4; =5; =6; =7; =8; No sabe, no contesta=9",17113,0,"haven_labelled;vctrs_vctr;double"
"2008","__enpg/enpg2008.RDS","q163a","P. 202: ¿Alguna vez en su vida se ha inyectado alguna de las siguientes sustanci","",17113,0,"numeric"
"2008","__enpg/enpg2008.RDS","q163b","P. 204: ¿Alguna vez en su vida se ha inyectado alguna de las siguientes sustanci","",17113,0,"numeric"
"2008","__enpg/enpg2008.RDS","q163c","P. 206: ¿Alguna vez en su vida se ha inyectado alguna de las siguientes sustanci","",17113,0,"numeric"
"2008","__enpg/enpg2008.RDS","q163d","P. 208: ¿Alguna vez en su vida se ha inyectado alguna de las siguientes sustanci","",17113,0,"numeric"
"2008","__enpg/enpg2008.RDS","q163e","P. 210: ¿Alguna vez en su vida se ha inyectado alguna de las siguientes sustanci","",17113,0,"numeric"
"2008","__enpg/enpg2008.RDS","q164","P. 203: Y, ¿Cuándo fue la última vez que se inyectó Alcohol?","Durante los últimos 30 días=1; Hace más de un mes pero menos de un año=2; Hace más de un año=3; =4; =5; =6; =7; =8; No sabe, no contesta=9",17113,0,"haven_labelled;vctrs_vctr;double"
"2008","__enpg/enpg2008.RDS","q165","P. 205: Y, ¿Cuándo fue la última vez que se inyectó Cocaína?","Durante los últimos 30 días=1; Hace más de un mes pero menos de un año=2; Hace más de un año=3; =4; =5; =6; =7; =8; No sabe, no contesta=9",17113,0,"haven_labelled;vctrs_vctr;double"
"2008","__enpg/enpg2008.RDS","q166","P. 207: Y, ¿Cuándo fue la última vez que se inyectó Anfetaminas?","Durante los últimos 30 días=1; Hace más de un mes pero menos de un año=2; Hace más de un año=3; =4; =5; =6; =7; =8; No sabe, no contesta=9",17113,0,"haven_labelled;vctrs_vctr;double"
"2008","__enpg/enpg2008.RDS","q167","P. 209: Y, ¿Cuándo fue la última vez que se inyectó Heroína?","Durante los últimos 30 días=1; Hace más de un mes pero menos de un año=2; Hace más de un año=3; =4; =5; =6; =7; =8; No sabe, no contesta=9",17113,0,"haven_labelled;vctrs_vctr;double"
"2008","__enpg/enpg2008.RDS","q168","P. 211: Y, ¿Cuándo fue la última vez que se inyectó Morfina, Petidina o similare","Durante los últimos 30 días=1; Hace más de un mes pero menos de un año=2; Hace más de un año=3; =4; =5; =6; =7; =8; No sabe, no contesta=9",17113,0,"haven_labelled;vctrs_vctr;double"
"2008","__enpg/enpg2008.RDS","q169","P. 212: ¿Ha recibido Ud. alguna vez en su vida algún tipo de tratamiento por el","Si=1; No=2; =3; =4; =5; =6; =7; =8; No sabe, no contesta=9",17113,0,"haven_labelled;vctrs_vctr;double"
"2008","__enpg/enpg2008.RDS","q170","P. 213: Y, ¿Durante los últimos 12 meses ha recibido algún tratamiento por el co","Si=1; No=2; =3; =4; =5; =6; =7; =8; No sabe, no contesta=9",17113,0,"haven_labelled;vctrs_vctr;double"
"2008","__enpg/enpg2008.RDS","q171","P. 214: Este tratamiento que Ud. recibió fué sólo por consumo de alcohol, sólo p","Sólo alcohol=1; Sólo drogas=2; Alcohol y drogas=3; =4; =5; =6; =7; =8; No sabe, no contesta=9",17113,0,"haven_labelled;vctrs_vctr;double"
"2008","__enpg/enpg2008.RDS","q172","P. 215: Pensando en esta última vez que estuvo en tratamiento para dejar de cons","Estuvo interno en un centro de rehabilitación o comunidad te=1; Iba a un centro ambulatorio de salud o de rehabilitación=2; Iba a una consulta privada=3; Iba a un grupo de autoayuda como alcohólicos anónimos=4; Otra situación=5",17113,0,"haven_labelled;vctrs_vctr;double"
"2008","__enpg/enpg2008.RDS","q173","P. 216: ¿Cuánto tiempo estuvo en este último tratamiento de drogas o alcohol?","",17113,0,"numeric"
"2008","__enpg/enpg2008.RDS","q174","P. 217: Durante los últimos 12 meses, ¿Ha sentido la necesidad de recibir algún","Si=1; No=2; =3; =4; =5; =6; =7; =8; No sabe, no contesta=9",17113,0,"haven_labelled;vctrs_vctr;double"
"2008","__enpg/enpg2008.RDS","q175","P. 218: Durante los últimos 12 meses, ¿Ha sentido la necesidad de recibir algún","Si=1; No=2; =3; =4; =5; =6; =7; =8; No sabe, no contesta=9",17113,0,"haven_labelled;vctrs_vctr;double"
"2008","__enpg/enpg2008.RDS","q176","P. 219: Durante los últimos 12 meses, ¿Ha sido ud. detenido a causa del consumo","Si, por alcohol y drogas=1; Si, por drogas=2; Si, por alcohol=3; No=4; =5; =6; =7; =8; No sabe, no contesta=9",17113,0,"haven_labelled;vctrs_vctr;double"
"2008","__enpg/enpg2008.RDS","q177","P. 220: Durante los últimos 12 meses, ¿Ha sido ud. detenido por porte o tráfico","Si, por alcohol y drogas=1; Si, por drogas=2; Si, por alcohol=3; No=4; =5; =6; =7; =8; No sabe, no contesta=9",17113,0,"haven_labelled;vctrs_vctr;double"
"2008","__enpg/enpg2008.RDS","q178","P. 221: ¿Ha faltado al trabajo, a la universidad o al colegio a causa de malesta","Si, por alcohol y drogas=1; Si, por drogas=2; Si, por alcohol=3; No=4; =5; =6; =7; =8; No sabe, no contesta=9",17113,0,"haven_labelled;vctrs_vctr;double"
"2008","__enpg/enpg2008.RDS","q179","P. 222: ¿Ha sido despedido de su trabajo o ha tenido que abandonar la universida","Si, por alcohol y drogas=1; Si, por drogas=2; Si, por alcohol=3; No=4; =5; =6; =7; =8; No sabe, no contesta=9",17113,0,"haven_labelled;vctrs_vctr;double"
"2008","__enpg/enpg2008.RDS","q180","P. 223: ¿Ha tenido que acudir de urgencia a algún consultorio, hospital o clínic","Si, por alcohol y drogas=1; Si, por drogas=2; Si, por alcohol=3; No=4; =5; =6; =7; =8; No sabe, no contesta=9",17113,0,"haven_labelled;vctrs_vctr;double"
"2008","__enpg/enpg2008.RDS","q181","P. 224: ¿Ha sufrido algún accidente de tránsito o algún accidente laboral o domé","Si, por alcohol y drogas=1; Si, por drogas=2; Si, por alcohol=3; No=4; =5; =6; =7; =8; No sabe, no contesta=9",17113,0,"haven_labelled;vctrs_vctr;double"
"2008","__enpg/enpg2008.RDS","q182","P. 225: ¿Ha tenido que endeudarse más de la cuenta o vender algo de cierta impor","Si, por alcohol y drogas=1; Si, por drogas=2; Si, por alcohol=3; No=4; =5; =6; =7; =8; No sabe, no contesta=9",17113,0,"haven_labelled;vctrs_vctr;double"
"2008","__enpg/enpg2008.RDS","q183","P. 226: ¿Ha tenido que irse de la casa, enfrentar alguna ruptura conyugal o sepa","Si, por alcohol y drogas=1; Si, por drogas=2; Si, por alcohol=3; No=4; =5; =6; =7; =8; No sabe, no contesta=9",17113,0,"haven_labelled;vctrs_vctr;double"
"2008","__enpg/enpg2008.RDS","q184","P. 227: ¿Ha sido víctima de algún robo o asalto por alguien que obstensiblemente","Si, por alcohol y drogas=1; Si, por drogas=2; Si, por alcohol=3; No=4; =5; =6; =7; =8; No sabe, no contesta=9",17113,0,"haven_labelled;vctrs_vctr;double"
"2008","__enpg/enpg2008.RDS","q185","P. 228: ¿Ha sido intimidado, amenazado, abofeteado, empujado, pateado, arrastrad","Si, por alcohol y drogas=1; Si, por drogas=2; Si, por alcohol=3; No=4; =5; =6; =7; =8; No sabe, no contesta=9",17113,0,"haven_labelled;vctrs_vctr;double"
"2008","__enpg/enpg2008.RDS","q186","P. 229: ¿Ha sido intimidado(a) o forzado(a) sexualmente por alguien o ha sido ob","Si, por alcohol y drogas=1; Si, por drogas=2; Si, por alcohol=3; No=4; =5; =6; =7; =8; No sabe, no contesta=9",17113,0,"haven_labelled;vctrs_vctr;double"
"2008","__enpg/enpg2008.RDS","q187","P. 230. a: ¿Cuál cree Ud. que es el riesgo que corre una persona que hace alguna","Ningún riesgo=1; Riesgo leve=2; Riesgo moderado=3; Riesgo grande=4; No sabe=5; =6; =7; =8; No contesta=9",17113,0,"haven_labelled;vctrs_vctr;double"
"2008","__enpg/enpg2008.RDS","q188","P. 230. b: ¿Cuál cree Ud. que es el riesgo que corre una persona que hace alguna","Ningún riesgo=1; Riesgo leve=2; Riesgo moderado=3; Riesgo grande=4; No sabe=5; =6; =7; =8; No contesta=9",17113,0,"haven_labelled;vctrs_vctr;double"
"2008","__enpg/enpg2008.RDS","q189","P. 230. c: ¿Cuál cree Ud. que es el riesgo que corre una persona que hace alguna","Ningún riesgo=1; Riesgo leve=2; Riesgo moderado=3; Riesgo grande=4; No sabe=5; =6; =7; =8; No contesta=9",17113,0,"haven_labelled;vctrs_vctr;double"
"2008","__enpg/enpg2008.RDS","q190","P. 230. d: ¿Cuál cree Ud. que es el riesgo que corre una persona que hace alguna","Ningún riesgo=1; Riesgo leve=2; Riesgo moderado=3; Riesgo grande=4; No sabe=5; =6; =7; =8; No contesta=9",17113,0,"haven_labelled;vctrs_vctr;double"
"2008","__enpg/enpg2008.RDS","q191","P. 230. e: ¿Cuál cree Ud. que es el riesgo que corre una persona que hace alguna","Ningún riesgo=1; Riesgo leve=2; Riesgo moderado=3; Riesgo grande=4; No sabe=5; =6; =7; =8; No contesta=9",17113,0,"haven_labelled;vctrs_vctr;double"
"2008","__enpg/enpg2008.RDS","q192","P. 230. f: ¿Cuál cree Ud. que es el riesgo que corre una persona que hace alguna","Ningún riesgo=1; Riesgo leve=2; Riesgo moderado=3; Riesgo grande=4; No sabe=5; =6; =7; =8; No contesta=9",17113,0,"haven_labelled;vctrs_vctr;double"
"2008","__enpg/enpg2008.RDS","q193","P. 230. g: ¿Cuál cree Ud. que es el riesgo que corre una persona que hace alguna","Ningún riesgo=1; Riesgo leve=2; Riesgo moderado=3; Riesgo grande=4; No sabe=5; =6; =7; =8; No contesta=9",17113,0,"haven_labelled;vctrs_vctr;double"
"2008","__enpg/enpg2008.RDS","q194","P. 230. h: ¿Cuál cree Ud. que es el riesgo que corre una persona que hace alguna","Ningún riesgo=1; Riesgo leve=2; Riesgo moderado=3; Riesgo grande=4; No sabe=5; =6; =7; =8; No contesta=9",17113,0,"haven_labelled;vctrs_vctr;double"
"2008","__enpg/enpg2008.RDS","q195","P. 230. i: ¿Cuál cree Ud. que es el riesgo que corre una persona que hace alguna","Ningún riesgo=1; Riesgo leve=2; Riesgo moderado=3; Riesgo grande=4; No sabe=5; =6; =7; =8; No contesta=9",17113,0,"haven_labelled;vctrs_vctr;double"
"2008","__enpg/enpg2008.RDS","q196","P. 231: En su casa y hasta donde Ud. conoce, ¿alguien tiene el hábito de fumar d","Si=1; No=2; No sabe=3; No contesta=4",17113,0,"haven_labelled;vctrs_vctr;double"
"2008","__enpg/enpg2008.RDS","q197","P. 232: En su casa y hasta donde Ud. conoce, ¿alguien tiene costumbre de tomar a","Si=1; No=2; No sabe=3; No contesta=4",17113,0,"haven_labelled;vctrs_vctr;double"
"2008","__enpg/enpg2008.RDS","q198","P. 233. a: En su casa y hasta donde Ud. conoce, ¿alguien usa o consume marihuana","Si=1; No=2; No sabe, no contesta=3",17113,0,"haven_labelled;vctrs_vctr;double"
"2008","__enpg/enpg2008.RDS","q199","P. 233. b: En su casa y hasta donde Ud. conoce, ¿alguien usa o consume cocaína?","Si=1; No=2; No sabe, no contesta=3",17113,0,"haven_labelled;vctrs_vctr;double"
"2008","__enpg/enpg2008.RDS","q200","P. 233. c: En su casa y hasta donde Ud. conoce, ¿alguien usa o consume pasta bas","Si=1; No=2; No sabe, no contesta=3",17113,0,"haven_labelled;vctrs_vctr;double"
"2008","__enpg/enpg2008.RDS","q201","P. 234. a: Y, hasta donde Ud. conoce, ¿alguno de sus amigos cercanos, o sea, aqu","Si=1; No=2; No sabe, no contesta=3",17113,0,"haven_labelled;vctrs_vctr;double"
"2008","__enpg/enpg2008.RDS","q202","P. 234. b: Y, hasta donde Ud. conoce, ¿alguno de sus amigos cercanos, o sea, aqu","Si=1; No=2; No sabe, no contesta=3",17113,0,"haven_labelled;vctrs_vctr;double"
"2008","__enpg/enpg2008.RDS","q203","P. 234. c: Y, hasta donde Ud. conoce, ¿alguno de sus amigos cercanos, o sea, aqu","Si=1; No=2; No sabe, no contesta=3",17113,0,"haven_labelled;vctrs_vctr;double"
"2008","__enpg/enpg2008.RDS","q204","P. 235. a: Hasta donde Ud, conoce, ¿cuánto hay de las siguientes cosas en su bar","Mucho=1; Bastante=2; Algo=3; Poco o nada=4; No sabe, no contesta=5",17113,0,"haven_labelled;vctrs_vctr;double"
"2008","__enpg/enpg2008.RDS","q205","P. 235. b: Hasta donde Ud, conoce, ¿cuánto hay de las siguientes cosas en su bar","Mucho=1; Bastante=2; Algo=3; Poco o nada=4; No sabe, no contesta=5",17113,0,"haven_labelled;vctrs_vctr;double"
"2008","__enpg/enpg2008.RDS","q206","P. 235. c: Hasta donde Ud, conoce, ¿cuánto hay de las siguientes cosas en su bar","Mucho=1; Bastante=2; Algo=3; Poco o nada=4; No sabe, no contesta=5",17113,0,"haven_labelled;vctrs_vctr;double"
"2008","__enpg/enpg2008.RDS","q207","P. 235. d: Hasta donde Ud, conoce, ¿cuánto hay de las siguientes cosas en su bar","Mucho=1; Bastante=2; Algo=3; Poco o nada=4; No sabe, no contesta=5",17113,0,"haven_labelled;vctrs_vctr;double"
"2008","__enpg/enpg2008.RDS","q208","P. 235. e: Hasta donde Ud, conoce, ¿cuánto hay de las siguientes cosas en su bar","Mucho=1; Bastante=2; Algo=3; Poco o nada=4; No sabe, no contesta=5",17113,0,"haven_labelled;vctrs_vctr;double"
"2008","__enpg/enpg2008.RDS","q209","P. 235. f: Hasta donde Ud, conoce, ¿cuánto hay de las siguientes cosas en su bar","Mucho=1; Bastante=2; Algo=3; Poco o nada=4; No sabe, no contesta=5",17113,0,"haven_labelled;vctrs_vctr;double"
"2008","__enpg/enpg2008.RDS","q210","P. 235. g: Hasta donde Ud, conoce, ¿cuánto hay de las siguientes cosas en su bar","Mucho=1; Bastante=2; Algo=3; Poco o nada=4; No sabe, no contesta=5",17113,0,"haven_labelled;vctrs_vctr;double"
"2008","__enpg/enpg2008.RDS","q211","P. 236: ¿Cómo calificaría el consumo de drogas en su barrio o sector?","Grave=1; Leve=2; No existe=3; No sabe=4; =5; No contesta=6",17113,0,"haven_labelled;vctrs_vctr;double"
"2008","__enpg/enpg2008.RDS","q212","P. 237: ¿Sabe Ud. si hay lugares, pasajes, calles o zonas dentro de su barrio do","Si=1; No=2; No sabe=3; No contesta=4",17113,0,"haven_labelled;vctrs_vctr;double"
"2008","__enpg/enpg2008.RDS","q213","P. 238. a: ¿Cuán difícil le sería conseguir marihuana?","Me sería fácil=1; Me sería difícil=2; No podría conseguir=3; No sabe=4; =5; =6; =7; =8; No contesta=9",17113,0,"haven_labelled;vctrs_vctr;double"
"2008","__enpg/enpg2008.RDS","q214","P. 238. b: ¿Cuán difícil le sería conseguir cocaína?","Me sería fácil=1; Me sería difícil=2; No podría conseguir=3; No sabe=4; =5; =6; =7; =8; No contesta=9",17113,0,"haven_labelled;vctrs_vctr;double"
"2008","__enpg/enpg2008.RDS","q215","P. 238. c: ¿Cuán difícil le sería conseguir pasta base?","Me sería fácil=1; Me sería difícil=2; No podría conseguir=3; No sabe=4; =5; =6; =7; =8; No contesta=9",17113,0,"haven_labelled;vctrs_vctr;double"
"2008","__enpg/enpg2008.RDS","q216","P. 238. d: ¿Cuán difícil le sería conseguir éxtasis?","Me sería fácil=1; Me sería difícil=2; No podría conseguir=3; No sabe=4; =5; =6; =7; =8; No contesta=9",17113,0,"haven_labelled;vctrs_vctr;double"
"2008","__enpg/enpg2008.RDS","q217","P. 238. e: ¿Cuán difícil le sería conseguir anfetaminas sin receta?","Me sería fácil=1; Me sería difícil=2; No podría conseguir=3; No sabe=4; =5; =6; =7; =8; No contesta=9",17113,0,"haven_labelled;vctrs_vctr;double"
"2008","__enpg/enpg2008.RDS","q218","P. 239. a: ¿Cuándo fue la última vez que le ofrecieron marihuana?","Me sería fácil=1; Me sería difícil=2; No podría conseguir=3; No sabe=4; =5; =6; =7; =8; No contesta=9",17113,0,"haven_labelled;vctrs_vctr;double"
"2008","__enpg/enpg2008.RDS","q219","P. 239. b: ¿Cuándo fue la última vez que le ofrecieron cocaína?","Me sería fácil=1; Me sería difícil=2; No podría conseguir=3; No sabe=4; =5; =6; =7; =8; No contesta=9",17113,0,"haven_labelled;vctrs_vctr;double"
"2008","__enpg/enpg2008.RDS","q220","P. 239. c: ¿Cuándo fue la última vez que le ofrecieron pasta base?","Me sería fácil=1; Me sería difícil=2; No podría conseguir=3; No sabe=4; =5; =6; =7; =8; No contesta=9",17113,0,"haven_labelled;vctrs_vctr;double"
"2008","__enpg/enpg2008.RDS","q221","P. 239. d: ¿Cuándo fue la última vez que le ofrecieron éxtasis?","Me sería fácil=1; Me sería difícil=2; No podría conseguir=3; No sabe=4; =5; =6; =7; =8; No contesta=9",17113,0,"haven_labelled;vctrs_vctr;double"
"2008","__enpg/enpg2008.RDS","q222","P. 239. e: ¿Cuándo fue la última vez que le ofrecieron anfetaminas sin receta?","Me sería fácil=1; Me sería difícil=2; No podría conseguir=3; No sabe=4; =5; =6; =7; =8; No contesta=9",17113,0,"haven_labelled;vctrs_vctr;double"
"2008","__enpg/enpg2008.RDS","q223","P. 240. a: ¿Cuán de acuerdo estás con que la mayoría de los jóvenes fuma marihua","Muy de acuerdo=1; De acuerdo=2; En desacuerdo=3; Muy en desacuerdo=4; =5; No sabe, no contesta=6; =7; =8; No contesta=9",17113,0,"haven_labelled;vctrs_vctr;double"
"2008","__enpg/enpg2008.RDS","q224","P. 240. b: ¿Cuán de acuerdo estás con que un adicto no se rehabilita nunca?","Muy de acuerdo=1; De acuerdo=2; En desacuerdo=3; Muy en desacuerdo=4; =5; No sabe, no contesta=6; =7; =8; No contesta=9",17113,0,"haven_labelled;vctrs_vctr;double"
"2008","__enpg/enpg2008.RDS","q225","P. 240. c: ¿Cuán de acuerdo estás con que el consumo y el tráfico de drogas es e","Muy de acuerdo=1; De acuerdo=2; En desacuerdo=3; Muy en desacuerdo=4; =5; No sabe, no contesta=6; =7; =8; No contesta=9",17113,0,"haven_labelled;vctrs_vctr;double"
"2008","__enpg/enpg2008.RDS","q226","P. 240. d: ¿Cuán de acuerdo estás con que la prevención del consumo de drogas de","Muy de acuerdo=1; De acuerdo=2; En desacuerdo=3; Muy en desacuerdo=4; =5; No sabe, no contesta=6; =7; =8; No contesta=9",17113,0,"haven_labelled;vctrs_vctr;double"
"2008","__enpg/enpg2008.RDS","q227","P. 240. e: ¿Cuán de acuerdo estás con que el microtráfico no debería ser castiga","Muy de acuerdo=1; De acuerdo=2; En desacuerdo=3; Muy en desacuerdo=4; =5; No sabe, no contesta=6; =7; =8; No contesta=9",17113,0,"haven_labelled;vctrs_vctr;double"
"2008","__enpg/enpg2008.RDS","q228","P. 240. f: ¿Cuán de acuerdo estás con que la policía y los carabineros se dejan","Muy de acuerdo=1; De acuerdo=2; En desacuerdo=3; Muy en desacuerdo=4; =5; No sabe, no contesta=6; =7; =8; No contesta=9",17113,0,"haven_labelled;vctrs_vctr;double"
"2008","__enpg/enpg2008.RDS","q229","P. 240. g: ¿Cuán de acuerdo estás con que la marihuana debería ser legal para lo","Muy de acuerdo=1; De acuerdo=2; En desacuerdo=3; Muy en desacuerdo=4; =5; No sabe, no contesta=6; =7; =8; No contesta=9",17113,0,"haven_labelled;vctrs_vctr;double"
"2008","__enpg/enpg2008.RDS","q230","P. 240. h: ¿Cuán de acuerdo estás con que debería ser obligatorio un test de dro","Muy de acuerdo=1; De acuerdo=2; En desacuerdo=3; Muy en desacuerdo=4; =5; No sabe, no contesta=6; =7; =8; No contesta=9",17113,0,"haven_labelled;vctrs_vctr;double"
"2008","__enpg/enpg2008.RDS","q231","P. 240. i: ¿Cuán de acuerdo estás con que las drogas han hecho más violentos a l","Muy de acuerdo=1; De acuerdo=2; En desacuerdo=3; Muy en desacuerdo=4; =5; No sabe, no contesta=6; =7; =8; No contesta=9",17113,0,"haven_labelled;vctrs_vctr;double"
"2008","__enpg/enpg2008.RDS","q232","P. 240. j: ¿Cuán de acuerdo estás con que se debería dejar tranquilos a los que","Muy de acuerdo=1; De acuerdo=2; En desacuerdo=3; Muy en desacuerdo=4; =5; No sabe, no contesta=6; =7; =8; No contesta=9",17113,0,"haven_labelled;vctrs_vctr;double"
"2008","__enpg/enpg2008.RDS","q233","P. 241: ¿Ud. cree que en estos últimos años, el consumo de drogas en el país ha","Ha aumentado=1; Ha disminuído=2; Se ha mantenido igual=3; =4; =5; =6; =7; =8; No sabe, no contesta=9",17113,0,"haven_labelled;vctrs_vctr;double"
"2008","__enpg/enpg2008.RDS","q234","P. 242: ¿Ud. cree que el problema de las drogas va a aumentar en los próximos añ","Va a aumentar=1; Va a disminuir=2; Se va a mantener igual=3; =4; =5; =6; =7; =8; No sabe, no contesta=9",17113,0,"haven_labelled;vctrs_vctr;double"
"2008","__enpg/enpg2008.RDS","q235","P. 243. a: ¿Cree Ud. que el tema de las drogas se encuentra entre las preocupaci","Si=1; No=2; No sabe=3; No contesta=4",17113,0,"haven_labelled;vctrs_vctr;double"
"2008","__enpg/enpg2008.RDS","q236","P. 243. b: ¿Cree Ud. que el tema de las drogas se encuentra entre las preocupaci","Si=1; No=2; No sabe=3; No contesta=4",17113,0,"haven_labelled;vctrs_vctr;double"
"2008","__enpg/enpg2008.RDS","q237","P. 243. c: ¿Cree Ud. que el tema de las drogas se encuentra entre las preocupaci","Si=1; No=2; No sabe=3; No contesta=4",17113,0,"haven_labelled;vctrs_vctr;double"
"2008","__enpg/enpg2008.RDS","q238a","P. 244: En esta tarjeta aparecen algunas medidas que las autoridades podrían ref","Aumentar el castigo de los traficantes=1; Establecer un castigo a los consumidores=2; Desarrollar campañas de prevención en los colegios=3; Hacer campañas de prevención en los medios de comunicación=4; Aumentar los recursos policiales=5; Entregar mayores fondos para tratamiento de adictos=6; =7; =8; No contesta=9",17113,0,"haven_labelled;vctrs_vctr;double"
"2008","__enpg/enpg2008.RDS","q238b","P. 244: En esta tarjeta aparecen algunas medidas que las autoridades podrían ref","Aumentar el castigo de los traficantes=1; Establecer un castigo a los consumidores=2; Desarrollar campañas de prevención en los colegios=3; Hacer campañas de prevención en los medios de comunicación=4; Aumentar los recursos policiales=5; Entregar mayores fondos para tratamiento de adictos=6; =7; =8; No contesta=9",17113,0,"haven_labelled;vctrs_vctr;double"
"2008","__enpg/enpg2008.RDS","q238c","P. 244: En esta tarjeta aparecen algunas medidas que las autoridades podrían ref","Aumentar el castigo de los traficantes=1; Establecer un castigo a los consumidores=2; Desarrollar campañas de prevención en los colegios=3; Hacer campañas de prevención en los medios de comunicación=4; Aumentar los recursos policiales=5; Entregar mayores fondos para tratamiento de adictos=6; =7; =8; No contesta=9",17113,0,"haven_labelled;vctrs_vctr;double"
"2008","__enpg/enpg2008.RDS","q238d","P. 244: En esta tarjeta aparecen algunas medidas que las autoridades podrían ref","Aumentar el castigo de los traficantes=1; Establecer un castigo a los consumidores=2; Desarrollar campañas de prevención en los colegios=3; Hacer campañas de prevención en los medios de comunicación=4; Aumentar los recursos policiales=5; Entregar mayores fondos para tratamiento de adictos=6; =7; =8; No contesta=9",17113,0,"haven_labelled;vctrs_vctr;double"
"2008","__enpg/enpg2008.RDS","q238e","P. 244: En esta tarjeta aparecen algunas medidas que las autoridades podrían ref","Aumentar el castigo de los traficantes=1; Establecer un castigo a los consumidores=2; Desarrollar campañas de prevención en los colegios=3; Hacer campañas de prevención en los medios de comunicación=4; Aumentar los recursos policiales=5; Entregar mayores fondos para tratamiento de adictos=6; =7; =8; No contesta=9",17113,0,"haven_labelled;vctrs_vctr;double"
"2008","__enpg/enpg2008.RDS","q238f","P. 244: En esta tarjeta aparecen algunas medidas que las autoridades podrían ref","Aumentar el castigo de los traficantes=1; Establecer un castigo a los consumidores=2; Desarrollar campañas de prevención en los colegios=3; Hacer campañas de prevención en los medios de comunicación=4; Aumentar los recursos policiales=5; Entregar mayores fondos para tratamiento de adictos=6; =7; =8; No contesta=9",17113,0,"haven_labelled;vctrs_vctr;double"
"2008","__enpg/enpg2008.RDS","q239","P. 245: ¿Conoce Ud. el programa de prevención de drogas PREVIENE que se aplica e","Si=1; No=2; No sabe=3; No contesta=4",17113,0,"haven_labelled;vctrs_vctr;double"
"2008","__enpg/enpg2008.RDS","q240","P. 246: Y, según lo que Ud, conoce ¿cómo calificaría al programa de prevención d","Bueno, contribuye a prevenir el consumo de drogas=1; Regular, su actividad no es conocida por las personas=2; Malo, no contribuye a prevenir el consumo de drogas=3; =4; =5; =6; =7; =8; No sabe, no contesta=9",17113,0,"haven_labelled;vctrs_vctr;double"
"2008","__enpg/enpg2008.RDS","q241","P. 247: ¿Sabe Ud. que es Conace?","Si=1; No=2; No sabe=3; No contesta=4",17113,0,"haven_labelled;vctrs_vctr;double"
"2008","__enpg/enpg2008.RDS","q242","P. 248: Y, ¿que hace Conace?","No contesta=1; Respuesta correcta=2; Respuesta incorrecta=3; No sabe=4; =5; =6; =7; =8; No contesta=9",17113,0,"haven_labelled;vctrs_vctr;double"
"2008","__enpg/enpg2008.RDS","q243","P. 249. a: Pensando en el alcohol, ¿cuán de acuerdo está Ud. con aumentar el imp","Muy de acuerdo=1; De acuerdo=2; En desacuerdo=3; Muy en desacuerdo=4; =5; No sabe, no contesta=6",17113,0,"haven_labelled;vctrs_vctr;double"
"2008","__enpg/enpg2008.RDS","q244","P. 249. b: Pensando en el alcohol, ¿cuán de acuerdo está Ud. con reducir el núme","Muy de acuerdo=1; De acuerdo=2; En desacuerdo=3; Muy en desacuerdo=4; =5; No sabe, no contesta=6",17113,0,"haven_labelled;vctrs_vctr;double"
"2008","__enpg/enpg2008.RDS","q245","P. 249. c: Pensando en el alcohol, ¿cuán de acuerdo está Ud. con aumentar el lím","Muy de acuerdo=1; De acuerdo=2; En desacuerdo=3; Muy en desacuerdo=4; =5; No sabe, no contesta=6",17113,0,"haven_labelled;vctrs_vctr;double"
"2008","__enpg/enpg2008.RDS","q246","P. 249. d: Pensando en el alcohol, ¿cuán de acuerdo está Ud. con aumentar las pe","Muy de acuerdo=1; De acuerdo=2; En desacuerdo=3; Muy en desacuerdo=4; =5; No sabe, no contesta=6",17113,0,"haven_labelled;vctrs_vctr;double"
"2008","__enpg/enpg2008.RDS","q247","P. 249. e: Pensando en el alcohol, ¿cuán de acuerdo está Ud. con eliminar el aus","Muy de acuerdo=1; De acuerdo=2; En desacuerdo=3; Muy en desacuerdo=4; =5; No sabe, no contesta=6",17113,0,"haven_labelled;vctrs_vctr;double"
"2008","__enpg/enpg2008.RDS","q248","P. 249. f: Pensando en el alcohol, ¿cuán de acuerdo está Ud. con reducir la hora","Muy de acuerdo=1; De acuerdo=2; En desacuerdo=3; Muy en desacuerdo=4; =5; No sabe, no contesta=6",17113,0,"haven_labelled;vctrs_vctr;double"
"2008","__enpg/enpg2008.RDS","q249","P. 250. a: Y, pensando ahora en el tabaco, ¿cuán de acuerdo está Ud. con prohibi","Muy de acuerdo=1; De acuerdo=2; En desacuerdo=3; Muy en desacuerdo=4; =5; No sabe, no contesta=6",17113,0,"haven_labelled;vctrs_vctr;double"
"2008","__enpg/enpg2008.RDS","q250","P. 250. b: Y, pensando ahora en el tabaco, ¿cuán de acuerdo está Ud. con prohibi","Muy de acuerdo=1; De acuerdo=2; En desacuerdo=3; Muy en desacuerdo=4; =5; No sabe, no contesta=6",17113,0,"haven_labelled;vctrs_vctr;double"
"2008","__enpg/enpg2008.RDS","q251","P. 250. c: Y, pensando ahora en el tabaco, ¿cuán de acuerdo está Ud. con aumenta","Muy de acuerdo=1; De acuerdo=2; En desacuerdo=3; Muy en desacuerdo=4; =5; No sabe, no contesta=6",17113,0,"haven_labelled;vctrs_vctr;double"
"2008","__enpg/enpg2008.RDS","q252","P. 250. d: Y, pensando ahora en el tabaco, ¿cuán de acuerdo está Ud. con reducir","Muy de acuerdo=1; De acuerdo=2; En desacuerdo=3; Muy en desacuerdo=4; =5; No sabe, no contesta=6",17113,0,"haven_labelled;vctrs_vctr;double"
"2008","__enpg/enpg2008.RDS","q253","P. 250. e: Y, pensando ahora en el tabaco, ¿cuán de acuerdo está Ud. con prohibi","Muy de acuerdo=1; De acuerdo=2; En desacuerdo=3; Muy en desacuerdo=4; =5; No sabe, no contesta=6",17113,0,"haven_labelled;vctrs_vctr;double"
"2008","__enpg/enpg2008.RDS","q254a","P. 251: Si Ud. tuviera que destinar $ 100 (cien pesos) para enfrentar el problem","",17113,0,"numeric"
"2008","__enpg/enpg2008.RDS","q254b","P. 251: Si Ud. tuviera que destinar $ 100 (cien pesos) para enfrentar el problem","",17113,0,"numeric"
"2008","__enpg/enpg2008.RDS","q254c","P. 251: Si Ud. tuviera que destinar $ 100 (cien pesos) para enfrentar el problem","",17113,0,"numeric"
"2008","__enpg/enpg2008.RDS","q255a","P. 252: Si Ud. tuviera que destinar $ 100 (cien pesos) para enfrentar el problem","",17113,0,"numeric"
"2008","__enpg/enpg2008.RDS","q255b","P. 252: Si Ud. tuviera que destinar $ 100 (cien pesos) para enfrentar el problem","",17113,0,"numeric"
"2008","__enpg/enpg2008.RDS","q255c","P. 252: Si Ud. tuviera que destinar $ 100 (cien pesos) para enfrentar el problem","",17113,0,"numeric"
"2008","__enpg/enpg2008.RDS","q256","P. 253. a: Pensando ahora en drogas como marihuana, cocaína o pasta base, ¿cuán","Muy de acuerdo=1; De acuerdo=2; En desacuerdo=3; Muy en desacuerdo=4; =5; No sabe, no contesta=6",17113,0,"haven_labelled;vctrs_vctr;double"
"2008","__enpg/enpg2008.RDS","q257","P. 253. b: Pensando ahora en drogas como marihuana, cocaína o pasta base, ¿cuán","Muy de acuerdo=1; De acuerdo=2; En desacuerdo=3; Muy en desacuerdo=4; =5; No sabe, no contesta=6",17113,0,"haven_labelled;vctrs_vctr;double"
"2008","__enpg/enpg2008.RDS","q258","P. 253. c: Pensando ahora en drogas como marihuana, cocaína o pasta base, ¿cuán","Muy de acuerdo=1; De acuerdo=2; En desacuerdo=3; Muy en desacuerdo=4; =5; No sabe, no contesta=6",17113,0,"haven_labelled;vctrs_vctr;double"
"2008","__enpg/enpg2008.RDS","q259","P. 253. d: Pensando ahora en drogas como marihuana, cocaína o pasta base, ¿cuán","Muy de acuerdo=1; De acuerdo=2; En desacuerdo=3; Muy en desacuerdo=4; =5; No sabe, no contesta=6",17113,0,"haven_labelled;vctrs_vctr;double"
"2008","__enpg/enpg2008.RDS","q260","P. 253. e: Pensando ahora en drogas como marihuana, cocaína o pasta base, ¿cuán","Muy de acuerdo=1; De acuerdo=2; En desacuerdo=3; Muy en desacuerdo=4; =5; No sabe, no contesta=6",17113,0,"haven_labelled;vctrs_vctr;double"
"2008","__enpg/enpg2008.RDS","q261","P. 254: Me podría decir cuál de estas afirmaciones describe mejor su actividad p","Trabaja jornada completa, es decir, 44 horas o más a la sema=1; Trabaja jornada parcial, es decir, menos de 44 horas a la se=2; Tiene trabajo, pero no está trabajando temporalmente por lic=3; Está sin trabajo pero está buscando trabajo=4; Dedicada a las labores del hogar (dueña de casa)=5; Estudia en alguna universidad, instituto o centro de formaci=6; Estudia en algún establecimiento de educación media o básica=7; Retirado, jubilado o pensionada=8; Incapacitado para trabajar (enfermedad crónica o invalidez)=9; No está haciendo nada=10; =11; =12; =13; =14; =15; =16; =17; =18; =19; =20; =21; =22; =23; =24; =25; =26; =27; =28; =29; =30; =31; =32; =33; =34; =35; =36; =37; =38; =39; =40; =41; =42; =43; =44; =45; =46; =47; =48; =49; =50; =51; =52; =53; =54; =55; =56; =57; =58; =59; =60; =61; =62; =63; =64; =65; =66; =67; =68; =69; =70; =71; =72; =73; =74; =75; =76; =77; =78; =79; =80; =81; =82; =83; =84; =85; =86; =87; =88; =89; =90; =91; =92; =93; =94; =95; =96; =97; =98; No contesta=99",17113,0,"haven_labelled;vctrs_vctr;double"
"2008","__enpg/enpg2008.RDS","q262","P. 255: ¿En qué curso está?","Séptimo básico o menos=1; Octavo básico=2; Primero medio=3; Segundo medio=4; Tercero medio=5; Cuarto medio=6; =7; =8; No sabe, no contesta=9",17113,0,"haven_labelled;vctrs_vctr;double"
"2008","__enpg/enpg2008.RDS","q263","P. 256: ¿En cuál sector se clasifica la empresa, negocio o actividad que Ud. rea","Agricultura=1; Minería=2; Industria=3; Construcción=4; Servicios personales=5; Servicios de salud=6; Servicios de educación=7; Otros servicios=8; Comercio=9; Transporte=10; =11; =12; =13; =14; =15; =16; =17; =18; =19; =20; =21; =22; =23; =24; =25; =26; =27; =28; =29; =30; =31; =32; =33; =34; =35; =36; =37; =38; =39; =40; =41; =42; =43; =44; =45; =46; =47; =48; =49; =50; =51; =52; =53; =54; =55; =56; =57; =58; =59; =60; =61; =62; =63; =64; =65; =66; =67; =68; =69; =70; =71; =72; =73; =74; =75; =76; =77; =78; =79; =80; =81; =82; =83; =84; =85; =86; =87; =88; =89; =90; =91; =92; =93; =94; =95; =96; =97; =98; No sabe, no contesta=99",17113,0,"haven_labelled;vctrs_vctr;double"
"2008","__enpg/enpg2008.RDS","q264","P. 257: Y, en este trabajo Ud. trabaja como ...","Empleador (dueño o socio)=1; Trabajador por cuenta propia (independiente)=2; Empleado del sector privado=3; Empleado del sector público o municipal=4; Obrero, operario del sector privado=5; Obrero, operario del sector público=6; Servicio doméstico=7; Trabaja con un familiar sin recibir sueldo=8; No sabe, no contesta=9",17113,0,"haven_labelled;vctrs_vctr;double"
"2008","__enpg/enpg2008.RDS","q265a","P. 258: ¿Ha recibido alguna información relacionada con la prevención del consum","",17113,0,"numeric"
"2008","__enpg/enpg2008.RDS","q265b","P. 258: ¿Ha recibido alguna información relacionada con la prevención del consum","",17113,0,"numeric"
"2008","__enpg/enpg2008.RDS","q265c","P. 258: ¿Ha recibido alguna información relacionada con la prevención del consum","",17113,0,"numeric"
"2008","__enpg/enpg2008.RDS","q265d","P. 258: ¿Ha recibido alguna información relacionada con la prevención del consum","",17113,0,"numeric"
"2008","__enpg/enpg2008.RDS","q265e","P. 258: ¿Ha recibido alguna información relacionada con la prevención del consum","",17113,0,"numeric"
"2008","__enpg/enpg2008.RDS","q265f","P. 258: ¿Ha recibido alguna información relacionada con la prevención del consum","",17113,0,"numeric"
"2008","__enpg/enpg2008.RDS","q265g","P. 258: ¿Ha recibido alguna información relacionada con la prevención del consum","",17113,0,"numeric"
"2008","__enpg/enpg2008.RDS","q266","P. 259: Y en este lugar, ¿sabe Ud. si existe algún tipo de programa para ayudar","Si=1; No=2; =3; =4; =5; =6; =7; =8; No sabe, no contesta=9",17113,0,"haven_labelled;vctrs_vctr;double"
"2008","__enpg/enpg2008.RDS","q267","P. 259: Y en este lugar, ¿sabe Ud. si existe algún tipo de programa para ayudar","Si=1; No=2; =3; =4; =5; =6; =7; =8; No sabe, no contesta=9",17113,0,"haven_labelled;vctrs_vctr;double"
"2008","__enpg/enpg2008.RDS","q268","P. 259: Y en este lugar, ¿sabe Ud. si existe algún tipo de programa para ayudar","Si=1; No=2; =3; =4; =5; =6; =7; =8; No sabe, no contesta=9",17113,0,"haven_labelled;vctrs_vctr;double"
"2008","__enpg/enpg2008.RDS","q269","P. 259: Y en este lugar, ¿sabe Ud. si existe algún tipo de programa para ayudar","Si=1; No=2; =3; =4; =5; =6; =7; =8; No sabe, no contesta=9",17113,0,"haven_labelled;vctrs_vctr;double"
"2008","__enpg/enpg2008.RDS","q270","P. 259: Y en este lugar, ¿sabe Ud. si existe algún tipo de programa para ayudar","Si=1; No=2; =3; =4; =5; =6; =7; =8; No sabe, no contesta=9",17113,0,"haven_labelled;vctrs_vctr;double"
"2008","__enpg/enpg2008.RDS","q271","P. 259: Y en este lugar, ¿sabe Ud. si existe algún tipo de programa para ayudar","Si=1; No=2; =3; =4; =5; =6; =7; =8; No sabe, no contesta=9",17113,0,"haven_labelled;vctrs_vctr;double"
"2008","__enpg/enpg2008.RDS","q272","P. 259: Y en este lugar, ¿sabe Ud. si existe algún tipo de programa para ayudar","Si=1; No=2; =3; =4; =5; =6; =7; =8; No sabe, no contesta=9",17113,0,"haven_labelled;vctrs_vctr;double"
"2008","__enpg/enpg2008.RDS","q273","P. 260: En estos últimos 12 meses, ¿cuántas veces ha hablado con alguno de sus h","",17113,0,"numeric"
"2008","__enpg/enpg2008.RDS","q274","P. 261: Y, en estos últimos 12 meses, ¿cuántas veces ha asistido o participado e","",17113,0,"numeric"
"2008","__enpg/enpg2008.RDS","q275","P. 262: ¿Cuántas personas viven en este hogar?","",17113,0,"numeric"
"2008","__enpg/enpg2008.RDS","q276","P. 263: ¿Cuántos adolescentes entre 12 y 17 años viven en este hogar?","",17113,0,"numeric"
"2008","__enpg/enpg2008.RDS","q277","P. 264: ¿Con qué religión se identifica?","Católica=1; Evangélica / Protestante=2; Otra religión=3; Ninguna religión=4; No sabe=5; =6; =7; =8; No contesta=9",17113,0,"haven_labelled;vctrs_vctr;double"
"2008","__enpg/enpg2008.RDS","q278","P. 265: Y, ¿Con qué frecuencia va a misa u oficios religiosos de su iglesia (sin","Más de una vez a la semana=1; Una vez a la semana=2; Algunas veces en el mes=3; Algunas veces en el año=4; Nunca o casi nunca=5; =6; =7; =8; No contesta=9",17113,0,"haven_labelled;vctrs_vctr;double"
"2008","__enpg/enpg2008.RDS","q279","P. 266: ¿Qué educación alcanzó Ud.?","Básica incompleta=1; Básica completa=2; Media incompleta=3; Media completa=4; Técnica post media incompleta=5; Técnica post media completa=6; Universitaria incompleta=7; Universitaria completa o más=8; No sabe o no se aplica=9",17113,0,"haven_labelled;vctrs_vctr;double"
"2008","__enpg/enpg2008.RDS","q280","P. 266: ¿Qué educación alcanzó el jefe de hogar?","Básica incompleta=1; Básica completa=2; Media incompleta=3; Media completa=4; Técnica post media incompleta=5; Técnica post media completa=6; Universitaria incompleta=7; Universitaria completa o más=8; No sabe o no se aplica=9",17113,0,"haven_labelled;vctrs_vctr;double"
"2008","__enpg/enpg2008.RDS","q281","P. 268: ¿Cuál es el estado conyugal actual?","Soltero, vive sin pareja=1; Soltero, vive con pareja=2; Casado, convive, con pareja=3; Separado, anulado, divorciado, vive sin pareja=4; Separado, anulado, divorciado, vive con pareja=5; Viudo, sin pareja=6; Viudo, con pareja=7; =8; No contesta=9",17113,0,"haven_labelled;vctrs_vctr;double"
"2008","__enpg/enpg2008.RDS","q282","P. 269: ¿Pertenece ud. a alguno de estos pueblos originarios o indígenas?","No contesta=0; Alacalufe=1; Atacameño=2; Aymara=3; Colla=4; Mapuche=5; Quechua=6; Rapa Nui=7; Yámana=8; No pertenece=9",17113,0,"haven_labelled;vctrs_vctr;double"
"2008","__enpg/enpg2008.RDS","q283","P. 270: ¿Cuál de estas situaciones se aplica mejor a su caso?","Ud. aporta ingreso único=1; Ud. aporta el ingreso principal pero existen otros ingresos=2; Ud. aporta la mitad del ingreso del hogar=3; Ud. aporta ingreso pero no es el principal del hogar=4; Ud. no aporta ingresos al hogar=5; =6; =7; =8; No contesta=9",17113,0,"haven_labelled;vctrs_vctr;double"
"2008","__enpg/enpg2008.RDS","q284","P. 271: Aproximadamente, y considerando un mes normal, ¿en cuáles de estos rango","Menos de $ 100.000=1; Entre $ 100.001 y $ 200.000=2; Entre $ 200.001 y $ 300.000=3; Entre $ 300.001 y $ 500.000=4; Entre $ 500.001 y $ 1.000.000=5; Entre $ 1.000.001 y $ 1.500.000=6; Entre $ 1.500.001 y $ 2.000.000=7; Más de $ 2.000.000=8; No sabe, no contesta=9",17113,0,"haven_labelled;vctrs_vctr;double"
"2008","__enpg/enpg2008.RDS","q285a","P. 272: ¿Cuáles de los siguientes bienes poseen en su hogar? - Ducha","",17113,0,"numeric"
"2008","__enpg/enpg2008.RDS","q285b","P. 272: ¿Cuáles de los siguientes bienes poseen en su hogar? - Tv color","",17113,0,"numeric"
"2008","__enpg/enpg2008.RDS","q285c","P. 272: ¿Cuáles de los siguientes bienes poseen en su hogar? - Refrigerador","",17113,0,"numeric"
"2008","__enpg/enpg2008.RDS","q285d","P. 272: ¿Cuáles de los siguientes bienes poseen en su hogar? - Lavadora","",17113,0,"numeric"
"2008","__enpg/enpg2008.RDS","q285e","P. 272: ¿Cuáles de los siguientes bienes poseen en su hogar? - Calefont u otro s","",17113,0,"numeric"
"2008","__enpg/enpg2008.RDS","q285f","P. 272: ¿Cuáles de los siguientes bienes poseen en su hogar? - Horno microondas","",17113,0,"numeric"
"2008","__enpg/enpg2008.RDS","q285g","P. 272: ¿Cuáles de los siguientes bienes poseen en su hogar? - Auto, camioneta,","",17113,0,"numeric"
"2008","__enpg/enpg2008.RDS","q285h","P. 272: ¿Cuáles de los siguientes bienes poseen en su hogar? - Tv cable o sateli","",17113,0,"numeric"
"2008","__enpg/enpg2008.RDS","q285i","P. 272: ¿Cuáles de los siguientes bienes poseen en su hogar? - Computador","",17113,0,"numeric"
"2008","__enpg/enpg2008.RDS","q285j","P. 272: ¿Cuáles de los siguientes bienes poseen en su hogar? - Internet","",17113,0,"numeric"
"2008","__enpg/enpg2008.RDS","folio","","",17113,0,"numeric"
"2010","__enpg/enpg2010.RDS","folio","folio","",15576,0,"character"
"2010","__enpg/enpg2010.RDS","pregion","región","tarapacÁ=1; antofagasta=2; atacama=3; coquimbo=4; valparaiso=5; libertador bernarno o'higgins=6; maule=7; bÍo bÍo=8; araucanÍa=9; los lagos=10; aisen=11; magallanes=12; metropolitana=13; los rÍos=14; arica y parinacota=15",15576,0,"haven_labelled;vctrs_vctr;double"
"2010","__enpg/enpg2010.RDS","pnomcomun","nombre comuna","",15576,0,"character"
"2010","__enpg/enpg2010.RDS","pcodcom","código comuna","iquique=1101; alto hospicio=1107; antofagasta=2101; calama=2201; copiapo=3101; vallenar=3301; la serena=4101; coquimbo=4102; ovalle=4301; valparaiso=5101; concon=5103; viÑa del mar=5109; los andes=5301; quillota=5501; calera=5502; san antonio=5601; san felipe=5701; quilpue=5801; limache=5802; villa alemana=5804; rancagua=6101; graneros=6106; machalÍ=6108; mostazal=6110; rengo=6115; san vicente=6117; san fernando=6301; chimbarongo=6303; talca=7101; constitucion=7102; cauquenes=7201; curicÓ=7301; linares=7401; parral=7404; concepcion=8101; coronel=8102; chiguayante=8103; lota=8106; penco=8107; san pedro de la paz=8108; talcahuano=8110; tomÉ=8111; hualpen=8112; curanilahue=8205; los angeles=8301; chillan=8401; temuco=9101; lautaro=9108; nueva imperial=9111; padre las casas=9112; pitrufquen=9114; villarrica=9120; angol=9201; victoria=9211; puerto montt=10101; castro=10201; ancud=10202; osorno=10301; coihaique=11101; puerto aysen=11201; punta arenas=12101; santiago=13101; cerrillos=13102; cerro navia=13103; conchali=13104; el bosque=13105; estacion central=13106; huechuraba=13107; independencia=13108; la cisterna=13109; la florida=13110; la granja=13111; la pintana=13112; la reina=13113; las condes=13114; lo barnechea=13115; lo espejo=13116; lo prado=13117; macul=13118; maipÚ=13119; ÑuÑoa=13120; pedro aguirre cerda=13121; peÑalolen=13122; providencia=13123; pudahuel=13124; quilicura=13125; quinta normal=13126; recoleta=13127; renca=13128; san joaquin=13129; san miguel=13130; san ramon=13131; vitacura=13132; puente alto=13201; colina=13301; lampa=13302; san bernardo=13401; buin=13402; paine=13404; melipilla=13501; talagante=13601; padre hurtado=13604; peÑaflor=13605; valdivia=14101; panguipulli=14108; la uniÓn=14201; rÍo bueno=14204; arica=15101; comuna de prueba=99999",15576,0,"haven_labelled;vctrs_vctr;double"
"2010","__enpg/enpg2010.RDS","manzana","manzana","",15576,0,"numeric"
"2010","__enpg/enpg2010.RDS","psexoent","sexo entrevistado","hombre=1; mujer=2",15576,0,"haven_labelled;vctrs_vctr;double"
"2010","__enpg/enpg2010.RDS","pedadent","edad entrevistado","",15576,0,"numeric"
"2010","__enpg/enpg2010.RDS","p001","descripción de salud","no contesta=0; muy malo=1; malo=2; regular=3; bueno=4; muy bueno=5; excelente=6",15576,1,"haven_labelled;vctrs_vctr;double"
"2010","__enpg/enpg2010.RDS","p002","sufrido accidente últimos 12 meses","no contesta=0; si=1; no=2",15576,0,"haven_labelled;vctrs_vctr;double"
"2010","__enpg/enpg2010.RDS","p003","sufrido enfermedad últimos 12 meses","no contesta=0; si=1; no=2",15576,0,"haven_labelled;vctrs_vctr;double"
"2010","__enpg/enpg2010.RDS","p004","visitado profesional por angustia últimos 12 meses","no contesta=0; si=1; no=2",15576,0,"haven_labelled;vctrs_vctr;double"
"2010","__enpg/enpg2010.RDS","p005","fumado alguna vez","no contesta=0; si=1; no=2",15576,0,"haven_labelled;vctrs_vctr;double"
"2010","__enpg/enpg2010.RDS","p006","primera vez fumó","no contesta=0; durante los últimos 30 dias=1; hace más de un mes, pero menos de un año=2; hace más de un año=3",15576,6858,"haven_labelled;vctrs_vctr;double"
"2010","__enpg/enpg2010.RDS","p007","edad fumó primera vez","no contesta=0",15576,6863,"haven_labelled;vctrs_vctr;double"
"2010","__enpg/enpg2010.RDS","p008","Última vez fumó","no contesta=0; durante los últimos 30 dias=1; hace más de un mes, pero menos de un año=2; hace más de un año=3",15576,6865,"haven_labelled;vctrs_vctr;double"
"2010","__enpg/enpg2010.RDS","p009","dias fumó últimos 30 días","no contesta=0",15576,10317,"haven_labelled;vctrs_vctr;double"
"2010","__enpg/enpg2010.RDS","p010","cigarrillos diarios últimos 30 días","no contesta=0",15576,10319,"haven_labelled;vctrs_vctr;double"
"2010","__enpg/enpg2010.RDS","p011","cantidad gastó en tabaco en últimos 30 días","no sabe/no contesta=999999",15576,10319,"haven_labelled;vctrs_vctr;double"
"2010","__enpg/enpg2010.RDS","p012","prefiere que le lean las preguntas","el entrevistado prefiere que le lean las preguntas en voz al=1; el entrevistado prefiere completar el cuestionario por sí mi=2; el entrevistado prefiere completar el cuestionario por sí mi=3; seleccione esta alternativa para traspasar los módulos respo=4",15576,0,"haven_labelled;vctrs_vctr;double"
"2010","__enpg/enpg2010.RDS","p013","bebido alcohol alguna vez","no sabe/no contesta=0; si=1; no=2",15576,0,"haven_labelled;vctrs_vctr;double"
"2010","__enpg/enpg2010.RDS","p014","primera vez consumió alcohol","no contesta=0; durante los últimos 30 dias=1; hace más de un mes, pero menos de un año=2; hace más de un año=3",15576,4794,"haven_labelled;vctrs_vctr;double"
"2010","__enpg/enpg2010.RDS","p015","edad primera vez consumió alcohol","no contesta=0",15576,4801,"haven_labelled;vctrs_vctr;double"
"2010","__enpg/enpg2010.RDS","p016","Última vez consumió alcohol","no contesta=0; durante los últimos 30 dias=1; hace más de un mes, pero menos de un año=2; hace más de un año=3",15576,4804,"haven_labelled;vctrs_vctr;double"
"2010","__enpg/enpg2010.RDS","p017","número de días bebió alcohol últimos 30 días","no contesta=0",15576,9546,"haven_labelled;vctrs_vctr;double"
"2010","__enpg/enpg2010.RDS","p018","tipo de alcohol bebió con más frecuencia","no sabe/no contesta=0; cerveza=1; vino=2; licores fuertes=3",15576,9546,"haven_labelled;vctrs_vctr;double"
"2010","__enpg/enpg2010.RDS","p019","frecuencia bebe alcohol","nunca=0; una vez al mes o menos=1; dos a cuatro veces al mes=2; dos a tres veces a la semana=3; cuatro o más veces a la semana=4",15576,6801,"haven_labelled;vctrs_vctr;double"
"2010","__enpg/enpg2010.RDS","p020","cantidad bebe en un día típico","cero a dos tragos=0; tres a cuatro tragos=1; cinco a seis tragos=2; siete a nueve tragos=3; diez o más tragos=4",15576,6801,"haven_labelled;vctrs_vctr;double"
"2010","__enpg/enpg2010.RDS","p021","frecuencia de consumo","nunca=0; menos de una vez al mes=1; mensualmente=2; semanalmente=3; todos o casi todos los días=4",15576,6803,"haven_labelled;vctrs_vctr;double"
"2010","__enpg/enpg2010.RDS","p022","frecuencia no pudo parar de beber - últimos 12 meses","nunca=0; menos de una vez al mes=1; mensualmente=2; semanalmente=3; todos o casi todos los días=4",15576,6803,"haven_labelled;vctrs_vctr;double"
"2010","__enpg/enpg2010.RDS","p023","frecuencia consumo de alcohol alteró desempeño de actividades - últimos 12 meses","nunca=0; menos de una vez al mes=1; mensualmente=2; semanalmente=3; todos o casi todos los días=4",15576,6803,"haven_labelled;vctrs_vctr;double"
"2010","__enpg/enpg2010.RDS","p024","frecuencia necesitó beber en la mañana","nunca=0; menos de una vez al mes=1; mensualmente=2; semanalmente=3; todos o casi todos los días=4",15576,6803,"haven_labelled;vctrs_vctr;double"
"2010","__enpg/enpg2010.RDS","p025","frecuencia tuvo remordimientos","nunca=0; menos de una vez al mes=1; mensualmente=2; semanalmente=3; todos o casi todos los días=4",15576,6803,"haven_labelled;vctrs_vctr;double"
"2010","__enpg/enpg2010.RDS","p026","frecuencia no recuerda la noche anterior","nunca=0; menos de una vez al mes=1; mensualmente=2; semanalmente=3; todos o casi todos los días=4",15576,6803,"haven_labelled;vctrs_vctr;double"
"2010","__enpg/enpg2010.RDS","p027","ha sido herido o hirió a otra persona por haber consumido alcohol","no=0; si, pero no en el último año=2; si, en el último año=4",15576,6803,"haven_labelled;vctrs_vctr;double"
"2010","__enpg/enpg2010.RDS","p028","profesional de la salud ha mostrado preocupación por consumo de alcohol","no=0; si, pero no en el último año=2; si, en el último año=4",15576,6803,"haven_labelled;vctrs_vctr;double"
"2010","__enpg/enpg2010.RDS","p029","dejó de cumplir sus deberes a causa del alcohol","ns/nr=0; si=1; no=2",15576,6803,"haven_labelled;vctrs_vctr;double"
"2010","__enpg/enpg2010.RDS","p030","puesto en peligro integridad física por causa del alcohol","ns/nr=0; si=1; no=2",15576,6803,"haven_labelled;vctrs_vctr;double"
"2010","__enpg/enpg2010.RDS","p031","problemas con autoridad pública por causa del consumo de alcohol","ns/nr=0; si=1; no=2",15576,6803,"haven_labelled;vctrs_vctr;double"
"2010","__enpg/enpg2010.RDS","p032","aumento de problemas con familia o amigos a causa del consumo de alcohol","ns/nr=0; si=1; no=2",15576,6803,"haven_labelled;vctrs_vctr;double"
"2010","__enpg/enpg2010.RDS","p033","probado marihuana","no sabe/no contesta=0; si=1; no=2",15576,0,"haven_labelled;vctrs_vctr;double"
"2010","__enpg/enpg2010.RDS","p034","primera vez que consumió marihuana","no sabe/no contesta=0; durante los últimos 30 dias=1; hace más de un mes, pero menos de un año=2; hace más de un año=3",15576,12991,"haven_labelled;vctrs_vctr;double"
"2010","__enpg/enpg2010.RDS","p035","edad probó marihuana por primera vez","no contesta=0",15576,12993,"haven_labelled;vctrs_vctr;double"
"2010","__enpg/enpg2010.RDS","p036","Última vez consumió marihuana","no sabe/no contesta=0; durante los últimos 30 dias=1; hace más de un mes, pero menos de un año=2; hace más de un año=3",15576,12995,"haven_labelled;vctrs_vctr;double"
"2010","__enpg/enpg2010.RDS","p037","días consumió - últimos 30 días","no contesta=99",15576,15239,"haven_labelled;vctrs_vctr;double"
"2010","__enpg/enpg2010.RDS","p038","cigarros de marihuana consume en un mes","no contesta=99",15576,15245,"haven_labelled;vctrs_vctr;double"
"2010","__enpg/enpg2010.RDS","p039","valor de un cigarro de marihuana","no sabe/no contesta=99999",15576,15245,"haven_labelled;vctrs_vctr;double"
"2010","__enpg/enpg2010.RDS","p040","cantidad gastó en marihuana - últimos 30 días","no sabe/no contesta=999999",15576,15245,"haven_labelled;vctrs_vctr;double"
"2010","__enpg/enpg2010.RDS","p041","consumió marihuana para eliminar o para evitar que se presenten problemas como e","ns/nc=0; si=1; no=2",15576,15021,"haven_labelled;vctrs_vctr;double"
"2010","__enpg/enpg2010.RDS","p042","presentado problemas cuando suspendía o disminuía consumo de marihuana","ns/nc=0; si=1; no=2",15576,15021,"haven_labelled;vctrs_vctr;double"
"2010","__enpg/enpg2010.RDS","p043","sentido deseo de usar marihuana","ns/nc=0; si=1; no=2",15576,15022,"haven_labelled;vctrs_vctr;double"
"2010","__enpg/enpg2010.RDS","p044","consumido mayor cantidad de marihuana para obtener mismo efecto","ns/nc=0; si=1; no=2",15576,15022,"haven_labelled;vctrs_vctr;double"
"2010","__enpg/enpg2010.RDS","p045","misma cantidad tiene menor efecto","ns/nc=0; si=1; no=2",15576,15022,"haven_labelled;vctrs_vctr;double"
"2010","__enpg/enpg2010.RDS","p046","consumido marihuana pese a no haber querido","ns/nc=0; si=1; no=2",15576,15022,"haven_labelled;vctrs_vctr;double"
"2010","__enpg/enpg2010.RDS","p047","consumido mayores cantidades de lo que pensó","ns/nc=0; si=1; no=2",15576,15022,"haven_labelled;vctrs_vctr;double"
"2010","__enpg/enpg2010.RDS","p048","dejado de hacer actividades sociales debido al consumo de marihuana","ns/nc=0; si=1; no=2",15576,15022,"haven_labelled;vctrs_vctr;double"
"2010","__enpg/enpg2010.RDS","p049","dedicado más tiempo a conseguir y consumir marihuana","ns/nc=0; si=1; no=2",15576,15022,"haven_labelled;vctrs_vctr;double"
"2010","__enpg/enpg2010.RDS","p050","continuado consumiendo marihuana pese a problemas de salud","ns/nc=0; si=1; no=2",15576,15022,"haven_labelled;vctrs_vctr;double"
"2010","__enpg/enpg2010.RDS","p051","dejó de cumplir deberes a causa de la marihuana","ns/nc=0; si=1; no=2",15576,15022,"haven_labelled;vctrs_vctr;double"
"2010","__enpg/enpg2010.RDS","p052","puesto en peligro integridad física a causa de marihuana","ns/nc=0; si=1; no=2",15576,15022,"haven_labelled;vctrs_vctr;double"
"2010","__enpg/enpg2010.RDS","p053","hecho algo que pueda causar problemas con autoridad pública","ns/nc=0; si=1; no=2",15576,15022,"haven_labelled;vctrs_vctr;double"
"2010","__enpg/enpg2010.RDS","p054","tenido problemas con familia o amigos a causa del consumo de marihuana","ns/nc=0; si=1; no=2",15576,15022,"haven_labelled;vctrs_vctr;double"
"2010","__enpg/enpg2010.RDS","p055","probado pasta base","no sabe/no contesta=0; si=1; no=2",15576,0,"haven_labelled;vctrs_vctr;double"
"2010","__enpg/enpg2010.RDS","p056","primera vez probó pasta base","no sabe/no contesta=0; durante los últimos 30 dias=1; hace más de un mes, pero menos de un año=2; hace más de un año=3",15576,15292,"haven_labelled;vctrs_vctr;double"
"2010","__enpg/enpg2010.RDS","p057","edad cuando probó pasta base por primera vez","no contesta=0",15576,15292,"haven_labelled;vctrs_vctr;double"
"2010","__enpg/enpg2010.RDS","p058","Última vez consumió pasta base","no sabe/no contesta=0; durante los últimos 30 dias=1; hace más de un mes, pero menos de un año=2; hace más de un año=3",15576,15293,"haven_labelled;vctrs_vctr;double"
"2010","__enpg/enpg2010.RDS","p059","días consumió pasta base últimos 30 días","no contesta=99",15576,15551,"haven_labelled;vctrs_vctr;double"
"2010","__enpg/enpg2010.RDS","p060","papelillos consume al mes","no contesta=99",15576,15551,"haven_labelled;vctrs_vctr;double"
"2010","__enpg/enpg2010.RDS","p061","valor de un papelillo","no sabe/no contesta=99999",15576,15551,"haven_labelled;vctrs_vctr;double"
"2010","__enpg/enpg2010.RDS","p062","cantidad gastó en pasta base últimos 30 días","no sabe/no contesta=999999",15576,15551,"haven_labelled;vctrs_vctr;double"
"2010","__enpg/enpg2010.RDS","p063","consumió pasta base para eliminar o para evitar que se presenten problemas como","ns/nc=0; si=1; no=2",15576,15512,"haven_labelled;vctrs_vctr;double"
"2010","__enpg/enpg2010.RDS","p064","presentado problemas cuando suspendía consumo de pasta base","ns/nc=0; si=1; no=2",15576,15512,"haven_labelled;vctrs_vctr;double"
"2010","__enpg/enpg2010.RDS","p065","sentido deseo de usar pasta base","ns/nc=0; si=1; no=2",15576,15512,"haven_labelled;vctrs_vctr;double"
"2010","__enpg/enpg2010.RDS","p066","consumido mayor cantidad de pasta base para obtener mismo efecto","ns/nc=0; si=1; no=2",15576,15512,"haven_labelled;vctrs_vctr;double"
"2010","__enpg/enpg2010.RDS","p067","misma cantidad pasta base tiene menor efecto","ns/nc=0; si=1; no=2",15576,15512,"haven_labelled;vctrs_vctr;double"
"2010","__enpg/enpg2010.RDS","p068","consumido pasta base pese a no haber querido","ns/nc=0; si=1; no=2",15576,15512,"haven_labelled;vctrs_vctr;double"
"2010","__enpg/enpg2010.RDS","p069","consumido mayores cantidades de pasta base de lo que pensó","ns/nc=0; si=1; no=2",15576,15512,"haven_labelled;vctrs_vctr;double"
"2010","__enpg/enpg2010.RDS","p070","dejó de cumplir deberes a causa de la pasta base","ns/nc=0; si=1; no=2",15576,15512,"haven_labelled;vctrs_vctr;double"
"2010","__enpg/enpg2010.RDS","p071","dedicado más tiempo a conseguir pasta base","ns/nc=0; si=1; no=2",15576,15512,"haven_labelled;vctrs_vctr;double"
"2010","__enpg/enpg2010.RDS","p072","continuado consumiendo pese a problemas de salud física","ns/nc=0; si=1; no=2",15576,15512,"haven_labelled;vctrs_vctr;double"
"2010","__enpg/enpg2010.RDS","p073","dejado de cumplir deberes a causa de la pasta base","ns/nc=0; si=1; no=2",15576,15512,"haven_labelled;vctrs_vctr;double"
"2010","__enpg/enpg2010.RDS","p074","puesto en peligro integridad física a causa del consumo recurrente de pasta base","ns/nc=0; si=1; no=2",15576,15512,"haven_labelled;vctrs_vctr;double"
"2010","__enpg/enpg2010.RDS","p075","hecho algo que pueda causar problemas con autoridad pública bajo los efectos de","ns/nc=0; si=1; no=2",15576,15512,"haven_labelled;vctrs_vctr;double"
"2010","__enpg/enpg2010.RDS","p076","tenido problemas con familia o amigos a causa del consumo de pasta base","ns/nc=0; si=1; no=2",15576,15512,"haven_labelled;vctrs_vctr;double"
"2010","__enpg/enpg2010.RDS","p077","probado cocaína","ns/nc=0; si=1; no=2",15576,0,"haven_labelled;vctrs_vctr;double"
"2010","__enpg/enpg2010.RDS","p078","primera vez probó cocaína","no sabe/no contesta=0; durante los últimos 30 dias=1; hace más de un mes, pero menos de un año=2; hace más de un año=3",15576,15129,"haven_labelled;vctrs_vctr;double"
"2010","__enpg/enpg2010.RDS","p079","edad cuando probó cocaína por primera vez","no contesta=0",15576,15129,"haven_labelled;vctrs_vctr;double"
"2010","__enpg/enpg2010.RDS","p080","Última vez consumió cocaína","no sabe/no contesta=0; durante los últimos 30 dias=1; hace más de un mes, pero menos de un año=2; hace más de un año=3",15576,15129,"haven_labelled;vctrs_vctr;double"
"2010","__enpg/enpg2010.RDS","p081","días consumió cocaína últimos 30 días","no contesta=99",15576,15541,"haven_labelled;vctrs_vctr;double"
"2010","__enpg/enpg2010.RDS","p082","gramos consume al mes","no contesta=99",15576,15541,"haven_labelled;vctrs_vctr;double"
"2010","__enpg/enpg2010.RDS","p083","valor de un gramo","no sabe/no contesta=99999",15576,15541,"haven_labelled;vctrs_vctr;double"
"2010","__enpg/enpg2010.RDS","p084","cantidad gastó en cocaína últimos 30 días","no sabe/no contesta=999999",15576,15541,"haven_labelled;vctrs_vctr;double"
"2010","__enpg/enpg2010.RDS","p085","consumió cocaína para eliminar o para evitar que se presenten problemas como est","ns/nc=0; si=1; no=2",15576,15502,"haven_labelled;vctrs_vctr;double"
"2010","__enpg/enpg2010.RDS","p086","presentado problemas cuando suspendía consumo de cocaína","ns/nc=0; si=1; no=2",15576,15502,"haven_labelled;vctrs_vctr;double"
"2010","__enpg/enpg2010.RDS","p087","sentido deseo de usar cocaína","ns/nc=0; si=1; no=2",15576,15502,"haven_labelled;vctrs_vctr;double"
"2010","__enpg/enpg2010.RDS","p088","consumido mayor cantidad de cocaína para obtener mismo efecto","ns/nc=0; si=1; no=2",15576,15502,"haven_labelled;vctrs_vctr;double"
"2010","__enpg/enpg2010.RDS","p089","misma cantidad cocaína tiene menor efecto","ns/nc=0; si=1; no=2",15576,15502,"haven_labelled;vctrs_vctr;double"
"2010","__enpg/enpg2010.RDS","p090","consumido cocaína pese a no haber querido","ns/nc=0; si=1; no=2",15576,15502,"haven_labelled;vctrs_vctr;double"
"2010","__enpg/enpg2010.RDS","p091","consumido mayores cantidades de cocaína de lo que pensó","ns/nc=0; si=1; no=2",15576,15502,"haven_labelled;vctrs_vctr;double"
"2010","__enpg/enpg2010.RDS","p092","dejó de cumplir deberes a causa de la cocaína","ns/nc=0; si=1; no=2",15576,15502,"haven_labelled;vctrs_vctr;double"
"2010","__enpg/enpg2010.RDS","p093","dedicado más tiempo a conseguir cocaína","ns/nc=0; si=1; no=2",15576,15502,"haven_labelled;vctrs_vctr;double"
"2010","__enpg/enpg2010.RDS","p094","continuado consumiendo cocaína pese a problemas de salud física","ns/nc=0; si=1; no=2",15576,15502,"haven_labelled;vctrs_vctr;double"
"2010","__enpg/enpg2010.RDS","p095","dejado de cumplir deberes a causa de la cocaína","ns/nc=0; si=1; no=2",15576,15502,"haven_labelled;vctrs_vctr;double"
"2010","__enpg/enpg2010.RDS","p096","puesto en peligro integridad física a causa del consumo recurrente de cocaína","ns/nc=0; si=1; no=2",15576,15502,"haven_labelled;vctrs_vctr;double"
"2010","__enpg/enpg2010.RDS","p097","hecho algo que pueda causar problemas con autoridad pública bajo los efectos de","ns/nc=0; si=1; no=2",15576,15502,"haven_labelled;vctrs_vctr;double"
"2010","__enpg/enpg2010.RDS","p098","tenido problemas con familia o amigos a causa del consumo de cocaína","ns/nc=0; si=1; no=2",15576,15502,"haven_labelled;vctrs_vctr;double"
"2010","__enpg/enpg2010.RDS","p099","probado crack","no sabe/no contesta=0; si=1; no=2",15576,0,"haven_labelled;vctrs_vctr;double"
"2010","__enpg/enpg2010.RDS","p100","Última vez consumió crack","no sabe/no contesta=0; durante los últimos 30 dias=1; hace más de un mes, pero menos de un año=2; hace más de un año=3",15576,15557,"haven_labelled;vctrs_vctr;double"
"2010","__enpg/enpg2010.RDS","p101","probado hachís","no sabe/no contesta=0; si=1; no=2",15576,0,"haven_labelled;vctrs_vctr;double"
"2010","__enpg/enpg2010.RDS","p102","Última vez consumió hachís","no sabe/no contesta=0; durante los últimos 30 dias=1; hace más de un mes, pero menos de un año=2; hace más de un año=3",15576,15500,"haven_labelled;vctrs_vctr;double"
"2010","__enpg/enpg2010.RDS","p103","probado heroína","no sabe/no contesta=0; si=1; no=2",15576,0,"haven_labelled;vctrs_vctr;double"
"2010","__enpg/enpg2010.RDS","p104","Última vez probó heroína","no sabe/no contesta=0; durante los últimos 30 dias=1; hace más de un mes, pero menos de un año=2; hace más de un año=3",15576,15557,"haven_labelled;vctrs_vctr;double"
"2010","__enpg/enpg2010.RDS","p105","probado extasis o mdma","no sabe/no contesta=0; si=1; no=2",15576,0,"haven_labelled;vctrs_vctr;double"
"2010","__enpg/enpg2010.RDS","p106","Última vez consumió éxtasis o mdma","no sabe/no contesta=0; durante los últimos 30 dias=1; hace más de un mes, pero menos de un año=2; hace más de un año=3",15576,15537,"haven_labelled;vctrs_vctr;double"
"2010","__enpg/enpg2010.RDS","p107info","probado estimulantes sin receta médica","",15576,0,"character"
"2010","__enpg/enpg2010.RDS","p107","probado anfetaminas","si=1; no=2",15576,0,"haven_labelled;vctrs_vctr;double"
"2010","__enpg/enpg2010.RDS","p108","Última vez probó anfetaminas","durante los últimos 30 dias=1; hace más de un mes, pero menos de un año=2; hace más de un año=3",15576,15442,"haven_labelled;vctrs_vctr;double"
"2010","__enpg/enpg2010.RDS","p109","probado cylert o pemolina","si=1; no=2",15576,0,"haven_labelled;vctrs_vctr;double"
"2010","__enpg/enpg2010.RDS","p110","Última vez probó cylert o pemolina","durante los últimos 30 dias=1; hace más de un mes, pero menos de un año=2; hace más de un año=3",15576,15563,"haven_labelled;vctrs_vctr;double"
"2010","__enpg/enpg2010.RDS","p111","probado escancil","si=1; no=2",15576,0,"haven_labelled;vctrs_vctr;double"
"2010","__enpg/enpg2010.RDS","p112","Última vez probó escancil","durante los últimos 30 dias=1; hace más de un mes, pero menos de un año=2; hace más de un año=3",15576,15561,"haven_labelled;vctrs_vctr;double"
"2010","__enpg/enpg2010.RDS","p113","probado afepramona","si=1; no=2",15576,0,"haven_labelled;vctrs_vctr;double"
"2010","__enpg/enpg2010.RDS","p114","Última vez probó afepramona","durante los últimos 30 dias=1; hace más de un mes, pero menos de un año=2; hace más de un año=3",15576,15570,"haven_labelled;vctrs_vctr;double"
"2010","__enpg/enpg2010.RDS","p115","probado modafinilo o mentix","si=1; no=2",15576,0,"haven_labelled;vctrs_vctr;double"
"2010","__enpg/enpg2010.RDS","p116","Última vez probó modafinilo o mentix","durante los últimos 30 dias=1; hace más de un mes, pero menos de un año=2; hace más de un año=3",15576,15541,"haven_labelled;vctrs_vctr;double"
"2010","__enpg/enpg2010.RDS","p117info","probado metanfetaminas sin receta médica","",15576,0,"character"
"2010","__enpg/enpg2010.RDS","p117","probado fenproporex o salcal","si=1; no=2",15576,0,"haven_labelled;vctrs_vctr;double"
"2010","__enpg/enpg2010.RDS","p118","Última vez probó fenproporex o salcal","durante los últimos 30 dias=1; hace más de un mes, pero menos de un año=2; hace más de un año=3",15576,15571,"haven_labelled;vctrs_vctr;double"
"2010","__enpg/enpg2010.RDS","p119","probado ritalín, concerta, metilfenidato o ritrocel","si=1; no=2",15576,0,"haven_labelled;vctrs_vctr;double"
"2010","__enpg/enpg2010.RDS","p120","Última vez probó ritalín, concerta, metilfenidato o ritrocel","durante los últimos 30 dias=1; hace más de un mes, pero menos de un año=2; hace más de un año=3",15576,15549,"haven_labelled;vctrs_vctr;double"
"2010","__enpg/enpg2010.RDS","p121","probó crystal, speedy, ice o tina","si=1; no=2",15576,0,"haven_labelled;vctrs_vctr;double"
"2010","__enpg/enpg2010.RDS","p122","Última vez probó crystal, speedy, ice o tina","durante los últimos 30 dias=1; hace más de un mes, pero menos de un año=2; hace más de un año=3",15576,15573,"haven_labelled;vctrs_vctr;double"
"2010","__enpg/enpg2010.RDS","p123","cidrín o metanfetamina","si=1; no=2",15576,0,"haven_labelled;vctrs_vctr;double"
"2010","__enpg/enpg2010.RDS","p124","Última vez probó cidrín o metanfetmina","durante los últimos 30 dias=1; hace más de un mes, pero menos de un año=2; hace más de un año=3",15576,15541,"haven_labelled;vctrs_vctr;double"
"2010","__enpg/enpg2010.RDS","p125info","probado inhalables","",15576,0,"character"
"2010","__enpg/enpg2010.RDS","p125","neoprén","si=1; no=2",15576,0,"haven_labelled;vctrs_vctr;double"
"2010","__enpg/enpg2010.RDS","p126","Última vez probó neoprén","durante los últimos 30 dias=1; hace más de un mes, pero menos de un año=2; hace más de un año=3",15576,15520,"haven_labelled;vctrs_vctr;double"
"2010","__enpg/enpg2010.RDS","p127","tolueno","si=1; no=2",15576,0,"haven_labelled;vctrs_vctr;double"
"2010","__enpg/enpg2010.RDS","p128","Última vez probó tolueno","durante los últimos 30 dias=1; hace más de un mes, pero menos de un año=2; hace más de un año=3",15576,15559,"haven_labelled;vctrs_vctr;double"
"2010","__enpg/enpg2010.RDS","p129","bencina o parafina","si=1; no=2",15576,0,"haven_labelled;vctrs_vctr;double"
"2010","__enpg/enpg2010.RDS","p130","Última vez probó bencina o parafina","durante los últimos 30 dias=1; hace más de un mes, pero menos de un año=2; hace más de un año=3",15576,15550,"haven_labelled;vctrs_vctr;double"
"2010","__enpg/enpg2010.RDS","p131","eter u otros solventes volátiles","si=1; no=2",15576,0,"haven_labelled;vctrs_vctr;double"
"2010","__enpg/enpg2010.RDS","p132","Última vez probó eter u otros solventes volátiles","durante los últimos 30 dias=1; hace más de un mes, pero menos de un año=2; hace más de un año=3",15576,15569,"haven_labelled;vctrs_vctr;double"
"2010","__enpg/enpg2010.RDS","p133","pinturas en spray","si=1; no=2",15576,0,"haven_labelled;vctrs_vctr;double"
"2010","__enpg/enpg2010.RDS","p134","Última vez probó pinturas en spray","durante los últimos 30 dias=1; hace más de un mes, pero menos de un año=2; hace más de un año=3",15576,15566,"haven_labelled;vctrs_vctr;double"
"2010","__enpg/enpg2010.RDS","p135","poppers","si=1; no=2",15576,0,"haven_labelled;vctrs_vctr;double"
"2010","__enpg/enpg2010.RDS","p136","Última vez probó poppers","durante los últimos 30 dias=1; hace más de un mes, pero menos de un año=2; hace más de un año=3",15576,15571,"haven_labelled;vctrs_vctr;double"
"2010","__enpg/enpg2010.RDS","p137","acetona","si=1; no=2",15576,0,"haven_labelled;vctrs_vctr;double"
"2010","__enpg/enpg2010.RDS","p138","Última vez probó acetona","durante los últimos 30 dias=1; hace más de un mes, pero menos de un año=2; hace más de un año=3",15576,15569,"haven_labelled;vctrs_vctr;double"
"2010","__enpg/enpg2010.RDS","p139","solventes para extintores de incendio","si=1; no=2",15576,0,"haven_labelled;vctrs_vctr;double"
"2010","__enpg/enpg2010.RDS","p140","Última vez probó solventes para extintores de incendio","durante los últimos 30 dias=1; hace más de un mes, pero menos de un año=2; hace más de un año=3",15576,15574,"haven_labelled;vctrs_vctr;double"
"2010","__enpg/enpg2010.RDS","p141","cloruro de etilo","si=1; no=2",15576,0,"haven_labelled;vctrs_vctr;double"
"2010","__enpg/enpg2010.RDS","p142","Última vez probó cloruro de etilo","durante los últimos 30 dias=1; hace más de un mes, pero menos de un año=2; hace más de un año=3",15576,15575,"haven_labelled;vctrs_vctr;double"
"2010","__enpg/enpg2010.RDS","p143","desodorantes ambientales o corprorales","si=1; no=2",15576,0,"haven_labelled;vctrs_vctr;double"
"2010","__enpg/enpg2010.RDS","p144","Última vez probó desodorantes ambientales o corporales","durante los últimos 30 dias=1; hace más de un mes, pero menos de un año=2; hace más de un año=3",15576,15560,"haven_labelled;vctrs_vctr;double"
"2010","__enpg/enpg2010.RDS","p145info","probado alucinógenos","",15576,0,"character"
"2010","__enpg/enpg2010.RDS","p145","lsd u otros ácidos","si=1; no=2",15576,0,"haven_labelled;vctrs_vctr;double"
"2010","__enpg/enpg2010.RDS","p146","Última vez probó lsd u otros ácidos","durante los últimos 30 dias=1; hace más de un mes, pero menos de un año=2; hace más de un año=3",15576,15547,"haven_labelled;vctrs_vctr;double"
"2010","__enpg/enpg2010.RDS","p147","polvo de ángel","si=1; no=2",15576,0,"haven_labelled;vctrs_vctr;double"
"2010","__enpg/enpg2010.RDS","p148","Última vez probó polvo de ángel","durante los últimos 30 dias=1; hace más de un mes, pero menos de un año=2; hace más de un año=3",15576,15572,"haven_labelled;vctrs_vctr;double"
"2010","__enpg/enpg2010.RDS","p149","peyote, san pedro","si=1; no=2",15576,0,"haven_labelled;vctrs_vctr;double"
"2010","__enpg/enpg2010.RDS","p150","Última vez probó peyote, san pedro","durante los últimos 30 dias=1; hace más de un mes, pero menos de un año=2; hace más de un año=3",15576,15532,"haven_labelled;vctrs_vctr;double"
"2010","__enpg/enpg2010.RDS","p151","mescalina","si=1; no=2",15576,0,"haven_labelled;vctrs_vctr;double"
"2010","__enpg/enpg2010.RDS","p152","Última vez probó mescalina","durante los últimos 30 dias=1; hace más de un mes, pero menos de un año=2; hace más de un año=3",15576,15574,"haven_labelled;vctrs_vctr;double"
"2010","__enpg/enpg2010.RDS","p153","hongos o cucumelo","si=1; no=2",15576,0,"haven_labelled;vctrs_vctr;double"
"2010","__enpg/enpg2010.RDS","p154","Última vez probó hongos o cucumelo","durante los últimos 30 dias=1; hace más de un mes, pero menos de un año=2; hace más de un año=3",15576,15557,"haven_labelled;vctrs_vctr;double"
"2010","__enpg/enpg2010.RDS","p155","floripondio","si=1; no=2",15576,0,"haven_labelled;vctrs_vctr;double"
"2010","__enpg/enpg2010.RDS","p156","Última vez probó floripondio","durante los últimos 30 dias=1; hace más de un mes, pero menos de un año=2; hace más de un año=3",15576,15534,"haven_labelled;vctrs_vctr;double"
"2010","__enpg/enpg2010.RDS","p157","belladona","si=1; no=2",15576,0,"haven_labelled;vctrs_vctr;double"
"2010","__enpg/enpg2010.RDS","p158","Última vez probó belladona","durante los últimos 30 dias=1; hace más de un mes, pero menos de un año=2; hace más de un año=3",15576,15575,"haven_labelled;vctrs_vctr;double"
"2010","__enpg/enpg2010.RDS","p159info","probado analgésicos sin receta médica","",15576,0,"character"
"2010","__enpg/enpg2010.RDS","p159","codeína","si=1; no=2",15576,0,"haven_labelled;vctrs_vctr;double"
"2010","__enpg/enpg2010.RDS","p160","Última vez probó codeína","durante los últimos 30 dias=1; hace más de un mes, pero menos de un año=2; hace más de un año=3",15576,15558,"haven_labelled;vctrs_vctr;double"
"2010","__enpg/enpg2010.RDS","p161","metadona","si=1; no=2",15576,0,"haven_labelled;vctrs_vctr;double"
"2010","__enpg/enpg2010.RDS","p162","Última vez probó metadona","durante los últimos 30 dias=1; hace más de un mes, pero menos de un año=2; hace más de un año=3",15576,15571,"haven_labelled;vctrs_vctr;double"
"2010","__enpg/enpg2010.RDS","p163","morfina","si=1; no=2",15576,0,"haven_labelled;vctrs_vctr;double"
"2010","__enpg/enpg2010.RDS","p164","Última vez probó morfina","durante los últimos 30 dias=1; hace más de un mes, pero menos de un año=2; hace más de un año=3",15576,15560,"haven_labelled;vctrs_vctr;double"
"2010","__enpg/enpg2010.RDS","p165","petidina","si=1; no=2",15576,0,"haven_labelled;vctrs_vctr;double"
"2010","__enpg/enpg2010.RDS","p166","Última vez probó petidina","durante los últimos 30 dias=1; hace más de un mes, pero menos de un año=2; hace más de un año=3",15576,15574,"haven_labelled;vctrs_vctr;double"
"2010","__enpg/enpg2010.RDS","p167","tramal o tramadol","si=1; no=2",15576,0,"haven_labelled;vctrs_vctr;double"
"2010","__enpg/enpg2010.RDS","p168","Última vez probó tramal o tramadol","durante los últimos 30 dias=1; hace más de un mes, pero menos de un año=2; hace más de un año=3",15576,15525,"haven_labelled;vctrs_vctr;double"
"2010","__enpg/enpg2010.RDS","p169info","probado tranquilizante sin receta médica","",15576,0,"character"
"2010","__enpg/enpg2010.RDS","p169","clonazepam, ravotril o valpax","si=1; no=2",15576,0,"haven_labelled;vctrs_vctr;double"
"2010","__enpg/enpg2010.RDS","p170","Última vez probó clonazepam, ravotril o valpax","durante los últimos 30 dias=1; hace más de un mes, pero menos de un año=2; hace más de un año=3",15576,15461,"haven_labelled;vctrs_vctr;double"
"2010","__enpg/enpg2010.RDS","p171","alprazolam, zotrán, ativán o adox","si=1; no=2",15576,0,"haven_labelled;vctrs_vctr;double"
"2010","__enpg/enpg2010.RDS","p172","Última vez probó alprazolam, zotrán, ativán o adox","durante los últimos 30 dias=1; hace más de un mes, pero menos de un año=2; hace más de un año=3",15576,15432,"haven_labelled;vctrs_vctr;double"
"2010","__enpg/enpg2010.RDS","p173","lorazepam o amparax","si=1; no=2",15576,0,"haven_labelled;vctrs_vctr;double"
"2010","__enpg/enpg2010.RDS","p174","Última vez probó lorazepam o amparax","durante los últimos 30 dias=1; hace más de un mes, pero menos de un año=2; hace más de un año=3",15576,15556,"haven_labelled;vctrs_vctr;double"
"2010","__enpg/enpg2010.RDS","p175","valium o diazepam","si=1; no=2",15576,0,"haven_labelled;vctrs_vctr;double"
"2010","__enpg/enpg2010.RDS","p176","Última vez probó valium o diazepam","durante los últimos 30 dias=1; hace más de un mes, pero menos de un año=2; hace más de un año=3",15576,15464,"haven_labelled;vctrs_vctr;double"
"2010","__enpg/enpg2010.RDS","p177","clorodiacepóxido","si=1; no=2",15576,0,"haven_labelled;vctrs_vctr;double"
"2010","__enpg/enpg2010.RDS","p178","Última vez probó clorodiacepóxido","durante los últimos 30 dias=1; hace más de un mes, pero menos de un año=2; hace más de un año=3",15576,15555,"haven_labelled;vctrs_vctr;double"
"2010","__enpg/enpg2010.RDS","p179","bromacepam","si=1; no=2",15576,0,"haven_labelled;vctrs_vctr;double"
"2010","__enpg/enpg2010.RDS","p180","Última vez probó bromacepam","durante los últimos 30 dias=1; hace más de un mes, pero menos de un año=2; hace más de un año=3",15576,15558,"haven_labelled;vctrs_vctr;double"
"2010","__enpg/enpg2010.RDS","p181","dormonit o midazolam","si=1; no=2",15576,0,"haven_labelled;vctrs_vctr;double"
"2010","__enpg/enpg2010.RDS","p182","Última vez probó dormonit o midazolam","durante los últimos 30 dias=1; hace más de un mes, pero menos de un año=2; hace más de un año=3",15576,15570,"haven_labelled;vctrs_vctr;double"
"2010","__enpg/enpg2010.RDS","p183","zopiclona, zolpidem o somno","si=1; no=2",15576,0,"haven_labelled;vctrs_vctr;double"
"2010","__enpg/enpg2010.RDS","p184","Última vez probó zopiclona, zolpidem o somno","durante los últimos 30 dias=1; hace más de un mes, pero menos de un año=2; hace más de un año=3",15576,15567,"haven_labelled;vctrs_vctr;double"
"2010","__enpg/enpg2010.RDS","p185","rohypnol, flunitracepam o ipnopen","si=1; no=2",15576,0,"haven_labelled;vctrs_vctr;double"
"2010","__enpg/enpg2010.RDS","p186","Última vez probó rohypnol, flunitracepam o ipnopen","durante los últimos 30 dias=1; hace más de un mes, pero menos de un año=2; hace más de un año=3",15576,15571,"haven_labelled;vctrs_vctr;double"
"2010","__enpg/enpg2010.RDS","p187info","probado medicamento sin receta médica","",15576,0,"character"
"2010","__enpg/enpg2010.RDS","p187","fluoxetina, pragmaten o sostac","si=1; no=2",15576,0,"haven_labelled;vctrs_vctr;double"
"2010","__enpg/enpg2010.RDS","p188","Última vez probó fluoxetina, pragmaten o sostac","durante los últimos 30 dias=1; hace más de un mes, pero menos de un año=2; hace más de un año=3",15576,15487,"haven_labelled;vctrs_vctr;double"
"2010","__enpg/enpg2010.RDS","p189","sedantol","si=1; no=2",15576,0,"haven_labelled;vctrs_vctr;double"
"2010","__enpg/enpg2010.RDS","p190","Última vez probó sedantol","durante los últimos 30 dias=1; hace más de un mes, pero menos de un año=2; hace más de un año=3",15576,15569,"haven_labelled;vctrs_vctr;double"
"2010","__enpg/enpg2010.RDS","p191","clormezanona","si=1; no=2",15576,0,"haven_labelled;vctrs_vctr;double"
"2010","__enpg/enpg2010.RDS","p192","Última vez probó clormezanona","durante los últimos 30 dias=1; hace más de un mes, pero menos de un año=2; hace más de un año=3",15576,15561,"haven_labelled;vctrs_vctr;double"
"2010","__enpg/enpg2010.RDS","p193","dietilpropión","si=1; no=2",15576,0,"haven_labelled;vctrs_vctr;double"
"2010","__enpg/enpg2010.RDS","p194","Última vez probó dietilpropión","durante los últimos 30 dias=1; hace más de un mes, pero menos de un año=2; hace más de un año=3",15576,15575,"haven_labelled;vctrs_vctr;double"
"2010","__enpg/enpg2010.RDS","p195","sibutramina","si=1; no=2",15576,0,"haven_labelled;vctrs_vctr;double"
"2010","__enpg/enpg2010.RDS","p196","Última vez probó sibutramina","durante los últimos 30 dias=1; hace más de un mes, pero menos de un año=2; hace más de un año=3",15576,15532,"haven_labelled;vctrs_vctr;double"
"2010","__enpg/enpg2010.RDS","p197","codetol, tusigen, sedopec, tosilab o flemex","si=1; no=2",15576,0,"haven_labelled;vctrs_vctr;double"
"2010","__enpg/enpg2010.RDS","p198","Última vez probó codetol, tusigen, sedopec, tosilab o flemex","durante los últimos 30 dias=1; hace más de un mes, pero menos de un año=2; hace más de un año=3",15576,15487,"haven_labelled;vctrs_vctr;double"
"2010","__enpg/enpg2010.RDS","p199info","probado sustancias","",15576,0,"character"
"2010","__enpg/enpg2010.RDS","p199","bebidas energéticas (battery, red bull, dark dog, etc.)","si=1; no=2",15576,0,"haven_labelled;vctrs_vctr;double"
"2010","__enpg/enpg2010.RDS","p200","Última vez probó bebidas energéticas (battery, red bull, dark dog, etc.)","durante los últimos 30 dias=1; hace más de un mes, pero menos de un año=2; hace más de un año=3",15576,13488,"haven_labelled;vctrs_vctr;double"
"2010","__enpg/enpg2010.RDS","p201","anabólicos","si=1; no=2",15576,0,"haven_labelled;vctrs_vctr;double"
"2010","__enpg/enpg2010.RDS","p202","Última vez probó anabólicos","durante los últimos 30 dias=1; hace más de un mes, pero menos de un año=2; hace más de un año=3",15576,15568,"haven_labelled;vctrs_vctr;double"
"2010","__enpg/enpg2010.RDS","p203","esteroides","si=1; no=2",15576,0,"haven_labelled;vctrs_vctr;double"
"2010","__enpg/enpg2010.RDS","p204","Última vez probó esteroides","durante los últimos 30 dias=1; hace más de un mes, pero menos de un año=2; hace más de un año=3",15576,15573,"haven_labelled;vctrs_vctr;double"
"2010","__enpg/enpg2010.RDS","p205","tonaril, sin receta médica","si=1; no=2",15576,0,"haven_labelled;vctrs_vctr;double"
"2010","__enpg/enpg2010.RDS","p206","Última vez probó tonaril, sin receta médica","durante los últimos 30 dias=1; hace más de un mes, pero menos de un año=2; hace más de un año=3",15576,15555,"haven_labelled;vctrs_vctr;double"
"2010","__enpg/enpg2010.RDS","p207","ketamina","si=1; no=2",15576,0,"haven_labelled;vctrs_vctr;double"
"2010","__enpg/enpg2010.RDS","p208","Última vez probó ketamina","durante los últimos 30 dias=1; hace más de un mes, pero menos de un año=2; hace más de un año=3",15576,15575,"haven_labelled;vctrs_vctr;double"
"2010","__enpg/enpg2010.RDS","p209info_1","drogas o sustancias inyectadas","",15576,0,"character"
"2010","__enpg/enpg2010.RDS","p209info_2","drogas o sustancias inyectadas","",15576,0,"character"
"2010","__enpg/enpg2010.RDS","p209info_3","drogas o sustancias inyectadas","",15576,0,"character"
"2010","__enpg/enpg2010.RDS","p209a_1","se inyectó","si=1; no=2",15576,0,"haven_labelled;vctrs_vctr;double"
"2010","__enpg/enpg2010.RDS","p209a_2","se inyectó","si=1; no=2",15576,15551,"haven_labelled;vctrs_vctr;double"
"2010","__enpg/enpg2010.RDS","p209a_3","se inyectó","si=1; no=2",15576,15573,"haven_labelled;vctrs_vctr;double"
"2010","__enpg/enpg2010.RDS","p209b_1","droga inyectó","",15576,0,"character"
"2010","__enpg/enpg2010.RDS","p209b_2","droga inyectó","",15576,0,"character"
"2010","__enpg/enpg2010.RDS","p209b_3","droga inyectó","",15576,0,"character"
"2010","__enpg/enpg2010.RDS","p210_1","Última vez se inyectó","durante los últimos 30 dias=1; hace más de un mes, pero menos de un año=2; hace más de un año=3",15576,15553,"haven_labelled;vctrs_vctr;double"
"2010","__enpg/enpg2010.RDS","p210_2","Última vez se inyectó","durante los últimos 30 dias=1; hace más de un mes, pero menos de un año=2; hace más de un año=3",15576,15573,"haven_labelled;vctrs_vctr;double"
"2010","__enpg/enpg2010.RDS","p210_3","Última vez se inyectó","durante los últimos 30 dias=1; hace más de un mes, pero menos de un año=2; hace más de un año=3",15576,15575,"haven_labelled;vctrs_vctr;double"
"2010","__enpg/enpg2010.RDS","p211","recibido tratamiento","si=1; no=2",15576,0,"haven_labelled;vctrs_vctr;double"
"2010","__enpg/enpg2010.RDS","p212","recibió tratamiento últimos 12 meses","si=1; no=2",15576,15390,"haven_labelled;vctrs_vctr;double"
"2010","__enpg/enpg2010.RDS","p213","tipo de tratamiento recibido","sólo por consumo de alcohol=1; sólo por consumo de drogas=2; por consumo de alcohol y drogas=3",15576,15526,"haven_labelled;vctrs_vctr;double"
"2010","__enpg/enpg2010.RDS","p214","tipo de establecimiento","centro residencial (hospital, clínica comunidad terapéutica,=1; centro ambulatorio (cosam, consultorio,  comunidad terapéuti=2; sala de emergencia=3; consulta particular (atención psicológica, psiquiátrica u ot=4; grupo de autoayuda=5; recinto penitenciario (cárcel)=6; otra situación=7",15576,15526,"haven_labelled;vctrs_vctr;double"
"2010","__enpg/enpg2010.RDS","p215a","tiempo permaneció en tratamiento (años)","",15576,15526,"numeric"
"2010","__enpg/enpg2010.RDS","p215m","tiempo permaneció en tratamiento (meses)","",15576,15526,"numeric"
"2010","__enpg/enpg2010.RDS","p216","ha sentido necesidad de recibir algún tipo de ayuda - últimos 12 meses","si=1; no=2",15576,49,"haven_labelled;vctrs_vctr;double"
"2010","__enpg/enpg2010.RDS","p217","ha tratado de obtener algún tipo de ayuda para disminuir o dejar alcohol - últim","si=1; no=2",15576,15494,"haven_labelled;vctrs_vctr;double"
"2010","__enpg/enpg2010.RDS","p218","razón no recibió el tratamiento","usted no podía pagar el costo del tratamiento.=1; usted no tenía transporte para ir al centro o el centro esta=2; las horas de atención que le ofrecían no eran compatibles(de=3; no encontró un programa que ofreciera el tipo de tratamiento=4; no había cupos en los programas=5; no sabía a dónde ir para recibir tratamiento=6; a usted le preocupa que recibir tratamiento o consejería pod=7; a usted le preocupa que recibir tratamiento o asesoramiento=8; usted no estaban dispuesto a dejar el consumo=9; alguna otra razón=10",15576,15554,"haven_labelled;vctrs_vctr;double"
"2010","__enpg/enpg2010.RDS","p219","sentido la necesidad de recibir ayuda para dejar de consumir droga distinta al a","si=1; no=2",15576,49,"haven_labelled;vctrs_vctr;double"
"2010","__enpg/enpg2010.RDS","p220","intentado obtener tratamiento para dejar de consumir droga distinta al alcohol","si=1; no=2",15576,15517,"haven_labelled;vctrs_vctr;double"
"2010","__enpg/enpg2010.RDS","p221","razón no recibió el tratamiento (droga distinta al alcohol)","usted no podía pagar el costo del tratamiento.=1; usted no tenía transporte para ir al centro o el centro esta=2; las horas de atención que le ofrecían no eran compatibles(de=3; no encontró un programa que ofreciera el tipo de tratamiento=4; no había cupos en los programas=5; no sabía a dónde ir para recibir tratamiento=6; a usted le preocupa que recibir tratamiento o consejería pod=7; a usted le preocupa que recibir tratamiento o asesoramiento=8; usted no estaban dispuesto a dejar el consumo=9; alguna otra razón=10",15576,15555,"haven_labelled;vctrs_vctr;double"
"2010","__enpg/enpg2010.RDS","p222","detenido a causa del consumo de alcohol o alguna droga ilicita","no sabe/no contesta=0; si, por alcohol=1; si, por drogas=2; si, por alcohol y drogas=3; no=4",15576,0,"haven_labelled;vctrs_vctr;double"
"2010","__enpg/enpg2010.RDS","p223","detenido por porte de droga ilicita","no sabe/no contesta=0; si, por alcohol=1; si, por drogas=2; si, por alcohol y drogas=3; no=4",15576,0,"haven_labelled;vctrs_vctr;double"
"2010","__enpg/enpg2010.RDS","p224","detenido por tráfico de alguna droga ilícita","no sabe/no contesta=0; si, por alcohol=1; si, por drogas=2; si, por por alcohol y drogas=3; no=4",15576,0,"haven_labelled;vctrs_vctr;double"
"2010","__enpg/enpg2010.RDS","p225","fallado al trabajo debido a malestares causados por alcohol o drogas","no sabe/no contesta=0; si, por alcohol=1; si, por drogas=2; si, por por alcohol y drogas=3; no=4",15576,0,"haven_labelled;vctrs_vctr;double"
"2010","__enpg/enpg2010.RDS","p226","despedido por problemas relacionados con alcohol o drogas","no sabe/no contesta=0; si, por alcohol=1; si, por drogas=2; si, por por alcohol y drogas=3; no=4",15576,0,"haven_labelled;vctrs_vctr;double"
"2010","__enpg/enpg2010.RDS","p227","acudido de urgencia por problemas relacionados con alcohol o drogas","no sabe/no contesta=0; si, por alcohol=1; si, por drogas=2; si, por por alcohol y drogas=3; no=4",15576,0,"haven_labelled;vctrs_vctr;double"
"2010","__enpg/enpg2010.RDS","p228","sufrido accidente de transito","no sabe/no contesta=0; si, por alcohol=1; si, por drogas=2; si, por por alcohol y drogas=3; no=4",15576,0,"haven_labelled;vctrs_vctr;double"
"2010","__enpg/enpg2010.RDS","p229","debido endeudarse","no sabe/no contesta=0; si, por alcohol=1; si, por drogas=2; si, por por alcohol y drogas=3; no=4",15576,0,"haven_labelled;vctrs_vctr;double"
"2010","__enpg/enpg2010.RDS","p230","debido irse de la casa","no sabe/no contesta=0; si, por alcohol=1; si, por drogas=2; si, por por alcohol y drogas=3; no=4",15576,0,"haven_labelled;vctrs_vctr;double"
"2010","__enpg/enpg2010.RDS","p231","victima de robo o asalto por alguien bajo la influencia","no sabe/no contesta=0; si, por alcohol=1; si, por drogas=2; si, por por alcohol y drogas=3; no=4",15576,1687,"haven_labelled;vctrs_vctr;double"
"2010","__enpg/enpg2010.RDS","p232","ha sido intimidado por alguien bajo la influencia","no sabe/no contesta=0; si, por alcohol=1; si, por drogas=2; si, por por alcohol y drogas=3; no=4",15576,1687,"haven_labelled;vctrs_vctr;double"
"2010","__enpg/enpg2010.RDS","p233","ha sido intimidado sexualmente por alguien bajo la influencia","no sabe/no contesta=0; si, por alcohol=1; si, por drogas=2; si, por por alcohol y drogas=3; no=4",15576,1687,"haven_labelled;vctrs_vctr;double"
"2010","__enpg/enpg2010.RDS","p234a","fuma una o más de una cajetilla  de cigarrillos al día","no sabe=0; ningun riesgo=1; riesgo leve=2; riesgo moderado=3; riesgo grande=4",15576,0,"haven_labelled;vctrs_vctr;double"
"2010","__enpg/enpg2010.RDS","p234b","toma cinco o más tragos diariamente","no sabe=0; ningun riesgo=1; riesgo leve=2; riesgo moderado=3; riesgo grande=4",15576,0,"haven_labelled;vctrs_vctr;double"
"2010","__enpg/enpg2010.RDS","p234c","prueba marihuana una o dos veces (en la vida).","no sabe=0; ningun riesgo=1; riesgo leve=2; riesgo moderado=3; riesgo grande=4",15576,0,"haven_labelled;vctrs_vctr;double"
"2010","__enpg/enpg2010.RDS","p234d","fuma marihuana frecuentemente (una o dos veces por semana)","no sabe=0; ningun riesgo=1; riesgo leve=2; riesgo moderado=3; riesgo grande=4",15576,0,"haven_labelled;vctrs_vctr;double"
"2010","__enpg/enpg2010.RDS","p234e","prueba cocaína una o dos veces (en la vida)","no sabe=0; ningun riesgo=1; riesgo leve=2; riesgo moderado=3; riesgo grande=4",15576,0,"haven_labelled;vctrs_vctr;double"
"2010","__enpg/enpg2010.RDS","p234f","usa cocaína frecuentemente (una o dos veces por semana)","no sabe=0; ningun riesgo=1; riesgo leve=2; riesgo moderado=3; riesgo grande=4",15576,0,"haven_labelled;vctrs_vctr;double"
"2010","__enpg/enpg2010.RDS","p234g","prueba pasta base una o dos veces (en la vida)","no sabe=0; ningun riesgo=1; riesgo leve=2; riesgo moderado=3; riesgo grande=4",15576,0,"haven_labelled;vctrs_vctr;double"
"2010","__enpg/enpg2010.RDS","p234h","usa pasta base frecuentemente (una o dos veces por semana)","no sabe=0; ningun riesgo=1; riesgo leve=2; riesgo moderado=3; riesgo grande=4",15576,0,"haven_labelled;vctrs_vctr;double"
"2010","__enpg/enpg2010.RDS","p234i","prueba éxtasis una o dos veces (en la vida)","no sabe=0; ningun riesgo=1; riesgo leve=2; riesgo moderado=3; riesgo grande=4",15576,0,"haven_labelled;vctrs_vctr;double"
"2010","__enpg/enpg2010.RDS","p235","alguien tiene hábito de fumar diariamente en el hogar","no contesta=0; si=1; no=2",15576,0,"haven_labelled;vctrs_vctr;double"
"2010","__enpg/enpg2010.RDS","p236","alguien en el hogar tiene costumbre de tomar alcohol diariamente","no contesta=0; si=1; no=2",15576,0,"haven_labelled;vctrs_vctr;double"
"2010","__enpg/enpg2010.RDS","p237a","alguien en el hogar consume - marihuana","nc=0; si=1; no=2",15576,0,"haven_labelled;vctrs_vctr;double"
"2010","__enpg/enpg2010.RDS","p237b","alguien en el hogar consume - pasta base","nc=0; si=1; no=2",15576,0,"haven_labelled;vctrs_vctr;double"
"2010","__enpg/enpg2010.RDS","p237c","alguien en el hogar consume - cocaína","nc=0; si=1; no=2",15576,0,"haven_labelled;vctrs_vctr;double"
"2010","__enpg/enpg2010.RDS","p238a","alguien cercano consume - marihuana","nc=0; si=1; no=2",15576,0,"haven_labelled;vctrs_vctr;double"
"2010","__enpg/enpg2010.RDS","p238b","alguien cercano consume - pasta base","nc=0; si=1; no=2",15576,0,"haven_labelled;vctrs_vctr;double"
"2010","__enpg/enpg2010.RDS","p238c","alguien cercano consume - cocaína","nc=0; si=1; no=2",15576,0,"haven_labelled;vctrs_vctr;double"
"2010","__enpg/enpg2010.RDS","p239a","venta de cigarrillos sueltos","no sabe=0; mucho=1; bastante=2; algo=3; poco o nada=4",15576,0,"haven_labelled;vctrs_vctr;double"
"2010","__enpg/enpg2010.RDS","p239b","venta de cigarrillos a menores de edad","no sabe=0; mucho=1; bastante=2; algo=3; poco o nada=4",15576,0,"haven_labelled;vctrs_vctr;double"
"2010","__enpg/enpg2010.RDS","p239c","permiso a menores en locales de fumadores","no sabe=0; mucho=1; bastante=2; algo=3; poco o nada=4",15576,0,"haven_labelled;vctrs_vctr;double"
"2010","__enpg/enpg2010.RDS","p238d","venta de cigarros a menos de 100 mts de escuelas","no sabe=0; mucho=1; bastante=2; algo=3; poco o nada=4",15576,0,"haven_labelled;vctrs_vctr;double"
"2010","__enpg/enpg2010.RDS","p240a","tráfico de drogas","no sabe=0; mucho=1; bastante=2; algo=3; poco o nada=4",15576,0,"haven_labelled;vctrs_vctr;double"
"2010","__enpg/enpg2010.RDS","p240b","robos en casas","no sabe=0; mucho=1; bastante=2; algo=3; poco o nada=4",15576,0,"haven_labelled;vctrs_vctr;double"
"2010","__enpg/enpg2010.RDS","p240c","rayado en las paredes","no sabe=0; mucho=1; bastante=2; algo=3; poco o nada=4",15576,0,"haven_labelled;vctrs_vctr;double"
"2010","__enpg/enpg2010.RDS","p240d","consumo de drogas ilicitas","no sabe=0; mucho=1; bastante=2; algo=3; poco o nada=4",15576,0,"haven_labelled;vctrs_vctr;double"
"2010","__enpg/enpg2010.RDS","p240e","asaltos o robos en las calles","no sabe=0; mucho=1; bastante=2; algo=3; poco o nada=4",15576,0,"haven_labelled;vctrs_vctr;double"
"2010","__enpg/enpg2010.RDS","p240f","jóvenes parados","no sabe=0; mucho=1; bastante=2; algo=3; poco o nada=4",15576,0,"haven_labelled;vctrs_vctr;double"
"2010","__enpg/enpg2010.RDS","p240g","balaceras","no sabe=0; mucho=1; bastante=2; algo=3; poco o nada=4",15576,0,"haven_labelled;vctrs_vctr;double"
"2010","__enpg/enpg2010.RDS","p241","calificación del consumo de drogas","no contesta=0; grave=1; leve=2; no existe=3; no sabe=4",15576,0,"haven_labelled;vctrs_vctr;double"
"2010","__enpg/enpg2010.RDS","p242","lugares en el barrio donde vendan drogas","no contesta=0; si=1; no=2; no sabe=3",15576,0,"haven_labelled;vctrs_vctr;double"
"2010","__enpg/enpg2010.RDS","p243a","tiempo en conseguir: marihuana","no sabe cuanto tiempo=0; menos de una hora=1; algunas pocas horas=2; dentro del dia=3; dentro de la semana=4; no podría conseguirla=5",15576,0,"haven_labelled;vctrs_vctr;double"
"2010","__enpg/enpg2010.RDS","p243b","tiempo en conseguir: cocaína","no sabe cuanto tiempo=0; menos de una hora=1; algunas pocas horas=2; dentro del dia=3; dentro de la semana=4; no podría conseguirla=5",15576,0,"haven_labelled;vctrs_vctr;double"
"2010","__enpg/enpg2010.RDS","p243c","tiempo en conseguir: pasta base","no sabe cuanto tiempo=0; menos de una hora=1; algunas pocas horas=2; dentro del dia=3; dentro de la semana=4; no podría conseguirla=5",15576,0,"haven_labelled;vctrs_vctr;double"
"2010","__enpg/enpg2010.RDS","p243d","tiempo en conseguir: extasis","no sabe cuanto tiempo=0; menos de una hora=1; algunas pocas horas=2; dentro del dia=3; dentro de la semana=4; no podría conseguirla=5",15576,0,"haven_labelled;vctrs_vctr;double"
"2010","__enpg/enpg2010.RDS","p243e","tiempo en conseguir: anfetaminas sin receta","no sabe cuanto tiempo=0; menos de una hora=1; algunas pocas horas=2; dentro del dia=3; dentro de la semana=4; no podría conseguirla=5",15576,0,"haven_labelled;vctrs_vctr;double"
"2010","__enpg/enpg2010.RDS","p244a","dificultad para conseguir: marihuana","no contesta/no sabe=0; le sería fácil=1; le sería difícil=2; no podría conseguir=3",15576,0,"haven_labelled;vctrs_vctr;double"
"2010","__enpg/enpg2010.RDS","p244b","dificultad para conseguir: cocaína","no contesta/no sabe=0; le sería fácil=1; le sería difícil=2; no podría conseguir=3",15576,0,"haven_labelled;vctrs_vctr;double"
"2010","__enpg/enpg2010.RDS","p244c","dificultad para conseguir: pasta base","no contesta/no sabe=0; le sería fácil=1; le sería difícil=2; no podría conseguir=3",15576,0,"haven_labelled;vctrs_vctr;double"
"2010","__enpg/enpg2010.RDS","p244d","dificultad para conseguir: extasis","no contesta/no sabe=0; le sería fácil=1; le sería difícil=2; no podría conseguir=3",15576,0,"haven_labelled;vctrs_vctr;double"
"2010","__enpg/enpg2010.RDS","p244e","dificultad para conseguir: anfetaminas sin receta","no contesta/no sabe=0; le sería fácil=1; le sería difícil=2; no podría conseguir=3",15576,0,"haven_labelled;vctrs_vctr;double"
"2010","__enpg/enpg2010.RDS","p245a","Última vez le ofrecieron: marihuana","en los últimos 30 dias=1; hace más de un mes, pero menos de un año=2; hace más de un año=3; nunca me han ofrecido=4",15576,0,"haven_labelled;vctrs_vctr;double"
"2010","__enpg/enpg2010.RDS","p245b","Última vez le ofrecieron: cocaína","en los últimos 30 dias=1; hace más de un mes, pero menos de un año=2; hace más de un año=3; nunca me han ofrecido=4",15576,0,"haven_labelled;vctrs_vctr;double"
"2010","__enpg/enpg2010.RDS","p245c","Última vez le ofrecieron: pasta base","en los últimos 30 dias=1; hace más de un mes, pero menos de un año=2; hace más de un año=3; nunca me han ofrecido=4",15576,0,"haven_labelled;vctrs_vctr;double"
"2010","__enpg/enpg2010.RDS","p245d","Última vez le ofrecieron: extasis","en los últimos 30 dias=1; hace más de un mes, pero menos de un año=2; hace más de un año=3; nunca me han ofrecido=4",15576,0,"haven_labelled;vctrs_vctr;double"
"2010","__enpg/enpg2010.RDS","p245e","Última vez le ofrecieron: anfetaminas sin receta","en los últimos 30 dias=1; hace más de un mes, pero menos de un año=2; hace más de un año=3; nunca me han ofrecido=4",15576,0,"haven_labelled;vctrs_vctr;double"
"2010","__enpg/enpg2010.RDS","p246a","lugar ofrecieron: marihuana","en la casa=1; en alrededores de la casa, barrio o comuna=2; en lugar de estudios o trabajo=3; en alrededores lugar de estudios o trabajo=4; en una fiesta, junta, discoteque, recitales=5; por internet, mail o chat=6; no aplica=7",15576,11000,"haven_labelled;vctrs_vctr;double"
"2010","__enpg/enpg2010.RDS","p246b","lugar ofrecieron: cocaína","en la casa=1; en alrededores de la casa, barrio o comuna=2; en lugar de estudios o trabajo=3; en alrededores lugar de estudios o trabajo=4; en una fiesta, junta, discoteque, recitales=5; por internet, mail o chat=6; no aplica=7",15576,14342,"haven_labelled;vctrs_vctr;double"
"2010","__enpg/enpg2010.RDS","p246c","lugar ofrecieron: pasta base","en la casa=1; en alrededores de la casa, barrio o comuna=2; en lugar de estudios o trabajo=3; en alrededores lugar de estudios o trabajo=4; en una fiesta, junta, discoteque, recitales=5; por internet, mail o chat=6; no aplica=7",15576,14295,"haven_labelled;vctrs_vctr;double"
"2010","__enpg/enpg2010.RDS","p246d","lugar ofrecieron: Éxtasis","en la casa=1; en alrededores de la casa, barrio o comuna=2; en lugar de estudios o trabajo=3; en alrededores lugar de estudios o trabajo=4; en una fiesta, junta, discoteque, recitales=5; por internet, mail o chat=6; no aplica=7",15576,15176,"haven_labelled;vctrs_vctr;double"
"2010","__enpg/enpg2010.RDS","p246e","lugar ofrecieron: anfetaminas sin receta","en la casa=1; en alrededores de la casa, barrio o comuna=2; en lugar de estudios o trabajo=3; en alrededores lugar de estudios o trabajo=4; en una fiesta, junta, discoteque, recitales=5; por internet, mail o chat=6; no aplica=7",15576,15139,"haven_labelled;vctrs_vctr;double"
"2010","__enpg/enpg2010.RDS","p247","percepción - aumento del consumo de drogas en el país","no sabe/no contesta=0; ha aumentado=1; ha disminuido=2; se ha mantenido igual=3",15576,0,"haven_labelled;vctrs_vctr;double"
"2010","__enpg/enpg2010.RDS","p248","percepción - aumento del consumo de drogas en el barrio","no sabe/no contesta=0; ha aumentado=1; ha disminuido=2; se ha mantenido igual=3",15576,0,"haven_labelled;vctrs_vctr;double"
"2010","__enpg/enpg2010.RDS","p249","cree que el problema de drogas va a disminuir","no sabe/no contesta=0; va a aumentar=1; va a disminuir=2; se va a mantener igual=3",15576,0,"haven_labelled;vctrs_vctr;double"
"2010","__enpg/enpg2010.RDS","p250a","problema entre las preocupaciones de: autoridad comunal (alcalde)","ns/nc=0; si=1; no=2",15576,0,"haven_labelled;vctrs_vctr;double"
"2010","__enpg/enpg2010.RDS","p250b","problema entre las preocupaciones de: parlamentarios (senadores/diputados)","ns/nc=0; si=1; no=2",15576,0,"haven_labelled;vctrs_vctr;double"
"2010","__enpg/enpg2010.RDS","p250c","problema entre las preocupaciones de: autoridades de govierno","ns/nc=0; si=1; no=2",15576,0,"haven_labelled;vctrs_vctr;double"
"2010","__enpg/enpg2010.RDS","p251","acción de policía a empeorado","no sabe/no contesta=0; ha empeorado=1; sigue igual=2; ha mejorado=3",15576,0,"haven_labelled;vctrs_vctr;double"
"2010","__enpg/enpg2010.RDS","p252","evaluación del desempeño del control de tráfico de drogas","no sabe, no dispone de informacion suficiente como para eval=0; excelente=1; muy buena=2; buena=3; regular=4; mala=5; muy mala=6; pésima=7",15576,0,"haven_labelled;vctrs_vctr;double"
"2010","__enpg/enpg2010.RDS","p253_1","medidas para reforzar problema de la droga","no contesta.=0; aumentar el castigo a los traficantes=1; establecer un castigo a los consumidores=2; desarrollar campañas de prevención en colegios=3; hacer campañas a través de medios de comunicación=4; aumentar los recursos policiales=5; entregar mayores fondos para tratamiento y rehabilitación=6",15576,0,"haven_labelled;vctrs_vctr;double"
"2010","__enpg/enpg2010.RDS","p253_2","medidas para reforzar problema de la droga","no contesta.=0; aumentar el castigo a los traficantes=1; establecer un castigo a los consumidores=2; desarrollar campañas de prevención en colegios=3; hacer campañas a través de medios de comunicación=4; aumentar los recursos policiales=5; entregar mayores fondos para tratamiento y rehabilitación=6",15576,340,"haven_labelled;vctrs_vctr;double"
"2010","__enpg/enpg2010.RDS","p253_3","medidas para reforzar problema de la droga","no contesta.=0; aumentar el castigo a los traficantes=1; establecer un castigo a los consumidores=2; desarrollar campañas de prevención en colegios=3; hacer campañas a través de medios de comunicación=4; aumentar los recursos policiales=5; entregar mayores fondos para tratamiento y rehabilitación=6",15576,410,"haven_labelled;vctrs_vctr;double"
"2010","__enpg/enpg2010.RDS","p254a","lugar recibió información: el trabajo","si=1; no=2; no aplica=3",15576,0,"haven_labelled;vctrs_vctr;double"
"2010","__enpg/enpg2010.RDS","p255a","existe programa - trabajo","ns/nc=0; si=1; no=2",15576,13131,"haven_labelled;vctrs_vctr;double"
"2010","__enpg/enpg2010.RDS","p254b","lugar recibió información: la escuela o colegio","si=1; no=2; no aplica=3",15576,0,"haven_labelled;vctrs_vctr;double"
"2010","__enpg/enpg2010.RDS","p255b","existe programa - escuela o colegio","ns/nc=0; si=1; no=2",15576,13130,"haven_labelled;vctrs_vctr;double"
"2010","__enpg/enpg2010.RDS","p254c","lugar recibió información: la universidad","si=1; no=2; no aplica=3",15576,0,"haven_labelled;vctrs_vctr;double"
"2010","__enpg/enpg2010.RDS","p255c","existe programa - universidad","ns/nc=0; si=1; no=2",15576,14928,"haven_labelled;vctrs_vctr;double"
"2010","__enpg/enpg2010.RDS","p254d","lugar recibió información: el consultorio o cosam","si=1; no=2; no aplica=3",15576,0,"haven_labelled;vctrs_vctr;double"
"2010","__enpg/enpg2010.RDS","p255d","existe programa - consultorio o cosam","ns/nc=0; si=1; no=2",15576,13962,"haven_labelled;vctrs_vctr;double"
"2010","__enpg/enpg2010.RDS","p254e","lugar recibió información: el barrio, centro comunitario","si=1; no=2; no aplica=3",15576,0,"haven_labelled;vctrs_vctr;double"
"2010","__enpg/enpg2010.RDS","p255e","existe programa - barrio, centro comunitario","ns/nc=0; si=1; no=2",15576,14969,"haven_labelled;vctrs_vctr;double"
"2010","__enpg/enpg2010.RDS","p254f","lugar recibió información: la iglesia","si=1; no=2; no aplica=3",15576,0,"haven_labelled;vctrs_vctr;double"
"2010","__enpg/enpg2010.RDS","p255f","existe programa - iglesia","ns/nc=0; si=1; no=2",15576,13563,"haven_labelled;vctrs_vctr;double"
"2010","__enpg/enpg2010.RDS","p254g","lugar recibió información:la discoteca, pubs o lugares de carrete","si=1; no=2; no aplica=3",15576,0,"haven_labelled;vctrs_vctr;double"
"2010","__enpg/enpg2010.RDS","p255g","existe programa - discoteca, pubs o lugares de carrete","ns/nc=0; si=1; no=2",15576,15337,"haven_labelled;vctrs_vctr;double"
"2010","__enpg/enpg2010.RDS","p256","conoce programa previene","no contesta=0; si=1; no=2; no sabe=3",15576,0,"haven_labelled;vctrs_vctr;double"
"2010","__enpg/enpg2010.RDS","p257","calificación del programa previene","no contesta=0; bueno, contribuye a prevenir el consumo de drogas=1; regular, su actividad no es conocida por las personas=2; malo, definitivamente no contribuye a prevenir el consumo de=3",15576,13720,"haven_labelled;vctrs_vctr;double"
"2010","__enpg/enpg2010.RDS","p258","sabe que es el conace","no contesta=0; si=1; no=2; no sabe=3",15576,0,"haven_labelled;vctrs_vctr;double"
"2010","__enpg/enpg2010.RDS","p259","qué hace el conace","no contesta=0; respuesta correcta=1; respuesta incorrecta=2; no sabe=3",15576,10006,"haven_labelled;vctrs_vctr;double"
"2010","__enpg/enpg2010.RDS","p260a","de acuerdo frase a","ns / nc=0; muy de acuerdo=1; de acuerdo=2; en desacuerdo=3; muy en desacuerdo=4",15576,0,"haven_labelled;vctrs_vctr;double"
"2010","__enpg/enpg2010.RDS","p260b","de acuerdo frase b","ns / nc=0; muy de acuerdo=1; de acuerdo=2; en desacuerdo=3; muy en desacuerdo=4",15576,0,"haven_labelled;vctrs_vctr;double"
"2010","__enpg/enpg2010.RDS","p260c","de acuerdo frase c","ns / nc=0; muy de acuerdo=1; de acuerdo=2; en desacuerdo=3; muy en desacuerdo=4",15576,0,"haven_labelled;vctrs_vctr;double"
"2010","__enpg/enpg2010.RDS","p260d","de acuerdo frase d","ns / nc=0; muy de acuerdo=1; de acuerdo=2; en desacuerdo=3; muy en desacuerdo=4",15576,0,"haven_labelled;vctrs_vctr;double"
"2010","__enpg/enpg2010.RDS","p260e","de acuerdo frase e","ns / nc=0; muy de acuerdo=1; de acuerdo=2; en desacuerdo=3; muy en desacuerdo=4",15576,0,"haven_labelled;vctrs_vctr;double"
"2010","__enpg/enpg2010.RDS","p260f","de acuerdo frase f","ns / nc=0; muy de acuerdo=1; de acuerdo=2; en desacuerdo=3; muy en desacuerdo=4",15576,0,"haven_labelled;vctrs_vctr;double"
"2010","__enpg/enpg2010.RDS","p260g","de acuerdo frase g","ns / nc=0; muy de acuerdo=1; de acuerdo=2; en desacuerdo=3; muy en desacuerdo=4",15576,0,"haven_labelled;vctrs_vctr;double"
"2010","__enpg/enpg2010.RDS","p260h","de acuerdo frase h","ns / nc=0; muy de acuerdo=1; de acuerdo=2; en desacuerdo=3; muy en desacuerdo=4",15576,0,"haven_labelled;vctrs_vctr;double"
"2010","__enpg/enpg2010.RDS","p260i","de acuerdo frase i","ns / nc=0; muy de acuerdo=1; de acuerdo=2; en desacuerdo=3; muy en desacuerdo=4",15576,0,"haven_labelled;vctrs_vctr;double"
"2010","__enpg/enpg2010.RDS","p260j","de acuerdo frase j","ns / nc=0; muy de acuerdo=1; de acuerdo=2; en desacuerdo=3; muy en desacuerdo=4",15576,0,"haven_labelled;vctrs_vctr;double"
"2010","__enpg/enpg2010.RDS","p261a","de acuerdo medida a","ns / nc=0; muy de acuerdo=1; de acuerdo=2; en desacuerdo=3; muy en desacuerdo=4",15576,0,"haven_labelled;vctrs_vctr;double"
"2010","__enpg/enpg2010.RDS","p261b","de acuerdo medida b","ns / nc=0; muy de acuerdo=1; de acuerdo=2; en desacuerdo=3; muy en desacuerdo=4",15576,0,"haven_labelled;vctrs_vctr;double"
"2010","__enpg/enpg2010.RDS","p261c","de acuerdo medida c","ns / nc=0; muy de acuerdo=1; de acuerdo=2; en desacuerdo=3; muy en desacuerdo=4",15576,0,"haven_labelled;vctrs_vctr;double"
"2010","__enpg/enpg2010.RDS","p261d","de acuerdo medida d","ns / nc=0; muy de acuerdo=1; de acuerdo=2; en desacuerdo=3; muy en desacuerdo=4",15576,0,"haven_labelled;vctrs_vctr;double"
"2010","__enpg/enpg2010.RDS","p261e","de acuerdo medida e","ns / nc=0; muy de acuerdo=1; de acuerdo=2; en desacuerdo=3; muy en desacuerdo=4",15576,0,"haven_labelled;vctrs_vctr;double"
"2010","__enpg/enpg2010.RDS","p261f","de acuerdo medida f","ns / nc=0; muy de acuerdo=1; de acuerdo=2; en desacuerdo=3; muy en desacuerdo=4",15576,0,"haven_labelled;vctrs_vctr;double"
"2010","__enpg/enpg2010.RDS","p262a","de acuerdo medida  tabaco a","ns / nc=0; muy de acuerdo=1; de acuerdo=2; en desacuerdo=3; muy en desacuerdo=4",15576,0,"haven_labelled;vctrs_vctr;double"
"2010","__enpg/enpg2010.RDS","p262b","de acuerdo medida  tabaco b","ns / nc=0; muy de acuerdo=1; de acuerdo=2; en desacuerdo=3; muy en desacuerdo=4",15576,0,"haven_labelled;vctrs_vctr;double"
"2010","__enpg/enpg2010.RDS","p262c","de acuerdo medida  tabaco c","ns / nc=0; muy de acuerdo=1; de acuerdo=2; en desacuerdo=3; muy en desacuerdo=4",15576,0,"haven_labelled;vctrs_vctr;double"
"2010","__enpg/enpg2010.RDS","p262d","de acuerdo medida  tabaco d","ns / nc=0; muy de acuerdo=1; de acuerdo=2; en desacuerdo=3; muy en desacuerdo=4",15576,0,"haven_labelled;vctrs_vctr;double"
"2010","__enpg/enpg2010.RDS","p262e","de acuerdo medida  tabaco e","ns / nc=0; muy de acuerdo=1; de acuerdo=2; en desacuerdo=3; muy en desacuerdo=4",15576,0,"haven_labelled;vctrs_vctr;double"
"2010","__enpg/enpg2010.RDS","p2631","cuánto destinaría a prevención o educación - alcohol","",15576,0,"numeric"
"2010","__enpg/enpg2010.RDS","p2632","cuánto destinaría a tratamiento o rehabilitación - alcohol","",15576,0,"numeric"
"2010","__enpg/enpg2010.RDS","p2633","cuánto destinariá a control del uso y venta - alcohol","",15576,0,"numeric"
"2010","__enpg/enpg2010.RDS","p2641","cuánto destinaría a prevención o educación","",15576,0,"numeric"
"2010","__enpg/enpg2010.RDS","p2642","cuánto destinaría a tratamiento o rehabilitación","",15576,0,"numeric"
"2010","__enpg/enpg2010.RDS","p2643","cuánto destinariá a control del uso y venta","",15576,0,"numeric"
"2010","__enpg/enpg2010.RDS","p265a","de acuerdo medida a","ns / nc=0; muy de acuerdo=1; de acuerdo=2; en desacuerdo=3; muy en desacuerdo=4",15576,0,"haven_labelled;vctrs_vctr;double"
"2010","__enpg/enpg2010.RDS","p265b","de acuerdo medida b","ns / nc=0; muy de acuerdo=1; de acuerdo=2; en desacuerdo=3; muy en desacuerdo=4",15576,0,"haven_labelled;vctrs_vctr;double"
"2010","__enpg/enpg2010.RDS","p265c","de acuerdo medida c","ns / nc=0; muy de acuerdo=1; de acuerdo=2; en desacuerdo=3; muy en desacuerdo=4",15576,0,"haven_labelled;vctrs_vctr;double"
"2010","__enpg/enpg2010.RDS","p265d","de acuerdo medida d","ns / nc=0; muy de acuerdo=1; de acuerdo=2; en desacuerdo=3; muy en desacuerdo=4",15576,0,"haven_labelled;vctrs_vctr;double"
"2010","__enpg/enpg2010.RDS","p265e","de acuerdo medida e","ns / nc=0; muy de acuerdo=1; de acuerdo=2; en desacuerdo=3; muy en desacuerdo=4",15576,0,"haven_labelled;vctrs_vctr;double"
"2010","__enpg/enpg2010.RDS","p266","afirmación que mejor describe principal actividad","no contesta=0; trabaja jornada completa, es decir, 44 horas o más a la sema=1; trabaja jornada parcial, es decir, meno de 44 horas a la sem=2; tiene trabajo, pero no está trabajando temporalmente por lic=3; está sin trabajo, pero está buscando trabajo=4; dedicada a las labores del hogar (dueña de casa)=5; estudia en alguna unviersidad, instituto o centro de formaci=6; estudia en algún establecimiento de educación media o básica=7; retirado, jubilado o pensionada=8; incapacitado para trabajar (enfermedad crónica o invalidez)=9; no está haciendo nada=10",15576,0,"haven_labelled;vctrs_vctr;double"
"2010","__enpg/enpg2010.RDS","p267","sector de la empresa","agricultura=1; minería=2; industria=3; construcción=4; servicios personales=5; servicios de salud=6; servicios de educación=7; otros servicios=8; comercio=9; transporte=10; no sabe /no contesta=99",15576,7020,"haven_labelled;vctrs_vctr;double"
"2010","__enpg/enpg2010.RDS","p268","trabaja como","empleador (dueño o socio)=1; trabajador por cuenta propia (independiente)=2; empleado del sector privado=3; empleado del sector público o municipal=4; obrero, operario del sector privado=5; obrero, operario del sector público=6; servicio doméstico=7; trabaja con un familiar sin recibir sueldo=8; no sabe / no contesta=9",15576,7023,"haven_labelled;vctrs_vctr;double"
"2010","__enpg/enpg2010.RDS","p269","tamaño de la empresa","no contesta=0; de 1 a 9 personas=1; de 10 a 49 personas=2; de 50 a 199 personas=3; de 200 a 999 personas=4; 1000 personas o más=5",15576,7025,"haven_labelled;vctrs_vctr;double"
"2010","__enpg/enpg2010.RDS","p270","estuvo sin trabajo - últimos 12 meses","no contesta=0; si=1; no=2",15576,7029,"haven_labelled;vctrs_vctr;double"
"2010","__enpg/enpg2010.RDS","p271","ha tenido accidente laboral - últimos 12 meses","no contesta=0; si=1; no=2",15576,7029,"haven_labelled;vctrs_vctr;double"
"2010","__enpg/enpg2010.RDS","p272","días faltó al trabajo - últimos 30 días","no contesta=99",15576,7030,"haven_labelled;vctrs_vctr;double"
"2010","__enpg/enpg2010.RDS","p273","empeladores últimos 3 años","no contesta=99",15576,7031,"haven_labelled;vctrs_vctr;double"
"2010","__enpg/enpg2010.RDS","p274","ha sido despedido - últimos 3 años","no contesta=0; si=1; no=2",15576,7031,"haven_labelled;vctrs_vctr;double"
"2010","__enpg/enpg2010.RDS","p275","reglamento en trabajo actual para regular el uso de alcohol o drogas","no contesta=0; si=1; no=2; no sabe=3",15576,7031,"haven_labelled;vctrs_vctr;double"
"2010","__enpg/enpg2010.RDS","p276","recibido información relacionada con prevención y consumo de drogas o alcohol","no contesta=0; si=1; no=2",15576,7031,"haven_labelled;vctrs_vctr;double"
"2010","__enpg/enpg2010.RDS","p277","extiste programa para ayudar un empleado que tiene problemas de drogas o alcohol","no contesta=0; si=1; no=2; no sabe=3",15576,7031,"haven_labelled;vctrs_vctr;double"
"2010","__enpg/enpg2010.RDS","p278","número de veces habló con hijos entre 12 y 17","no aplica (no tiene hijos de esa edad)=99",15576,7031,"haven_labelled;vctrs_vctr;double"
"2010","__enpg/enpg2010.RDS","p279","veces asistió a reunión en colegio para prevención y consumo de drogas","no aplica (no tiene hijos de esa edad)=99",15576,7031,"haven_labelled;vctrs_vctr;double"
"2010","__enpg/enpg2010.RDS","p280","personas en el hogar","no sabe / no contesta=99",15576,0,"haven_labelled;vctrs_vctr;double"
"2010","__enpg/enpg2010.RDS","p281","adolescentes 12-17 en el hogar","no sabe / no contesta=99",15576,0,"haven_labelled;vctrs_vctr;double"
"2010","__enpg/enpg2010.RDS","p282","estado civil","no contesta=0; soltero, vive sin pareja=1; soltero, vive con pareja=2; casado, vive con su cónyuge=3; casado, separado vive sin pareja=4; casado, separado, vive con pareja=5; viudo, sin pareja=6; viudo, con pareja=7",15576,0,"haven_labelled;vctrs_vctr;double"
"2010","__enpg/enpg2010.RDS","p283","pertenece a pluebos originarios","alacalufe=1; atacameño=2; aymara=3; colla=4; mapuche=5; quechua=6; rapa nui=7; yámana=8; no pertenece=9",15576,0,"haven_labelled;vctrs_vctr;double"
"2010","__enpg/enpg2010.RDS","p284","sistema previsional","no sabe=0; sistema público grupo a=1; sistema público grupo b=2; sistema público grupo c=3; sistema público grupo d=4; sistema público no sabe grupo=5; f.f.a:a. y del orden=6; isapre=7; ninguno (particular)=8; otro sistema=9",15576,0,"haven_labelled;vctrs_vctr;double"
"2010","__enpg/enpg2010.RDS","p285","religión","no contesta=0; católico=1; protestante/evangélico=2; otra religión=3; no pertenece a ninguna religión=4",15576,0,"haven_labelled;vctrs_vctr;double"
"2010","__enpg/enpg2010.RDS","p286","frecuenca asiste a misa","no contesta=0; más de una vez a la semana=1; una vez a la semana=2; sólo algunas veces al mes=3; sólo algunas veces al año=4; ninguna vez en el último mes=5; nunca o casi nunca=6",15576,2994,"haven_labelled;vctrs_vctr;double"
"2010","__enpg/enpg2010.RDS","p287","jefe de hogar","si=1; no=2",15576,0,"haven_labelled;vctrs_vctr;double"
"2010","__enpg/enpg2010.RDS","p288a","tipo de estudio actual (a)","educación preescolar o educación parvularia=1; preparatoria (sistema antiguo)=2; educación básica=3; escuela especial (diferencial)=4; humanidades (sistema antiguo)=5; educación media cientifico-humanista=6; técnica, comercial, industrial o normalista (sistema antiguo=7; educación médica técnica profesional=8; centro de formación técnica incompleta (sin título)=9; centro de formación técnica completa (con título)=10; instituto profesional incompleta (sin título)=11; instituto profesional completa (con título)=12; educación universitaria incompleta (sin título)=13; educación universitaria completa (completa)=14; universitaria de postgrado=15; ninguno=16; no sabe / no contesta=99",15576,0,"haven_labelled;vctrs_vctr;double"
"2010","__enpg/enpg2010.RDS","p288b","tipo de estudio actual (b)","educación preescolar o educación parvularia=1; preparatoria (sistema antiguo)=2; educación básica=3; escuela especial (diferencial)=4; humanidades (sistema antiguo)=5; educación media cientifico-humanista=6; técnica, comercial, industrial o normalista (sistema antiguo=7; educación média técnico profesional=8; centro de formación técnica incompleta (sin título)=9; centro de formación técnica completa (con título)=10; instituto profesional incompleta (sin título)=11; instituto profesional completa (con título)=12; educación universitaria incompleta (sin título)=13; educación universitaria completa (con título)=14; universitaria de postgrado=15; ninguno=16; no sabe / no contesta=99",15576,7036,"haven_labelled;vctrs_vctr;double"
"2010","__enpg/enpg2010.RDS","p289a","curso (a)","sin estudios=0; primer año=1; segundo año=2; tercer año=3; cuarto año=4; quinto año=5; sexto año=6; séptimo año=7; octavo año=8; no sabe /no contesta=99",15576,0,"haven_labelled;vctrs_vctr;double"
"2010","__enpg/enpg2010.RDS","p289b","curso (b)","sin estudios=0; primer año=1; segundo año=2; tercer año=3; cuarto año=4; quinto año=5; sexto año=6; séptimo año=7; octavo año=8; no sabe /no contesta=99",15576,7040,"haven_labelled;vctrs_vctr;double"
"2010","__enpg/enpg2010.RDS","p290","situación de ingresos","ud aporta ingreso único=1; ud. aporta el ingreso principal pero existen otros ingresos=2; ud aporta la mitad del ingreso del hogar=3; ud. aporta ingreso pero no es el principal del hogar=4; ud no aporta ingresos al hogar=5; no sabe / no contesta=9",15576,0,"haven_labelled;vctrs_vctr;double"
"2010","__enpg/enpg2010.RDS","p291","rango de ingresos en el hogar","menos de $100.000=1; entre 101.000 y 200.000=2; entre 201.000 y 300.000=3; entre 301.000 y 500.000=4; entre 501.000 y 1.000.000=5; entre 1.000.001 y 1.500.000=6; entre 1.500.001 y 2.000.000=7; más de 2.000.000=8; no contesta=9",15576,0,"haven_labelled;vctrs_vctr;double"
"2010","__enpg/enpg2010.RDS","p291acode_1","código ingreso","del trabajo del primer perceptor?=1; del trabajo del segundo perceptor?=2; del trabajo del tercer perceptor?=3; por jubilaciones?=4; por dividendo (acciones, intereses por depósitos, bonos)?=5; por arriendos?=6; por aportes familiares?=7",15576,0,"haven_labelled;vctrs_vctr;double"
"2010","__enpg/enpg2010.RDS","p291acode_2","código ingreso","del trabajo del primer perceptor?=1; del trabajo del segundo perceptor?=2; del trabajo del tercer perceptor?=3; por jubilaciones?=4; por dividendo (acciones, intereses por depósitos, bonos)?=5; por arriendos?=6; por aportes familiares?=7",15576,0,"haven_labelled;vctrs_vctr;double"
"2010","__enpg/enpg2010.RDS","p291acode_3","código ingreso","del trabajo del primer perceptor?=1; del trabajo del segundo perceptor?=2; del trabajo del tercer perceptor?=3; por jubilaciones?=4; por dividendo (acciones, intereses por depósitos, bonos)?=5; por arriendos?=6; por aportes familiares?=7",15576,0,"haven_labelled;vctrs_vctr;double"
"2010","__enpg/enpg2010.RDS","p291acode_4","código ingreso","del trabajo del primer perceptor?=1; del trabajo del segundo perceptor?=2; del trabajo del tercer perceptor?=3; por jubilaciones?=4; por dividendo (acciones, intereses por depósitos, bonos)?=5; por arriendos?=6; por aportes familiares?=7",15576,0,"haven_labelled;vctrs_vctr;double"
"2010","__enpg/enpg2010.RDS","p291acode_5","código ingreso","del trabajo del primer perceptor?=1; del trabajo del segundo perceptor?=2; del trabajo del tercer perceptor?=3; por jubilaciones?=4; por dividendo (acciones, intereses por depósitos, bonos)?=5; por arriendos?=6; por aportes familiares?=7",15576,0,"haven_labelled;vctrs_vctr;double"
"2010","__enpg/enpg2010.RDS","p291acode_6","código ingreso","del trabajo del primer perceptor?=1; del trabajo del segundo perceptor?=2; del trabajo del tercer perceptor?=3; por jubilaciones?=4; por dividendo (acciones, intereses por depósitos, bonos)?=5; por arriendos?=6; por aportes familiares?=7",15576,0,"haven_labelled;vctrs_vctr;double"
"2010","__enpg/enpg2010.RDS","p291acode_7","código ingreso","del trabajo del primer perceptor?=1; del trabajo del segundo perceptor?=2; del trabajo del tercer perceptor?=3; por jubilaciones?=4; por dividendo (acciones, intereses por depósitos, bonos)?=5; por arriendos?=6; por aportes familiares?=7",15576,0,"haven_labelled;vctrs_vctr;double"
"2010","__enpg/enpg2010.RDS","p291a_1","monto de los ingresos: del trabajo del primer perceptor?","no sabe / no responde=9999999",15576,0,"haven_labelled;vctrs_vctr;double"
"2010","__enpg/enpg2010.RDS","p291a_2","monto de los ingresos: del trabajo del segundo perceptor?","no sabe / no responde=9999999",15576,0,"haven_labelled;vctrs_vctr;double"
"2010","__enpg/enpg2010.RDS","p291a_3","monto de los ingresos: del trabajo del tercer perceptor?","no sabe / no responde=9999999",15576,0,"haven_labelled;vctrs_vctr;double"
"2010","__enpg/enpg2010.RDS","p291a_4","monto de los ingresos: por jubilaciones?","no sabe / no responde=9999999",15576,0,"haven_labelled;vctrs_vctr;double"
"2010","__enpg/enpg2010.RDS","p291a_5","monto de los ingresos: por dividendo (acciones, intereses por depósitos, bonos)?","no sabe / no responde=9999999",15576,0,"haven_labelled;vctrs_vctr;double"
"2010","__enpg/enpg2010.RDS","p291a_6","monto de los ingresos: por arriendos?","no sabe / no responde=9999999",15576,0,"haven_labelled;vctrs_vctr;double"
"2010","__enpg/enpg2010.RDS","p291a_7","monto de los ingresos: por aportes familiares?","no sabe / no responde=9999999",15576,0,"haven_labelled;vctrs_vctr;double"
"2010","__enpg/enpg2010.RDS","p291binfo_01","informacion pensión: pensión básica solidaria de vejez. ($75.000)","",15576,0,"character"
"2010","__enpg/enpg2010.RDS","p291binfo_02","informacion pensión: pensión básica solidaria de invalidez. ($75.000)","",15576,0,"character"
"2010","__enpg/enpg2010.RDS","p291binfo_03","informacion pensión: aporte previsional solidario de vejez.","",15576,0,"character"
"2010","__enpg/enpg2010.RDS","p291binfo_04","informacion pensión: aporte previsional solidario de invalidez.","",15576,0,"character"
"2010","__enpg/enpg2010.RDS","p291binfo_05","informacion pensión: subsidio familiar al menor o recién nacido ($6.500)","",15576,0,"character"
"2010","__enpg/enpg2010.RDS","p291binfo_06","informacion pensión: subsidio de asistencia maternal. ($65.000 por una sola vez","",15576,0,"character"
"2010","__enpg/enpg2010.RDS","p291binfo_07","informacion pensión: subsidio familiar a la madre. ($6.500)","",15576,0,"character"
"2010","__enpg/enpg2010.RDS","p291binfo_08","informacion pensión: subsidio a la discapacidad mental. ($52.830)","",15576,0,"character"
"2010","__enpg/enpg2010.RDS","p291binfo_09","informacion pensión: subsidio familiar duplo por invalidez. ($13.000)","",15576,0,"character"
"2010","__enpg/enpg2010.RDS","p291binfo_10","informacion pensión: subsidio de cesantía, $17.380 por mes (0 a 90 días de cesan","",15576,0,"character"
"2010","__enpg/enpg2010.RDS","p291binfo_11","informacion pensión: subsidio de cesantía, $11.560 por mes (91 a 180 días de ces","",15576,0,"character"
"2010","__enpg/enpg2010.RDS","p291binfo_12","informacion pensión: subsidio de cesantía, $ 8.669 por mes (181 a 360 días de ce","",15576,0,"character"
"2010","__enpg/enpg2010.RDS","p291binfo_13","informacion pensión: sap","",15576,0,"character"
"2010","__enpg/enpg2010.RDS","p291binfo_14","informacion pensión: bono de protección familiar (13.194 mensual, los primeros 6","",15576,0,"character"
"2010","__enpg/enpg2010.RDS","p291binfo_15","informacion pensión: bono de protección familiar (10.053 mensual, entre el 7 mes","",15576,0,"character"
"2010","__enpg/enpg2010.RDS","p291binfo_16","informacion pensión: bono de protección familiar (6.912 mensual entre los meses","",15576,0,"character"
"2010","__enpg/enpg2010.RDS","p291binfo_17","informacion pensión: bono de protección familiar (6.500 mensual, entre los meses","",15576,0,"character"
"2010","__enpg/enpg2010.RDS","p291binfo_18","informacion pensión: bono de egreso (6.500 mensual entre los meses 25  y 60)","",15576,0,"character"
"2010","__enpg/enpg2010.RDS","p291bcode_01","código subsidio: pensión básica solidaria de vejez. ($75.000)","pensión básica solidaria de vejez. ($75.000)=1; pensión básica solidaria de invalidez. ($75.000)=2; aporte previsional solidario de vejez.=3; aporte previsional solidario de invalidez.=4; subsidio familiar al menor o recién nacido ($6.500)=5; subsidio de asistencia maternal. ($65.000 por una sola vez e=6; subsidio familiar a la madre. ($6.500)=7; subsidio a la discapacidad mental. ($52.830)=8; subsidio familiar duplo por invalidez. ($13.000)=9; subsidio de cesantía, $17.380 por mes (0 a 90 días de cesant=10; subsidio de cesantía, $11.560 por mes (91 a 180 días de cesa=11; subsidio de cesantía, $ 8.669 por mes (181 a 360 días de ces=12; sap=13; bono de protección familiar (13.194 mensual, los primeros 6=14; bono de protección familiar (10.053 mensual, entre el 7 mes=15; bono de protección familiar (6.912 mensual entre los meses 1=16; bono de protección familiar (6.500 mensual, entre los meses=17; bono de egreso (6.500 mensual entre los meses 25  y 60)=18",15576,0,"haven_labelled;vctrs_vctr;double"
"2010","__enpg/enpg2010.RDS","p291bcode_02","código subsidio: pensión básica solidaria de invalidez. ($75.000)","pensión básica solidaria de vejez. ($75.000)=1; pensión básica solidaria de invalidez. ($75.000)=2; aporte previsional solidario de vejez.=3; aporte previsional solidario de invalidez.=4; subsidio familiar al menor o recién nacido ($6.500)=5; subsidio de asistencia maternal. ($65.000 por una sola vez e=6; subsidio familiar a la madre. ($6.500)=7; subsidio a la discapacidad mental. ($52.830)=8; subsidio familiar duplo por invalidez. ($13.000)=9; subsidio de cesantía, $17.380 por mes (0 a 90 días de cesant=10; subsidio de cesantía, $11.560 por mes (91 a 180 días de cesa=11; subsidio de cesantía, $ 8.669 por mes (181 a 360 días de ces=12; sap=13; bono de protección familiar (13.194 mensual, los primeros 6=14; bono de protección familiar (10.053 mensual, entre el 7 mes=15; bono de protección familiar (6.912 mensual entre los meses 1=16; bono de protección familiar (6.500 mensual, entre los meses=17; bono de egreso (6.500 mensual entre los meses 25  y 60)=18",15576,0,"haven_labelled;vctrs_vctr;double"
"2010","__enpg/enpg2010.RDS","p291bcode_03","código subsidio: aporte previsional solidario de vejez.","pensión básica solidaria de vejez. ($75.000)=1; pensión básica solidaria de invalidez. ($75.000)=2; aporte previsional solidario de vejez.=3; aporte previsional solidario de invalidez.=4; subsidio familiar al menor o recién nacido ($6.500)=5; subsidio de asistencia maternal. ($65.000 por una sola vez e=6; subsidio familiar a la madre. ($6.500)=7; subsidio a la discapacidad mental. ($52.830)=8; subsidio familiar duplo por invalidez. ($13.000)=9; subsidio de cesantía, $17.380 por mes (0 a 90 días de cesant=10; subsidio de cesantía, $11.560 por mes (91 a 180 días de cesa=11; subsidio de cesantía, $ 8.669 por mes (181 a 360 días de ces=12; sap=13; bono de protección familiar (13.194 mensual, los primeros 6=14; bono de protección familiar (10.053 mensual, entre el 7 mes=15; bono de protección familiar (6.912 mensual entre los meses 1=16; bono de protección familiar (6.500 mensual, entre los meses=17; bono de egreso (6.500 mensual entre los meses 25  y 60)=18",15576,0,"haven_labelled;vctrs_vctr;double"
"2010","__enpg/enpg2010.RDS","p291bcode_04","código subsidio: aporte previsional solidario de invalidez.","pensión básica solidaria de vejez. ($75.000)=1; pensión básica solidaria de invalidez. ($75.000)=2; aporte previsional solidario de vejez.=3; aporte previsional solidario de invalidez.=4; subsidio familiar al menor o recién nacido ($6.500)=5; subsidio de asistencia maternal. ($65.000 por una sola vez e=6; subsidio familiar a la madre. ($6.500)=7; subsidio a la discapacidad mental. ($52.830)=8; subsidio familiar duplo por invalidez. ($13.000)=9; subsidio de cesantía, $17.380 por mes (0 a 90 días de cesant=10; subsidio de cesantía, $11.560 por mes (91 a 180 días de cesa=11; subsidio de cesantía, $ 8.669 por mes (181 a 360 días de ces=12; sap=13; bono de protección familiar (13.194 mensual, los primeros 6=14; bono de protección familiar (10.053 mensual, entre el 7 mes=15; bono de protección familiar (6.912 mensual entre los meses 1=16; bono de protección familiar (6.500 mensual, entre los meses=17; bono de egreso (6.500 mensual entre los meses 25  y 60)=18",15576,0,"haven_labelled;vctrs_vctr;double"
"2010","__enpg/enpg2010.RDS","p291bcode_05","código subsidio: subsidio familiar al menor o recién nacido ($6.500)","pensión básica solidaria de vejez. ($75.000)=1; pensión básica solidaria de invalidez. ($75.000)=2; aporte previsional solidario de vejez.=3; aporte previsional solidario de invalidez.=4; subsidio familiar al menor o recién nacido ($6.500)=5; subsidio de asistencia maternal. ($65.000 por una sola vez e=6; subsidio familiar a la madre. ($6.500)=7; subsidio a la discapacidad mental. ($52.830)=8; subsidio familiar duplo por invalidez. ($13.000)=9; subsidio de cesantía, $17.380 por mes (0 a 90 días de cesant=10; subsidio de cesantía, $11.560 por mes (91 a 180 días de cesa=11; subsidio de cesantía, $ 8.669 por mes (181 a 360 días de ces=12; sap=13; bono de protección familiar (13.194 mensual, los primeros 6=14; bono de protección familiar (10.053 mensual, entre el 7 mes=15; bono de protección familiar (6.912 mensual entre los meses 1=16; bono de protección familiar (6.500 mensual, entre los meses=17; bono de egreso (6.500 mensual entre los meses 25  y 60)=18",15576,0,"haven_labelled;vctrs_vctr;double"
"2010","__enpg/enpg2010.RDS","p291bcode_06","código subsidio: subsidio de asistencia maternal. ($65.000 por una sola vez equi","pensión básica solidaria de vejez. ($75.000)=1; pensión básica solidaria de invalidez. ($75.000)=2; aporte previsional solidario de vejez.=3; aporte previsional solidario de invalidez.=4; subsidio familiar al menor o recién nacido ($6.500)=5; subsidio de asistencia maternal. ($65.000 por una sola vez e=6; subsidio familiar a la madre. ($6.500)=7; subsidio a la discapacidad mental. ($52.830)=8; subsidio familiar duplo por invalidez. ($13.000)=9; subsidio de cesantía, $17.380 por mes (0 a 90 días de cesant=10; subsidio de cesantía, $11.560 por mes (91 a 180 días de cesa=11; subsidio de cesantía, $ 8.669 por mes (181 a 360 días de ces=12; sap=13; bono de protección familiar (13.194 mensual, los primeros 6=14; bono de protección familiar (10.053 mensual, entre el 7 mes=15; bono de protección familiar (6.912 mensual entre los meses 1=16; bono de protección familiar (6.500 mensual, entre los meses=17; bono de egreso (6.500 mensual entre los meses 25  y 60)=18",15576,1,"haven_labelled;vctrs_vctr;double"
"2010","__enpg/enpg2010.RDS","p291bcode_07","código subsidio: subsidio familiar a la madre. ($6.500)","pensión básica solidaria de vejez. ($75.000)=1; pensión básica solidaria de invalidez. ($75.000)=2; aporte previsional solidario de vejez.=3; aporte previsional solidario de invalidez.=4; subsidio familiar al menor o recién nacido ($6.500)=5; subsidio de asistencia maternal. ($65.000 por una sola vez e=6; subsidio familiar a la madre. ($6.500)=7; subsidio a la discapacidad mental. ($52.830)=8; subsidio familiar duplo por invalidez. ($13.000)=9; subsidio de cesantía, $17.380 por mes (0 a 90 días de cesant=10; subsidio de cesantía, $11.560 por mes (91 a 180 días de cesa=11; subsidio de cesantía, $ 8.669 por mes (181 a 360 días de ces=12; sap=13; bono de protección familiar (13.194 mensual, los primeros 6=14; bono de protección familiar (10.053 mensual, entre el 7 mes=15; bono de protección familiar (6.912 mensual entre los meses 1=16; bono de protección familiar (6.500 mensual, entre los meses=17; bono de egreso (6.500 mensual entre los meses 25  y 60)=18",15576,0,"haven_labelled;vctrs_vctr;double"
"2010","__enpg/enpg2010.RDS","p291bcode_08","código subsidio: subsidio a la discapacidad mental. ($52.830)","pensión básica solidaria de vejez. ($75.000)=1; pensión básica solidaria de invalidez. ($75.000)=2; aporte previsional solidario de vejez.=3; aporte previsional solidario de invalidez.=4; subsidio familiar al menor o recién nacido ($6.500)=5; subsidio de asistencia maternal. ($65.000 por una sola vez e=6; subsidio familiar a la madre. ($6.500)=7; subsidio a la discapacidad mental. ($52.830)=8; subsidio familiar duplo por invalidez. ($13.000)=9; subsidio de cesantía, $17.380 por mes (0 a 90 días de cesant=10; subsidio de cesantía, $11.560 por mes (91 a 180 días de cesa=11; subsidio de cesantía, $ 8.669 por mes (181 a 360 días de ces=12; sap=13; bono de protección familiar (13.194 mensual, los primeros 6=14; bono de protección familiar (10.053 mensual, entre el 7 mes=15; bono de protección familiar (6.912 mensual entre los meses 1=16; bono de protección familiar (6.500 mensual, entre los meses=17; bono de egreso (6.500 mensual entre los meses 25  y 60)=18",15576,1,"haven_labelled;vctrs_vctr;double"
"2010","__enpg/enpg2010.RDS","p291bcode_09","código subsidio: subsidio familiar duplo por invalidez. ($13.000)","pensión básica solidaria de vejez. ($75.000)=1; pensión básica solidaria de invalidez. ($75.000)=2; aporte previsional solidario de vejez.=3; aporte previsional solidario de invalidez.=4; subsidio familiar al menor o recién nacido ($6.500)=5; subsidio de asistencia maternal. ($65.000 por una sola vez e=6; subsidio familiar a la madre. ($6.500)=7; subsidio a la discapacidad mental. ($52.830)=8; subsidio familiar duplo por invalidez. ($13.000)=9; subsidio de cesantía, $17.380 por mes (0 a 90 días de cesant=10; subsidio de cesantía, $11.560 por mes (91 a 180 días de cesa=11; subsidio de cesantía, $ 8.669 por mes (181 a 360 días de ces=12; sap=13; bono de protección familiar (13.194 mensual, los primeros 6=14; bono de protección familiar (10.053 mensual, entre el 7 mes=15; bono de protección familiar (6.912 mensual entre los meses 1=16; bono de protección familiar (6.500 mensual, entre los meses=17; bono de egreso (6.500 mensual entre los meses 25  y 60)=18",15576,1,"haven_labelled;vctrs_vctr;double"
"2010","__enpg/enpg2010.RDS","p291bcode_10","código subsidio: subsidio de cesantía, $17.380 por mes (0 a 90 días de cesantía)","pensión básica solidaria de vejez. ($75.000)=1; pensión básica solidaria de invalidez. ($75.000)=2; aporte previsional solidario de vejez.=3; aporte previsional solidario de invalidez.=4; subsidio familiar al menor o recién nacido ($6.500)=5; subsidio de asistencia maternal. ($65.000 por una sola vez e=6; subsidio familiar a la madre. ($6.500)=7; subsidio a la discapacidad mental. ($52.830)=8; subsidio familiar duplo por invalidez. ($13.000)=9; subsidio de cesantía, $17.380 por mes (0 a 90 días de cesant=10; subsidio de cesantía, $11.560 por mes (91 a 180 días de cesa=11; subsidio de cesantía, $ 8.669 por mes (181 a 360 días de ces=12; sap=13; bono de protección familiar (13.194 mensual, los primeros 6=14; bono de protección familiar (10.053 mensual, entre el 7 mes=15; bono de protección familiar (6.912 mensual entre los meses 1=16; bono de protección familiar (6.500 mensual, entre los meses=17; bono de egreso (6.500 mensual entre los meses 25  y 60)=18",15576,1,"haven_labelled;vctrs_vctr;double"
"2010","__enpg/enpg2010.RDS","p291bcode_11","código subsidio: subsidio de cesantía, $11.560 por mes (91 a 180 días de cesantí","pensión básica solidaria de vejez. ($75.000)=1; pensión básica solidaria de invalidez. ($75.000)=2; aporte previsional solidario de vejez.=3; aporte previsional solidario de invalidez.=4; subsidio familiar al menor o recién nacido ($6.500)=5; subsidio de asistencia maternal. ($65.000 por una sola vez e=6; subsidio familiar a la madre. ($6.500)=7; subsidio a la discapacidad mental. ($52.830)=8; subsidio familiar duplo por invalidez. ($13.000)=9; subsidio de cesantía, $17.380 por mes (0 a 90 días de cesant=10; subsidio de cesantía, $11.560 por mes (91 a 180 días de cesa=11; subsidio de cesantía, $ 8.669 por mes (181 a 360 días de ces=12; sap=13; bono de protección familiar (13.194 mensual, los primeros 6=14; bono de protección familiar (10.053 mensual, entre el 7 mes=15; bono de protección familiar (6.912 mensual entre los meses 1=16; bono de protección familiar (6.500 mensual, entre los meses=17; bono de egreso (6.500 mensual entre los meses 25  y 60)=18",15576,1,"haven_labelled;vctrs_vctr;double"
"2010","__enpg/enpg2010.RDS","p291bcode_12","código subsidio: subsidio de cesantía, $ 8.669 por mes (181 a 360 días de cesant","pensión básica solidaria de vejez. ($75.000)=1; pensión básica solidaria de invalidez. ($75.000)=2; aporte previsional solidario de vejez.=3; aporte previsional solidario de invalidez.=4; subsidio familiar al menor o recién nacido ($6.500)=5; subsidio de asistencia maternal. ($65.000 por una sola vez e=6; subsidio familiar a la madre. ($6.500)=7; subsidio a la discapacidad mental. ($52.830)=8; subsidio familiar duplo por invalidez. ($13.000)=9; subsidio de cesantía, $17.380 por mes (0 a 90 días de cesant=10; subsidio de cesantía, $11.560 por mes (91 a 180 días de cesa=11; subsidio de cesantía, $ 8.669 por mes (181 a 360 días de ces=12; sap=13; bono de protección familiar (13.194 mensual, los primeros 6=14; bono de protección familiar (10.053 mensual, entre el 7 mes=15; bono de protección familiar (6.912 mensual entre los meses 1=16; bono de protección familiar (6.500 mensual, entre los meses=17; bono de egreso (6.500 mensual entre los meses 25  y 60)=18",15576,1,"haven_labelled;vctrs_vctr;double"
"2010","__enpg/enpg2010.RDS","p291bcode_13","código subsidio: sap","pensión básica solidaria de vejez. ($75.000)=1; pensión básica solidaria de invalidez. ($75.000)=2; aporte previsional solidario de vejez.=3; aporte previsional solidario de invalidez.=4; subsidio familiar al menor o recién nacido ($6.500)=5; subsidio de asistencia maternal. ($65.000 por una sola vez e=6; subsidio familiar a la madre. ($6.500)=7; subsidio a la discapacidad mental. ($52.830)=8; subsidio familiar duplo por invalidez. ($13.000)=9; subsidio de cesantía, $17.380 por mes (0 a 90 días de cesant=10; subsidio de cesantía, $11.560 por mes (91 a 180 días de cesa=11; subsidio de cesantía, $ 8.669 por mes (181 a 360 días de ces=12; sap=13; bono de protección familiar (13.194 mensual, los primeros 6=14; bono de protección familiar (10.053 mensual, entre el 7 mes=15; bono de protección familiar (6.912 mensual entre los meses 1=16; bono de protección familiar (6.500 mensual, entre los meses=17; bono de egreso (6.500 mensual entre los meses 25  y 60)=18",15576,1,"haven_labelled;vctrs_vctr;double"
"2010","__enpg/enpg2010.RDS","p291bcode_14","código subsidio: bono de protección familiar (13.194 mensual, los primeros 6 mes","pensión básica solidaria de vejez. ($75.000)=1; pensión básica solidaria de invalidez. ($75.000)=2; aporte previsional solidario de vejez.=3; aporte previsional solidario de invalidez.=4; subsidio familiar al menor o recién nacido ($6.500)=5; subsidio de asistencia maternal. ($65.000 por una sola vez e=6; subsidio familiar a la madre. ($6.500)=7; subsidio a la discapacidad mental. ($52.830)=8; subsidio familiar duplo por invalidez. ($13.000)=9; subsidio de cesantía, $17.380 por mes (0 a 90 días de cesant=10; subsidio de cesantía, $11.560 por mes (91 a 180 días de cesa=11; subsidio de cesantía, $ 8.669 por mes (181 a 360 días de ces=12; sap=13; bono de protección familiar (13.194 mensual, los primeros 6=14; bono de protección familiar (10.053 mensual, entre el 7 mes=15; bono de protección familiar (6.912 mensual entre los meses 1=16; bono de protección familiar (6.500 mensual, entre los meses=17; bono de egreso (6.500 mensual entre los meses 25  y 60)=18",15576,1,"haven_labelled;vctrs_vctr;double"
"2010","__enpg/enpg2010.RDS","p291bcode_15","código subsidio: bono de protección familiar (10.053 mensual, entre el 7 mes y e","pensión básica solidaria de vejez. ($75.000)=1; pensión básica solidaria de invalidez. ($75.000)=2; aporte previsional solidario de vejez.=3; aporte previsional solidario de invalidez.=4; subsidio familiar al menor o recién nacido ($6.500)=5; subsidio de asistencia maternal. ($65.000 por una sola vez e=6; subsidio familiar a la madre. ($6.500)=7; subsidio a la discapacidad mental. ($52.830)=8; subsidio familiar duplo por invalidez. ($13.000)=9; subsidio de cesantía, $17.380 por mes (0 a 90 días de cesant=10; subsidio de cesantía, $11.560 por mes (91 a 180 días de cesa=11; subsidio de cesantía, $ 8.669 por mes (181 a 360 días de ces=12; sap=13; bono de protección familiar (13.194 mensual, los primeros 6=14; bono de protección familiar (10.053 mensual, entre el 7 mes=15; bono de protección familiar (6.912 mensual entre los meses 1=16; bono de protección familiar (6.500 mensual, entre los meses=17; bono de egreso (6.500 mensual entre los meses 25  y 60)=18",15576,1,"haven_labelled;vctrs_vctr;double"
"2010","__enpg/enpg2010.RDS","p291bcode_16","código subsidio: bono de protección familiar (6.912 mensual entre los meses 13 y","pensión básica solidaria de vejez. ($75.000)=1; pensión básica solidaria de invalidez. ($75.000)=2; aporte previsional solidario de vejez.=3; aporte previsional solidario de invalidez.=4; subsidio familiar al menor o recién nacido ($6.500)=5; subsidio de asistencia maternal. ($65.000 por una sola vez e=6; subsidio familiar a la madre. ($6.500)=7; subsidio a la discapacidad mental. ($52.830)=8; subsidio familiar duplo por invalidez. ($13.000)=9; subsidio de cesantía, $17.380 por mes (0 a 90 días de cesant=10; subsidio de cesantía, $11.560 por mes (91 a 180 días de cesa=11; subsidio de cesantía, $ 8.669 por mes (181 a 360 días de ces=12; sap=13; bono de protección familiar (13.194 mensual, los primeros 6=14; bono de protección familiar (10.053 mensual, entre el 7 mes=15; bono de protección familiar (6.912 mensual entre los meses 1=16; bono de protección familiar (6.500 mensual, entre los meses=17; bono de egreso (6.500 mensual entre los meses 25  y 60)=18",15576,1,"haven_labelled;vctrs_vctr;double"
"2010","__enpg/enpg2010.RDS","p291bcode_17","código subsidio: bono de protección familiar (6.500 mensual, entre los meses 19","pensión básica solidaria de vejez. ($75.000)=1; pensión básica solidaria de invalidez. ($75.000)=2; aporte previsional solidario de vejez.=3; aporte previsional solidario de invalidez.=4; subsidio familiar al menor o recién nacido ($6.500)=5; subsidio de asistencia maternal. ($65.000 por una sola vez e=6; subsidio familiar a la madre. ($6.500)=7; subsidio a la discapacidad mental. ($52.830)=8; subsidio familiar duplo por invalidez. ($13.000)=9; subsidio de cesantía, $17.380 por mes (0 a 90 días de cesant=10; subsidio de cesantía, $11.560 por mes (91 a 180 días de cesa=11; subsidio de cesantía, $ 8.669 por mes (181 a 360 días de ces=12; sap=13; bono de protección familiar (13.194 mensual, los primeros 6=14; bono de protección familiar (10.053 mensual, entre el 7 mes=15; bono de protección familiar (6.912 mensual entre los meses 1=16; bono de protección familiar (6.500 mensual, entre los meses=17; bono de egreso (6.500 mensual entre los meses 25  y 60)=18",15576,1,"haven_labelled;vctrs_vctr;double"
"2010","__enpg/enpg2010.RDS","p291bcode_18","código subsidio: bono de egreso (6.500 mensual entre los meses 25  y 60)","pensión básica solidaria de vejez. ($75.000)=1; pensión básica solidaria de invalidez. ($75.000)=2; aporte previsional solidario de vejez.=3; aporte previsional solidario de invalidez.=4; subsidio familiar al menor o recién nacido ($6.500)=5; subsidio de asistencia maternal. ($65.000 por una sola vez e=6; subsidio familiar a la madre. ($6.500)=7; subsidio a la discapacidad mental. ($52.830)=8; subsidio familiar duplo por invalidez. ($13.000)=9; subsidio de cesantía, $17.380 por mes (0 a 90 días de cesant=10; subsidio de cesantía, $11.560 por mes (91 a 180 días de cesa=11; subsidio de cesantía, $ 8.669 por mes (181 a 360 días de ces=12; sap=13; bono de protección familiar (13.194 mensual, los primeros 6=14; bono de protección familiar (10.053 mensual, entre el 7 mes=15; bono de protección familiar (6.912 mensual entre los meses 1=16; bono de protección familiar (6.500 mensual, entre los meses=17; bono de egreso (6.500 mensual entre los meses 25  y 60)=18",15576,1,"haven_labelled;vctrs_vctr;double"
"2010","__enpg/enpg2010.RDS","p291b_01","recibió pensión: pensión básica solidaria de vejez. ($75.000)","si=1; no=2; ns/nr=9",15576,0,"haven_labelled;vctrs_vctr;double"
"2010","__enpg/enpg2010.RDS","p291b_02","recibió pensión: pensión básica solidaria de invalidez. ($75.000)","si=1; no=2; ns/nr=9",15576,0,"haven_labelled;vctrs_vctr;double"
"2010","__enpg/enpg2010.RDS","p291b_03","recibió pensión: aporte previsional solidario de vejez.","si=1; no=2; ns/nr=9",15576,0,"haven_labelled;vctrs_vctr;double"
"2010","__enpg/enpg2010.RDS","p291b_04","recibió pensión: aporte previsional solidario de invalidez.","si=1; no=2; ns/nr=9",15576,0,"haven_labelled;vctrs_vctr;double"
"2010","__enpg/enpg2010.RDS","p291b_05","recibió pensión: subsidio familiar al menor o recién nacido ($6.500)","si=1; no=2; ns/nr=9",15576,0,"haven_labelled;vctrs_vctr;double"
"2010","__enpg/enpg2010.RDS","p291b_06","recibió pensión: subsidio de asistencia maternal. ($65.000 por una sola vez equi","si=1; no=2; ns/nr=9",15576,1,"haven_labelled;vctrs_vctr;double"
"2010","__enpg/enpg2010.RDS","p291b_07","recibió pensión: subsidio familiar a la madre. ($6.500)","si=1; no=2; ns/nr=9",15576,0,"haven_labelled;vctrs_vctr;double"
"2010","__enpg/enpg2010.RDS","p291b_08","recibió pensión: subsidio a la discapacidad mental. ($52.830)","si=1; no=2; ns/nr=9",15576,1,"haven_labelled;vctrs_vctr;double"
"2010","__enpg/enpg2010.RDS","p291b_09","recibió pensión: subsidio familiar duplo por invalidez. ($13.000)","si=1; no=2; ns/nr=9",15576,1,"haven_labelled;vctrs_vctr;double"
"2010","__enpg/enpg2010.RDS","p291b_10","recibió pensión: subsidio de cesantía, $17.380 por mes (0 a 90 días de cesantía)","si=1; no=2; ns/nr=9",15576,1,"haven_labelled;vctrs_vctr;double"
"2010","__enpg/enpg2010.RDS","p291b_11","recibió pensión: subsidio de cesantía, $11.560 por mes (91 a 180 días de cesantí","si=1; no=2; ns/nr=9",15576,1,"haven_labelled;vctrs_vctr;double"
"2010","__enpg/enpg2010.RDS","p291b_12","recibió pensión: subsidio de cesantía, $ 8.669 por mes (181 a 360 días de cesant","si=1; no=2; ns/nr=9",15576,1,"haven_labelled;vctrs_vctr;double"
"2010","__enpg/enpg2010.RDS","p291b_13","recibió pensión: sap","si=1; no=2; ns/nr=9",15576,1,"haven_labelled;vctrs_vctr;double"
"2010","__enpg/enpg2010.RDS","p291b_14","recibió pensión: bono de protección familiar (13.194 mensual, los primeros 6 mes","si=1; no=2; ns/nr=9",15576,1,"haven_labelled;vctrs_vctr;double"
"2010","__enpg/enpg2010.RDS","p291b_15","recibió pensión: bono de protección familiar (10.053 mensual, entre el 7 mes y e","si=1; no=2; ns/nr=9",15576,1,"haven_labelled;vctrs_vctr;double"
"2010","__enpg/enpg2010.RDS","p291b_16","recibió pensión: bono de protección familiar (6.912 mensual entre los meses 13 y","si=1; no=2; ns/nr=9",15576,1,"haven_labelled;vctrs_vctr;double"
"2010","__enpg/enpg2010.RDS","p291b_17","recibió pensión: bono de protección familiar (6.500 mensual, entre los meses 19","si=1; no=2; ns/nr=9",15576,1,"haven_labelled;vctrs_vctr;double"
"2010","__enpg/enpg2010.RDS","p291b_18","recibió pensión: bono de egreso (6.500 mensual entre los meses 25  y 60)","si=1; no=2; ns/nr=9",15576,1,"haven_labelled;vctrs_vctr;double"
"2010","__enpg/enpg2010.RDS","p291bm_01","monto pensión recibido: pensión básica solidaria de vejez. ($75.000)","no sabe / no responde=9999999",15576,14823,"haven_labelled;vctrs_vctr;double"
"2010","__enpg/enpg2010.RDS","p291bm_02","monto pensión recibido: pensión básica solidaria de invalidez. ($75.000)","no sabe / no responde=9999999",15576,15149,"haven_labelled;vctrs_vctr;double"
"2010","__enpg/enpg2010.RDS","p291bm_03","monto pensión recibido: aporte previsional solidario de vejez.","no sabe / no responde=9999999",15576,15501,"haven_labelled;vctrs_vctr;double"
"2010","__enpg/enpg2010.RDS","p291bm_04","monto pensión recibido: aporte previsional solidario de invalidez.","no sabe / no responde=9999999",15576,15475,"haven_labelled;vctrs_vctr;double"
"2010","__enpg/enpg2010.RDS","p291bm_05","monto pensión recibido: subsidio familiar al menor o recién nacido ($6.500)","no sabe / no responde=9999999",15576,14368,"haven_labelled;vctrs_vctr;double"
"2010","__enpg/enpg2010.RDS","p291bm_06","monto pensión recibido: subsidio de asistencia maternal. ($65.000 por una sola v","no sabe / no responde=9999999",15576,15480,"haven_labelled;vctrs_vctr;double"
"2010","__enpg/enpg2010.RDS","p291bm_07","monto pensión recibido: subsidio familiar a la madre. ($6.500)","no sabe / no responde=9999999",15576,14607,"haven_labelled;vctrs_vctr;double"
"2010","__enpg/enpg2010.RDS","p291bm_08","monto pensión recibido: subsidio a la discapacidad mental. ($52.830)","no sabe / no responde=9999999",15576,15530,"haven_labelled;vctrs_vctr;double"
"2010","__enpg/enpg2010.RDS","p291bm_09","monto pensión recibido: subsidio familiar duplo por invalidez. ($13.000)","no sabe / no responde=9999999",15576,15559,"haven_labelled;vctrs_vctr;double"
"2010","__enpg/enpg2010.RDS","p291bm_10","monto pensión recibido: subsidio de cesantía, $17.380 por mes (0 a 90 días de ce","no sabe / no responde=9999999",15576,15524,"haven_labelled;vctrs_vctr;double"
"2010","__enpg/enpg2010.RDS","p291bm_11","monto pensión recibido: subsidio de cesantía, $11.560 por mes (91 a 180 días de","no sabe / no responde=9999999",15576,15556,"haven_labelled;vctrs_vctr;double"
"2010","__enpg/enpg2010.RDS","p291bm_12","monto pensión recibido: subsidio de cesantía, $ 8.669 por mes (181 a 360 días de","no sabe / no responde=9999999",15576,15561,"haven_labelled;vctrs_vctr;double"
"2010","__enpg/enpg2010.RDS","p291bm_13","monto pensión recibido: sap","no sabe / no responde=9999999",15576,14370,"haven_labelled;vctrs_vctr;double"
"2010","__enpg/enpg2010.RDS","p291bm_14","monto pensión recibido: bono de protección familiar (13.194 mensual, los primero","no sabe / no responde=9999999",15576,15517,"haven_labelled;vctrs_vctr;double"
"2010","__enpg/enpg2010.RDS","p291bm_15","monto pensión recibido: bono de protección familiar (10.053 mensual, entre el 7","no sabe / no responde=9999999",15576,15547,"haven_labelled;vctrs_vctr;double"
"2010","__enpg/enpg2010.RDS","p291bm_16","monto pensión recibido: bono de protección familiar (6.912 mensual entre los mes","no sabe / no responde=9999999",15576,15529,"haven_labelled;vctrs_vctr;double"
"2010","__enpg/enpg2010.RDS","p291bm_17","monto pensión recibido: bono de protección familiar (6.500 mensual, entre los me","no sabe / no responde=9999999",15576,15501,"haven_labelled;vctrs_vctr;double"
"2010","__enpg/enpg2010.RDS","p291bm_18","monto pensión recibido: bono de egreso (6.500 mensual entre los meses 25  y 60)","no sabe / no responde=9999999",15576,15512,"haven_labelled;vctrs_vctr;double"
"2010","__enpg/enpg2010.RDS","pdummy2","filler","",15576,0,"character"
"2010","__enpg/enpg2010.RDS","p292info","artefactos","",15576,0,"character"
"2010","__enpg/enpg2010.RDS","p292code_01","código artefacto","televisor=1; videograbador, vhs, dvd=2; conexión tv cable /satelital=3; equipo de audio=4; lavadora manual=5; lavadora automática=6; secadora de ropa=7; refrigerador=8; congelador (freezer)=9; horno microondas=10; lavavajillas=11; calefont=12; ducha=13; computador=14; conexión a internet=15; automóvil para uso particular=16",15576,1,"haven_labelled;vctrs_vctr;double"
"2010","__enpg/enpg2010.RDS","p292code_02","código artefacto","televisor=1; videograbador, vhs, dvd=2; conexión tv cable /satelital=3; equipo de audio=4; lavadora manual=5; lavadora automática=6; secadora de ropa=7; refrigerador=8; congelador (freezer)=9; horno microondas=10; lavavajillas=11; calefont=12; ducha=13; computador=14; conexión a internet=15; automóvil para uso particular=16",15576,1,"haven_labelled;vctrs_vctr;double"
"2010","__enpg/enpg2010.RDS","p292code_03","código artefacto","televisor=1; videograbador, vhs, dvd=2; conexión tv cable /satelital=3; equipo de audio=4; lavadora manual=5; lavadora automática=6; secadora de ropa=7; refrigerador=8; congelador (freezer)=9; horno microondas=10; lavavajillas=11; calefont=12; ducha=13; computador=14; conexión a internet=15; automóvil para uso particular=16",15576,1,"haven_labelled;vctrs_vctr;double"
"2010","__enpg/enpg2010.RDS","p292code_04","código artefacto","televisor=1; videograbador, vhs, dvd=2; conexión tv cable /satelital=3; equipo de audio=4; lavadora manual=5; lavadora automática=6; secadora de ropa=7; refrigerador=8; congelador (freezer)=9; horno microondas=10; lavavajillas=11; calefont=12; ducha=13; computador=14; conexión a internet=15; automóvil para uso particular=16",15576,1,"haven_labelled;vctrs_vctr;double"
"2010","__enpg/enpg2010.RDS","p292code_05","código artefacto","televisor=1; videograbador, vhs, dvd=2; conexión tv cable /satelital=3; equipo de audio=4; lavadora manual=5; lavadora automática=6; secadora de ropa=7; refrigerador=8; congelador (freezer)=9; horno microondas=10; lavavajillas=11; calefont=12; ducha=13; computador=14; conexión a internet=15; automóvil para uso particular=16",15576,1,"haven_labelled;vctrs_vctr;double"
"2010","__enpg/enpg2010.RDS","p292code_06","código artefacto","televisor=1; videograbador, vhs, dvd=2; conexión tv cable /satelital=3; equipo de audio=4; lavadora manual=5; lavadora automática=6; secadora de ropa=7; refrigerador=8; congelador (freezer)=9; horno microondas=10; lavavajillas=11; calefont=12; ducha=13; computador=14; conexión a internet=15; automóvil para uso particular=16",15576,1,"haven_labelled;vctrs_vctr;double"
"2010","__enpg/enpg2010.RDS","p292code_07","código artefacto","televisor=1; videograbador, vhs, dvd=2; conexión tv cable /satelital=3; equipo de audio=4; lavadora manual=5; lavadora automática=6; secadora de ropa=7; refrigerador=8; congelador (freezer)=9; horno microondas=10; lavavajillas=11; calefont=12; ducha=13; computador=14; conexión a internet=15; automóvil para uso particular=16",15576,1,"haven_labelled;vctrs_vctr;double"
"2010","__enpg/enpg2010.RDS","p292code_08","código artefacto","televisor=1; videograbador, vhs, dvd=2; conexión tv cable /satelital=3; equipo de audio=4; lavadora manual=5; lavadora automática=6; secadora de ropa=7; refrigerador=8; congelador (freezer)=9; horno microondas=10; lavavajillas=11; calefont=12; ducha=13; computador=14; conexión a internet=15; automóvil para uso particular=16",15576,1,"haven_labelled;vctrs_vctr;double"
"2010","__enpg/enpg2010.RDS","p292code_09","código artefacto","televisor=1; videograbador, vhs, dvd=2; conexión tv cable /satelital=3; equipo de audio=4; lavadora manual=5; lavadora automática=6; secadora de ropa=7; refrigerador=8; congelador (freezer)=9; horno microondas=10; lavavajillas=11; calefont=12; ducha=13; computador=14; conexión a internet=15; automóvil para uso particular=16",15576,1,"haven_labelled;vctrs_vctr;double"
"2010","__enpg/enpg2010.RDS","p292code_10","código artefacto","televisor=1; videograbador, vhs, dvd=2; conexión tv cable /satelital=3; equipo de audio=4; lavadora manual=5; lavadora automática=6; secadora de ropa=7; refrigerador=8; congelador (freezer)=9; horno microondas=10; lavavajillas=11; calefont=12; ducha=13; computador=14; conexión a internet=15; automóvil para uso particular=16",15576,1,"haven_labelled;vctrs_vctr;double"
"2010","__enpg/enpg2010.RDS","p292code_11","código artefacto","televisor=1; videograbador, vhs, dvd=2; conexión tv cable /satelital=3; equipo de audio=4; lavadora manual=5; lavadora automática=6; secadora de ropa=7; refrigerador=8; congelador (freezer)=9; horno microondas=10; lavavajillas=11; calefont=12; ducha=13; computador=14; conexión a internet=15; automóvil para uso particular=16",15576,1,"haven_labelled;vctrs_vctr;double"
"2010","__enpg/enpg2010.RDS","p292code_12","código artefacto","televisor=1; videograbador, vhs, dvd=2; conexión tv cable /satelital=3; equipo de audio=4; lavadora manual=5; lavadora automática=6; secadora de ropa=7; refrigerador=8; congelador (freezer)=9; horno microondas=10; lavavajillas=11; calefont=12; ducha=13; computador=14; conexión a internet=15; automóvil para uso particular=16",15576,1,"haven_labelled;vctrs_vctr;double"
"2010","__enpg/enpg2010.RDS","p292code_13","código artefacto","televisor=1; videograbador, vhs, dvd=2; conexión tv cable /satelital=3; equipo de audio=4; lavadora manual=5; lavadora automática=6; secadora de ropa=7; refrigerador=8; congelador (freezer)=9; horno microondas=10; lavavajillas=11; calefont=12; ducha=13; computador=14; conexión a internet=15; automóvil para uso particular=16",15576,1,"haven_labelled;vctrs_vctr;double"
"2010","__enpg/enpg2010.RDS","p292code_14","código artefacto","televisor=1; videograbador, vhs, dvd=2; conexión tv cable /satelital=3; equipo de audio=4; lavadora manual=5; lavadora automática=6; secadora de ropa=7; refrigerador=8; congelador (freezer)=9; horno microondas=10; lavavajillas=11; calefont=12; ducha=13; computador=14; conexión a internet=15; automóvil para uso particular=16",15576,0,"haven_labelled;vctrs_vctr;double"
"2010","__enpg/enpg2010.RDS","p292code_15","código artefacto","televisor=1; videograbador, vhs, dvd=2; conexión tv cable /satelital=3; equipo de audio=4; lavadora manual=5; lavadora automática=6; secadora de ropa=7; refrigerador=8; congelador (freezer)=9; horno microondas=10; lavavajillas=11; calefont=12; ducha=13; computador=14; conexión a internet=15; automóvil para uso particular=16",15576,0,"haven_labelled;vctrs_vctr;double"
"2010","__enpg/enpg2010.RDS","p292code_16","código artefacto","televisor=1; videograbador, vhs, dvd=2; conexión tv cable /satelital=3; equipo de audio=4; lavadora manual=5; lavadora automática=6; secadora de ropa=7; refrigerador=8; congelador (freezer)=9; horno microondas=10; lavavajillas=11; calefont=12; ducha=13; computador=14; conexión a internet=15; automóvil para uso particular=16",15576,0,"haven_labelled;vctrs_vctr;double"
"2010","__enpg/enpg2010.RDS","p292_01","el hogar tiene artefacto /servicio: televisor","si=1; no=2",15576,0,"haven_labelled;vctrs_vctr;double"
"2010","__enpg/enpg2010.RDS","p292_02","el hogar tiene artefacto /servicio: videograbador, vhs, dvd","si=1; no=2",15576,0,"haven_labelled;vctrs_vctr;double"
"2010","__enpg/enpg2010.RDS","p292_03","el hogar tiene artefacto /servicio: conexión tv cable /satelital","si=1; no=2",15576,0,"haven_labelled;vctrs_vctr;double"
"2010","__enpg/enpg2010.RDS","p292_04","el hogar tiene artefacto /servicio: equipo de audio","si=1; no=2",15576,0,"haven_labelled;vctrs_vctr;double"
"2010","__enpg/enpg2010.RDS","p292_05","el hogar tiene artefacto /servicio: lavadora manual","si=1; no=2",15576,0,"haven_labelled;vctrs_vctr;double"
"2010","__enpg/enpg2010.RDS","p292_06","el hogar tiene artefacto /servicio: lavadora automática","si=1; no=2",15576,0,"haven_labelled;vctrs_vctr;double"
"2010","__enpg/enpg2010.RDS","p292_07","el hogar tiene artefacto /servicio: secadora de ropa","si=1; no=2",15576,0,"haven_labelled;vctrs_vctr;double"
"2010","__enpg/enpg2010.RDS","p292_08","el hogar tiene artefacto /servicio: refrigerador","si=1; no=2",15576,0,"haven_labelled;vctrs_vctr;double"
"2010","__enpg/enpg2010.RDS","p292_09","el hogar tiene artefacto /servicio: congelador (freezer)","si=1; no=2",15576,0,"haven_labelled;vctrs_vctr;double"
"2010","__enpg/enpg2010.RDS","p292_10","el hogar tiene artefacto /servicio: horno microondas","si=1; no=2",15576,0,"haven_labelled;vctrs_vctr;double"
"2010","__enpg/enpg2010.RDS","p292_11","el hogar tiene artefacto /servicio: lavavajillas","si=1; no=2",15576,0,"haven_labelled;vctrs_vctr;double"
"2010","__enpg/enpg2010.RDS","p292_12","el hogar tiene artefacto /servicio: calefont","si=1; no=2",15576,0,"haven_labelled;vctrs_vctr;double"
"2010","__enpg/enpg2010.RDS","p292_13","el hogar tiene artefacto /servicio: ducha","si=1; no=2",15576,0,"haven_labelled;vctrs_vctr;double"
"2010","__enpg/enpg2010.RDS","p292_14","el hogar tiene artefacto /servicio: computador","si=1; no=2",15576,0,"haven_labelled;vctrs_vctr;double"
"2010","__enpg/enpg2010.RDS","p292_15","el hogar tiene artefacto /servicio: conexión a internet","si=1; no=2",15576,0,"haven_labelled;vctrs_vctr;double"
"2010","__enpg/enpg2010.RDS","p292_16","el hogar tiene artefacto /servicio: automóvil para uso particular","si=1; no=2",15576,0,"haven_labelled;vctrs_vctr;double"
"2010","__enpg/enpg2010.RDS","p293","calidad de la vivienda","tipo 1=1; tipo 2=2; tipo 3=3; tipo 4=4; tipo 5=5",15576,0,"haven_labelled;vctrs_vctr;double"
"2010","__enpg/enpg2010.RDS","p294","calidad del barrio","tipo 1=1; tipo 2=2; tipo 3=3; tipo 4=4; tipo 5=5",15576,0,"haven_labelled;vctrs_vctr;double"
"2010","__enpg/enpg2010.RDS","factor_ajustado_com","factor ajustado comunal","",15576,0,"numeric"
"2012","__enpg/Base de datos ENPG 2012 (PG).DTA.dta","idencuesta","IdEncuesta","",17154,0,"numeric"
"2012","__enpg/Base de datos ENPG 2012 (PG).DTA.dta","sexo","Sexo entrevistado(a)","Masculino=1; Femenino=2",17154,0,"haven_labelled;vctrs_vctr;double"
"2012","__enpg/Base de datos ENPG 2012 (PG).DTA.dta","edad","Edad entrevistado(a)","",17154,0,"numeric"
"2012","__enpg/Base de datos ENPG 2012 (PG).DTA.dta","p1_2","1.2.- Hablando de su salud ¿Cómo calificaría Ud. su estado de salud, en general,"," Muy malo=1;  Malo=2;  Regular=3;  Bueno=4;  Muy bueno=5;  Excelente=6;  No Contesta=99",17154,0,"haven_labelled;vctrs_vctr;double"
"2012","__enpg/Base de datos ENPG 2012 (PG).DTA.dta","p2","2.- ¿Ha fumado Ud. cigarrillos alguna vez en su vida?"," Sí=1;  No=2;  No sabe=88;  No contesta=99",17154,0,"haven_labelled;vctrs_vctr;double"
"2012","__enpg/Base de datos ENPG 2012 (PG).DTA.dta","p3","3.- ¿Cuándo fue la primera vez que Ud. fumó cigarrillos?"," Durante los últimos 30 días=1;  Hace más de un mes, pero menos de un año=2;  Hace más de un año=3;  No sabe=88;  No contesta=99",17154,6730,"haven_labelled;vctrs_vctr;double"
"2012","__enpg/Base de datos ENPG 2012 (PG).DTA.dta","p4","4.- ¿Qué edad tenía cuando fumó cigarrillos por primera vez?","No sabe=888; No contesta=999",17154,6730,"haven_labelled;vctrs_vctr;double"
"2012","__enpg/Base de datos ENPG 2012 (PG).DTA.dta","p5","5.- ¿Y cuándo fue la última vez que fumó cigarrillos?"," Durante los últimos 30 días=1;  Hace más de un mes, pero menos de un año=2;  Hace más de un año=3;  No sabe=88;  No contesta=99",17154,6730,"haven_labelled;vctrs_vctr;double"
"2012","__enpg/Base de datos ENPG 2012 (PG).DTA.dta","p6","6.- Piense solamente en los últimos 30 días, ¿Cuántos días ha fumado cigarrillos","No Sabe=88; No Contesta=99",17154,11285,"haven_labelled;vctrs_vctr;double"
"2012","__enpg/Base de datos ENPG 2012 (PG).DTA.dta","p7","7.- ¿Más o menos cuántos cigarrillos diarios ha fumado Ud. en estos últimos 30 d","No Sabe=888; No Contesta=999",17154,11285,"haven_labelled;vctrs_vctr;double"
"2012","__enpg/Base de datos ENPG 2012 (PG).DTA.dta","p8","8.- ¿Cuánto gastó Ud. en tabaco durante los últimos 30 días?","No sabe=88; No contesta=99",17154,11285,"haven_labelled;vctrs_vctr;double"
"2012","__enpg/Base de datos ENPG 2012 (PG).DTA.dta","p9_1","9.1.- Ahora le voy a hacer algunas preguntas acerca del alcohol y drogas. Ud. pu"," El entrevistado prefiere contestar en voz alta las pregunta=1;  El entrevistado prefiere completar el cuestionario por sí m=2",17154,0,"haven_labelled;vctrs_vctr;double"
"2012","__enpg/Base de datos ENPG 2012 (PG).DTA.dta","p9_2","9.2.- ¿De qué forma responde el entrevistado?"," Responde en cuestionario=1;  Responde en tablet=2",17154,16525,"haven_labelled;vctrs_vctr;double"
"2012","__enpg/Base de datos ENPG 2012 (PG).DTA.dta","p10","10.- ¿Ha tomado Ud. alcohol (cerveza / malta, chicha, vino / champaña, o licores"," Sí=1;  No=2;  No sabe=88;  No contesta=99",17154,0,"haven_labelled;vctrs_vctr;double"
"2012","__enpg/Base de datos ENPG 2012 (PG).DTA.dta","p11","11.- ¿Cuándo fue la primera vez que Ud. consumió alcohol en su vida?"," Durante los últimos 30 días=1;  Hace más de un mes, pero menos de un año=2;  Hace más de un año=3;  No sabe=88;  No contesta=99",17154,4706,"haven_labelled;vctrs_vctr;double"
"2012","__enpg/Base de datos ENPG 2012 (PG).DTA.dta","p12","12.- ¿Qué edad tenía cuando consumió por primera vez alcohol?(No considere cuand","No sabe=888; No contesta=999",17154,4706,"haven_labelled;vctrs_vctr;double"
"2012","__enpg/Base de datos ENPG 2012 (PG).DTA.dta","p13","13.- ¿Cuándo fue la última vez que Ud. consumió alcohol?"," Durante los últimos 30 días=1;  Hace más de un mes, pero menos de un año=2;  Hace más de un año=3;  No sabe=88;  No contesta=99",17154,4706,"haven_labelled;vctrs_vctr;double"
"2012","__enpg/Base de datos ENPG 2012 (PG).DTA.dta","p14","14.- Pensando solamente en los últimos 30 días, ¿Cuántos días del mes ha tomado","No Sabe=88; No Contesta=99",17154,10223,"haven_labelled;vctrs_vctr;double"
"2012","__enpg/Base de datos ENPG 2012 (PG).DTA.dta","p15","15.- Durante los últimos 30 días. ¿Qué tipo de bebida alcohólica tomó con más fr"," Cerveza=1;  Vino, champaña u otros espumantes=2;  Licores, destilados o combinados (pisco, ron, whisky, vodka=3;  Otro=4;  No sabe=88;  No contesta=99",17154,10223,"haven_labelled;vctrs_vctr;double"
"2012","__enpg/Base de datos ENPG 2012 (PG).DTA.dta","p16","16.1.- Pensando en los últimos 30 días y tomando en cuenta todos los tipos de be","No sabe=88; No contesta=99",17154,10223,"haven_labelled;vctrs_vctr;double"
"2012","__enpg/Base de datos ENPG 2012 (PG).DTA.dta","p17","17.- Durante los últimos 30 días, ¿Cuál fue la máxima cantidad de tragos que lle","No sabe=88; No contesta=99",17154,10223,"haven_labelled;vctrs_vctr;double"
"2012","__enpg/Base de datos ENPG 2012 (PG).DTA.dta","p18","18.- ¿Aproximadamente cuánto gastó Ud. en alcohol durante los últimos 30 días?","No sabe=88; No contesta=99",17154,10223,"haven_labelled;vctrs_vctr;double"
"2012","__enpg/Base de datos ENPG 2012 (PG).DTA.dta","p19","19.- ¿Qué tan seguido toma usted alguna bebida alcohólica?","Nunca=0; 1 vez al mes o menos=1; 2 a 4 veces al mes=2; 2 a 3 veces a la semana=3; 4 o más veces a la semana=4",17154,7395,"haven_labelled;vctrs_vctr;double"
"2012","__enpg/Base de datos ENPG 2012 (PG).DTA.dta","p20","20.- ¿Cuántos tragos suele tomar usted en un día típico de consumo de alcohol?","0-2 tragos=0; 3-4 tragos=1; 5-6 tragos=2; 7-9 tragos=3; 10 o más tragos=4",17154,7395,"haven_labelled;vctrs_vctr;double"
"2012","__enpg/Base de datos ENPG 2012 (PG).DTA.dta","p21","21. ¿Qué tan seguido toma usted 6 o más tragos en una sola ocasión?","Nunca=0; Menos de una vez al mes=1; Mensualmente=2; Semanalmente=3; Todos o casi todos los días=4",17154,7395,"haven_labelled;vctrs_vctr;double"
"2012","__enpg/Base de datos ENPG 2012 (PG).DTA.dta","p22","22. ¿Qué tan seguido, en el curso de los últimos 12 meses, usted no pudo parar d","Nunca=0; Menos de una vez al mes=1; Mensualmente=2; Semanalmente=3; Todos o casi todos los días=4",17154,7395,"haven_labelled;vctrs_vctr;double"
"2012","__enpg/Base de datos ENPG 2012 (PG).DTA.dta","p23","23. ¿Qué tan seguido, en el curso de los últimos 12 meses, su consumo de alcohol","Nunca=0; Menos de una vez al mes=1; Mensualmente=2; Semanalmente=3; Todos o casi todos los días=4",17154,7395,"haven_labelled;vctrs_vctr;double"
"2012","__enpg/Base de datos ENPG 2012 (PG).DTA.dta","p24","24. ¿Qué tan seguido, en el curso de los últimos 12 meses, usted necesitó beber","Nunca=0; Menos de una vez al mes=1; Mensualmente=2; Semanalmente=3; Todos o casi todos los días=4",17154,7395,"haven_labelled;vctrs_vctr;double"
"2012","__enpg/Base de datos ENPG 2012 (PG).DTA.dta","p25","25. ¿Qué tan seguido, en el curso de los últimos 12 meses, usted tuvo remordimie","Nunca=0; Menos de una vez al mes=1; Mensualmente=2; Semanalmente=3; Todos o casi todos los días=4",17154,7395,"haven_labelled;vctrs_vctr;double"
"2012","__enpg/Base de datos ENPG 2012 (PG).DTA.dta","p26","26. ¿Qué tan seguido, en el curso de los últimos 12 meses, usted no fue capaz de","Nunca=0; Menos de una vez al mes=1; Mensualmente=2; Semanalmente=3; Todos o casi todos los días=4",17154,7395,"haven_labelled;vctrs_vctr;double"
"2012","__enpg/Base de datos ENPG 2012 (PG).DTA.dta","p27","27. ¿Usted o alguna otra persona ha resultado físicamente herido debido a que us","No=0; Sí, pero no en el último año=2; Sí, en el último año=4",17154,7395,"haven_labelled;vctrs_vctr;double"
"2012","__enpg/Base de datos ENPG 2012 (PG).DTA.dta","p28","28. ¿Algún familiar, amigo, médico u otro profesional de la salud ha mostrado pr","No=0; Sí, pero no en el último año=2; Sí, en el último año=4",17154,7395,"haven_labelled;vctrs_vctr;double"
"2012","__enpg/Base de datos ENPG 2012 (PG).DTA.dta","p29_1","29.- Pensando en los últimos 30 días, ¿Ha comprado alcohol en alguno de los sigu","Si=1; No=2",17154,7395,"haven_labelled;vctrs_vctr;double"
"2012","__enpg/Base de datos ENPG 2012 (PG).DTA.dta","p29_2","29.- Pensando en los últimos 30 días, ¿Ha comprado alcohol en alguno de los sigu","Si=1; No=2",17154,7395,"haven_labelled;vctrs_vctr;double"
"2012","__enpg/Base de datos ENPG 2012 (PG).DTA.dta","p29_3","29.- Pensando en los últimos 30 días, ¿Ha comprado alcohol en alguno de los sigu","Si=1; No=2",17154,7395,"haven_labelled;vctrs_vctr;double"
"2012","__enpg/Base de datos ENPG 2012 (PG).DTA.dta","p29_4","29.- Pensando en los últimos 30 días, ¿Ha comprado alcohol en alguno de los sigu","Si=1; No=2",17154,7395,"haven_labelled;vctrs_vctr;double"
"2012","__enpg/Base de datos ENPG 2012 (PG).DTA.dta","p29_5","29.- Pensando en los últimos 30 días, ¿Ha comprado alcohol en alguno de los sigu","Si=1; No=2",17154,7395,"haven_labelled;vctrs_vctr;double"
"2012","__enpg/Base de datos ENPG 2012 (PG).DTA.dta","p29_6","29.- Pensando en los últimos 30 días, ¿Ha comprado alcohol en alguno de los sigu","Si=1; No=2",17154,7395,"haven_labelled;vctrs_vctr;double"
"2012","__enpg/Base de datos ENPG 2012 (PG).DTA.dta","p30_1","30.- Durante los últimos 30 días, ¿Ha comprado alcohol en alguno de los siguient","Si=1; No=2",17154,7395,"haven_labelled;vctrs_vctr;double"
"2012","__enpg/Base de datos ENPG 2012 (PG).DTA.dta","p30_2","30.- Durante los últimos 30 días, ¿Ha comprado alcohol en alguno de los siguient","Si=1; No=2",17154,7395,"haven_labelled;vctrs_vctr;double"
"2012","__enpg/Base de datos ENPG 2012 (PG).DTA.dta","p30_3","30.- Durante los últimos 30 días, ¿Ha comprado alcohol en alguno de los siguient","Si=1; No=2",17154,7395,"haven_labelled;vctrs_vctr;double"
"2012","__enpg/Base de datos ENPG 2012 (PG).DTA.dta","p30_4","30.- Durante los últimos 30 días, ¿Ha comprado alcohol en alguno de los siguient","Si=1; No=2",17154,7395,"haven_labelled;vctrs_vctr;double"
"2012","__enpg/Base de datos ENPG 2012 (PG).DTA.dta","p30_5","30.- Durante los últimos 30 días, ¿Ha comprado alcohol en alguno de los siguient","Si=1; No=2",17154,7395,"haven_labelled;vctrs_vctr;double"
"2012","__enpg/Base de datos ENPG 2012 (PG).DTA.dta","p30_6","30.- Durante los últimos 30 días, ¿Ha comprado alcohol en alguno de los siguient","Si=1; No=2",17154,7395,"haven_labelled;vctrs_vctr;double"
"2012","__enpg/Base de datos ENPG 2012 (PG).DTA.dta","p31","31.- ¿Ha dejado de cumplir sus deberes en la casa, en el trabajo o donde estudia"," Sí=1;  No=2;  No sabe=88;  No contesta=99",17154,7395,"haven_labelled;vctrs_vctr;double"
"2012","__enpg/Base de datos ENPG 2012 (PG).DTA.dta","p32","32.- ¿Ha puesto en peligro su integridad física  a causa del consumo recurrente"," Sí=1;  No=2;  No sabe=88;  No contesta=99",17154,7395,"haven_labelled;vctrs_vctr;double"
"2012","__enpg/Base de datos ENPG 2012 (PG).DTA.dta","p33","33.- ¿Ha hecho algo bajo los efectos del alcohol que pudiera causarle problemas"," Sí=1;  No=2;  No sabe=88;  No contesta=99",17154,7395,"haven_labelled;vctrs_vctr;double"
"2012","__enpg/Base de datos ENPG 2012 (PG).DTA.dta","p34","34.- ¿Ha tenido algún problema o han aumentado los problemas con su familia o am"," Sí=1;  No=2;  No sabe=88;  No contesta=99",17154,7395,"haven_labelled;vctrs_vctr;double"
"2012","__enpg/Base de datos ENPG 2012 (PG).DTA.dta","p35","35.- ¿Ha probado Ud. marihuana alguna vez en su vida?"," Sí=1;  No=2;  No sabe=88;  No contesta=99",17154,0,"haven_labelled;vctrs_vctr;double"
"2012","__enpg/Base de datos ENPG 2012 (PG).DTA.dta","p36","36.- ¿Cuándo fue la primera vez que Ud. consumió marihuana en su vida?"," Durante los últimos 30 días=1;  Hace más de un mes, pero menos de un año=2;  Hace más de un año=3;  No sabe=88;  No contesta=99",17154,13722,"haven_labelled;vctrs_vctr;double"
"2012","__enpg/Base de datos ENPG 2012 (PG).DTA.dta","p37","37.- ¿Qué edad tenía cuando probó marihuana por primera vez?","No Sabe=888; No Contesta=999",17154,13722,"haven_labelled;vctrs_vctr;double"
"2012","__enpg/Base de datos ENPG 2012 (PG).DTA.dta","p38","38.- ¿Cuándo fue la última vez que Ud. consumió marihuana?"," Durante los últimos 30 días=1;  Hace más de un mes, pero menos de un año=2;  Hace más de un año=3;  No sabe=88;  No contesta=99",17154,13722,"haven_labelled;vctrs_vctr;double"
"2012","__enpg/Base de datos ENPG 2012 (PG).DTA.dta","p39","39.- Pensando solamente en los últimos 30 días, ¿Cuántos días del mes ha consumi","No Sabe=88; No Contesta=99",17154,16620,"haven_labelled;vctrs_vctr;double"
"2012","__enpg/Base de datos ENPG 2012 (PG).DTA.dta","p40","40.- ¿Cuántos cigarros de marihuana consume Ud. al mes?","No Sabe=888; No Contesta=999",17154,16620,"haven_labelled;vctrs_vctr;double"
"2012","__enpg/Base de datos ENPG 2012 (PG).DTA.dta","p41","41.- ¿Cuánto gastó Ud. en marihuana durante los últimos 30 días?","No sabe=88; No contesta=99",17154,16620,"haven_labelled;vctrs_vctr;double"
"2012","__enpg/Base de datos ENPG 2012 (PG).DTA.dta","p42","42.- Según lo que Ud. sabe, ¿Cuánto cuesta un cigarro de marihuana?","No sabe=88; No contesta=99",17154,16242,"haven_labelled;vctrs_vctr;double"
"2012","__enpg/Base de datos ENPG 2012 (PG).DTA.dta","p43","43.- ¿Qué tipo de marihuana consumió con mayor frecuencia?"," Marihuana prensada o “paraguaya”=1;  Marihuana verde o yerba=2;  Marihuana Skunk (“transgénica”)=3;  No sabe=88;  No contesta=99",17154,16242,"haven_labelled;vctrs_vctr;double"
"2012","__enpg/Base de datos ENPG 2012 (PG).DTA.dta","p44","44.- ¿Consumió marihuana para eliminar o para evitar que se presenten problemas"," Sí=1;  No=2;  No sabe=88;  No contesta=99",17154,16242,"haven_labelled;vctrs_vctr;double"
"2012","__enpg/Base de datos ENPG 2012 (PG).DTA.dta","p45","45.- ¿Ha presentado estos problemas cuando suspendía o disminuía el consumo de m"," Sí=1;  No=2;  No sabe=88;  No contesta=99",17154,16242,"haven_labelled;vctrs_vctr;double"
"2012","__enpg/Base de datos ENPG 2012 (PG).DTA.dta","p46","46.- ¿Ha sentido un deseo tan grande de usar marihuana que no pudo resistir o pe"," Sí=1;  No=2;  No sabe=88;  No contesta=99",17154,16242,"haven_labelled;vctrs_vctr;double"
"2012","__enpg/Base de datos ENPG 2012 (PG).DTA.dta","p47","47.- ¿Ha observado que para obtener el mismo efecto con marihuana ha consumido m"," Sí=1;  No=2;  No sabe=88;  No contesta=99",17154,16242,"haven_labelled;vctrs_vctr;double"
"2012","__enpg/Base de datos ENPG 2012 (PG).DTA.dta","p48","48.- ¿Ha notado que la misma cantidad de marihuana tiene menos efecto en Ud. que"," Sí=1;  No=2;  No sabe=88;  No contesta=99",17154,16242,"haven_labelled;vctrs_vctr;double"
"2012","__enpg/Base de datos ENPG 2012 (PG).DTA.dta","p49","49.- ¿Ha consumido marihuana a pesar de que tenía la intención de no hacerlo?"," Sí=1;  No=2;  No sabe=88;  No contesta=99",17154,16242,"haven_labelled;vctrs_vctr;double"
"2012","__enpg/Base de datos ENPG 2012 (PG).DTA.dta","p50","50.- ¿Ha terminado consumiendo marihuana en mayores cantidades de lo que Ud. pen"," Sí=1;  No=2;  No sabe=88;  No contesta=99",17154,16242,"haven_labelled;vctrs_vctr;double"
"2012","__enpg/Base de datos ENPG 2012 (PG).DTA.dta","p51","51.- ¿Ha dejado de hacer o ha suspendido actividades sociales, laborales o recre"," Sí=1;  No=2;  No sabe=88;  No contesta=99",17154,16242,"haven_labelled;vctrs_vctr;double"
"2012","__enpg/Base de datos ENPG 2012 (PG).DTA.dta","p52","52.- ¿Ha dedicado más tiempo que antes a conseguir y consumir marihuana, o pasa"," Sí=1;  No=2;  No sabe=88;  No contesta=99",17154,16242,"haven_labelled;vctrs_vctr;double"
"2012","__enpg/Base de datos ENPG 2012 (PG).DTA.dta","p53","53.- ¿Ha continuado consumiendo marihuana a pesar de que le ocasione problemas d"," Sí=1;  No=2;  No sabe=88;  No contesta=99",17154,16242,"haven_labelled;vctrs_vctr;double"
"2012","__enpg/Base de datos ENPG 2012 (PG).DTA.dta","p54","54.- ¿Ha dejado de cumplir sus deberes en la casa, en el trabajo o donde estudia"," Sí=1;  No=2;  No sabe=88;  No contesta=99",17154,16242,"haven_labelled;vctrs_vctr;double"
"2012","__enpg/Base de datos ENPG 2012 (PG).DTA.dta","p55","55.- ¿Ha puesto en peligro su integridad física  a causa del consumo recurrente"," Sí=1;  No=2;  No sabe=88;  No contesta=99",17154,16242,"haven_labelled;vctrs_vctr;double"
"2012","__enpg/Base de datos ENPG 2012 (PG).DTA.dta","p56","56.- ¿Ha hecho algo bajo los efectos de la marihuana que pudiera causarle proble"," Sí=1;  No=2;  No sabe=88;  No contesta=99",17154,16242,"haven_labelled;vctrs_vctr;double"
"2012","__enpg/Base de datos ENPG 2012 (PG).DTA.dta","p57","57.- ¿Ha tenido algún problema o han aumentado los problemas con su familia o am"," Sí=1;  No=2;  No sabe=88;  No contesta=99",17154,16242,"haven_labelled;vctrs_vctr;double"
"2012","__enpg/Base de datos ENPG 2012 (PG).DTA.dta","p58","58.- ¿Ha probado Ud. pasta base alguna vez en su vida?"," Sí=1;  No=2;  No sabe=88;  No contesta=99",17154,0,"haven_labelled;vctrs_vctr;double"
"2012","__enpg/Base de datos ENPG 2012 (PG).DTA.dta","p59","59.- ¿Cuándo fue la primera vez que Ud. consumió pasta base en su vida?"," Durante los últimos 30 días=1;  Hace más de un mes, pero menos de un año=2;  Hace más de un año=3;  No sabe=88;  No contesta=99",17154,16820,"haven_labelled;vctrs_vctr;double"
"2012","__enpg/Base de datos ENPG 2012 (PG).DTA.dta","p60","60.- ¿Qué edad tenía cuando probó pasta base por primera vez?","No Sabe=888; No Contesta=999",17154,16820,"haven_labelled;vctrs_vctr;double"
"2012","__enpg/Base de datos ENPG 2012 (PG).DTA.dta","p61","61.- ¿Cuándo fue la última vez que Ud. consumió pasta base?"," Durante los últimos 30 días=1;  Hace más de un mes, pero menos de un año=2;  Hace más de un año=3;  No sabe=88;  No contesta=99",17154,16820,"haven_labelled;vctrs_vctr;double"
"2012","__enpg/Base de datos ENPG 2012 (PG).DTA.dta","p62","62.- Pensando solamente en los últimos 30 días, ¿Cuántos días del mes ha consumi","",17154,17122,"numeric"
"2012","__enpg/Base de datos ENPG 2012 (PG).DTA.dta","p63","63.- ¿Cuántos papelillos de pasta base consume Ud. al mes?","No Sabe=888; No Contesta=999",17154,17122,"haven_labelled;vctrs_vctr;double"
"2012","__enpg/Base de datos ENPG 2012 (PG).DTA.dta","p64","64.- ¿Cuánto gastó Ud. en pasta base durante los últimos 30 días?","No sabe=88; No contesta=99",17154,17122,"haven_labelled;vctrs_vctr;double"
"2012","__enpg/Base de datos ENPG 2012 (PG).DTA.dta","p65","65.- Según lo que Ud. sabe, ¿Cuánto cuesta un papelillo de pasta base?","No sabe=88; No contesta=99",17154,17089,"haven_labelled;vctrs_vctr;double"
"2012","__enpg/Base de datos ENPG 2012 (PG).DTA.dta","p66","66.- ¿Consumió pasta base para eliminar o para evitar que se presenten problemas"," Sí=1;  No=2;  No sabe=88;  No contesta=99",17154,17089,"haven_labelled;vctrs_vctr;double"
"2012","__enpg/Base de datos ENPG 2012 (PG).DTA.dta","p67","67.- ¿Ha presentado estos problemas cuando suspendía o disminuía el consumo de p"," Sí=1;  No=2;  No sabe=88;  No contesta=99",17154,17089,"haven_labelled;vctrs_vctr;double"
"2012","__enpg/Base de datos ENPG 2012 (PG).DTA.dta","p68","68.- ¿Ha sentido un deseo tan grande de usar pasta base que no pudo resistir o p"," Sí=1;  No=2;  No sabe=88;  No contesta=99",17154,17089,"haven_labelled;vctrs_vctr;double"
"2012","__enpg/Base de datos ENPG 2012 (PG).DTA.dta","p69","69.- ¿Ha observado que para obtener el mismo efecto con pasta base ha consumido"," Sí=1;  No=2;  No sabe=88;  No contesta=99",17154,17089,"haven_labelled;vctrs_vctr;double"
"2012","__enpg/Base de datos ENPG 2012 (PG).DTA.dta","p70","70.- ¿Ha notado que la misma cantidad de pasta base tiene menos efecto en Ud. qu"," Sí=1;  No=2;  No sabe=88;  No contesta=99",17154,17089,"haven_labelled;vctrs_vctr;double"
"2012","__enpg/Base de datos ENPG 2012 (PG).DTA.dta","p71","71.- ¿Ha consumido pasta base a pesar de que tenía la intención de no hacerlo?"," Sí=1;  No=2;  No sabe=88;  No contesta=99",17154,17089,"haven_labelled;vctrs_vctr;double"
"2012","__enpg/Base de datos ENPG 2012 (PG).DTA.dta","p72","72.- ¿Ha terminado consumiendo pasta base en mayores cantidades de lo que Ud. pe"," Sí=1;  No=2;  No sabe=88;  No contesta=99",17154,17089,"haven_labelled;vctrs_vctr;double"
"2012","__enpg/Base de datos ENPG 2012 (PG).DTA.dta","p73","73.- ¿Ha dejado de hacer o ha suspendido actividades sociales, laborales o recre"," Sí=1;  No=2;  No sabe=88;  No contesta=99",17154,17089,"haven_labelled;vctrs_vctr;double"
"2012","__enpg/Base de datos ENPG 2012 (PG).DTA.dta","p74","74.- ¿Ha dedicado más tiempo que antes a conseguir y consumir pasta base, o pasa"," Sí=1;  No=2;  No sabe=88;  No contesta=99",17154,17089,"haven_labelled;vctrs_vctr;double"
"2012","__enpg/Base de datos ENPG 2012 (PG).DTA.dta","p75","75.- ¿Ha continuado consumiendo pasta base a pesar de que le ocasione problemas"," Sí=1;  No=2;  No sabe=88;  No contesta=99",17154,17089,"haven_labelled;vctrs_vctr;double"
"2012","__enpg/Base de datos ENPG 2012 (PG).DTA.dta","p76","76.- ¿Ha dejado de cumplir sus deberes en la casa, en el trabajo o donde estudia"," Sí=1;  No=2;  No sabe=88;  No contesta=99",17154,17089,"haven_labelled;vctrs_vctr;double"
"2012","__enpg/Base de datos ENPG 2012 (PG).DTA.dta","p77","77.- ¿Ha puesto en peligro su integridad física  a causa del consumo recurrente"," Sí=1;  No=2;  No sabe=88;  No contesta=99",17154,17089,"haven_labelled;vctrs_vctr;double"
"2012","__enpg/Base de datos ENPG 2012 (PG).DTA.dta","p78","78.- ¿Ha hecho algo bajo los efectos de la pasta base que pudiera  causarle prob"," Sí=1;  No=2;  No sabe=88;  No contesta=99",17154,17089,"haven_labelled;vctrs_vctr;double"
"2012","__enpg/Base de datos ENPG 2012 (PG).DTA.dta","p79","79.- ¿Ha tenido algún problema o han aumentado los problemas con su familia o am"," Sí=1;  No=2;  No sabe=88;  No contesta=99",17154,17089,"haven_labelled;vctrs_vctr;double"
"2012","__enpg/Base de datos ENPG 2012 (PG).DTA.dta","p80","80.- ¿Ha probado Ud. Cocaína alguna vez en su vida?"," Sí=1;  No=2;  No sabe=88;  No contesta=99",17154,0,"haven_labelled;vctrs_vctr;double"
"2012","__enpg/Base de datos ENPG 2012 (PG).DTA.dta","p81","81.- ¿Cuándo fue la primera vez que Ud. consumió cocaína en su vida?"," Durante los últimos 30 días=1;  Hace más de un mes, pero menos de un año=2;  Hace más de un año=3;  No sabe=88;  No contesta=99",17154,16507,"haven_labelled;vctrs_vctr;double"
"2012","__enpg/Base de datos ENPG 2012 (PG).DTA.dta","p82","82.- ¿Qué edad tenía cuando probó cocaína por primera vez?","No Sabe=888; No Contesta=999",17154,16507,"haven_labelled;vctrs_vctr;double"
"2012","__enpg/Base de datos ENPG 2012 (PG).DTA.dta","p83","83.- ¿Cuándo fue la última vez que Ud. consumió cocaína?"," Durante los últimos 30 días=1;  Hace más de un mes, pero menos de un año=2;  Hace más de un año=3;  No sabe=88;  No contesta=99",17154,16507,"haven_labelled;vctrs_vctr;double"
"2012","__enpg/Base de datos ENPG 2012 (PG).DTA.dta","p84","84.- Pensando solamente en los últimos 30 días, ¿Cuántos días del mes ha consumi","",17154,17103,"numeric"
"2012","__enpg/Base de datos ENPG 2012 (PG).DTA.dta","p85","85.- ¿Cuántos gramos de cocaína consume Ud. al mes?","No Sabe=888; No Contesta=999",17154,17103,"haven_labelled;vctrs_vctr;double"
"2012","__enpg/Base de datos ENPG 2012 (PG).DTA.dta","p86","86.- ¿Cuánto gastó Ud. en cocaína durante los últimos 30 días?","No sabe=88; No contesta=99",17154,17103,"haven_labelled;vctrs_vctr;double"
"2012","__enpg/Base de datos ENPG 2012 (PG).DTA.dta","p87","87.- Según lo que Ud. sabe, ¿Cuánto cuesta un gramo de cocaína?","No sabe=88; No contesta=99",17154,17034,"haven_labelled;vctrs_vctr;double"
"2012","__enpg/Base de datos ENPG 2012 (PG).DTA.dta","p88","88.- ¿Consumió cocaína para eliminar o para evitar que se presenten problemas co"," Sí=1;  No=2;  No sabe=88;  No contesta=99",17154,17034,"haven_labelled;vctrs_vctr;double"
"2012","__enpg/Base de datos ENPG 2012 (PG).DTA.dta","p89","89.- ¿Ha presentado estos problemas cuando suspendía o disminuía el consumo de c"," Sí=1;  No=2;  No sabe=88;  No contesta=99",17154,17034,"haven_labelled;vctrs_vctr;double"
"2012","__enpg/Base de datos ENPG 2012 (PG).DTA.dta","p90","90.- ¿Ha sentido un deseo tan grande de usar cocaína que no pudo resistir o pens"," Sí=1;  No=2;  No sabe=88;  No contesta=99",17154,17034,"haven_labelled;vctrs_vctr;double"
"2012","__enpg/Base de datos ENPG 2012 (PG).DTA.dta","p91","91.- ¿Ha observado que para obtener el mismo efecto con cocaína ha consumido may"," Sí=1;  No=2;  No sabe=88;  No contesta=99",17154,17034,"haven_labelled;vctrs_vctr;double"
"2012","__enpg/Base de datos ENPG 2012 (PG).DTA.dta","p92","92.- ¿Ha notado que la misma cantidad de cocaína tiene menos efecto en Ud. que a"," Sí=1;  No=2;  No sabe=88;  No contesta=99",17154,17034,"haven_labelled;vctrs_vctr;double"
"2012","__enpg/Base de datos ENPG 2012 (PG).DTA.dta","p93","93.- ¿Ha consumido cocaína a pesar de que tenía la intención de no hacerlo?"," Sí=1;  No=2;  No sabe=88;  No contesta=99",17154,17034,"haven_labelled;vctrs_vctr;double"
"2012","__enpg/Base de datos ENPG 2012 (PG).DTA.dta","p94","94.- ¿Ha terminado consumiendo cocaína en mayores cantidades de lo que Ud. pensó"," Sí=1;  No=2;  No sabe=88;  No contesta=99",17154,17034,"haven_labelled;vctrs_vctr;double"
"2012","__enpg/Base de datos ENPG 2012 (PG).DTA.dta","p95","95.- ¿Ha dejado de hacer o ha suspendido actividades sociales, laborales o recre"," Sí=1;  No=2;  No sabe=88;  No contesta=99",17154,17034,"haven_labelled;vctrs_vctr;double"
"2012","__enpg/Base de datos ENPG 2012 (PG).DTA.dta","p96","96.- ¿Ha dedicado más tiempo que antes a conseguir y consumir cocaína, o pasa má"," Sí=1;  No=2;  No sabe=88;  No contesta=99",17154,17034,"haven_labelled;vctrs_vctr;double"
"2012","__enpg/Base de datos ENPG 2012 (PG).DTA.dta","p97","97.- ¿Ha continuado consumiendo cocaína a pesar de que le ocasione problemas de"," Sí=1;  No=2;  No sabe=88;  No contesta=99",17154,17034,"haven_labelled;vctrs_vctr;double"
"2012","__enpg/Base de datos ENPG 2012 (PG).DTA.dta","p98","98.- ¿Ha dejado de cumplir sus deberes en la casa, en el trabajo o donde estudia"," Sí=1;  No=2;  No sabe=88;  No contesta=99",17154,17034,"haven_labelled;vctrs_vctr;double"
"2012","__enpg/Base de datos ENPG 2012 (PG).DTA.dta","p99","99.- ¿Ha puesto en peligro su integridad física  a causa del consumo recurrente"," Sí=1;  No=2;  No sabe=88;  No contesta=99",17154,17034,"haven_labelled;vctrs_vctr;double"
"2012","__enpg/Base de datos ENPG 2012 (PG).DTA.dta","p100","100.- ¿Ha hecho algo bajo los efectos de la cocaína que pudiera  causarle proble"," Sí=1;  No=2;  No sabe=88;  No contesta=99",17154,17034,"haven_labelled;vctrs_vctr;double"
"2012","__enpg/Base de datos ENPG 2012 (PG).DTA.dta","p101","101.- ¿Ha tenido algún problema o han aumentado los problemas con su familia o a"," Sí=1;  No=2;  No sabe=88;  No contesta=99",17154,17034,"haven_labelled;vctrs_vctr;double"
"2012","__enpg/Base de datos ENPG 2012 (PG).DTA.dta","p102","102.- ¿Ha probado Ud. Bebidas Energéticas (Battery, Red Bull, Dark Dog, etc.) al"," Sí=1;  No=2;  No sabe=88;  No contesta=99",17154,0,"haven_labelled;vctrs_vctr;double"
"2012","__enpg/Base de datos ENPG 2012 (PG).DTA.dta","p103","103.- ¿Cuándo fue la última vez que Ud. consumió Bebidas Energéticas?"," Durante los últimos 30 días=1;  Hace más de un mes, pero menos de un año=2;  Hace más de un año=3;  No sabe=88;  No contesta=99",17154,12509,"haven_labelled;vctrs_vctr;double"
"2012","__enpg/Base de datos ENPG 2012 (PG).DTA.dta","p104","104.- ¿Ha probado Ud. alguna Bebida Energética combinada con Alcohol alguna vez"," Sí=1;  No=2;  No sabe=88;  No contesta=99",17154,12509,"haven_labelled;vctrs_vctr;double"
"2012","__enpg/Base de datos ENPG 2012 (PG).DTA.dta","p105","105.- ¿Cuándo fue la última vez que Ud. consumió alguna Bebida Energética combin"," Durante los últimos 30 días=1;  Hace más de un mes, pero menos de un año=2;  Hace más de un año=3;  No sabe=88;  No contesta=99",17154,15981,"haven_labelled;vctrs_vctr;double"
"2012","__enpg/Base de datos ENPG 2012 (PG).DTA.dta","p106_1","106.- ¿Ha probado Ud. alguna de las siguientes drogas alguna vez en su vida? Hac","Si=1; No=2",17154,0,"haven_labelled;vctrs_vctr;double"
"2012","__enpg/Base de datos ENPG 2012 (PG).DTA.dta","p107_1","107.- ¿Cuándo fue la última vez que probó esta droga? Hachís","Durante los últimos 30 días=1; Hace más de un mes, pero menos de un año=2; Hace más de un año=3; No sabe=88; No contesta=99",17154,17005,"haven_labelled;vctrs_vctr;double"
"2012","__enpg/Base de datos ENPG 2012 (PG).DTA.dta","p106_2","106.- ¿Ha probado Ud. alguna de las siguientes drogas alguna vez en su vida? Éxt","Si=1; No=2",17154,0,"haven_labelled;vctrs_vctr;double"
"2012","__enpg/Base de datos ENPG 2012 (PG).DTA.dta","p107_2","107.- ¿Cuándo fue la última vez que probó esta droga? Éxtasis o MDMA","Durante los últimos 30 días=1; Hace más de un mes, pero menos de un año=2; Hace más de un año=3; No sabe=88; No contesta=99",17154,17103,"haven_labelled;vctrs_vctr;double"
"2012","__enpg/Base de datos ENPG 2012 (PG).DTA.dta","p106_3","106.- ¿Ha probado Ud. alguna de las siguientes drogas alguna vez en su vida? Her","Si=1; No=2",17154,0,"haven_labelled;vctrs_vctr;double"
"2012","__enpg/Base de datos ENPG 2012 (PG).DTA.dta","p107_3","107.- ¿Cuándo fue la última vez que probó esta droga? Heroína","Durante los últimos 30 días=1; Hace más de un mes, pero menos de un año=2; Hace más de un año=3; No sabe=88; No contesta=99",17154,17142,"haven_labelled;vctrs_vctr;double"
"2012","__enpg/Base de datos ENPG 2012 (PG).DTA.dta","p106_4","106.- ¿Ha probado Ud. alguna de las siguientes drogas alguna vez en su vida? Cra","Si=1; No=2",17154,0,"haven_labelled;vctrs_vctr;double"
"2012","__enpg/Base de datos ENPG 2012 (PG).DTA.dta","p107_4","107.- ¿Cuándo fue la última vez que probó esta droga? Crack","Durante los últimos 30 días=1; Hace más de un mes, pero menos de un año=2; Hace más de un año=3; No sabe=88; No contesta=99",17154,17140,"haven_labelled;vctrs_vctr;double"
"2012","__enpg/Base de datos ENPG 2012 (PG).DTA.dta","p108_1","108.- ¿Ha probado Ud. alguno de los siguientes medicamentos estimulantes sin rec","Si=1; No=2",17154,0,"haven_labelled;vctrs_vctr;double"
"2012","__enpg/Base de datos ENPG 2012 (PG).DTA.dta","p109_1","109.- ¿Cuándo fue la última vez que probó este medicamento sin receta médica? An","Durante los últimos 30 días=1; Hace más de un mes, pero menos de un año=2; Hace más de un año=3; No sabe=88; No contesta=99",17154,17019,"haven_labelled;vctrs_vctr;double"
"2012","__enpg/Base de datos ENPG 2012 (PG).DTA.dta","p108_2","108.- ¿Ha probado Ud. alguno de los siguientes medicamentos estimulantes sin rec","Si=1; No=2",17154,0,"haven_labelled;vctrs_vctr;double"
"2012","__enpg/Base de datos ENPG 2012 (PG).DTA.dta","p109_2","109.- ¿Cuándo fue la última vez que probó este medicamento sin receta médica? Ci","Durante los últimos 30 días=1; Hace más de un mes, pero menos de un año=2; Hace más de un año=3; No sabe=88; No contesta=99",17154,17100,"haven_labelled;vctrs_vctr;double"
"2012","__enpg/Base de datos ENPG 2012 (PG).DTA.dta","p108_3","108.- ¿Ha probado Ud. alguno de los siguientes medicamentos estimulantes sin rec","Si=1; No=2",17154,0,"haven_labelled;vctrs_vctr;double"
"2012","__enpg/Base de datos ENPG 2012 (PG).DTA.dta","p109_3","109.- ¿Cuándo fue la última vez que probó este medicamento sin receta médica? Mo","Durante los últimos 30 días=1; Hace más de un mes, pero menos de un año=2; Hace más de un año=3; No sabe=88; No contesta=99",17154,17090,"haven_labelled;vctrs_vctr;double"
"2012","__enpg/Base de datos ENPG 2012 (PG).DTA.dta","p108_4","108.- ¿Ha probado Ud. alguno de los siguientes medicamentos estimulantes sin rec","Si=1; No=2",17154,0,"haven_labelled;vctrs_vctr;double"
"2012","__enpg/Base de datos ENPG 2012 (PG).DTA.dta","p109_4","109.- ¿Cuándo fue la última vez que probó este medicamento sin receta médica? Ri","Durante los últimos 30 días=1; Hace más de un mes, pero menos de un año=2; Hace más de un año=3; No sabe=88; No contesta=99",17154,17110,"haven_labelled;vctrs_vctr;double"
"2012","__enpg/Base de datos ENPG 2012 (PG).DTA.dta","p108_5","108.- ¿Ha probado Ud. alguno de los siguientes medicamentos estimulantes sin rec","Si=1; No=2",17154,0,"haven_labelled;vctrs_vctr;double"
"2012","__enpg/Base de datos ENPG 2012 (PG).DTA.dta","p109_5","109.- ¿Cuándo fue la última vez que probó este medicamento sin receta médica? Es","Durante los últimos 30 días=1; Hace más de un mes, pero menos de un año=2; Hace más de un año=3; No sabe=88; No contesta=99",17154,17139,"haven_labelled;vctrs_vctr;double"
"2012","__enpg/Base de datos ENPG 2012 (PG).DTA.dta","p108_6","108.- ¿Ha probado Ud. alguno de los siguientes medicamentos estimulantes sin rec","Si=1; No=2",17154,0,"haven_labelled;vctrs_vctr;double"
"2012","__enpg/Base de datos ENPG 2012 (PG).DTA.dta","p109_6","109.- ¿Cuándo fue la última vez que probó este medicamento sin receta médica? Cy","Durante los últimos 30 días=1; Hace más de un mes, pero menos de un año=2; Hace más de un año=3; No sabe=88; No contesta=99",17154,17145,"haven_labelled;vctrs_vctr;double"
"2012","__enpg/Base de datos ENPG 2012 (PG).DTA.dta","p108_7","108.- ¿Ha probado Ud. alguno de los siguientes medicamentos estimulantes sin rec","Si=1; No=2",17154,0,"haven_labelled;vctrs_vctr;double"
"2012","__enpg/Base de datos ENPG 2012 (PG).DTA.dta","p109_7","109.- ¿Cuándo fue la última vez que probó este medicamento sin receta médica? An","Durante los últimos 30 días=1; Hace más de un mes, pero menos de un año=2; Hace más de un año=3; No sabe=88; No contesta=99",17154,17141,"haven_labelled;vctrs_vctr;double"
"2012","__enpg/Base de datos ENPG 2012 (PG).DTA.dta","p108_8","108.- ¿Ha probado Ud. alguno de los siguientes medicamentos estimulantes sin rec","Si=1; No=2",17154,0,"haven_labelled;vctrs_vctr;double"
"2012","__enpg/Base de datos ENPG 2012 (PG).DTA.dta","p109_8","109.- ¿Cuándo fue la última vez que probó este medicamento sin receta médica? Fe","Durante los últimos 30 días=1; Hace más de un mes, pero menos de un año=2; Hace más de un año=3; No sabe=88; No contesta=99",17154,17142,"haven_labelled;vctrs_vctr;double"
"2012","__enpg/Base de datos ENPG 2012 (PG).DTA.dta","p110_1","110.- ¿Ha probado Ud. alguna de las siguientes metanfetaminas alguna vez en su v","Si=1; No=2",17154,0,"haven_labelled;vctrs_vctr;double"
"2012","__enpg/Base de datos ENPG 2012 (PG).DTA.dta","p111_1","111.- ¿Cuándo fue la última vez que probó esta anfetamina? Meth o Met, Crystal,","Durante los últimos 30 días=1; Hace más de un mes, pero menos de un año=2; Hace más de un año=3; No sabe=88; No contesta=99",17154,17139,"haven_labelled;vctrs_vctr;double"
"2012","__enpg/Base de datos ENPG 2012 (PG).DTA.dta","p110_2","110.- ¿Ha probado Ud. alguna de las siguientes metanfetaminas alguna vez en su v","Si=1; No=2",17154,0,"haven_labelled;vctrs_vctr;double"
"2012","__enpg/Base de datos ENPG 2012 (PG).DTA.dta","p111_2","111.- ¿Cuándo fue la última vez que probó esta anfetamina? Cristina, Anteta, Cra","Durante los últimos 30 días=1; Hace más de un mes, pero menos de un año=2; Hace más de un año=3; No sabe=88; No contesta=99",17154,17147,"haven_labelled;vctrs_vctr;double"
"2012","__enpg/Base de datos ENPG 2012 (PG).DTA.dta","p112_1","112.- ¿Ha probado Ud. alguna de las siguientes sustancias inhalables alguna vez","Si=1; No=2",17154,0,"haven_labelled;vctrs_vctr;double"
"2012","__enpg/Base de datos ENPG 2012 (PG).DTA.dta","p113_1","113.- ¿Cuándo fue la última vez que probó esta sustancia inhalable? Neoprén","Durante los últimos 30 días=1; Hace más de un mes, pero menos de un año=2; Hace más de un año=3; No sabe=88; No contesta=99",17154,17072,"haven_labelled;vctrs_vctr;double"
"2012","__enpg/Base de datos ENPG 2012 (PG).DTA.dta","p112_2","112.- ¿Ha probado Ud. alguna de las siguientes sustancias inhalables alguna vez","Si=1; No=2",17154,0,"haven_labelled;vctrs_vctr;double"
"2012","__enpg/Base de datos ENPG 2012 (PG).DTA.dta","p113_2","113.- ¿Cuándo fue la última vez que probó esta sustancia inhalable? Bencina o pa","Durante los últimos 30 días=1; Hace más de un mes, pero menos de un año=2; Hace más de un año=3; No sabe=88; No contesta=99",17154,17117,"haven_labelled;vctrs_vctr;double"
"2012","__enpg/Base de datos ENPG 2012 (PG).DTA.dta","p112_3","112.- ¿Ha probado Ud. alguna de las siguientes sustancias inhalables alguna vez","Si=1; No=2",17154,0,"haven_labelled;vctrs_vctr;double"
"2012","__enpg/Base de datos ENPG 2012 (PG).DTA.dta","p113_3","113.- ¿Cuándo fue la última vez que probó esta sustancia inhalable? Tolueno","Durante los últimos 30 días=1; Hace más de un mes, pero menos de un año=2; Hace más de un año=3; No sabe=88; No contesta=99",17154,17131,"haven_labelled;vctrs_vctr;double"
"2012","__enpg/Base de datos ENPG 2012 (PG).DTA.dta","p112_4","112.- ¿Ha probado Ud. alguna de las siguientes sustancias inhalables alguna vez","Si=1; No=2",17154,0,"haven_labelled;vctrs_vctr;double"
"2012","__enpg/Base de datos ENPG 2012 (PG).DTA.dta","p113_4","113.- ¿Cuándo fue la última vez que probó esta sustancia inhalable? Desodorantes","Durante los últimos 30 días=1; Hace más de un mes, pero menos de un año=2; Hace más de un año=3; No sabe=88; No contesta=99",17154,17122,"haven_labelled;vctrs_vctr;double"
"2012","__enpg/Base de datos ENPG 2012 (PG).DTA.dta","p112_5","112.- ¿Ha probado Ud. alguna de las siguientes sustancias inhalables alguna vez","Si=1; No=2",17154,0,"haven_labelled;vctrs_vctr;double"
"2012","__enpg/Base de datos ENPG 2012 (PG).DTA.dta","p113_5","113.- ¿Cuándo fue la última vez que probó esta sustancia inhalable? Pinturas en","Durante los últimos 30 días=1; Hace más de un mes, pero menos de un año=2; Hace más de un año=3; No sabe=88; No contesta=99",17154,17129,"haven_labelled;vctrs_vctr;double"
"2012","__enpg/Base de datos ENPG 2012 (PG).DTA.dta","p112_6","112.- ¿Ha probado Ud. alguna de las siguientes sustancias inhalables alguna vez","Si=1; No=2",17154,0,"haven_labelled;vctrs_vctr;double"
"2012","__enpg/Base de datos ENPG 2012 (PG).DTA.dta","p113_6","113.- ¿Cuándo fue la última vez que probó esta sustancia inhalable? Acetona","Durante los últimos 30 días=1; Hace más de un mes, pero menos de un año=2; Hace más de un año=3; No sabe=88; No contesta=99",17154,17135,"haven_labelled;vctrs_vctr;double"
"2012","__enpg/Base de datos ENPG 2012 (PG).DTA.dta","p112_7","112.- ¿Ha probado Ud. alguna de las siguientes sustancias inhalables alguna vez","Si=1; No=2",17154,0,"haven_labelled;vctrs_vctr;double"
"2012","__enpg/Base de datos ENPG 2012 (PG).DTA.dta","p113_7","113.- ¿Cuándo fue la última vez que probó esta sustancia inhalable? Éter u otros","Durante los últimos 30 días=1; Hace más de un mes, pero menos de un año=2; Hace más de un año=3; No sabe=88; No contesta=99",17154,17142,"haven_labelled;vctrs_vctr;double"
"2012","__enpg/Base de datos ENPG 2012 (PG).DTA.dta","p112_8","112.- ¿Ha probado Ud. alguna de las siguientes sustancias inhalables alguna vez","Si=1; No=2",17154,0,"haven_labelled;vctrs_vctr;double"
"2012","__enpg/Base de datos ENPG 2012 (PG).DTA.dta","p113_8","113.- ¿Cuándo fue la última vez que probó esta sustancia inhalable? Poppers","Durante los últimos 30 días=1; Hace más de un mes, pero menos de un año=2; Hace más de un año=3; No sabe=88; No contesta=99",17154,17141,"haven_labelled;vctrs_vctr;double"
"2012","__enpg/Base de datos ENPG 2012 (PG).DTA.dta","p112_9","112.- ¿Ha probado Ud. alguna de las siguientes sustancias inhalables alguna vez","Si=1; No=2",17154,0,"haven_labelled;vctrs_vctr;double"
"2012","__enpg/Base de datos ENPG 2012 (PG).DTA.dta","p113_9","113.- ¿Cuándo fue la última vez que probó esta sustancia inhalable? Solventes pa","Durante los últimos 30 días=1; Hace más de un mes, pero menos de un año=2; Hace más de un año=3; No sabe=88; No contesta=99",17154,17146,"haven_labelled;vctrs_vctr;double"
"2012","__enpg/Base de datos ENPG 2012 (PG).DTA.dta","p112_10","112.- ¿Ha probado Ud. alguna de las siguientes sustancias inhalables alguna vez","Si=1; No=2",17154,0,"haven_labelled;vctrs_vctr;double"
"2012","__enpg/Base de datos ENPG 2012 (PG).DTA.dta","p113_10","113.- ¿Cuándo fue la última vez que probó esta sustancia inhalable? Cloruro de e","Durante los últimos 30 días=1; Hace más de un mes, pero menos de un año=2; Hace más de un año=3; No sabe=88; No contesta=99",17154,17130,"haven_labelled;vctrs_vctr;double"
"2012","__enpg/Base de datos ENPG 2012 (PG).DTA.dta","p114_1","114.- ¿Ha probado Ud. alguno de los siguientes alucinógenos alguna vez en su vid","Si=1; No=2",17154,0,"haven_labelled;vctrs_vctr;double"
"2012","__enpg/Base de datos ENPG 2012 (PG).DTA.dta","p115_1","115.- ¿Cuándo fue la última vez que probó este alucinógeno? LSD u otros ácidos","Durante los últimos 30 días=1; Hace más de un mes, pero menos de un año=2; Hace más de un año=3; No sabe=88; No contesta=99",17154,17099,"haven_labelled;vctrs_vctr;double"
"2012","__enpg/Base de datos ENPG 2012 (PG).DTA.dta","p114_2","114.- ¿Ha probado Ud. alguno de los siguientes alucinógenos alguna vez en su vid","Si=1; No=2",17154,0,"haven_labelled;vctrs_vctr;double"
"2012","__enpg/Base de datos ENPG 2012 (PG).DTA.dta","p115_2","115.- ¿Cuándo fue la última vez que probó este alucinógeno? Polvo de ángel","Durante los últimos 30 días=1; Hace más de un mes, pero menos de un año=2; Hace más de un año=3; No sabe=88; No contesta=99",17154,17145,"haven_labelled;vctrs_vctr;double"
"2012","__enpg/Base de datos ENPG 2012 (PG).DTA.dta","p114_3","114.- ¿Ha probado Ud. alguno de los siguientes alucinógenos alguna vez en su vid","Si=1; No=2",17154,0,"haven_labelled;vctrs_vctr;double"
"2012","__enpg/Base de datos ENPG 2012 (PG).DTA.dta","p115_3","115.- ¿Cuándo fue la última vez que probó este alucinógeno? Peyote, San Pedro","Durante los últimos 30 días=1; Hace más de un mes, pero menos de un año=2; Hace más de un año=3; No sabe=88; No contesta=99",17154,17083,"haven_labelled;vctrs_vctr;double"
"2012","__enpg/Base de datos ENPG 2012 (PG).DTA.dta","p114_4","114.- ¿Ha probado Ud. alguno de los siguientes alucinógenos alguna vez en su vid","Si=1; No=2",17154,0,"haven_labelled;vctrs_vctr;double"
"2012","__enpg/Base de datos ENPG 2012 (PG).DTA.dta","p115_4","115.- ¿Cuándo fue la última vez que probó este alucinógeno? Floripondio","Durante los últimos 30 días=1; Hace más de un mes, pero menos de un año=2; Hace más de un año=3; No sabe=88; No contesta=99",17154,17090,"haven_labelled;vctrs_vctr;double"
"2012","__enpg/Base de datos ENPG 2012 (PG).DTA.dta","p114_5","114.- ¿Ha probado Ud. alguno de los siguientes alucinógenos alguna vez en su vid","Si=1; No=2",17154,0,"haven_labelled;vctrs_vctr;double"
"2012","__enpg/Base de datos ENPG 2012 (PG).DTA.dta","p115_5","115.- ¿Cuándo fue la última vez que probó este alucinógeno? Hongos o Cucumelo","Durante los últimos 30 días=1; Hace más de un mes, pero menos de un año=2; Hace más de un año=3; No sabe=88; No contesta=99",17154,17107,"haven_labelled;vctrs_vctr;double"
"2012","__enpg/Base de datos ENPG 2012 (PG).DTA.dta","p114_6","114.- ¿Ha probado Ud. alguno de los siguientes alucinógenos alguna vez en su vid","Si=1; No=2",17154,0,"haven_labelled;vctrs_vctr;double"
"2012","__enpg/Base de datos ENPG 2012 (PG).DTA.dta","p115_6","115.- ¿Cuándo fue la última vez que probó este alucinógeno? Mescalina","Durante los últimos 30 días=1; Hace más de un mes, pero menos de un año=2; Hace más de un año=3; No sabe=88; No contesta=99",17154,17137,"haven_labelled;vctrs_vctr;double"
"2012","__enpg/Base de datos ENPG 2012 (PG).DTA.dta","p114_7","114.- ¿Ha probado Ud. alguno de los siguientes alucinógenos alguna vez en su vid","Si=1; No=2",17154,0,"haven_labelled;vctrs_vctr;double"
"2012","__enpg/Base de datos ENPG 2012 (PG).DTA.dta","p115_7","115.- ¿Cuándo fue la última vez que probó este alucinógeno? Belladona","Durante los últimos 30 días=1; Hace más de un mes, pero menos de un año=2; Hace más de un año=3; No sabe=88; No contesta=99",17154,17148,"haven_labelled;vctrs_vctr;double"
"2012","__enpg/Base de datos ENPG 2012 (PG).DTA.dta","p114_8","114.- ¿Ha probado Ud. alguno de los siguientes alucinógenos alguna vez en su vid","Si=1; No=2",17154,0,"haven_labelled;vctrs_vctr;double"
"2012","__enpg/Base de datos ENPG 2012 (PG).DTA.dta","p115_8","115.- ¿Cuándo fue la última vez que probó este alucinógeno? Ayahuasca","Durante los últimos 30 días=1; Hace más de un mes, pero menos de un año=2; Hace más de un año=3; No sabe=88; No contesta=99",17154,17140,"haven_labelled;vctrs_vctr;double"
"2012","__enpg/Base de datos ENPG 2012 (PG).DTA.dta","p116_1","116.- ¿Ha probado Ud. alguno de los siguientes analgésicos sin receta médica alg","Si=1; No=2",17154,0,"haven_labelled;vctrs_vctr;double"
"2012","__enpg/Base de datos ENPG 2012 (PG).DTA.dta","p117_1","117.- ¿Cuándo fue la última vez que probó este analgésico sin receta médica? Tra","Durante los últimos 30 días=1; Hace más de un mes, pero menos de un año=2; Hace más de un año=3; No sabe=88; No contesta=99",17154,17066,"haven_labelled;vctrs_vctr;double"
"2012","__enpg/Base de datos ENPG 2012 (PG).DTA.dta","p116_2","116.- ¿Ha probado Ud. alguno de los siguientes analgésicos sin receta médica alg","Si=1; No=2",17154,0,"haven_labelled;vctrs_vctr;double"
"2012","__enpg/Base de datos ENPG 2012 (PG).DTA.dta","p117_2","117.- ¿Cuándo fue la última vez que probó este analgésico sin receta médica? Cod","Durante los últimos 30 días=1; Hace más de un mes, pero menos de un año=2; Hace más de un año=3; No sabe=88; No contesta=99",17154,17131,"haven_labelled;vctrs_vctr;double"
"2012","__enpg/Base de datos ENPG 2012 (PG).DTA.dta","p116_3","116.- ¿Ha probado Ud. alguno de los siguientes analgésicos sin receta médica alg","Si=1; No=2",17154,0,"haven_labelled;vctrs_vctr;double"
"2012","__enpg/Base de datos ENPG 2012 (PG).DTA.dta","p117_3","117.- ¿Cuándo fue la última vez que probó este analgésico sin receta médica? Mor","Durante los últimos 30 días=1; Hace más de un mes, pero menos de un año=2; Hace más de un año=3; No sabe=88; No contesta=99",17154,17137,"haven_labelled;vctrs_vctr;double"
"2012","__enpg/Base de datos ENPG 2012 (PG).DTA.dta","p116_4","116.- ¿Ha probado Ud. alguno de los siguientes analgésicos sin receta médica alg","Si=1; No=2",17154,0,"haven_labelled;vctrs_vctr;double"
"2012","__enpg/Base de datos ENPG 2012 (PG).DTA.dta","p117_4","117.- ¿Cuándo fue la última vez que probó este analgésico sin receta médica? Met","Durante los últimos 30 días=1; Hace más de un mes, pero menos de un año=2; Hace más de un año=3; No sabe=88; No contesta=99",17154,17144,"haven_labelled;vctrs_vctr;double"
"2012","__enpg/Base de datos ENPG 2012 (PG).DTA.dta","p116_5","116.- ¿Ha probado Ud. alguno de los siguientes analgésicos sin receta médica alg","Si=1; No=2",17154,0,"haven_labelled;vctrs_vctr;double"
"2012","__enpg/Base de datos ENPG 2012 (PG).DTA.dta","p117_5","117.- ¿Cuándo fue la última vez que probó este analgésico sin receta médica? Pet","Durante los últimos 30 días=1; Hace más de un mes, pero menos de un año=2; Hace más de un año=3; No sabe=88; No contesta=99",17154,17152,"haven_labelled;vctrs_vctr;double"
"2012","__enpg/Base de datos ENPG 2012 (PG).DTA.dta","p118_1","118.- ¿Ha probado Ud. alguno de los siguientes tranquilizantes sin receta médica","Si=1; No=2",17154,0,"haven_labelled;vctrs_vctr;double"
"2012","__enpg/Base de datos ENPG 2012 (PG).DTA.dta","p119_1","119.- ¿Cuándo fue la última vez que probó este tranquilizante sin receta médica?","Durante los últimos 30 días=1; Hace más de un mes, pero menos de un año=2; Hace más de un año=3; No sabe=88; No contesta=99",17154,16942,"haven_labelled;vctrs_vctr;double"
"2012","__enpg/Base de datos ENPG 2012 (PG).DTA.dta","p118_2","118.- ¿Ha probado Ud. alguno de los siguientes tranquilizantes sin receta médica","Si=1; No=2",17154,0,"haven_labelled;vctrs_vctr;double"
"2012","__enpg/Base de datos ENPG 2012 (PG).DTA.dta","p119_2","119.- ¿Cuándo fue la última vez que probó este tranquilizante sin receta médica?","Durante los últimos 30 días=1; Hace más de un mes, pero menos de un año=2; Hace más de un año=3; No sabe=88; No contesta=99",17154,16992,"haven_labelled;vctrs_vctr;double"
"2012","__enpg/Base de datos ENPG 2012 (PG).DTA.dta","p118_3","118.- ¿Ha probado Ud. alguno de los siguientes tranquilizantes sin receta médica","Si=1; No=2",17154,0,"haven_labelled;vctrs_vctr;double"
"2012","__enpg/Base de datos ENPG 2012 (PG).DTA.dta","p119_3","119.- ¿Cuándo fue la última vez que probó este tranquilizante sin receta médica?","Durante los últimos 30 días=1; Hace más de un mes, pero menos de un año=2; Hace más de un año=3; No sabe=88; No contesta=99",17154,16999,"haven_labelled;vctrs_vctr;double"
"2012","__enpg/Base de datos ENPG 2012 (PG).DTA.dta","p118_4","118.- ¿Ha probado Ud. alguno de los siguientes tranquilizantes sin receta médica","Si=1; No=2",17154,0,"haven_labelled;vctrs_vctr;double"
"2012","__enpg/Base de datos ENPG 2012 (PG).DTA.dta","p119_4","119.- ¿Cuándo fue la última vez que probó este tranquilizante sin receta médica?","Durante los últimos 30 días=1; Hace más de un mes, pero menos de un año=2; Hace más de un año=3; No sabe=88; No contesta=99",17154,17119,"haven_labelled;vctrs_vctr;double"
"2012","__enpg/Base de datos ENPG 2012 (PG).DTA.dta","p118_5","118.- ¿Ha probado Ud. alguno de los siguientes tranquilizantes sin receta médica","Si=1; No=2",17154,0,"haven_labelled;vctrs_vctr;double"
"2012","__enpg/Base de datos ENPG 2012 (PG).DTA.dta","p119_5","119.- ¿Cuándo fue la última vez que probó este tranquilizante sin receta médica?","Durante los últimos 30 días=1; Hace más de un mes, pero menos de un año=2; Hace más de un año=3; No sabe=88; No contesta=99",17154,17132,"haven_labelled;vctrs_vctr;double"
"2012","__enpg/Base de datos ENPG 2012 (PG).DTA.dta","p118_6","118.- ¿Ha probado Ud. alguno de los siguientes tranquilizantes sin receta médica","Si=1; No=2",17154,0,"haven_labelled;vctrs_vctr;double"
"2012","__enpg/Base de datos ENPG 2012 (PG).DTA.dta","p119_6","119.- ¿Cuándo fue la última vez que probó este tranquilizante sin receta médica?","Durante los últimos 30 días=1; Hace más de un mes, pero menos de un año=2; Hace más de un año=3; No sabe=88; No contesta=99",17154,17124,"haven_labelled;vctrs_vctr;double"
"2012","__enpg/Base de datos ENPG 2012 (PG).DTA.dta","p118_7","118.- ¿Ha probado Ud. alguno de los siguientes tranquilizantes sin receta médica","Si=1; No=2",17154,0,"haven_labelled;vctrs_vctr;double"
"2012","__enpg/Base de datos ENPG 2012 (PG).DTA.dta","p119_7","119.- ¿Cuándo fue la última vez que probó este tranquilizante sin receta médica?","Durante los últimos 30 días=1; Hace más de un mes, pero menos de un año=2; Hace más de un año=3; No sabe=88; No contesta=99",17154,17134,"haven_labelled;vctrs_vctr;double"
"2012","__enpg/Base de datos ENPG 2012 (PG).DTA.dta","p118_8","118.- ¿Ha probado Ud. alguno de los siguientes tranquilizantes sin receta médica","Si=1; No=2",17154,0,"haven_labelled;vctrs_vctr;double"
"2012","__enpg/Base de datos ENPG 2012 (PG).DTA.dta","p119_8","119.- ¿Cuándo fue la última vez que probó este tranquilizante sin receta médica?","Durante los últimos 30 días=1; Hace más de un mes, pero menos de un año=2; Hace más de un año=3; No sabe=88; No contesta=99",17154,17149,"haven_labelled;vctrs_vctr;double"
"2012","__enpg/Base de datos ENPG 2012 (PG).DTA.dta","p118_9","118.- ¿Ha probado Ud. alguno de los siguientes tranquilizantes sin receta médica","Si=1; No=2",17154,0,"haven_labelled;vctrs_vctr;double"
"2012","__enpg/Base de datos ENPG 2012 (PG).DTA.dta","p119_9","119.- ¿Cuándo fue la última vez que probó este tranquilizante sin receta médica?","Durante los últimos 30 días=1; Hace más de un mes, pero menos de un año=2; Hace más de un año=3; No sabe=88; No contesta=99",17154,17143,"haven_labelled;vctrs_vctr;double"
"2012","__enpg/Base de datos ENPG 2012 (PG).DTA.dta","p120_1","120.- ¿Ha probado Ud. alguno de los siguientes medicamentos sin receta médica al","Si=1; No=2",17154,0,"haven_labelled;vctrs_vctr;double"
"2012","__enpg/Base de datos ENPG 2012 (PG).DTA.dta","p121_1","121.- ¿Cuándo fue la última vez que probó este medicamento sin receta médica? Fl","Durante los últimos 30 días=1; Hace más de un mes, pero menos de un año=2; Hace más de un año=3; No sabe=88; No contesta=99",17154,17043,"haven_labelled;vctrs_vctr;double"
"2012","__enpg/Base de datos ENPG 2012 (PG).DTA.dta","p120_2","120.- ¿Ha probado Ud. alguno de los siguientes medicamentos sin receta médica al","Si=1; No=2",17154,0,"haven_labelled;vctrs_vctr;double"
"2012","__enpg/Base de datos ENPG 2012 (PG).DTA.dta","p121_2","121.- ¿Cuándo fue la última vez que probó este medicamento sin receta médica? Co","Durante los últimos 30 días=1; Hace más de un mes, pero menos de un año=2; Hace más de un año=3; No sabe=88; No contesta=99",17154,17114,"haven_labelled;vctrs_vctr;double"
"2012","__enpg/Base de datos ENPG 2012 (PG).DTA.dta","p120_3","120.- ¿Ha probado Ud. alguno de los siguientes medicamentos sin receta médica al","Si=1; No=2",17154,0,"haven_labelled;vctrs_vctr;double"
"2012","__enpg/Base de datos ENPG 2012 (PG).DTA.dta","p121_3","121.- ¿Cuándo fue la última vez que probó este medicamento sin receta médica? Cl","Durante los últimos 30 días=1; Hace más de un mes, pero menos de un año=2; Hace más de un año=3; No sabe=88; No contesta=99",17154,17120,"haven_labelled;vctrs_vctr;double"
"2012","__enpg/Base de datos ENPG 2012 (PG).DTA.dta","p120_4","120.- ¿Ha probado Ud. alguno de los siguientes medicamentos sin receta médica al","Si=1; No=2",17154,0,"haven_labelled;vctrs_vctr;double"
"2012","__enpg/Base de datos ENPG 2012 (PG).DTA.dta","p121_4","121.- ¿Cuándo fue la última vez que probó este medicamento sin receta médica? Se","Durante los últimos 30 días=1; Hace más de un mes, pero menos de un año=2; Hace más de un año=3; No sabe=88; No contesta=99",17154,17147,"haven_labelled;vctrs_vctr;double"
"2012","__enpg/Base de datos ENPG 2012 (PG).DTA.dta","p120_5","120.- ¿Ha probado Ud. alguno de los siguientes medicamentos sin receta médica al","Si=1; No=2",17154,0,"haven_labelled;vctrs_vctr;double"
"2012","__enpg/Base de datos ENPG 2012 (PG).DTA.dta","p121_5","121.- ¿Cuándo fue la última vez que probó este medicamento sin receta médica? Di","Durante los últimos 30 días=1; Hace más de un mes, pero menos de un año=2; Hace más de un año=3; No sabe=88; No contesta=99",17154,17152,"haven_labelled;vctrs_vctr;double"
"2012","__enpg/Base de datos ENPG 2012 (PG).DTA.dta","p122_1","122.- ¿Ha probado Ud. alguna de las siguientes sustancias alguna vez en su vida?","Si=1; No=2",17154,0,"haven_labelled;vctrs_vctr;double"
"2012","__enpg/Base de datos ENPG 2012 (PG).DTA.dta","p123_1","123.- ¿Cuándo fue la última vez que probó esta sustancia? Sibutramina","Durante los últimos 30 días=1; Hace más de un mes, pero menos de un año=2; Hace más de un año=3; No sabe=88; No contesta=99",17154,17030,"haven_labelled;vctrs_vctr;double"
"2012","__enpg/Base de datos ENPG 2012 (PG).DTA.dta","p122_2","122.- ¿Ha probado Ud. alguna de las siguientes sustancias alguna vez en su vida?","Si=1; No=2",17154,0,"haven_labelled;vctrs_vctr;double"
"2012","__enpg/Base de datos ENPG 2012 (PG).DTA.dta","p123_2","123.- ¿Cuándo fue la última vez que probó esta sustancia? Tonaril, sin receta mé","Durante los últimos 30 días=1; Hace más de un mes, pero menos de un año=2; Hace más de un año=3; No sabe=88; No contesta=99",17154,17117,"haven_labelled;vctrs_vctr;double"
"2012","__enpg/Base de datos ENPG 2012 (PG).DTA.dta","p122_3","122.- ¿Ha probado Ud. alguna de las siguientes sustancias alguna vez en su vida?","Si=1; No=2",17154,0,"haven_labelled;vctrs_vctr;double"
"2012","__enpg/Base de datos ENPG 2012 (PG).DTA.dta","p123_3","123.- ¿Cuándo fue la última vez que probó esta sustancia? Anabólicos","Durante los últimos 30 días=1; Hace más de un mes, pero menos de un año=2; Hace más de un año=3; No sabe=88; No contesta=99",17154,17133,"haven_labelled;vctrs_vctr;double"
"2012","__enpg/Base de datos ENPG 2012 (PG).DTA.dta","p122_4","122.- ¿Ha probado Ud. alguna de las siguientes sustancias alguna vez en su vida?","Si=1; No=2",17154,0,"haven_labelled;vctrs_vctr;double"
"2012","__enpg/Base de datos ENPG 2012 (PG).DTA.dta","p123_4","123.- ¿Cuándo fue la última vez que probó esta sustancia? Esteroides","Durante los últimos 30 días=1; Hace más de un mes, pero menos de un año=2; Hace más de un año=3; No sabe=88; No contesta=99",17154,17140,"haven_labelled;vctrs_vctr;double"
"2012","__enpg/Base de datos ENPG 2012 (PG).DTA.dta","p122_5","122.- ¿Ha probado Ud. alguna de las siguientes sustancias alguna vez en su vida?","Si=1; No=2",17154,0,"haven_labelled;vctrs_vctr;double"
"2012","__enpg/Base de datos ENPG 2012 (PG).DTA.dta","p123_5","123.- ¿Cuándo fue la última vez que probó esta sustancia? Ketamina","Durante los últimos 30 días=1; Hace más de un mes, pero menos de un año=2; Hace más de un año=3; No sabe=88; No contesta=99",17154,17145,"haven_labelled;vctrs_vctr;double"
"2012","__enpg/Base de datos ENPG 2012 (PG).DTA.dta","p122_6","122.- ¿Ha probado Ud. alguna de las siguientes sustancias alguna vez en su vida?","Si=1; No=2",17154,0,"haven_labelled;vctrs_vctr;double"
"2012","__enpg/Base de datos ENPG 2012 (PG).DTA.dta","p123_6","123.- ¿Cuándo fue la última vez que probó esta sustancia? Mefedrona, Methylona o","Durante los últimos 30 días=1; Hace más de un mes, pero menos de un año=2; Hace más de un año=3; No sabe=88; No contesta=99",17154,17150,"haven_labelled;vctrs_vctr;double"
"2012","__enpg/Base de datos ENPG 2012 (PG).DTA.dta","p124_a","124.- ¿Alguna vez en su vida se ha inyectado alguna droga o sustancia? ¿Cuál? a","",17154,0,"character"
"2012","__enpg/Base de datos ENPG 2012 (PG).DTA.dta","p125_a","125.- ¿Cuándo fue la última vez que se inyectó esa droga o sustancia? a","Durante los últimos 30 días=1; Hace más de un mes, pero menos de un año=2; Hace más de un año=3; No sabe=88; No contesta=99",17154,17139,"haven_labelled;vctrs_vctr;double"
"2012","__enpg/Base de datos ENPG 2012 (PG).DTA.dta","p124_b","124.- ¿Alguna vez en su vida se ha inyectado alguna droga o sustancia? ¿Cuál? b","",17154,0,"character"
"2012","__enpg/Base de datos ENPG 2012 (PG).DTA.dta","p124_c","124.- ¿Alguna vez en su vida se ha inyectado alguna droga o sustancia? ¿Cuál? c","",17154,0,"character"
"2012","__enpg/Base de datos ENPG 2012 (PG).DTA.dta","p125_b","125.- ¿Cuándo fue la última vez que se inyectó esa droga o sustancia? b","Durante los últimos 30 días=1; Hace más de un mes, pero menos de un año=2; Hace más de un año=3; No sabe=88; No contesta=99",17154,17153,"haven_labelled;vctrs_vctr;double"
"2012","__enpg/Base de datos ENPG 2012 (PG).DTA.dta","p126","126.- ¿Está o ha estado embarazada alguna vez en su vida?","Sí=1; No=2; No sabe=888; No contesta=999",17154,7597,"haven_labelled;vctrs_vctr;double"
"2012","__enpg/Base de datos ENPG 2012 (PG).DTA.dta","p127","127.- ¿En qué año fue su último embarazo?","",17154,10217,"numeric"
"2012","__enpg/Base de datos ENPG 2012 (PG).DTA.dta","p128","128.- Durante su más reciente embarazo, ¿Fumó tabaco regularmente, digamos, casi"," Sí=1;  No=2",17154,10217,"haven_labelled;vctrs_vctr;double"
"2012","__enpg/Base de datos ENPG 2012 (PG).DTA.dta","p129","129.- Durante su más reciente embarazo, ¿Consumió alcohol alguna vez?"," Sí=1;  No=2",17154,10217,"haven_labelled;vctrs_vctr;double"
"2012","__enpg/Base de datos ENPG 2012 (PG).DTA.dta","p130","130.- ¿Y qué tan seguido consumió alcohol durante ese embarazo?","Menos de una vez al mes=1; Una vez al mes=2; 2 a 3 veces al mes=3; Una vez a la semana=4; 2 a 3 veces a la semana=5; 4 a 6 veces por semana=6; Todos los días=7; No sabe=88; No contesta=99",17154,16983,"haven_labelled;vctrs_vctr;double"
"2012","__enpg/Base de datos ENPG 2012 (PG).DTA.dta","p131","131.- En los días que consumió alcohol, ¿Cuantos tragos solía tomar en promedio,","Menos de un trago=1; 1 Trago=2; 2 Tragos=3; 3 tragos=4; 4 tragos=5; 5 o más tragos=6; No sabe=88; No Contesta=99",17154,16983,"haven_labelled;vctrs_vctr;double"
"2012","__enpg/Base de datos ENPG 2012 (PG).DTA.dta","p132_1","Y durante su más reciente embarazo, ¿Consumió ... Marihuana","Sí=1; No=2",17154,10217,"haven_labelled;vctrs_vctr;double"
"2012","__enpg/Base de datos ENPG 2012 (PG).DTA.dta","p132_2","Y durante su más reciente embarazo, ¿Consumió ... Cocaína","Sí=1; No=2",17154,10217,"haven_labelled;vctrs_vctr;double"
"2012","__enpg/Base de datos ENPG 2012 (PG).DTA.dta","p132_3","Y durante su más reciente embarazo, ¿Consumió ... Pasta base","Sí=1; No=2",17154,10217,"haven_labelled;vctrs_vctr;double"
"2012","__enpg/Base de datos ENPG 2012 (PG).DTA.dta","p132_4","Y durante su más reciente embarazo, ¿Consumió ... Tranquilizantes sin receta méd","Sí=1; No=2",17154,10217,"haven_labelled;vctrs_vctr;double"
"2012","__enpg/Base de datos ENPG 2012 (PG).DTA.dta","p132_5","Y durante su más reciente embarazo, ¿Consumió ... Estimulantes sin receta médica","Sí=1; No=2",17154,10217,"haven_labelled;vctrs_vctr;double"
"2012","__enpg/Base de datos ENPG 2012 (PG).DTA.dta","p132_6","Y durante su más reciente embarazo, ¿Consumió ... Otras drogas","Sí=1; No=2",17154,10217,"haven_labelled;vctrs_vctr;double"
"2012","__enpg/Base de datos ENPG 2012 (PG).DTA.dta","p132_7","Y durante su más reciente embarazo, ¿Consumió ... No consumió drogas en el embar","Sí=1; No=2",17154,10217,"haven_labelled;vctrs_vctr;double"
"2012","__enpg/Base de datos ENPG 2012 (PG).DTA.dta","p133","133.- ¿Tiene usted pareja actualmente?"," Sí=1;  No=2",17154,0,"haven_labelled;vctrs_vctr;double"
"2012","__enpg/Base de datos ENPG 2012 (PG).DTA.dta","p134_1","134.- ¿Alguna vez su pareja actual le ha gritado o humillado?","Si=1; No=2; No sabe=88; No contesta=99",17154,7045,"haven_labelled;vctrs_vctr;double"
"2012","__enpg/Base de datos ENPG 2012 (PG).DTA.dta","p134_2","134.- ¿Alguna vez su pareja actual la ha amenazado con pegarle?","Si=1; No=2; No sabe=88; No contesta=99",17154,7045,"haven_labelled;vctrs_vctr;double"
"2012","__enpg/Base de datos ENPG 2012 (PG).DTA.dta","p134_3","134.- ¿Alguna vez su pareja actual la ha golpeado?","Si=1; No=2; No sabe=88; No contesta=99",17154,7045,"haven_labelled;vctrs_vctr;double"
"2012","__enpg/Base de datos ENPG 2012 (PG).DTA.dta","p134_4","134.- ¿Alguna vez su pareja actual le ha forzado a tener relaciones sexuales?","Si=1; No=2; No sabe=88; No contesta=99",17154,7045,"haven_labelled;vctrs_vctr;double"
"2012","__enpg/Base de datos ENPG 2012 (PG).DTA.dta","p134_5","134.- ¿Alguna vez su pareja actual ha controlado la mayor parte de sus actividad","Si=1; No=2; No sabe=88; No contesta=99",17154,7045,"haven_labelled;vctrs_vctr;double"
"2012","__enpg/Base de datos ENPG 2012 (PG).DTA.dta","p134_6","134.- ¿Alguna vez su pareja actual ha manifestado sus celos violentamente?","Si=1; No=2; No sabe=88; No contesta=99",17154,7045,"haven_labelled;vctrs_vctr;double"
"2012","__enpg/Base de datos ENPG 2012 (PG).DTA.dta","p134_7","134.- ¿Alguna vez su pareja actual ha amenazado con matarla(o)?","Si=1; No=2; No sabe=88; No contesta=99",17154,7045,"haven_labelled;vctrs_vctr;double"
"2012","__enpg/Base de datos ENPG 2012 (PG).DTA.dta","p135","135.- ¿Usted considera que su pareja tiene problemas con el consumo de…?:"," Alcohol=1;  Drogas como marihuana, cocaína, pasta base u otra droga ilí=2;  Alcohol y drogas=3;  No tiene problemas de consumo=4",17154,7045,"haven_labelled;vctrs_vctr;double"
"2012","__enpg/Base de datos ENPG 2012 (PG).DTA.dta","p136","136.- ¿Tiene licencia de conducir?"," Sí=1;  No=2;  No sabe=88;  No contesta=99",17154,1481,"haven_labelled;vctrs_vctr;double"
"2012","__enpg/Base de datos ENPG 2012 (PG).DTA.dta","p137","137.- Durante los últimos 12 meses, ¿Ha manejado algún vehículo después de haber"," Sí=1;  No=2;  No sabe=88;  No contesta=99",17154,11938,"haven_labelled;vctrs_vctr;double"
"2012","__enpg/Base de datos ENPG 2012 (PG).DTA.dta","p138","138.- Durante los últimos 12 meses, ¿Ha manejado algún vehículo después de haber"," Sí=1;  No=2;  No sabe=88;  No contesta=99",17154,11938,"haven_labelled;vctrs_vctr;double"
"2012","__enpg/Base de datos ENPG 2012 (PG).DTA.dta","p139","139.- Durante los últimos 12 meses, ¿Ha manejado algún vehículo después de haber"," Sí=1;  No=2;  No sabe=88;  No contesta=99",17154,11938,"haven_labelled;vctrs_vctr;double"
"2012","__enpg/Base de datos ENPG 2012 (PG).DTA.dta","p140","140.- ¿Tiene conocimiento de los cambios a la ley que regula la conducción asoci"," Sí=1;  No=2; No contesta=99",17154,11938,"haven_labelled;vctrs_vctr;double"
"2012","__enpg/Base de datos ENPG 2012 (PG).DTA.dta","p141_1","141.1.- Según lo que Ud. sabe ¿Hace cuánto tiempo entraron en vigencia los cambi","0 a 3 meses=1; 4 a 6 meses=2; 7 a 10 meses=3; 11 o más meses=4; No sabe=88; No contesta=99",17154,12613,"haven_labelled;vctrs_vctr;double"
"2012","__enpg/Base de datos ENPG 2012 (PG).DTA.dta","p141_2_mes","141.2.- Indique la fecha en que recuerda comenzó la aplicación de los cambios en","",17154,13084,"numeric"
"2012","__enpg/Base de datos ENPG 2012 (PG).DTA.dta","p141_2_a_o","141.2.- Indique la fecha en que recuerda comenzó la aplicación de los cambios en","",17154,13092,"numeric"
"2012","__enpg/Base de datos ENPG 2012 (PG).DTA.dta","p141_2_dia","141.2.- Indique la fecha en que recuerda comenzó la aplicación de los cambios en","",17154,13083,"numeric"
"2012","__enpg/Base de datos ENPG 2012 (PG).DTA.dta","p142","142.- ¿Durante los 12 meses previos a la aplicación de los cambios a la ley Ud."," Sí=1;  No=2;  No sabe=88;  No contesta=99",17154,12613,"haven_labelled;vctrs_vctr;double"
"2012","__enpg/Base de datos ENPG 2012 (PG).DTA.dta","p143","143.- ¿Durante los meses posteriores a la aplicación de los cambios a la ley Ud."," Sí=1;  No=2;  No sabe=88;  No contesta=99",17154,12613,"haven_labelled;vctrs_vctr;double"
"2012","__enpg/Base de datos ENPG 2012 (PG).DTA.dta","p144_cod","144.- ¿Posterior a la aplicación de los cambios a la ley, de qué forma usted ha","Ninguna, no ha tomado medida preventiva=0; No consume alcohol=1; Disminuyo el numero de tragos que toma si va a conducir=2; Toma taxi o usa transporte público cuando va a consumir o ha=3; Comparte la función de conducción con otra persona, conduce=4; Si va a conducir no bebe alcohol ó si bebe no conduce=5; Pasa las llaves=6; No conduce, No tiene vehículo=7; Prefiere consumir en su casa con familia y amigos=8; Se queda en casa de amigos donde consumió alcohol o duerme p=9; No ha modificado sus hábitos=10; No sale en vehículo lo deja en casa=11; Consume cerveza o tragos sin alcohol=12; Ser más responsable y cuidadoso=13; Conduce igual, evadiendo el control policial=14; Sin dato, no contesta=88",17154,12613,"haven_labelled;vctrs_vctr;double"
"2012","__enpg/Base de datos ENPG 2012 (PG).DTA.dta","p145","145.- Durante los últimos 12 meses, ¿Ha recibido Ud. algún tipo de tratamiento p"," Sí, sólo por consumo de alcohol=1;  Sí, sólo por consumo de drogas=2;  Sí, por consumo de alcohol y drogas=3;  No=4",17154,0,"haven_labelled;vctrs_vctr;double"
"2012","__enpg/Base de datos ENPG 2012 (PG).DTA.dta","p146","146.- Durante los últimos 12 meses, ¿Ha intentado obtener algún tipo de ayuda o"," Sí, sólo por consumo de alcohol=1;  Sí, sólo por consumo de drogas=2;  Sí, por consumo de alcohol y drogas=3;  No=4",17154,127,"haven_labelled;vctrs_vctr;double"
"2012","__enpg/Base de datos ENPG 2012 (PG).DTA.dta","p147_1","147.- a. Fuma una o más de una cajetilla de cigarrillos al día","Ningún riesgo=1; Riesgo leve=2; Riesgo moderado=3; Riesgo grande=4; No sabe=88",17154,0,"haven_labelled;vctrs_vctr;double"
"2012","__enpg/Base de datos ENPG 2012 (PG).DTA.dta","p147_2","147.- b. Toma cinco o más tragos diariamente","Ningún riesgo=1; Riesgo leve=2; Riesgo moderado=3; Riesgo grande=4; No sabe=88",17154,0,"haven_labelled;vctrs_vctr;double"
"2012","__enpg/Base de datos ENPG 2012 (PG).DTA.dta","p147_3","147.- c. Prueba marihuana una o dos veces (uso experimental)","Ningún riesgo=1; Riesgo leve=2; Riesgo moderado=3; Riesgo grande=4; No sabe=88",17154,0,"haven_labelled;vctrs_vctr;double"
"2012","__enpg/Base de datos ENPG 2012 (PG).DTA.dta","p147_4","147.- d. Fuma marihuana frecuentemente","Ningún riesgo=1; Riesgo leve=2; Riesgo moderado=3; Riesgo grande=4; No sabe=88",17154,0,"haven_labelled;vctrs_vctr;double"
"2012","__enpg/Base de datos ENPG 2012 (PG).DTA.dta","p147_5","147.- e. Prueba cocaína una o dos veces (uso experimental)","Ningún riesgo=1; Riesgo leve=2; Riesgo moderado=3; Riesgo grande=4; No sabe=88",17154,0,"haven_labelled;vctrs_vctr;double"
"2012","__enpg/Base de datos ENPG 2012 (PG).DTA.dta","p147_6","147.- f. Usa cocaína frecuentemente","Ningún riesgo=1; Riesgo leve=2; Riesgo moderado=3; Riesgo grande=4; No sabe=88",17154,0,"haven_labelled;vctrs_vctr;double"
"2012","__enpg/Base de datos ENPG 2012 (PG).DTA.dta","p147_7","147.- g. Prueba pasta base una o dos veces (uso experimental)","Ningún riesgo=1; Riesgo leve=2; Riesgo moderado=3; Riesgo grande=4; No sabe=88",17154,0,"haven_labelled;vctrs_vctr;double"
"2012","__enpg/Base de datos ENPG 2012 (PG).DTA.dta","p147_8","147.- h. Usa pasta base frecuentemente","Ningún riesgo=1; Riesgo leve=2; Riesgo moderado=3; Riesgo grande=4; No sabe=88",17154,0,"haven_labelled;vctrs_vctr;double"
"2012","__enpg/Base de datos ENPG 2012 (PG).DTA.dta","p147_9","147.- i. Prueba éxtasis una o dos veces (uso experimental)","Ningún riesgo=1; Riesgo leve=2; Riesgo moderado=3; Riesgo grande=4; No sabe=88",17154,0,"haven_labelled;vctrs_vctr;double"
"2012","__enpg/Base de datos ENPG 2012 (PG).DTA.dta","p147_10","147.- j. Usa éxtasis frecuentemente","Ningún riesgo=1; Riesgo leve=2; Riesgo moderado=3; Riesgo grande=4; No sabe=88",17154,0,"haven_labelled;vctrs_vctr;double"
"2012","__enpg/Base de datos ENPG 2012 (PG).DTA.dta","p148","148.- Hasta donde Ud. sabe, ¿alguien en su casa, distinto de usted, tiene proble"," Sí=1;  No=2;  No sabe=88;  No contesta=99",17154,0,"haven_labelled;vctrs_vctr;double"
"2012","__enpg/Base de datos ENPG 2012 (PG).DTA.dta","p149_1","149.- ¿En su casa, y hasta donde Ud. conoce, a alguien usa o consume alguna de e","Si=1; No=2; No sabe=88; No contesta=99",17154,0,"haven_labelled;vctrs_vctr;double"
"2012","__enpg/Base de datos ENPG 2012 (PG).DTA.dta","p149_2","149.- ¿En su casa, y hasta donde Ud. conoce, a alguien usa o consume alguna de e","Si=1; No=2; No sabe=88; No contesta=99",17154,0,"haven_labelled;vctrs_vctr;double"
"2012","__enpg/Base de datos ENPG 2012 (PG).DTA.dta","p149_3","149.- ¿En su casa, y hasta donde Ud. conoce, a alguien usa o consume alguna de e","Si=1; No=2; No sabe=88; No contesta=99",17154,0,"haven_labelled;vctrs_vctr;double"
"2012","__enpg/Base de datos ENPG 2012 (PG).DTA.dta","p150_1","150.- Hasta donde Ud. conoce, ¿Cuánto hay de las siguientes cosas en su barrio?","Mucho=1; Bastante=2; Algo=3; Poco=4; Nada=5; No sabe=88; No contesta=99",17154,0,"haven_labelled;vctrs_vctr;double"
"2012","__enpg/Base de datos ENPG 2012 (PG).DTA.dta","p150_2","150.- Hasta donde Ud. conoce, ¿Cuánto hay de las siguientes cosas en su barrio?","Mucho=1; Bastante=2; Algo=3; Poco=4; Nada=5; No sabe=88; No contesta=99",17154,0,"haven_labelled;vctrs_vctr;double"
"2012","__enpg/Base de datos ENPG 2012 (PG).DTA.dta","p150_3","150.- Hasta donde Ud. conoce, ¿Cuánto hay de las siguientes cosas en su barrio?","Mucho=1; Bastante=2; Algo=3; Poco=4; Nada=5; No sabe=88; No contesta=99",17154,0,"haven_labelled;vctrs_vctr;double"
"2012","__enpg/Base de datos ENPG 2012 (PG).DTA.dta","p150_4","150.- Hasta donde Ud. conoce, ¿Cuánto hay de las siguientes cosas en su barrio?","Mucho=1; Bastante=2; Algo=3; Poco=4; Nada=5; No sabe=88; No contesta=99",17154,0,"haven_labelled;vctrs_vctr;double"
"2012","__enpg/Base de datos ENPG 2012 (PG).DTA.dta","p150_5","150.- Hasta donde Ud. conoce, ¿Cuánto hay de las siguientes cosas en su barrio?","Mucho=1; Bastante=2; Algo=3; Poco=4; Nada=5; No sabe=88; No contesta=99",17154,0,"haven_labelled;vctrs_vctr;double"
"2012","__enpg/Base de datos ENPG 2012 (PG).DTA.dta","p150_6","150.- Hasta donde Ud. conoce, ¿Cuánto hay de las siguientes cosas en su barrio?","Mucho=1; Bastante=2; Algo=3; Poco=4; Nada=5; No sabe=88; No contesta=99",17154,0,"haven_labelled;vctrs_vctr;double"
"2012","__enpg/Base de datos ENPG 2012 (PG).DTA.dta","p150_7","150.- Hasta donde Ud. conoce, ¿Cuánto hay de las siguientes cosas en su barrio?","Mucho=1; Bastante=2; Algo=3; Poco=4; Nada=5; No sabe=88; No contesta=99",17154,0,"haven_labelled;vctrs_vctr;double"
"2012","__enpg/Base de datos ENPG 2012 (PG).DTA.dta","p150_8","150.- Hasta donde Ud. conoce, ¿Cuánto hay de las siguientes cosas en su barrio?","Mucho=1; Bastante=2; Algo=3; Poco=4; Nada=5; No sabe=88; No contesta=99",17154,0,"haven_labelled;vctrs_vctr;double"
"2012","__enpg/Base de datos ENPG 2012 (PG).DTA.dta","p151_1","151.- ¿Cuán difícil le sería a Ud. conseguir alguna de las siguientes drogas? Ma"," Le sería muy fácil=1;  Le sería fácil=2;  Le sería difícil=3;  Le sería muy difícil=4;  No podría conseguir=5; No sabe=88; No contesta=99",17154,0,"haven_labelled;vctrs_vctr;double"
"2012","__enpg/Base de datos ENPG 2012 (PG).DTA.dta","p151_2","151.- ¿Cuán difícil le sería a Ud. conseguir alguna de las siguientes drogas? Co"," Le sería muy fácil=1;  Le sería fácil=2;  Le sería difícil=3;  Le sería muy difícil=4;  No podría conseguir=5; No sabe=88; No contesta=99",17154,0,"haven_labelled;vctrs_vctr;double"
"2012","__enpg/Base de datos ENPG 2012 (PG).DTA.dta","p151_3","151.- ¿Cuán difícil le sería a Ud. conseguir alguna de las siguientes drogas? Pa"," Le sería muy fácil=1;  Le sería fácil=2;  Le sería difícil=3;  Le sería muy difícil=4;  No podría conseguir=5; No sabe=88; No contesta=99",17154,0,"haven_labelled;vctrs_vctr;double"
"2012","__enpg/Base de datos ENPG 2012 (PG).DTA.dta","p151_4","151.- ¿Cuán difícil le sería a Ud. conseguir alguna de las siguientes drogas? éx"," Le sería muy fácil=1;  Le sería fácil=2;  Le sería difícil=3;  Le sería muy difícil=4;  No podría conseguir=5; No sabe=88; No contesta=99",17154,0,"haven_labelled;vctrs_vctr;double"
"2012","__enpg/Base de datos ENPG 2012 (PG).DTA.dta","p151_5","151.- ¿Cuán difícil le sería a Ud. conseguir alguna de las siguientes drogas? An"," Le sería muy fácil=1;  Le sería fácil=2;  Le sería difícil=3;  Le sería muy difícil=4;  No podría conseguir=5; No sabe=88; No contesta=99",17154,0,"haven_labelled;vctrs_vctr;double"
"2012","__enpg/Base de datos ENPG 2012 (PG).DTA.dta","p152_1","152.- Y según lo que usted sabe, ¿Cuánto tiempo se demoraría en conseguir alguna"," Menos de una hora=1;  Algunas pocas horas=2;  Dentro del día=3;  Dentro de la semana=4;  No podría conseguirla=5; No sabe=88",17154,0,"haven_labelled;vctrs_vctr;double"
"2012","__enpg/Base de datos ENPG 2012 (PG).DTA.dta","p152_2","152.- Y según lo que usted sabe, ¿Cuánto tiempo se demoraría en conseguir alguna"," Menos de una hora=1;  Algunas pocas horas=2;  Dentro del día=3;  Dentro de la semana=4;  No podría conseguirla=5; No sabe=88",17154,0,"haven_labelled;vctrs_vctr;double"
"2012","__enpg/Base de datos ENPG 2012 (PG).DTA.dta","p152_3","152.- Y según lo que usted sabe, ¿Cuánto tiempo se demoraría en conseguir alguna"," Menos de una hora=1;  Algunas pocas horas=2;  Dentro del día=3;  Dentro de la semana=4;  No podría conseguirla=5; No sabe=88",17154,0,"haven_labelled;vctrs_vctr;double"
"2012","__enpg/Base de datos ENPG 2012 (PG).DTA.dta","p152_4","152.- Y según lo que usted sabe, ¿Cuánto tiempo se demoraría en conseguir alguna"," Menos de una hora=1;  Algunas pocas horas=2;  Dentro del día=3;  Dentro de la semana=4;  No podría conseguirla=5; No sabe=88",17154,0,"haven_labelled;vctrs_vctr;double"
"2012","__enpg/Base de datos ENPG 2012 (PG).DTA.dta","p152_5","152.- Y según lo que usted sabe, ¿Cuánto tiempo se demoraría en conseguir alguna"," Menos de una hora=1;  Algunas pocas horas=2;  Dentro del día=3;  Dentro de la semana=4;  No podría conseguirla=5; No sabe=88",17154,0,"haven_labelled;vctrs_vctr;double"
"2012","__enpg/Base de datos ENPG 2012 (PG).DTA.dta","p153_1","153.- ¿Y cuándo fue la última vez que una persona, conocida o desconocida, le of","Nunca me han ofrecido=0; En los últimos 30 días=1; Hace más de un mes, pero menos de un año=2; Hace más de un año=3",17154,0,"haven_labelled;vctrs_vctr;double"
"2012","__enpg/Base de datos ENPG 2012 (PG).DTA.dta","p154_1","154.- Si le han ofrecido. La última vez que le ofrecieron, ¿En cuál de los sigui","En la casa=1; En el barrio o comuna=2; En lugar de estudios o trabajo=3; En alrededores lugar de estudios o trabajo=4; En una fiesta, junta, discoteque, recitales=5; Por internet, mail o chat=6; En otro lugar=7",17154,12209,"haven_labelled;vctrs_vctr;double"
"2012","__enpg/Base de datos ENPG 2012 (PG).DTA.dta","p153_2","153.- ¿Y cuándo fue la última vez que una persona, conocida o desconocida, le of","Nunca me han ofrecido=0; En los últimos 30 días=1; Hace más de un mes, pero menos de un año=2; Hace más de un año=3",17154,0,"haven_labelled;vctrs_vctr;double"
"2012","__enpg/Base de datos ENPG 2012 (PG).DTA.dta","p154_2","154.- Si le han ofrecido. La última vez que le ofrecieron, ¿En cuál de los sigui","En la casa=1; En el barrio o comuna=2; En lugar de estudios o trabajo=3; En alrededores lugar de estudios o trabajo=4; En una fiesta, junta, discoteque, recitales=5; Por internet, mail o chat=6; En otro lugar=7",17154,15493,"haven_labelled;vctrs_vctr;double"
"2012","__enpg/Base de datos ENPG 2012 (PG).DTA.dta","p153_3","153.- ¿Y cuándo fue la última vez que una persona, conocida o desconocida, le of","Nunca me han ofrecido=0; En los últimos 30 días=1; Hace más de un mes, pero menos de un año=2; Hace más de un año=3",17154,0,"haven_labelled;vctrs_vctr;double"
"2012","__enpg/Base de datos ENPG 2012 (PG).DTA.dta","p154_3","154.- Si le han ofrecido. La última vez que le ofrecieron, ¿En cuál de los sigui","En la casa=1; En el barrio o comuna=2; En lugar de estudios o trabajo=3; En alrededores lugar de estudios o trabajo=4; En una fiesta, junta, discoteque, recitales=5; Por internet, mail o chat=6; En otro lugar=7",17154,16180,"haven_labelled;vctrs_vctr;double"
"2012","__enpg/Base de datos ENPG 2012 (PG).DTA.dta","p153_4","153.- ¿Y cuándo fue la última vez que una persona, conocida o desconocida, le of","Nunca me han ofrecido=0; En los últimos 30 días=1; Hace más de un mes, pero menos de un año=2; Hace más de un año=3",17154,0,"haven_labelled;vctrs_vctr;double"
"2012","__enpg/Base de datos ENPG 2012 (PG).DTA.dta","p154_4","154.- Si le han ofrecido. La última vez que le ofrecieron, ¿En cuál de los sigui","En la casa=1; En el barrio o comuna=2; En lugar de estudios o trabajo=3; En alrededores lugar de estudios o trabajo=4; En una fiesta, junta, discoteque, recitales=5; Por internet, mail o chat=6; En otro lugar=7",17154,16779,"haven_labelled;vctrs_vctr;double"
"2012","__enpg/Base de datos ENPG 2012 (PG).DTA.dta","p153_5","153.- ¿Y cuándo fue la última vez que una persona, conocida o desconocida, le of","Nunca me han ofrecido=0; En los últimos 30 días=1; Hace más de un mes, pero menos de un año=2; Hace más de un año=3",17154,0,"haven_labelled;vctrs_vctr;double"
"2012","__enpg/Base de datos ENPG 2012 (PG).DTA.dta","p154_5","154.- Si le han ofrecido. La última vez que le ofrecieron, ¿En cuál de los sigui","En la casa=1; En el barrio o comuna=2; En lugar de estudios o trabajo=3; En alrededores lugar de estudios o trabajo=4; En una fiesta, junta, discoteque, recitales=5; Por internet, mail o chat=6; En otro lugar=7",17154,16752,"haven_labelled;vctrs_vctr;double"
"2012","__enpg/Base de datos ENPG 2012 (PG).DTA.dta","p155_1","155.- ¿Cree Ud. que el tema de la droga se encuentra entre las preocupaciones de","Si=1; No=2; No sabe=88; No contesta=99",17154,0,"haven_labelled;vctrs_vctr;double"
"2012","__enpg/Base de datos ENPG 2012 (PG).DTA.dta","p155_2","155.- ¿Cree Ud. que el tema de la droga se encuentra entre las preocupaciones de","Si=1; No=2; No sabe=88; No contesta=99",17154,0,"haven_labelled;vctrs_vctr;double"
"2012","__enpg/Base de datos ENPG 2012 (PG).DTA.dta","p155_3","155.- ¿Cree Ud. que el tema de la droga se encuentra entre las preocupaciones de","Si=1; No=2; No sabe=88; No contesta=99",17154,0,"haven_labelled;vctrs_vctr;double"
"2012","__enpg/Base de datos ENPG 2012 (PG).DTA.dta","p156","156.- En su opinión y según lo usted sabe ¿Cómo evalúa usted el desempeño de las"," Excelente=1;  Muy buena=2;  Buena=3;  Regular=4;  Mala=5;  Muy mala=6;  Pésima=7; No sabe, no dispone de información suficiente como para eval=8",17154,0,"haven_labelled;vctrs_vctr;double"
"2012","__enpg/Base de datos ENPG 2012 (PG).DTA.dta","p157_1","157.- Medidas que las autoridades podrían reforzar para abordar el problema de l"," Aumentar el castigo a los traficantes=1;  Establecer un castigo a los consumidores=2;  Desarrollar campañas de prevención en colegios=3;  Hacer campañas a través de medios de comunicación=4;  Aumentar los recursos policiales=5;  Entregar mayores fondos para tratamiento y rehabilitación=6;  No contesta=99",17154,0,"haven_labelled;vctrs_vctr;double"
"2012","__enpg/Base de datos ENPG 2012 (PG).DTA.dta","p157_2","157.- Medidas que las autoridades podrían reforzar para abordar el problema de l"," Aumentar el castigo a los traficantes=1;  Establecer un castigo a los consumidores=2;  Desarrollar campañas de prevención en colegios=3;  Hacer campañas a través de medios de comunicación=4;  Aumentar los recursos policiales=5;  Entregar mayores fondos para tratamiento y rehabilitación=6;  No contesta=99",17154,0,"haven_labelled;vctrs_vctr;double"
"2012","__enpg/Base de datos ENPG 2012 (PG).DTA.dta","p157_3","157.- Medidas que las autoridades podrían reforzar para abordar el problema de l"," Aumentar el castigo a los traficantes=1;  Establecer un castigo a los consumidores=2;  Desarrollar campañas de prevención en colegios=3;  Hacer campañas a través de medios de comunicación=4;  Aumentar los recursos policiales=5;  Entregar mayores fondos para tratamiento y rehabilitación=6;  No contesta=99",17154,0,"haven_labelled;vctrs_vctr;double"
"2012","__enpg/Base de datos ENPG 2012 (PG).DTA.dta","p158_1","158.- En los últimos 12 meses ¿Ha recibido información relacionada con la preven","Si=1; No=2; No aplica=77; No sabe=88; No contesta=99",17154,0,"haven_labelled;vctrs_vctr;double"
"2012","__enpg/Base de datos ENPG 2012 (PG).DTA.dta","p158_2","158.- En los últimos 12 meses ¿Ha recibido información relacionada con la preven","Si=1; No=2; No aplica=77; No sabe=88; No contesta=99",17154,0,"haven_labelled;vctrs_vctr;double"
"2012","__enpg/Base de datos ENPG 2012 (PG).DTA.dta","p158_3","158.- En los últimos 12 meses ¿Ha recibido información relacionada con la preven","Si=1; No=2; No aplica=77; No sabe=88; No contesta=99",17154,0,"haven_labelled;vctrs_vctr;double"
"2012","__enpg/Base de datos ENPG 2012 (PG).DTA.dta","p158_4","158.- En los últimos 12 meses ¿Ha recibido información relacionada con la preven","Si=1; No=2; No aplica=77; No sabe=88; No contesta=99",17154,0,"haven_labelled;vctrs_vctr;double"
"2012","__enpg/Base de datos ENPG 2012 (PG).DTA.dta","p158_5","158.- En los últimos 12 meses ¿Ha recibido información relacionada con la preven","Si=1; No=2; No aplica=77; No sabe=88; No contesta=99",17154,0,"haven_labelled;vctrs_vctr;double"
"2012","__enpg/Base de datos ENPG 2012 (PG).DTA.dta","p158_6","158.- En los últimos 12 meses ¿Ha recibido información relacionada con la preven","Si=1; No=2; No aplica=77; No sabe=88; No contesta=99",17154,0,"haven_labelled;vctrs_vctr;double"
"2012","__enpg/Base de datos ENPG 2012 (PG).DTA.dta","p158_7","158.- En los últimos 12 meses ¿Ha recibido información relacionada con la preven","Si=1; No=2; No aplica=77; No sabe=88; No contesta=99",17154,0,"haven_labelled;vctrs_vctr;double"
"2012","__enpg/Base de datos ENPG 2012 (PG).DTA.dta","p159_1","159.- Y en este lugar, ¿Existe algún tipo de programa para ayudar a las personas","Si=1; No=2; No aplica=77; No sabe=88; No contesta=99",17154,0,"haven_labelled;vctrs_vctr;double"
"2012","__enpg/Base de datos ENPG 2012 (PG).DTA.dta","p159_2","159.- Y en este lugar, ¿Existe algún tipo de programa para ayudar a las personas","Si=1; No=2; No aplica=77; No sabe=88; No contesta=99",17154,0,"haven_labelled;vctrs_vctr;double"
"2012","__enpg/Base de datos ENPG 2012 (PG).DTA.dta","p159_3","159.- Y en este lugar, ¿Existe algún tipo de programa para ayudar a las personas","Si=1; No=2; No aplica=77; No sabe=88; No contesta=99",17154,0,"haven_labelled;vctrs_vctr;double"
"2012","__enpg/Base de datos ENPG 2012 (PG).DTA.dta","p159_4","159.- Y en este lugar, ¿Existe algún tipo de programa para ayudar a las personas","Si=1; No=2; No aplica=77; No sabe=88; No contesta=99",17154,0,"haven_labelled;vctrs_vctr;double"
"2012","__enpg/Base de datos ENPG 2012 (PG).DTA.dta","p159_5","159.- Y en este lugar, ¿Existe algún tipo de programa para ayudar a las personas","Si=1; No=2; No aplica=77; No sabe=88; No contesta=99",17154,0,"haven_labelled;vctrs_vctr;double"
"2012","__enpg/Base de datos ENPG 2012 (PG).DTA.dta","p159_6","159.- Y en este lugar, ¿Existe algún tipo de programa para ayudar a las personas","Si=1; No=2; No aplica=77; No sabe=88; No contesta=99",17154,0,"haven_labelled;vctrs_vctr;double"
"2012","__enpg/Base de datos ENPG 2012 (PG).DTA.dta","p159_7","159.- Y en este lugar, ¿Existe algún tipo de programa para ayudar a las personas","Si=1; No=2; No aplica=77; No sabe=88; No contesta=99",17154,0,"haven_labelled;vctrs_vctr;double"
"2012","__enpg/Base de datos ENPG 2012 (PG).DTA.dta","p160","160.- ¿Sabe Ud. qué es el SENDA?"," Sí=1;  No=2;  No sabe=88;  No contesta=99",17154,0,"haven_labelled;vctrs_vctr;double"
"2012","__enpg/Base de datos ENPG 2012 (PG).DTA.dta","p161","161.- ¿Y qué hace el SENDA?"," Respuesta correcta=1;  Respuesta incorrecta=2;  No sabe=88;  No contesta=99",17154,14937,"haven_labelled;vctrs_vctr;double"
"2012","__enpg/Base de datos ENPG 2012 (PG).DTA.dta","p162_1","162.- Pensando en el alcohol ¿Cuán de acuerdo está Ud. con las siguientes medida"," Muy de acuerdo=1;  De acuerdo=2;  En desacuerdo=3;  Muy en desacuerdo=4; No sabe=88; No contesta=99",17154,0,"haven_labelled;vctrs_vctr;double"
"2012","__enpg/Base de datos ENPG 2012 (PG).DTA.dta","p162_2","162.- Pensando en el alcohol ¿Cuán de acuerdo está Ud. con las siguientes medida"," Muy de acuerdo=1;  De acuerdo=2;  En desacuerdo=3;  Muy en desacuerdo=4; No sabe=88; No contesta=99",17154,0,"haven_labelled;vctrs_vctr;double"
"2012","__enpg/Base de datos ENPG 2012 (PG).DTA.dta","p162_3","162.- Pensando en el alcohol ¿Cuán de acuerdo está Ud. con las siguientes medida"," Muy de acuerdo=1;  De acuerdo=2;  En desacuerdo=3;  Muy en desacuerdo=4; No sabe=88; No contesta=99",17154,0,"haven_labelled;vctrs_vctr;double"
"2012","__enpg/Base de datos ENPG 2012 (PG).DTA.dta","p162_4","162.- Pensando en el alcohol ¿Cuán de acuerdo está Ud. con las siguientes medida"," Muy de acuerdo=1;  De acuerdo=2;  En desacuerdo=3;  Muy en desacuerdo=4; No sabe=88; No contesta=99",17154,0,"haven_labelled;vctrs_vctr;double"
"2012","__enpg/Base de datos ENPG 2012 (PG).DTA.dta","p162_5","162.- Pensando en el alcohol ¿Cuán de acuerdo está Ud. con las siguientes medida"," Muy de acuerdo=1;  De acuerdo=2;  En desacuerdo=3;  Muy en desacuerdo=4; No sabe=88; No contesta=99",17154,0,"haven_labelled;vctrs_vctr;double"
"2012","__enpg/Base de datos ENPG 2012 (PG).DTA.dta","p162_6","162.- Pensando en el alcohol ¿Cuán de acuerdo está Ud. con las siguientes medida"," Muy de acuerdo=1;  De acuerdo=2;  En desacuerdo=3;  Muy en desacuerdo=4; No sabe=88; No contesta=99",17154,0,"haven_labelled;vctrs_vctr;double"
"2012","__enpg/Base de datos ENPG 2012 (PG).DTA.dta","p163_1","163.- ¿Cuán de acuerdo estás con las siguientes frases? La mayoría de los jóvene"," Muy de acuerdo=1;  De acuerdo=2;  En desacuerdo=3;  Muy en desacuerdo=4; No sabe=88; No contesta=99",17154,0,"haven_labelled;vctrs_vctr;double"
"2012","__enpg/Base de datos ENPG 2012 (PG).DTA.dta","p163_2","163.- ¿Cuán de acuerdo estás con las siguientes frases? La marihuana produce men"," Muy de acuerdo=1;  De acuerdo=2;  En desacuerdo=3;  Muy en desacuerdo=4; No sabe=88; No contesta=99",17154,0,"haven_labelled;vctrs_vctr;double"
"2012","__enpg/Base de datos ENPG 2012 (PG).DTA.dta","p163_3","163.- ¿Cuán de acuerdo estás con las siguientes frases? El consumo y el tráfico"," Muy de acuerdo=1;  De acuerdo=2;  En desacuerdo=3;  Muy en desacuerdo=4; No sabe=88; No contesta=99",17154,0,"haven_labelled;vctrs_vctr;double"
"2012","__enpg/Base de datos ENPG 2012 (PG).DTA.dta","p163_4","163.- ¿Cuán de acuerdo estás con las siguientes frases? La marihuana debería ser"," Muy de acuerdo=1;  De acuerdo=2;  En desacuerdo=3;  Muy en desacuerdo=4; No sabe=88; No contesta=99",17154,0,"haven_labelled;vctrs_vctr;double"
"2012","__enpg/Base de datos ENPG 2012 (PG).DTA.dta","p163_5","163.- ¿Cuán de acuerdo estás con las siguientes frases? Las drogas han hecho más"," Muy de acuerdo=1;  De acuerdo=2;  En desacuerdo=3;  Muy en desacuerdo=4; No sabe=88; No contesta=99",17154,0,"haven_labelled;vctrs_vctr;double"
"2012","__enpg/Base de datos ENPG 2012 (PG).DTA.dta","p163_6","163.- ¿Cuán de acuerdo estás con las siguientes frases? Se debería dejar tranqui"," Muy de acuerdo=1;  De acuerdo=2;  En desacuerdo=3;  Muy en desacuerdo=4; No sabe=88; No contesta=99",17154,0,"haven_labelled;vctrs_vctr;double"
"2012","__enpg/Base de datos ENPG 2012 (PG).DTA.dta","p163_7","163.- ¿Cuán de acuerdo estás con las siguientes frases? El consumo de alcohol es"," Muy de acuerdo=1;  De acuerdo=2;  En desacuerdo=3;  Muy en desacuerdo=4; No sabe=88; No contesta=99",17154,0,"haven_labelled;vctrs_vctr;double"
"2012","__enpg/Base de datos ENPG 2012 (PG).DTA.dta","p164_1","164.- En relación a las recientes modificaciones de la ley que regula la conducc"," Muy de acuerdo=1;  De acuerdo=2;  En desacuerdo=3;  Muy en desacuerdo=4; No conoce la ley=5; No sabe=88",17154,0,"haven_labelled;vctrs_vctr;double"
"2012","__enpg/Base de datos ENPG 2012 (PG).DTA.dta","p164_2","164.- En relación a las recientes modificaciones de la ley que regula la conducc"," Muy de acuerdo=1;  De acuerdo=2;  En desacuerdo=3;  Muy en desacuerdo=4; No conoce la ley=5; No sabe=88",17154,0,"haven_labelled;vctrs_vctr;double"
"2012","__enpg/Base de datos ENPG 2012 (PG).DTA.dta","p164_3","164.- En relación a las recientes modificaciones de la ley que regula la conducc"," Muy de acuerdo=1;  De acuerdo=2;  En desacuerdo=3;  Muy en desacuerdo=4; No conoce la ley=5; No sabe=88",17154,0,"haven_labelled;vctrs_vctr;double"
"2012","__enpg/Base de datos ENPG 2012 (PG).DTA.dta","p164_4","164.- En relación a las recientes modificaciones de la ley que regula la conducc"," Muy de acuerdo=1;  De acuerdo=2;  En desacuerdo=3;  Muy en desacuerdo=4; No conoce la ley=5; No sabe=88",17154,0,"haven_labelled;vctrs_vctr;double"
"2012","__enpg/Base de datos ENPG 2012 (PG).DTA.dta","p164_5","164.- En relación a las recientes modificaciones de la ley que regula la conducc"," Muy de acuerdo=1;  De acuerdo=2;  En desacuerdo=3;  Muy en desacuerdo=4; No conoce la ley=5; No sabe=88",17154,0,"haven_labelled;vctrs_vctr;double"
"2012","__enpg/Base de datos ENPG 2012 (PG).DTA.dta","p165_1","165.1- Si Ud. tuviera que destinar $100 (cien pesos) para enfrentar el problema","",17154,0,"numeric"
"2012","__enpg/Base de datos ENPG 2012 (PG).DTA.dta","p165_2","165.2- Si Ud. tuviera que destinar $100 (cien pesos) para enfrentar el problema","",17154,0,"numeric"
"2012","__enpg/Base de datos ENPG 2012 (PG).DTA.dta","p165_3","165.3- Si Ud. tuviera que destinar $100 (cien pesos) para enfrentar el problema","",17154,0,"numeric"
"2012","__enpg/Base de datos ENPG 2012 (PG).DTA.dta","p166_1","166.1- Si Ud. tuviera que destinar $100 (cien pesos) para enfrentar el problema","",17154,0,"numeric"
"2012","__enpg/Base de datos ENPG 2012 (PG).DTA.dta","p166_2","166.2- Si Ud. tuviera que destinar $100 (cien pesos) para enfrentar el problema","",17154,0,"numeric"
"2012","__enpg/Base de datos ENPG 2012 (PG).DTA.dta","p166_3","166.3- Si Ud. tuviera que destinar $100 (cien pesos) para enfrentar el problema","",17154,0,"numeric"
"2012","__enpg/Base de datos ENPG 2012 (PG).DTA.dta","p167_1","167.- Pensando ahora en drogas como marihuana, cocaína o pasta base  ¿Cuán de ac"," Muy de acuerdo=1;  De acuerdo=2;  En desacuerdo=3;  Muy en desacuerdo=4; No sabe=88; No contesta=99",17154,0,"haven_labelled;vctrs_vctr;double"
"2012","__enpg/Base de datos ENPG 2012 (PG).DTA.dta","p167_2","167.- Pensando ahora en drogas como marihuana, cocaína o pasta base  ¿Cuán de ac"," Muy de acuerdo=1;  De acuerdo=2;  En desacuerdo=3;  Muy en desacuerdo=4; No sabe=88; No contesta=99",17154,0,"haven_labelled;vctrs_vctr;double"
"2012","__enpg/Base de datos ENPG 2012 (PG).DTA.dta","p167_3","167.- Pensando ahora en drogas como marihuana, cocaína o pasta base  ¿Cuán de ac"," Muy de acuerdo=1;  De acuerdo=2;  En desacuerdo=3;  Muy en desacuerdo=4; No sabe=88; No contesta=99",17154,0,"haven_labelled;vctrs_vctr;double"
"2012","__enpg/Base de datos ENPG 2012 (PG).DTA.dta","p167_4","167.- Pensando ahora en drogas como marihuana, cocaína o pasta base  ¿Cuán de ac"," Muy de acuerdo=1;  De acuerdo=2;  En desacuerdo=3;  Muy en desacuerdo=4; No sabe=88; No contesta=99",17154,0,"haven_labelled;vctrs_vctr;double"
"2012","__enpg/Base de datos ENPG 2012 (PG).DTA.dta","p167_5","167.- Pensando ahora en drogas como marihuana, cocaína o pasta base  ¿Cuán de ac"," Muy de acuerdo=1;  De acuerdo=2;  En desacuerdo=3;  Muy en desacuerdo=4; No sabe=88; No contesta=99",17154,0,"haven_labelled;vctrs_vctr;double"
"2012","__enpg/Base de datos ENPG 2012 (PG).DTA.dta","p168","168.- La semana pasada, ¿trabajó al menos una hora, sin considerar los quehacere"," Sí=1;  No=2",17154,0,"haven_labelled;vctrs_vctr;double"
"2012","__enpg/Base de datos ENPG 2012 (PG).DTA.dta","p169","169.- Aunque no trabajó la semana pasada, ¿realizó alguna actividad por lo menos"," Sí=1;  No=2",17154,10024,"haven_labelled;vctrs_vctr;double"
"2012","__enpg/Base de datos ENPG 2012 (PG).DTA.dta","p170","170.- Aunque no trabajó la semana pasada, ¿tenía empleo del cual estuvo ausente"," Sí=1;  No=2",17154,10273,"haven_labelled;vctrs_vctr;double"
"2012","__enpg/Base de datos ENPG 2012 (PG).DTA.dta","p171","171.- ¿Buscó trabajo remunerado o realizó alguna gestión para iniciar una activi"," Sí=1;  No=2",17154,10523,"haven_labelled;vctrs_vctr;double"
"2012","__enpg/Base de datos ENPG 2012 (PG).DTA.dta","p172","172.- ¿Cuál es la razón por la que no buscó trabajo o no realizó alguna gestión"," Consiguió trabajo que empezará pronto o iniciará una activi=1;  Está esperando resultado de gestiones ya emprendidas=2;  No tiene con quien dejar a los niños=3;  No tiene con quien dejar a adultos mayores=4;  No tiene con quien dejar a otro familiar=5;  Está enfermo o tiene una discapacidad=6;  Percepción de limitaciones personales=7; Piensa que nadie le dará trabajo (porque no cuenta con la ca=8; Las reglas, horarios y distancias de los trabajos no le acom=9; Ofrecen sueldos muy bajos=10; Quehaceres del hogar=11; Estudiante=12; Jubilado(a), pensionado(a) o montepiada=13; Tiene otra fuente de ingreso (seguro de cesantía, mesadas, r=14; Se cansó de buscar o cree que no hay trabajo disponible=15; Busca cuando realmente lo necesita o tiene trabajo esporádic=16; No tiene interés en trabajar=17; Otra razón=18",17154,10727,"haven_labelled;vctrs_vctr;double"
"2012","__enpg/Base de datos ENPG 2012 (PG).DTA.dta","p174","174.- En su trabajo o negocio principal, ¿usted trabaja como?"," Patrón o empleador=1;  Trabajador por cuenta propia=2;  Empleado u obrero del sector público (Gobierno Central o Mu=3;  Empleado y obrero de empresas públicas=4;  Empleado y u obrero del sector privado=5;  Servicio doméstico puertas adentro=6;  Servicio doméstico puertas afuera=7; FF.AA. y del Orden=8; Familiar no remunerado=9",17154,6427,"haven_labelled;vctrs_vctr;double"
"2012","__enpg/Base de datos ENPG 2012 (PG).DTA.dta","p173_cod","173.- ¿Cuál es su ocupación u oficio?","Fuerzas armadas=110; MIEMBROS DEL PODER EJECUTIVO Y DE LOS CUERPOS LEGISLATIVOS Y PERSONAL DIRECTIVO=1100; Miembros del poder ejecutivo y de los cuerpos legislativos=1110; Personal directivo de la administración pública=1120; Jefes de pequeñas poblaciones=1130; Dirigentes y administradores de partidos políticos=1141; Dirigentes y administradores de organizaciones de empleadores, de trabajadores y=1142; Dirigentes y administradores de organizaciones humanitarias y de otras organizac=1143; DIRECTORES DE EMPRESA=1200; Directores generales y gerentes generales de empresa=1210; Directores de departamentos de producción y operaciones, agricultura, caza, silv=1221; Directores de departamentos de producción y operaciones, industrias manufacturer=1222; Directores de departamentos de producción y operaciones, construcción y obras pú=1223; Directores de departamentos de producción y operaciones, comercio mayorista y mi=1224; Directores de departamentos de producción y operaciones, restauración y hosteler=1225; Directores de departamentos de producción y operaciones, transporte, almacenamie=1226; Directores de departamentos de producción y operaciones, empresas de intermediac=1227; Directores de departamentos de producción y operaciones, servicios de cuidados p=1228; Directores de departamentos de producción y operaciones, no clasificados bajo ot=1229; Directores de departamentos financieros y administrativos=1231; Directores de departamentos de personal y de relaciones laborales=1232; Directores de departamentos de ventas y comercialización=1233; Directores de departamentos de publicidad y de relaciones públicas=1234; Directores de departamentos de abastecimiento y distribución=1235; Directores de departamentos de servicios de informática=1236; Directores de departamentos de investigaciones y desarrollo=1237; Otros directores de departamentos, no clasificados bajo otros epígrafes=1239; GERENTES DE EMPRESA=1300; Gerentes de empresas de agricultura, caza, silvicultura y pesca=1311; Gerentes de industrias manufactureras=1312; Gerentes de empresas de construcción y obras públicas=1313; Gerentes de comercios mayoristas y minoristas=1314; Gerentes de empresas de restauración y hostelería=1315; Gerentes de empresas de transporte, almacenamiento y comunicaciones=1316; Gerentes de empresas de intermediación y servicios a empresas=1317; Gerentes de empresas de servicios de cuidados Personales, limpieza y servicios s=1318; Gerentes de empresas, no clasificados bajo otros epígrafes=1319; PROFESIONALES DE LAS CIENCIAS FISICAS, QUIMICAS Y MATEMATICAS Y DE LA INGENIERIA=2100; Físicos y astrónomos=2111; Meteorólogos=2112; Químicos=2113; Geólogos y geofísicos=2114; Matemáticos y afines=2121; Estadísticos=2122; Creadores y analistas de sistemas informáticos=2131; Programadores informáticos=2132; Profesionales de la informática, no clasificados bajo otros epígrafes=2139; Arquitectos, urbanistas e ingenieros de tránsito=2141; Ingenieros civiles=2142; Ingenieros electricistas=2143; Ingenieros electronicistas y de telecomunicaciones=2144; Ingenieros mecánicos=2145; Ingenieros químicos=2146; Ingenieros de minas y metalúrgicos y afines=2147; Cartógrafos y agrimensores=2148; Arquitectos, ingenieros y afines, no clasificados bajo otros epígrafes=2149; PROFESIONALES DE LAS CIENCIAS BIOLOGICAS, LA MEDICINA Y LA SALUD=2200; Biólogos, botánicos, zoólogos y afines=2211; Farmacólogos, patólogos y afines=2212; Agrónomos y afines=2213; Médicos=2221; Odontólogos=2222; Veterinarios=2223; Farmacéuticos=2224; Médicos y profesionales afines (excepto el personal de enfermería y partería), n=2229; Personal de enfermería y partería de nivel superior=2230; PROFESIONALES DE LA ENSEÑANZA=2300; Profesores de universidades y otros establecimientos de la enseñanza superior=2310; Profesores de la enseñanza secundaria=2320; Maestros de nivel superior de la enseñanza primaria=2331; Maestros de nivel superior de la enseñanza preescolar=2332; Maestros e instructores de nivel superior de la enseñanza especial=2340; Especialistas en métodos pedagógicos y material didáctico=2351; Inspectores de la enseñanza=2352; Otros profesionales de la enseñanza, no clasificados bajo otros epígrafes=2359; OTROS PROFESIONALES CIENTIFICOS E INTELECTUALES=2400; Contadores=2411; Especialistas en políticas y servicios de personal y afines=2412; Especialistas en organización y administración de empresas y afines, no clasific=2419; Abogados=2421; Jueces=2422; Profesionales del derecho, no clasificados bajo otros epígrafes=2429; Archiveros y conservadores de museos=2431; Bibliotecarios, documentalistas y afines=2432; Economistas=2441; Sociólogos, antropólogos y afines=2442; Filósofos, historiadores y especialistas en ciencias políticas=2443; Filólogos, traductores e intérpretes=2444; Psicólogos=2445; Profesionales del trabajo social=2446; Autores, periodistas y otros escritores=2451; Escultores, pintores y afines=2452; Compositores, músicos y cantantes=2453; Coreógrafos y bailarines=2454; Actores y directores de cine, radio, teatro, televisión y afines=2455; Sacerdotes de distintas religiones=2460; TECNICOS Y PROFESIONALES DE NIVEL MEDIO DE LAS CIENCIAS FISICAS Y QUIMICAS, LA I=3100; Técnicos en ciencias físicas y químicas=3111; Técnicos en ingeniería civil=3112; Electrotécnicos=3113; Técnicos en electrónica y telecomunicaciones=3114; Técnicos en mecánica y construcción mecánica=3115; Técnicos en química industrial=3116; Técnicos en ingeniería de minas y metalurgia=3117; Delineantes y dibujantes técnicos=3118; Técnicos en ciencias físicas y químicas y en ingeniería, no clasificados bajo ot=3119; Técnicos en programación informática=3121; Técnicos en control de equipos informáticos=3122; Técnicos en control de robots industriales=3123; Fotógrafos y operadores de equipos de grabación de imagen y sonido=3131; Operadores de equipos de radiodifusión, televisión y telecomunicaciones=3132; Operadores de aparatos de diagnóstico y tratamiento médicos=3133; Operadores de equipos ópticos y electrónicos, no clasificados bajo otros epígraf=3139; Oficiales maquinistas=3141; Capitanes, oficiales de cubierta y prácticos=3142; Pilotos de aviación y afines=3143; Controladores de tráfico aéreo=3144; Técnicos en seguridad aeronáutica=3145; Inspectores de edificios y de prevención e investigación de incendios=3151; Inspectores de seguridad y salud y control de calidad=3152; TECNICOS Y PROFESIONALES DE NIVEL MEDIO DE LAS CIENCIAS BIOLOGICAS, LA MEDICINA=3200; Técnicos en ciencias biológicas y afines=3211; Técnicos en agronomía, zootecnia y silvicultura=3212; Consejeros agrícolas y forestales=3213; Practicantes y asistentes médicos=3221; Higienistas y otro personal sanitario=3222; Técnicos en dietética y nutrición=3223; Técnicos en optometría y ópticos=3224; Dentistas auxiliares y ayudantes de odontología=3225; Fisioterapeutas y afines=3226; Técnicos y asistentes veterinarios=3227; Técnicos y asistentes farmacéuticos=3228; Profesionales de nivel medio de la medicina moderna y la salud (excepto el perso=3229; Personal de enfermería de nivel medio=3231; Personal de partería de nivel medio=3232; Practicantes de la medicina tradicional=3241; Curanderos=3242; MAESTROS E INSTRUCTORES DE NIVEL MEDIO=3300; Maestros de nivel medio de la enseñanza primaria=3310; Maestros de nivel medio de la enseñanza preescolar=3320; Maestros de nivel medio de la enseñanza especial=3330; Otros maestros e instructores de nivel medio=3340; OTROS TECNICOS Y PROFESIONALES DE NIVEL MEDIO=3400; Agentes de bolsa, cambio y otros servicios financieros=3411; Agentes de seguros=3412; Agentes inmobiliarios=3413; Agentes de viajes=3414; Representantes comerciales y técnicos de ventas=3415; Compradores=3416; Tasadores y subastadores=3417; Profesionales de nivel medio en operaciones financieras y comerciales, no clasif=3419; Agentes de compras y consignatarios=3421; Declarantes o gestores de aduana=3422; Agentes públicos y privados de colocación y contratistas de mano de obra=3423; Agentes comerciales y corredores, no clasificados bajo otros epígrafes=3429; Profesionales de nivel medio de servicios administrativos y afines=3431; Profesionales de nivel medio del derecho y servicios legales o afines=3432; Tenedores de libros=3433; Profesionales de nivel medio de servicios estadísticos, matemáticos y afines=3434; Profesionales de nivel medio de servicios de administración, no clasificados baj=3439; Agentes de aduana e inspectores de fronteras=3441; Funcionarios del fisco=3442; Funcionarios de servicios de seguridad social=3443; Funcionarios de servicios de expedición de licencias y permisos=3444; Agentes de las administraciones públicas de aduanas, impuestos y afines, no clas=3449; Inspectores de policía y detectives=3450; Trabajadores y asistentes sociales de nivel medio=3460; Decoradores y diseñadores=3471; Locutores de radio y televisión y afines=3472; Músicos, cantantes y bailarines callejeros, de cabaret y afines=3473; Payasos, prestidigitadores, acróbatas y afines=3474; Atletas, deportistas y afines=3475; Auxiliares laicos de los cultos=3480; OFICINISTAS=4100; Taquígrafos y mecanógrafos=4111; Operadores de máquinas de tratamiento de textos y afines=4112; Operadores de entrada de datos=4113; Operadores de calculadoras=4114; Secretarios=4115; Empleados de contabilidad y cálculo de costos=4121; Empleados de servicios estadísticos y financieros=4122; Empleados de control de abastecimientos inventario=4131; Empleados de servicios de apoyo a la producción=4132; Empleados de servicios de transporte=4133; Empleados de bibliotecas y archivos=4141; Empleados de servicios de correos=4142; Codificadores de datos, correctores de pruebas de imprenta y afines=4143; Escribientes públicos y afines=4144; Otros oficinistas=4190; EMPLEADOS EN TRATO DIRECTO CON EL PUBLICO=4200; Cajeros y expendedores de billetes=4211; Pagadores y cobradores de ventanilla y taquilleros=4212; Receptores de apuestas y afines=4213; Prestamistas=4214; Cobradores y afines=4215; Empleados de agencias de viajes=4221; Recepcionistas y empleados de informaciones=4222; Telefonistas=4223; TRABAJADORES DE LOS SERVICIOS PERSONALES Y DE LOS SERVICIOS DE PROTECCION Y SEGU=5100; Camareros y azafatas=5111; Revisores, guardas y cobradores de los transportes públicos=5112; Guías=5113; Ecónomos, mayordomos y afines=5121; Cocineros=5122; Camareros y taberneros=5123; Niñeras y celadoras infantiles=5131; Ayudantes de enfermería en instituciones=5132; Ayudantes de enfermería a domicilio=5133; Trabajadores de los cuidados personales y afines, no clasificados bajo otros epí=5139; Peluqueros, especialistas en tratamientos de belleza y afines=5141; Acompañantes y ayudas de cámara=5142; Personal de pompas fúnebres y embalsamadores=5143; Otros trabajadores de servicios personales a particulares no clasificados bajo o=5149; Astrólogos y afines=5151; Adivinadores, quirománticos y afines=5152; Bomberos=5161; Policías=5162; Guardianes de prisión=5163; Personal de los servicios de protección y seguridad, no clasificado bajo otros e=5169; MODELOS, VENDEDORES Y DEMOSTRADORES=5200; Modelos de modas, arte y publicidad=5210; Vendedores y demostradores de tiendas y almacenes=5220; Vendedores de quioscos y de puestos de mercado=5230; AGRICULTORES Y TRABAJADORES CALIFICADOS DE EXPLOTACIONES AGROPECUARIAS, FORESTAL=6100; Agricultores y trabajadores calificados de cultivos extensivos=6111; Agricultores y trabajadores calificados de plantaciones de árboles y arbustos=6112; Agricultores y trabajadores calificados de huertas, invernaderos, viveros y jard=6113; Agricultores y trabajadores calificados de cultivos mixtos=6114; Criadores de ganado y otros animales domésticos, productores de leche y sus deri=6121; Avicultores y trabajadores calificados de la avicultura=6122; Apicultores y sericicultores y trabajadores calificados de la apicultura y la se=6123; Criadores y trabajadores calificados de la cría de animales domésticos diversos=6124; Criadores y trabajadores pecuarios calificados de la cría de animales para el me=6129; Productores y trabajadores agropecuarios calificados cuya producción se destina=6130; Taladores y otros trabajadores forestales=6141; Carboneros de carbón vegetal y afines=6142; Criadores de especies acuáticas=6151; Pescadores de agua dulce y en aguas costeras=6152; Pescadores de alta mar=6153; Cazadores y tramperos=6154; TRABAJADORES AGROPECUARIOS Y PESQUEROS DE SUBSISTENCIA=6200; Trabajadores agropecuarios y pesqueros de subsistencia=6210; OFICIALES Y OPERARIOS DE LAS INDUSTRIAS EXTRACTIVAS Y DE LA CONSTRUCCION=7100; Mineros y canteros=7111; Pegadores=7112; Tronzadores, labrantes y grabadores de piedra=7113; Constructores con técnicas y materiales tradicionales=7121; Albañiles y mamposteros=7122; Operarios en cemento armado, enfoscadores y afines=7123; Carpinteros de armar y de blanco=7124; Oficiales y operarios de la construcción (obra gruesa) y afines, no clasificados=7129; Techadores=7131; Parqueteros y colocadores de suelos=7132; Revocadores=7133; Instaladores de material aislante y de insonorización=7134; Cristaleros=7135; Fontaneros e instaladores de tuberías=7136; Electricistas de obras y afines=7137; Pintores y empapeladores=7141; Barnizadores y afines=7142; Limpiadores de fachadas y deshollinadores=7143; OFICIALES Y OPERARIOS DE LA METALURGIA, LA CONSTRUCCION MECANICA Y AFINES=7200; Moldeadores y macheros=7211; Soldadores y oxicortadores=7212; Chapistas y caldereros=7213; Montadores de estructuras metálicas=7214; Aparejadores y empalmadores de cables=7215; Buzos=7216; Herreros y forjadores=7221; Herramentistas y afines=7222; Reguladores y reguladores-operadores de máquinas herramientas=7223; Pulidores de metales y afiladores de herramientas=7224; Mecánicos y ajustadores de vehículos de motor=7231; Mecánicos y ajustadores de motores de avión=7232; Mecánicos y ajustadores de máquinas agrícolas e industriales=7233; Mecánicos y ajustadores electricistas=7241; Ajustadores electronicistas=7242; Mecánicos y reparadores de aparatos electrónicos=7243; Instaladores y reparadores de telégrafos y teléfonos=7244; Instaladores y reparadores de líneas eléctricas=7245; MECANICOS DE PRECISION, ARTESANOS, OPERARIOS DE LAS ARTES GRAFICAS Y AFINES=7300; Mecánicos y reparadores de instrumentos de precisión=7311; Constructores y afinadores de instrumentos musicales=7312; Joyeros, orfebres y plateros=7313; Alfareros y afines (barro, arcilla y abrasivos)=7321; Sopladores, modeladores, laminadores, cortadores y pulidores de vidrio=7322; Grabadores de vidrio=7323; Pintores decoradores de vidrio, cerámica y otros materiales=7324; Artesanos de la madera y materiales similares=7331; Artesanos de los tejidos, el cuero y materiales similares=7332; Cajistas, tipógrafos y afines=7341; Estereotipistas y galvanotipistas=7342; Grabadores de imprenta y fotograbadores=7343; Operarios de la fotografía y afines=7344; Encuadernadores y afines=7345; Impresores de sericigrafía y estampadores a la plancha y en textiles=7346; OTROS OFICIALES, OPERARIOS Y ARTESANOS DE ARTES MECANICAS Y DE OTROS OFICIOS=7400; Carniceros, pescaderos y afines=7411; Panaderos, pasteleros y confiteros=7412; Operarios de la elaboración de productos lácteos=7413; Operarios de la conservación de frutas legumbres, verduras y afines=7414; Catadores y clasificadores de alimentos y bebidas=7415; Preparadores y elaboradores de tabaco y sus productos=7416; Operarios del tratamiento de la madera=7421; Ebanistas y afines=7422; Reguladores y reguladores-operadores de máquinas de labrar madera=7423; Cesteros, bruceros y afines=7424; Preparadores de fibras=7431; Tejedores con telares o de tejidos de punto afines=7432; Sastres, modistos y sombrereros=7433; Peleteros y afines=7434; Patronistas y cortadores de tela, cuero y afine=7435; Costureros, bordadores y afines=7436; Tapiceros, colchoneros y afines=7437; Apelambradores, pellejeros y curtidores=7441; Zapateros y afines=7442; OPERADORES DE INSTALACIONES FIJAS Y AFINES=8100; Operadores de instalaciones mineras=8111; Operadores de instalaciones de procesamiento de minerales y rocas=8112; Perforadores y sondistas de pozos y afines=8113; Operadores de hornos de minerales y de hornos de primera fusión de metales=8121; Operadores de homos de segunda fusión, máquinas de colar y moldear metales y tre=8122; Operadores de instalaciones de tratamiento térmico de metales=8123; Operadores de máquinas trefiladoras y estiradoras de metales=8124; Operadores de homos de vidriería y cerámica y operadores de máquinas afines=8131; Operadores de instalaciones de vidriería, cerámica y afines, no clasificados baj=8139; Operadores de instalaciones de procesamiento de la madera=8141; Operadores de instalaciones para la preparación de pasta para papel=8142; Operadores de instalaciones para la fabricación de papel=8143; Operadores de instalaciones quebrantadoras, trituradoras y mezcladoras de sustan=8151; Operadores de instalaciones de tratamiento químico térmico=8152; Operadores de equipos de filtración y separación de sustancias químicas=8153; Operadores de equipos de destilación y de reacción química (excepto petróleo y g=8154; Operadores de instalaciones de refinación de petróleo y gas natural=8155; Operadores de instalaciones de tratamientos químicos no clasificados bajo otros=8159; Operadores de instalaciones de producción de energía=8161; Operadores de máquinas de vapor y calderas=8162; Operadores de incineradores, instalaciones de tratamiento de agua y afines=8163; Operadores de cadenas de montaje automatizadas=8171; Operadores de robots industriales=8172; OPERADORES DE MAQUINAS Y MONTADORES=8200; Operadores de máquinas herramientas=8211; Operadores de máquinas para fabricar cemento y otros productos minerales=8212; Operadores de máquinas para fabricar productos farmacéuticos y cosméticos=8221; Operadores de máquinas para fabricar municiones y explosivos=8222; Operadores de máquinas pulidoras, galvanizadoras y recubridoras de metales=8223; Operadores de máquinas para fabricar accesorios fotográficos=8224; Operadores de máquinas para fabricar productos químicos, no clasificados bajo ot=8229; Operadores de máquinas para fabricar productos de caucho=8231; Operadores de máquinas para fabricar productos de material plástico=8232; Operadores de máquinas para fabricar productos de madera=8240; Operadores de máquinas de imprenta=8251; Operadores de máquinas de encuadernación=8252; Operadores de máquinas para fabricar productos de papel=8253; Operadores de máquinas de preparación de fibras, hilado y devanado=8261; Operadores de telares y otras máquinas tejedoras=8262; Operadores de máquinas para coser=8263; Operadores de máquinas de blanqueo, teñido y tintura=8264; Operadores de máquinas de tratamiento de pieles y cueros=8265; Operadores de máquinas para la fabricación de calzado y afines=8266; Operadores de máquinas para fabricar productos textiles y artículos de piel y cu=8269; Operadores de máquinas para elaborar carne, pescado y mariscos=8271; Operadores de máquinas para elaborar productos lácteos=8272; Operadores de máquinas para moler cereales y especias=8273; Operadores de máquinas para elaborar cereales, productos de panadería y reposter=8274; Operadores de máquinas para elaborar frutos húmedos y secos y hortalizas=8275; Operadores de máquinas para fabricar azúcares=8276; Operadores de máquinas para elaborar té, café y cacao=8277; Operadores de máquinas para elaborar cerveza, vinos y otras bebidas=8278; Operadores de máquinas para elaborar productos del tabaco=8279; Montadores de mecanismos y elementos mecánicos de máquinas=8281; Montadores de equipos eléctricos=8282; Montadores de equipos electrónicos=8283; Montadores de productos metálicos, de caucho y de material plástico=8284; Montadores de productos de madera y de materiales afines=8285; Montadores de productos de cartón, textiles y materiales afines=8286; Otros operadores de máquinas y montadores=8290; CONDUCTORES DE VEHICULOS Y OPERADORES DE EQUIPOS PESADOS MOVILES=8300; Maquinistas de locomotoras=8311; Guardafrenos, guardagujas y agentes de maniobras=8312; Conductores de motocicletas=8321; Conductores de automóviles, taxis y camionetas=8322; Conductores de autobuses y tranvías=8323; Conductores de camiones pesados=8324; Operadores de maquinaria agrícola y forestal motorizada=8331; Operadores de máquinas de movimiento de tierras y afines=8332; Operadores de grúas, de aparatos elevadores y afines=8333; Operadores de carretillas elevadoras=8334; Marineros de cubierta y afines=8340; TRABAJADORES NO CALIFICADOS DE VENTAS Y SERVICIOS=9100; Vendedores ambulantes de productos comestibles=9111; Vendedores ambulantes de productos no comestibles=9112; Vendedores a domicilio y por teléfono=9113; Limpiabotas y otros trabajadores callejeros=9120; Personal doméstico=9131; Limpiadores de oficinas, hoteles y otros establecimientos=9132; Lavanderos y planchadores manuales=9133; Conserjes=9141; Lavadores de vehículos, ventanas y afines=9142; Mensajeros, porteadores y repartidores=9151; Porteros y guardianes y afines=9152; Recolectores de dinero en aparatos de venta automática, lectores de medidores y=9153; Recolectores de basura=9161; Barrenderos y afines=9162; PEONES AGROPECUARIOS, FORESTALES, PESQUEROS Y AFINES=9200; Mozos de labranza y peones agropecuarios=9211; Peones forestales=9212; Peones de la pesca, la caza y la trampa=9213; PEONES DE LA MINERIA, LA CONSTRUCCION, LA INDUSTRIA MANUFACTURERA Y EL TRANSPORT=9300; Peones de minas y canteras=9311; Peones de obras públicas y mantenimiento: carreteras, presas y obras similares=9312; Peones de la construcción de edificios=9313; Peones de montaje=9321; Embaladores manuales y otros peones de la industria manufacturera=9322; Conductores de vehículos accionados a pedal o a brazo=9331; Conductores de vehículos y máquinas de tracción animal=9332; Peones de carga=9333; Oficio no bien especificado=9997; Inactivos=9998; No contesta=9999",17154,6427,"haven_labelled;vctrs_vctr;double"
"2012","__enpg/Base de datos ENPG 2012 (PG).DTA.dta","p175_cod1","175.- ¿A qué se dedica o qué hace el negocio, empresa o institución donde usted","Actividades no bien especificadas=0; Agricultura, caza, silvicultura y pesca=1; Explotación de minas y canteras=2; Industrias manufactureras=3; Electricidad, gas y agua=4; Construcción=5; Comercio, restaurantes y hoteles=6; Transportes, almacenamiento y comunicaciones=7; Establecimientos Financieros, seguros, bienes inmuebles y servicios prestados a las empresas=8; Servicios comunales, sociales y personales=9; Inactivos=98; No contesta=99",17154,6522,"haven_labelled;vctrs_vctr;double"
"2012","__enpg/Base de datos ENPG 2012 (PG).DTA.dta","p175_cod","175.- ¿A qué se dedica o qué hace el negocio, empresa o institución donde usted","Actividades no bien especificadas=0; Producción agropecuaria=1110; Servicios agrícolas=1120; Caza ordinaria, mediante trampas y repoblación de animales=1130; Silvicultura=1210; Extracción de madera=1220; Pesca de altura y costera=1301; Pesca, nep=1302; Explotación de minas de carbón=2100; Producción de petróleo crudo y gas natural=2200; Extracción de mineral de hierro=2301; Extracción de minerales no ferrosos=2302; Extracción de piedra, arcilla y arena=2901; Extracción de minerales para fabricación de abonos y elaboración de  productos q=2902; Explotación de minas de sal=2903; Extracción de minerales, nep=2909; Matanza de ganado y preparación y conservación de carne=3111; Fabricación de productos lácteos=3112; Envasado y conservación de frutas y legumbres=3113; Elaboración de pescado, crustáceos y otros productos marinos=3114; Fabricación de aceites y grasas vegetales y animales=3115; Fabricación de productos de molinería=3116; Fabricación de productos de panadería=3117; Fábricas y refinerías de azúcar=3118; Fabricación de cacao, chocolate y artículos de confitería=3119; Elaboración de productos alimenticios diversos=3121; Elaboración de alimentos preparados para animales=3122; Destilación, rectificación y mezcla de bebidas espirituosas=3131; Industrias vinícolas=3132; Bebidas malteadas y malta=3133; Industrias de bebidas no alcohólicas y aguas gaseosas=3134; Industria del tabaco=3140; Hilado, tejido y acabado de textiles=3211; Artículos confeccionados de materiales textiles, excepto prendas de  vestir=3212; Fábricas de tejidos de punto=3213; Fabricación de tapices y alfombras=3214; Cordelería=3215; Fabricación de textiles, nep=3219; Fabricación de prendas de vestir, excepto calzado=3220; Curtidurias y talleres de acabado=3231; Industria de la preparación y teñido de pieles=3232; Fabricación de productos de cuero y sucedáneos de cuero, excepto el  calzado y o=3233; Fabricación de calzado, excepto el de caucho vulcanizado o moldeado  de plástico=3240; Aserraderos, talleres de acepilladura y otros talleres para trabajar  la madera=3311; Fabricación de envases de madera y de caña y artículos menudos de  caña=3312; Fabricación de productos de madera y de corcho, nep=3319; Fabricación de muebles y accesorios, excepto los que son principalmente metálico=3320; Fabricación de pulpa de madera, papel y cartón=3411; Fabricación de envases y cajas de papel y de cartón=3412; Fabricación de artículos de pulpa, papel y cartón, nep=3419; Imprentas, editoriales e industrias conexas=3420; Fabricación de  sustancias químicas industriales básicas, excepto  abonos=3511; Fabricación de abonos y plaguicidas=3512; Fabricación de resinas sintéticas, materias plásticas y fibras  artificiales, ex=3513; Fabricación de pinturas, barnices y lacas=3521; Fabricación de productos farmaceúticos y medicamentos=3522; Fabricación de jabones y preparados de limpieza, perfumes, cosméticos y otros pr=3523; Fabricación de productos químicos, nep=3529; Refinerías de petróleo=3530; Fabricación de  productos diversos derivados del petróleo y del carbón=3540; Industrias de llantas y cámaras=3551; Fabricación de productos de caucho, nep=3559; Fabricación de productos plásticos, nep=3560; Fabricación de objetos de barro, loza y porcelana=3610; Fabricación de vidrio y productos de vidrio=3620; Fabricación de productos de arcilla para construcción=3691; Fabricación de cemento, cal y yeso=3692; Fabricación de productos minerales no metálicos, nep=3699; Industrias básicas de hierro y acero=3710; Industrias básica de metales no ferrosos=3720; Fabricación de cuchillería, herramientas manuales y artículos  generales de ferr=3811; Fabricación de muebles y accesorios principalmente metálicos=3812; Fabricación de productos metálicos estructurales=3813; Fabricación de productos metálicos, nep exceptuando maquinaria y  equipo=3819; Construcción de motores y turbinas=3821; Construcción de maquinaria y equipo para la agricultura=3822; Construcción de maquinaria para trabajar los metales y la madera=3823; Construcción de maquinaria y equipo especiales para las  industrias,excepto la m=3824; Construcción de máquinas de oficina, cálculo y contabilidad=3825; Construcción de maquinaria y equipo, nep exceptuando la  maquinaria eléctrica=3829; Construcción de máquinas y aparatos industriales eléctricos=3831; Construcción de equipos y aparatos de radio, televisión y de  comunicaciones=3832; Construcción de aparatos y accesorios eléctricos de uso doméstico=3833; Construcción de aparatos y suministros eléctricos nep=3839; Construcciones navales y reparación de barcos=3841; Construcción de equipo ferroviario=3842; Fabricación de vehículos automóviles=3843; Fabricación de motocicletas y bicicletas=3844; Fabricación de aeronaves=3845; Construcción de material de transporte nep=3849; Fabricación de equipo profesional y científico e instrumentos de  medida y de co=3851; Fabricación de aparatos fotográficos e instrumentos de óptica=3852; Fabricación de relojes=3853; Fabricación de joyas y artículos conexos=3901; Fabricación de instrumentos de música=3902; Fabricación de artículos de deporte y atletismo=3903; Industrias manufactureras, nep=3909; Luz y fuerza eléctrica=4101; Producción y distribución de gas=4102; Suministro de vapor y agua caliente=4103; Obras hidraúlicas y suministro de agua=4200; Construcción=5000; Comercio al por mayor=6100; Comercio al por menor=6200; Restaurantes, cafés o otros establecimientos que expenden comidas y  y bebidas=6310; Hoteles, casas de huéspedes, campamentos y otros lugares de  alojamiento=6320; Transporte ferroviario=7111; Transporte urbano, suburbano e interurbano de pasajeros por  carretera=7112; Otros servicios terrestres de transporte de pasajeros=7113; Transporte de carga por carretera=7114; Transportes por oleoductos o gasoductos=7115; Servicios relacionados con el transporte terrestre=7116; Transporte oceánico o de cabotaje=7121; Transporte por vías de navegación interior=7122; Servicios relacionados con el transporte por agua=7123; Empresas de transporte aéreo=7131; Servicios relacionados con el transporte aéreo=7132; Servicios relacionados con el transporte=7191; Depósito y almacenamiento=7192; Comunicaciones=7200; Instituciones monetarias  Los bancos centrales, comerciales, etc, que tienen dep=8101; Otros establecimientos financieros=8102; Servicios financieros=8103; Seguros=8200; Bienes inmuebles=8310; Servicios jurídicos=8321; Servicios de contabilidad, auditoría y teneduría de libros=8322; Servicios de elaboración de datos y de tabulación=8323; Servicios técnicos y arquitectónicos=8324; Servicios de publicidad=8325; Servicios prestados a las empresas, nep, exceptuando el alquiler  y arrendamient=8329; Alquiler y arrendamiento de maquinaria y equipo=8330; Administración pública y defensa=9100; Servicios de saneamiento y similares=9200; Instrucción pública=9310; Institutos de investigaciones y científicos=9320; Servicios médicos y odontológicos y otros servicios de sanidad=9331; Servicios de veterinaria=9332; Instituciones de asistencia social=9340; Asociaciones comerciales, profesionales y laborales=9350; Organizaciones religiosas=9391; Servicios sociales y servicios comunales conexos, nep=9399; Producción de películas cinematográficas=9411; Distribución y exhibición de películas cinematográficas=9412; Emisiones de radio y televisión=9413; Productores teatrales y servicios de esparcimiento=9414; Autores, compositores y otros artistas independientes, nep=9415; Bibliotecas, museos, jardines botánicos y zoológicos y otros  servicios cultural=9420; Servicios de diversión y esparcimiento, nep=9490; Reparación de calzado y otros artículos de cuero=9511; Talleres de reparaciones eléctricas=9512; Reparación de automóviles y motocicletas=9513; Reparación de relojes y joyas=9514; Otros servicios de reparación, nep=9519; Lavanderías y servicios de lavandería; establecimientos de limpieza  y teñido=9520; Servicios domésticos=9530; Peluquerías y salones de belleza=9591; Estudios fotográficos, incluída la fotografía comercial=9592; Servicios personales, nep=9599; Organizaciones internacionales y otros organismos extraterritoriales=9600; Inactivos=9998; No contesta=9999",17154,6522,"haven_labelled;vctrs_vctr;double"
"2012","__enpg/Base de datos ENPG 2012 (PG).DTA.dta","p176","176.- ¿Cuántas personas viven en este hogar?","No Sabe=888; No Contesta=999",17154,0,"haven_labelled;vctrs_vctr;double"
"2012","__enpg/Base de datos ENPG 2012 (PG).DTA.dta","p177","177.- ¿Cuál es su estado civil actual (legal)?"," Soltero/a=1;  Casado/a=2;  Divorciado/a=3;  Viudo/a=4;  Anulado/a=5",17154,0,"haven_labelled;vctrs_vctr;double"
"2012","__enpg/Base de datos ENPG 2012 (PG).DTA.dta","p178","178.- ¿Actualmente cuál es su estado de hecho?"," Casado/a vive con su esposo/=1;  Conviviente o pareja de distinto sexo=2;  Conviviente o pareja del mismo sexo=3;  No convive con pareja=4",17154,0,"haven_labelled;vctrs_vctr;double"
"2012","__enpg/Base de datos ENPG 2012 (PG).DTA.dta","p179","179.- En Chile, la ley reconoce nueve pueblos indígenas (originarios), ¿pertenec"," Aymara=1;  Rapa Nui=2;  Quechua=3;  Mapuche=4;  Atacameño (Linkán Antai)=5;  Coya=6;  Kawésqar (Alacalufes)=7; Yagán (Yámana)=8; Diaguita=9; No pertenece a ningún pueblo indígena=10",17154,0,"haven_labelled;vctrs_vctr;double"
"2012","__enpg/Base de datos ENPG 2012 (PG).DTA.dta","p180","180.- ¿Cuál es su religión o credo?"," Católica=1;  Evangélica o Protestante=2;  Judía=3;  Musulmana=4;  Mormón=5;  Ortodoxa=6;  Budista=7; Fe Bahá`í=8; Testigo de Jehová=9; Espiritualidad indígena=10; Otra=11; Ninguna=12",17154,0,"haven_labelled;vctrs_vctr;double"
"2012","__enpg/Base de datos ENPG 2012 (PG).DTA.dta","p181","181.- ¿A qué sistema previsional de salud pertenece usted?"," Sistema público grupo A=1;  Sistema público grupo B=2;  Sistema público grupo C=3;  Sistema público grupo D=4;  Sistema público no sabe grupo=5; F.F.A.A y del Orden=6;  ISAPRE=7; Ninguno (particular)=8; Otro Sistema=9; No sabe=88; No contesta=99",17154,0,"haven_labelled;vctrs_vctr;double"
"2012","__enpg/Base de datos ENPG 2012 (PG).DTA.dta","p182","182.- ¿Qué relación de parentesco tiene con el jefe/a de hogar?"," Jefe de Hogar=1;  Esposo(a) /pareja=2;  Hijo/a de ambos=3;  Hijo/a sólo del jefe=4;  Hijo sólo del esposo(a) /pareja=5;  Padre o madre=6;  Suegro(a)=7; Yerno o nuera=8; Nieto(a)=9; Hermano(a)=10; Cuñado(a)=11; Otro familiar=12; No familiar=13; Servicio doméstico puertas adentro=14",17154,0,"haven_labelled;vctrs_vctr;double"
"2012","__enpg/Base de datos ENPG 2012 (PG).DTA.dta","p183_1","183.- Actualmente, ¿asiste a algún establecimiento educacional? Usted"," Sí=1;  No=2;  No sabe=88;  No contesta=99",17154,7624,"haven_labelled;vctrs_vctr;double"
"2012","__enpg/Base de datos ENPG 2012 (PG).DTA.dta","p183_2","183.- Actualmente, ¿asiste a algún establecimiento educacional? Jefe de Hogar"," Sí=1;  No=2;  No sabe=88;  No contesta=99",17154,0,"haven_labelled;vctrs_vctr;double"
"2012","__enpg/Base de datos ENPG 2012 (PG).DTA.dta","p184_1","184.- ¿Cuál es el nivel educacional más alto alcanzado o el nivel educacional ac"," Nunca asistió=1;  Educación Especial (Diferencial)=2;  Primaria o preparatoria (Sistema Antiguo)=3;  Educación Básica=4;  Humanidades (Sistema Antiguo)=5;  Educación Media Científico Humanista=6;  Técnica Comercial, Industrial o Normalista (Sistema Antiguo=7; Educación Media Técnico Profesional=8; Técnico de Nivel Superior=9; Profesional=10; Postítulo=11; Magíster=12; Doctorado=13; No sabe=99",17154,7624,"haven_labelled;vctrs_vctr;double"
"2012","__enpg/Base de datos ENPG 2012 (PG).DTA.dta","p184_2","184.- ¿Cuál es el nivel educacional más alto alcanzado o el nivel educacional ac"," Nunca asistió=1;  Educación Especial (Diferencial)=2;  Primaria o preparatoria (Sistema Antiguo)=3;  Educación Básica=4;  Humanidades (Sistema Antiguo)=5;  Educación Media Científico Humanista=6;  Técnica Comercial, Industrial o Normalista (Sistema Antiguo=7; Educación Media Técnico Profesional=8; Técnico de Nivel Superior=9; Profesional=10; Postítulo=11; Magíster=12; Doctorado=13; No sabe=99",17154,0,"haven_labelled;vctrs_vctr;double"
"2012","__enpg/Base de datos ENPG 2012 (PG).DTA.dta","p185_1","185.- ¿Completó el nivel educacional anteriormente declarado? Usted"," Sí=1;  No=2;  No Aplica=77",17154,7624,"haven_labelled;vctrs_vctr;double"
"2012","__enpg/Base de datos ENPG 2012 (PG).DTA.dta","p185_2","185.- ¿Completó el nivel educacional anteriormente declarado? Jefe de Hogar"," Sí=1;  No=2;  No Aplica=77",17154,0,"haven_labelled;vctrs_vctr;double"
"2012","__enpg/Base de datos ENPG 2012 (PG).DTA.dta","p186_1","186.- En este nivel educacional ¿Cuál fue el último  curso que aprobó? Usted"," Sin estudios=0;  Primer año=1;  Segundo año=2;  Tercer año=3;  Cuarto año=4;  Quinto año=5;  Sexto año=6; Séptimo año=7; Octavo año=8; No aplica=77; No sabe=88; No contesta=99",17154,7624,"haven_labelled;vctrs_vctr;double"
"2012","__enpg/Base de datos ENPG 2012 (PG).DTA.dta","p186_2","186.- En este nivel educacional ¿Cuál fue el último  curso que aprobó? Jefe de H"," Sin estudios=0;  Primer año=1;  Segundo año=2;  Tercer año=3;  Cuarto año=4;  Quinto año=5;  Sexto año=6; Séptimo año=7; Octavo año=8; No aplica=77; No sabe=88; No contesta=99",17154,0,"haven_labelled;vctrs_vctr;double"
"2012","__enpg/Base de datos ENPG 2012 (PG).DTA.dta","p187","187.- ¿Cuál de estas situaciones se aplica mejor a su caso?"," Ud.  aporta ingreso único=1;  Ud.  aporta el ingreso principal pero existen otros ingreso=2;  Ud. aporta la mitad del ingreso del hogar=3;  Ud.  aporta ingreso pero no es el principal del hogar=4;  Ud.  no aporta ingresos al hogar=5;  No sabe=88;  No contesta=99",17154,0,"haven_labelled;vctrs_vctr;double"
"2012","__enpg/Base de datos ENPG 2012 (PG).DTA.dta","p188","188.- Aproximadamente y considerando un mes normal, ¿en cuáles de estos rangos s"," Menos de $100.000=1;  Entre $100.001 y $200.000=2;  Entre $200.001 y $300.000=3;  Entre $300.001 y $400.000=4;  Entre $400.001 y $500.000=5;  Entre $500.001 y $750.000=6;  Entre $750.001 y $1.000.000=7;  Entre $1.000.001 y $1.500.000=8;  Entre $1.500.001 y $2.000.000=9;  Más de $2.000.000=10; No sabe=88; No contesta=99",17154,0,"haven_labelled;vctrs_vctr;double"
"2012","__enpg/Base de datos ENPG 2012 (PG).DTA.dta","p189_1_monto","189.- Monto del trabajo del primer perceptor","No sabe=88; No contesta=99",17154,4997,"haven_labelled;vctrs_vctr;double"
"2012","__enpg/Base de datos ENPG 2012 (PG).DTA.dta","p189_1_b","189.- Algún miembro del hogar recibe ingresos del trabajo del primer perceptor?","Monto en pesos=1; No aplica=77; No sabe=88; No contesta=99",17154,0,"haven_labelled;vctrs_vctr;double"
"2012","__enpg/Base de datos ENPG 2012 (PG).DTA.dta","p189_2_monto","189.- Monto del trabajo del segundo perceptor","No sabe=88; No contesta=99",17154,11975,"haven_labelled;vctrs_vctr;double"
"2012","__enpg/Base de datos ENPG 2012 (PG).DTA.dta","p189_2_b","189.- Algún miembro del hogar recibe ingresos del trabajo del segundo perceptor?","Monto en pesos=1; No aplica=77; No sabe=88; No contesta=99",17154,1,"haven_labelled;vctrs_vctr;double"
"2012","__enpg/Base de datos ENPG 2012 (PG).DTA.dta","p189_3_monto","189.- Monto del trabajo del tercer perceptor","No sabe=88; No contesta=99",17154,16303,"haven_labelled;vctrs_vctr;double"
"2012","__enpg/Base de datos ENPG 2012 (PG).DTA.dta","p189_3_b","189.- Algún miembro del hogar recibe ingresos del trabajo del tercer perceptor?","Monto en pesos=1; No aplica=77; No sabe=88; No contesta=99",17154,2,"haven_labelled;vctrs_vctr;double"
"2012","__enpg/Base de datos ENPG 2012 (PG).DTA.dta","p189_4_monto","189.- Monto de jubilaciones","No sabe=88; No contesta=99",17154,15483,"haven_labelled;vctrs_vctr;double"
"2012","__enpg/Base de datos ENPG 2012 (PG).DTA.dta","p189_4_b","189.- Algún miembro del hogar recibe ingresos por jubilaciones?","Monto en pesos=1; No aplica=77; No sabe=88; No contesta=99",17154,2,"haven_labelled;vctrs_vctr;double"
"2012","__enpg/Base de datos ENPG 2012 (PG).DTA.dta","p189_5_monto","189.- Monto por Dividendo (acciones, intereses por depósitos, bonos)","No sabe=88; No contesta=99",17154,17106,"haven_labelled;vctrs_vctr;double"
"2012","__enpg/Base de datos ENPG 2012 (PG).DTA.dta","p189_5_b","189.- Algún miembro del hogar recibe ingresos por Dividendo (acciones, intereses","Monto en pesos=1; No aplica=77; No sabe=88; No contesta=99",17154,2,"haven_labelled;vctrs_vctr;double"
"2012","__enpg/Base de datos ENPG 2012 (PG).DTA.dta","p189_6_monto","189.- Monto por Arriendos","No sabe=88; No contesta=99",17154,16938,"haven_labelled;vctrs_vctr;double"
"2012","__enpg/Base de datos ENPG 2012 (PG).DTA.dta","p189_6_b","189.- Algún miembro del hogar recibe ingresos por Arriendos?","Monto en pesos=1; No aplica=77; No sabe=88; No contesta=99",17154,2,"haven_labelled;vctrs_vctr;double"
"2012","__enpg/Base de datos ENPG 2012 (PG).DTA.dta","p189_7_monto","189.- Monto por Aportes Familiares","No sabe=88; No contesta=99",17154,16383,"haven_labelled;vctrs_vctr;double"
"2012","__enpg/Base de datos ENPG 2012 (PG).DTA.dta","p189_7_b","189.- Algún miembro del hogar recibe ingresos por Aportes Familiares?","Monto en pesos=1; No aplica=77; No sabe=88; No contesta=99",17154,2,"haven_labelled;vctrs_vctr;double"
"2012","__enpg/Base de datos ENPG 2012 (PG).DTA.dta","p190","190.- ¿Recibió usted o alguien en su hogar el mes pasado ingresos por algún subs"," Sí=1;  No=2;  No sabe=88;  No contesta=99",17154,0,"haven_labelled;vctrs_vctr;double"
"2012","__enpg/Base de datos ENPG 2012 (PG).DTA.dta","p191_1","191.- ¿Cuál de los siguientes subsidios recibió? 1.1. Subsidio familiar al menor","Si=1; No=2; No sabe/No contesta=99",17154,14372,"haven_labelled;vctrs_vctr;double"
"2012","__enpg/Base de datos ENPG 2012 (PG).DTA.dta","p192_1","192.- Monto 1.1. Subsidio familiar al menor o recién nacido. ($7.170)","No sabe=88; No contesta=99",17154,15532,"haven_labelled;vctrs_vctr;double"
"2012","__enpg/Base de datos ENPG 2012 (PG).DTA.dta","p191_2","191.- ¿Cuál de los siguientes subsidios recibió? 1.2. Subsidio de asistencia mat","Si=1; No=2; No sabe/No contesta=99",17154,14372,"haven_labelled;vctrs_vctr;double"
"2012","__enpg/Base de datos ENPG 2012 (PG).DTA.dta","p192_2","192.- Monto 1.2. Subsidio de asistencia maternal. ($71.700 por una sola vez, equ","No sabe=88; No contesta=99",17154,17108,"haven_labelled;vctrs_vctr;double"
"2012","__enpg/Base de datos ENPG 2012 (PG).DTA.dta","p191_3","191.- ¿Cuál de los siguientes subsidios recibió? 1.3. Subsidio familiar a la mad","Si=1; No=2; No sabe/No contesta=99",17154,14372,"haven_labelled;vctrs_vctr;double"
"2012","__enpg/Base de datos ENPG 2012 (PG).DTA.dta","p192_3","192.- Monto 1.3. Subsidio familiar a la madre. ($7.170)","No sabe=88; No contesta=99",17154,15839,"haven_labelled;vctrs_vctr;double"
"2012","__enpg/Base de datos ENPG 2012 (PG).DTA.dta","p191_4","191.- ¿Cuál de los siguientes subsidios recibió? 2.1. Subsidio familiar por inva","Si=1; No=2; No sabe/No contesta=99",17154,14372,"haven_labelled;vctrs_vctr;double"
"2012","__enpg/Base de datos ENPG 2012 (PG).DTA.dta","p192_4","192.- Monto 2.1. Subsidio familiar por invalidez ($14.340)","No sabe=88; No contesta=99",17154,17116,"haven_labelled;vctrs_vctr;double"
"2012","__enpg/Base de datos ENPG 2012 (PG).DTA.dta","p191_5","191.- ¿Cuál de los siguientes subsidios recibió? 3.1. Subsidio Familiar a la Dis","Si=1; No=2; No sabe/No contesta=99",17154,14372,"haven_labelled;vctrs_vctr;double"
"2012","__enpg/Base de datos ENPG 2012 (PG).DTA.dta","p192_5","192.- Monto 3.1. Subsidio Familiar a la Discapacidad Mental. ($53.805)","No sabe=88; No contesta=99",17154,17081,"haven_labelled;vctrs_vctr;double"
"2012","__enpg/Base de datos ENPG 2012 (PG).DTA.dta","p191_6","191.- ¿Cuál de los siguientes subsidios recibió? 4.1. $17.338 por mes (0 a 90 dí","Si=1; No=2; No sabe/No contesta=99",17154,14372,"haven_labelled;vctrs_vctr;double"
"2012","__enpg/Base de datos ENPG 2012 (PG).DTA.dta","p192_6","192.- Monto 4.1. $17.338 por mes (0 a 90 días de cesantía)","No sabe=88; No contesta=99",17154,17136,"haven_labelled;vctrs_vctr;double"
"2012","__enpg/Base de datos ENPG 2012 (PG).DTA.dta","p191_7","191.- ¿Cuál de los siguientes subsidios recibió? 4.2. $11.560 por mes (91 a 180","Si=1; No=2; No sabe/No contesta=99",17154,14372,"haven_labelled;vctrs_vctr;double"
"2012","__enpg/Base de datos ENPG 2012 (PG).DTA.dta","p192_7","192.- Monto 4.2. $11.560 por mes (91 a 180 días de cesantía)","No sabe=88; No contesta=99",17154,17152,"haven_labelled;vctrs_vctr;double"
"2012","__enpg/Base de datos ENPG 2012 (PG).DTA.dta","p191_8","191.- ¿Cuál de los siguientes subsidios recibió? 4.3. $8.669 por mes (181 a 360","Si=1; No=2; No sabe/No contesta=99",17154,14372,"haven_labelled;vctrs_vctr;double"
"2012","__enpg/Base de datos ENPG 2012 (PG).DTA.dta","p192_8","192.- Monto 4.3. $8.669 por mes (181 a 360 días de cesantía)","No sabe=88; No contesta=99",17154,17152,"haven_labelled;vctrs_vctr;double"
"2012","__enpg/Base de datos ENPG 2012 (PG).DTA.dta","p191_9","191.- ¿Cuál de los siguientes subsidios recibió? 5.1. PBS de vejez. ($78.449)","Si=1; No=2; No sabe/No contesta=99",17154,14372,"haven_labelled;vctrs_vctr;double"
"2012","__enpg/Base de datos ENPG 2012 (PG).DTA.dta","p192_9","192.- Monto 5.1. PBS de vejez. ($78.449)","No sabe=88; No contesta=99",17154,16694,"haven_labelled;vctrs_vctr;double"
"2012","__enpg/Base de datos ENPG 2012 (PG).DTA.dta","p191_10","191.- ¿Cuál de los siguientes subsidios recibió? 5.2. PBS de invalidez ($78.449)","Si=1; No=2; No sabe/No contesta=99",17154,14372,"haven_labelled;vctrs_vctr;double"
"2012","__enpg/Base de datos ENPG 2012 (PG).DTA.dta","p192_10","192.- Monto 5.2. PBS de invalidez ($78.449)","No sabe=88; No contesta=99",17154,16865,"haven_labelled;vctrs_vctr;double"
"2012","__enpg/Base de datos ENPG 2012 (PG).DTA.dta","p191_11","191.- ¿Cuál de los siguientes subsidios recibió? 6.1. Bono de protección familia","Si=1; No=2; No sabe/No contesta=99",17154,14372,"haven_labelled;vctrs_vctr;double"
"2012","__enpg/Base de datos ENPG 2012 (PG).DTA.dta","p192_11","192.- Monto 6.1. Bono de protección familiar ($13.591 mensual, los primeros 6 me","No sabe=88; No contesta=99",17154,17066,"haven_labelled;vctrs_vctr;double"
"2012","__enpg/Base de datos ENPG 2012 (PG).DTA.dta","p191_12","191.- ¿Cuál de los siguientes subsidios recibió? 6.2. Bono de protección familia","Si=1; No=2; No sabe/No contesta=99",17154,14372,"haven_labelled;vctrs_vctr;double"
"2012","__enpg/Base de datos ENPG 2012 (PG).DTA.dta","p192_12","192.- Monto 6.2. Bono de protección familiar ($10.335 mensual, entre el 7 mes y","No sabe=88; No contesta=99",17154,17130,"haven_labelled;vctrs_vctr;double"
"2012","__enpg/Base de datos ENPG 2012 (PG).DTA.dta","p191_13","191.- ¿Cuál de los siguientes subsidios recibió? 6.3. Bono de protección familia","Si=1; No=2; No sabe/No contesta=99",17154,14372,"haven_labelled;vctrs_vctr;double"
"2012","__enpg/Base de datos ENPG 2012 (PG).DTA.dta","p192_13","192.- Monto 6.3. Bono de protección familiar ($7.119 mensual entre los meses 13","No sabe=88; No contesta=99",17154,17103,"haven_labelled;vctrs_vctr;double"
"2012","__enpg/Base de datos ENPG 2012 (PG).DTA.dta","p191_14","191.- ¿Cuál de los siguientes subsidios recibió? 6.4. Bono de protección familia","Si=1; No=2; No sabe/No contesta=99",17154,14372,"haven_labelled;vctrs_vctr;double"
"2012","__enpg/Base de datos ENPG 2012 (PG).DTA.dta","p192_14","192.- Monto 6.4. Bono de protección familiar ($7.170 mensual, entre los meses 19","No sabe=88; No contesta=99",17154,17110,"haven_labelled;vctrs_vctr;double"
"2012","__enpg/Base de datos ENPG 2012 (PG).DTA.dta","p191_15","191.- ¿Cuál de los siguientes subsidios recibió? 6.5. Bono de Egreso ($7.170  me","Si=1; No=2; No sabe/No contesta=99",17154,14372,"haven_labelled;vctrs_vctr;double"
"2012","__enpg/Base de datos ENPG 2012 (PG).DTA.dta","p192_15","192.- Monto 6.5. Bono de Egreso ($7.170  mensual entre los meses 25 y 60)","No sabe=88; No contesta=99",17154,17108,"haven_labelled;vctrs_vctr;double"
"2012","__enpg/Base de datos ENPG 2012 (PG).DTA.dta","p193_1","193.- ¿Cuáles de los siguientes bienes poseen en su hogar? a. Televisión pagada","Si=1; No=2; No contesta=99",17154,0,"haven_labelled;vctrs_vctr;double"
"2012","__enpg/Base de datos ENPG 2012 (PG).DTA.dta","p193_2","193.- ¿Cuáles de los siguientes bienes poseen en su hogar? b. Computador (PC, ne","Si=1; No=2; No contesta=99",17154,0,"haven_labelled;vctrs_vctr;double"
"2012","__enpg/Base de datos ENPG 2012 (PG).DTA.dta","p193_3","193.- ¿Cuáles de los siguientes bienes poseen en su hogar? c. Conexión a Interne","Si=1; No=2; No contesta=99",17154,2,"haven_labelled;vctrs_vctr;double"
"2012","__enpg/Base de datos ENPG 2012 (PG).DTA.dta","p193_4","193.- ¿Cuáles de los siguientes bienes poseen en su hogar? d. Automóvil para uso","Si=1; No=2; No contesta=99",17154,2,"haven_labelled;vctrs_vctr;double"
"2012","__enpg/Base de datos ENPG 2012 (PG).DTA.dta","p194","194.- Calidad de la Vivienda"," Tipo 1:  Casas o departamentos de gran lujo y muy espacioso=1;  Tipo 2.  Casas o departamentos espaciosos y confortables=2;  Tipo 3. Casas o departamentos de  construcción sólida, pero=3;  Tipo 4.  Tres casos típicos:=4; Tipo 5. Se presentan tres casos:=5",17154,0,"haven_labelled;vctrs_vctr;double"
"2012","__enpg/Base de datos ENPG 2012 (PG).DTA.dta","p195","195.- Calidad del Barrio"," Tipo 1:  Barrio residencial elegante, donde el valor del te=1;  Tipo 2.  Barrio residencial, todavía acomodado, de calles a=2;  Tipo 3. Barrios de comercio o calles estrechas, antiguas, s=3;  Tipo 4.  Barrio obrero o barrio  populoso o mal ventilado.=4;  Tipo 5. Barrio de mejoras y pocilgas desaseadas, sin pavime=5",17154,0,"haven_labelled;vctrs_vctr;double"
"2012","__enpg/Base de datos ENPG 2012 (PG).DTA.dta","región","Región","Tarapacá=1; Antofagasta=2; Atacama=3; Coquimbo=4; Valparaíso=5; Lib. Gral. B. O Higgins=6; Maule=7; Bio Bio=8; Araucanía=9; Los Lagos=10; Aysen=11; Magallanes=12; Metropolitana=13; Los Ríos=14; Arica y Parinacota=15",17154,0,"haven_labelled;vctrs_vctr;double"
"2012","__enpg/Base de datos ENPG 2012 (PG).DTA.dta","comuna","Nombre comuna","",17154,0,"character"
"2012","__enpg/Base de datos ENPG 2012 (PG).DTA.dta","código_comuna","Código de comuna","",17154,0,"numeric"
"2012","__enpg/Base de datos ENPG 2012 (PG).DTA.dta","provincia","Provincia","",17154,0,"numeric"
"2012","__enpg/Base de datos ENPG 2012 (PG).DTA.dta","PONDERADOR","Factor Comunal Ajustado por Proyección","",17154,0,"numeric"
"2012","__enpg/Base de datos ENPG 2012 (PG).DTA.dta","manzana","group(distrito zona manzana)","",17154,0,"numeric"
"2014","__enpg/Base de datos ENPG 2014 (PG).DTA.dta","idencuesta","Identificador único de encuesta","",20113,0,"numeric"
"2014","__enpg/Base de datos ENPG 2014 (PG).DTA.dta","sexo","Sexo del entrevistado(a)","Hombre=1; Mujer=2",20113,0,"haven_labelled;vctrs_vctr;double"
"2014","__enpg/Base de datos ENPG 2014 (PG).DTA.dta","edad","Edad del entrevistado(a)","",20113,0,"numeric"
"2014","__enpg/Base de datos ENPG 2014 (PG).DTA.dta","tramo_edad","Edad del entrevistado(a) según tramo","12-18=1; 19-25=2; 26-35=3; 36-45=4; 46-55=5; 56-65=6",20113,0,"haven_labelled;vctrs_vctr;double"
"2014","__enpg/Base de datos ENPG 2014 (PG).DTA.dta","Segmento_n","Identificador segmento númerico","",20113,0,"numeric"
"2014","__enpg/Base de datos ENPG 2014 (PG).DTA.dta","Segmento_t","Identificador segmento texto","",20113,0,"character"
"2014","__enpg/Base de datos ENPG 2014 (PG).DTA.dta","Region","Código región","Región de Tarapacá=1; Región de Antofagasta=2; Región de Atacama=3; Región de Coquimbo=4; Región Valparaíso=5; Región de O'Higgins=6; Región del Maule=7; Región del Biobío=8; Región de la Araucanía=9; Región de los Lagos=10; Región de Aysén=11; Región de Magallanes=12; Región Metropolitana=13; Región de Los Ríos=14; Región de Arica y Parinacota=15",20113,0,"haven_labelled;vctrs_vctr;double"
"2014","__enpg/Base de datos ENPG 2014 (PG).DTA.dta","Comuna","Código comuna","Iquique=1101; Alto Hospicio=1107; Antofagasta=2101; Calama=2201; Copiapó=3101; Vallenar=3301; La Serena=4101; Coquimbo=4102; Ovalle=4301; Valparaíso=5101; Concón=5103; Viña del Mar=5109; Los Andes=5301; Quillota=5501; Calera=5502; San Antonio=5601; San Felipe=5701; Quilpué=5801; Limache=5802; Villa Alemana=5804; Rancagua=6101; Graneros=6106; Machalí=6108; Mostazal=6110; Rengo=6115; San Vicente=6117; San Fernando=6301; Chimbarongo=6303; Talca=7101; Constitución=7102; Cauquenes=7201; Curicó=7301; Linares=7401; Parral=7404; Concepción=8101; Coronel=8102; Chiguayante=8103; Lota=8106; Penco=8107; San Pedro de la Paz=8108; Talcahuano=8110; Tomé=8111; Hualpén=8112; Curanilahue=8205; Los Angeles=8301; Chillán=8401; Temuco=9101; Lautaro=9108; Nueva Imperial=9111; Padre las Casas=9112; Pitrufquén=9114; Villarrica=9120; Angol=9201; Victoria=9211; Puerto Montt=10101; Castro=10201; Ancud=10202; Osorno=10301; Coihaique=11101; Aisén=11201; Punta Arenas=12101; Santiago=13101; Cerrillos=13102; Cerro Navia=13103; Conchalí=13104; El Bosque=13105; Estación Central=13106; Huechuraba=13107; Independencia=13108; La Cisterna=13109; La Florida=13110; La Granja=13111; La Pintana=13112; La Reina=13113; Las Condes=13114; Lo Barnechea=13115; Lo Espejo=13116; Lo Prado=13117; Macul=13118; Maipú=13119; Ñuñoa=13120; Pedro Aguirre Cerda=13121; Peñalolén=13122; Providencia=13123; Pudahuel=13124; Quilicura=13125; Quinta Normal=13126; Recoleta=13127; Renca=13128; San Joaquín=13129; San Miguel=13130; San Ramón=13131; Vitacura=13132; Puente Alto=13201; Colina=13301; Lampa=13302; San Bernardo=13401; Buin=13402; Paine=13404; Melipilla=13501; Talagante=13601; Padre Hurtado=13604; Peñaflor=13605; Valdivia=14101; Panguipulli=14108; La Unión=14201; Río Bueno=14204; Arica=15101",20113,0,"haven_labelled;vctrs_vctr;double"
"2014","__enpg/Base de datos ENPG 2014 (PG).DTA.dta","Nombre_Comuna","Nombre comuna","",20113,0,"character"
"2014","__enpg/Base de datos ENPG 2014 (PG).DTA.dta","st1","ST1 ¿Cómo inicia entrevista?","En Tablet=1; En papel, submuestra aleatoria=2; En papel, se traspasó de papel a tablet porque las condiciones de aplicación eran muy peligrosas=3",20113,0,"haven_labelled;vctrs_vctr;double"
"2014","__enpg/Base de datos ENPG 2014 (PG).DTA.dta","st2","ST2 Hablando de su salud ¿Cómo calificaría Ud. su estado de salud, en general, d","Muy malo=1; Malo=2; Regular=3; Bueno=4; Muy bueno=5; Excelente=6; No contesta=99",20113,0,"haven_labelled;vctrs_vctr;double"
"2014","__enpg/Base de datos ENPG 2014 (PG).DTA.dta","st3","ST3 ¿Ha fumado Ud. cigarrillos alguna vez en su vida?","Sí=1; No=2; No sabe=88; No contesta=99",20113,0,"haven_labelled;vctrs_vctr;double"
"2014","__enpg/Base de datos ENPG 2014 (PG).DTA.dta","st4","ST4 ¿Cuándo fue la primera vez que Ud. fumó cigarrillos?","Durante los últimos 30 días=1; Hace más de un mes, pero menos de un año=2; Hace más de un año=3; No sabe=88; No contesta=99",20113,7609,"haven_labelled;vctrs_vctr;double"
"2014","__enpg/Base de datos ENPG 2014 (PG).DTA.dta","st5","ST5 ¿Qué edad tenía cuando fumó cigarrillos por primera vez?","No sabe=88; No contesta=99",20113,7609,"haven_labelled;vctrs_vctr;double"
"2014","__enpg/Base de datos ENPG 2014 (PG).DTA.dta","st6","ST6 ¿Y cuándo fue la última vez que fumó cigarrillos?","Durante los últimos 30 días=1; Hace más de un mes, pero menos de un año=2; Hace más de un año=3; No sabe=88; No contesta=99",20113,7609,"haven_labelled;vctrs_vctr;double"
"2014","__enpg/Base de datos ENPG 2014 (PG).DTA.dta","st7","ST7 Piense solamente en los últimos 30 días, ¿Cuántos días ha fumado cigarrillos","No sabe=88; No contesta=99",20113,13506,"haven_labelled;vctrs_vctr;double"
"2014","__enpg/Base de datos ENPG 2014 (PG).DTA.dta","st8","ST8 ¿Más o menos cuántos cigarrillos diarios ha fumado Ud. en estos últimos 30 d","No sabe=888; No contesta=999",20113,13506,"haven_labelled;vctrs_vctr;double"
"2014","__enpg/Base de datos ENPG 2014 (PG).DTA.dta","st9","ST9 ¿Cuánto tiempo pasa desde que se despierta hasta que se fuma su primer cigar","Menos de 5 minutos=1; De 6 a 30 minutos=2; De 31 a 60 minutos=3; Más de 60 minutos=4; No sabe=88; No contesta=99",20113,13506,"haven_labelled;vctrs_vctr;double"
"2014","__enpg/Base de datos ENPG 2014 (PG).DTA.dta","st10","ST10 ¿Cuánto gastó Ud. en tabaco durante los últimos 30 días?","No sabe=8888888; No contesta=9999999",20113,13506,"haven_labelled;vctrs_vctr;double"
"2014","__enpg/Base de datos ENPG 2014 (PG).DTA.dta","st11","ST11 Durante los últimos 12 meses, ¿ha tratado de dejar de fumar?","Sí=1; No=2; No sabe=88; No contesta=99",20113,13506,"haven_labelled;vctrs_vctr;double"
"2014","__enpg/Base de datos ENPG 2014 (PG).DTA.dta","ce1","CE1 ¿Ud. conoce o ha escuchado hablar de los cigarrillos electrónicos (""e-cigare","Sí=1; No=2; No sabe=88; No contesta=99",20113,0,"haven_labelled;vctrs_vctr;double"
"2014","__enpg/Base de datos ENPG 2014 (PG).DTA.dta","ce2","CE2 ¿Ha usado Ud. cigarrillos electrónicos alguna vez en su vida?","Sí=1; No=2; No sabe=88; No contesta=99",20113,11842,"haven_labelled;vctrs_vctr;double"
"2014","__enpg/Base de datos ENPG 2014 (PG).DTA.dta","ce3","CE3 ¿Cuándo fue la primera vez que Ud. usó cigarrillos electrónicos?","Durante los últimos 30 días=1; Hace más de un mes, pero menos de un año=2; Hace más de un año=3; No sabe=88; No contesta=99",20113,18844,"haven_labelled;vctrs_vctr;double"
"2014","__enpg/Base de datos ENPG 2014 (PG).DTA.dta","ce4","CE4 ¿Y cuándo fue la última vez que usó cigarrillos electrónicos?","Durante los últimos 30 días=1; Hace más de un mes, pero menos de un año=2; Hace más de un año=3; No sabe=88; No contesta=99",20113,18844,"haven_labelled;vctrs_vctr;double"
"2014","__enpg/Base de datos ENPG 2014 (PG).DTA.dta","ce5","CE5 Piense solamente en los últimos 30 días, ¿Cuántos días ha usado cigarrillos","No sabe=88; No contesta=99",20113,19940,"haven_labelled;vctrs_vctr;double"
"2014","__enpg/Base de datos ENPG 2014 (PG).DTA.dta","ce6","CE6 Respecto a la última vez que Ud. usó cigarrillos electrónicos, ¿Sabía Ud. si","Sí=1; No=2; No sabe=88; No contesta=99",20113,18872,"haven_labelled;vctrs_vctr;double"
"2014","__enpg/Base de datos ENPG 2014 (PG).DTA.dta","ce7_a","CE7_a Más seguros que fumar cigarrillos","Sí=1; No=2; No sabe=88; No contesta=99",20113,18844,"haven_labelled;vctrs_vctr;double"
"2014","__enpg/Base de datos ENPG 2014 (PG).DTA.dta","ce7_b","CE7_b Más baratos que los cigarrillos","Sí=1; No=2; No sabe=88; No contesta=99",20113,18844,"haven_labelled;vctrs_vctr;double"
"2014","__enpg/Base de datos ENPG 2014 (PG).DTA.dta","ce7_c","CE7_c Más fáciles de usar cuando no puedo fumar cigarrillos (por ej: en espacios","Sí=1; No=2; No sabe=88; No contesta=99",20113,18844,"haven_labelled;vctrs_vctr;double"
"2014","__enpg/Base de datos ENPG 2014 (PG).DTA.dta","ce7_d","CE7_d Una ayuda para dejar de fumar cigarrillos","Sí=1; No=2; No sabe=88; No contesta=99",20113,18844,"haven_labelled;vctrs_vctr;double"
"2014","__enpg/Base de datos ENPG 2014 (PG).DTA.dta","ce7_e","CE7_e Simplemente por que si","Sí=1; No=2; No sabe=88; No contesta=99",20113,18844,"haven_labelled;vctrs_vctr;double"
"2014","__enpg/Base de datos ENPG 2014 (PG).DTA.dta","ce8","CE8 Tiene Ud. actualmente algún dispositivo de cigarrillo electrónico?","Sí=1; No=2; No sabe=88; No contesta=99",20113,18844,"haven_labelled;vctrs_vctr;double"
"2014","__enpg/Base de datos ENPG 2014 (PG).DTA.dta","sa1","SA1 Ahora le voy a hacer algunas preguntas acerca del alcohol y drogas. Ud. pued","El entrevistado prefiere contestar en voz alta las preguntas al encuestador=1; El entrevistado prefiere completar el cuestionario por sí mismo en dispositivo electrónico=2",20113,0,"haven_labelled;vctrs_vctr;double"
"2014","__enpg/Base de datos ENPG 2014 (PG).DTA.dta","oh1","OH1 ¿Ha tomado Ud. alcohol (cerveza / malta, chicha, vino / champaña, o licores","Sí=1; No=2; No sabe=88; No contesta=99",20113,0,"haven_labelled;vctrs_vctr;double"
"2014","__enpg/Base de datos ENPG 2014 (PG).DTA.dta","oh2","OH2 ¿Cuándo fue la primera vez que Ud. consumió alcohol en su vida?","Durante los últimos 30 días=1; Hace más de un mes, pero menos de un año=2; Hace más de un año=3; No sabe=88; No contesta=99",20113,4772,"haven_labelled;vctrs_vctr;double"
"2014","__enpg/Base de datos ENPG 2014 (PG).DTA.dta","oh3","OH3 ¿Qué edad tenía cuando consumió por primera vez alcohol?","No sabe=88; No contesta=99",20113,4776,"haven_labelled;vctrs_vctr;double"
"2014","__enpg/Base de datos ENPG 2014 (PG).DTA.dta","oh4","OH4 ¿Cuándo fue la última vez que Ud. consumió alcohol?","Durante los últimos 30 días=1; Hace más de un mes, pero menos de un año=2; Hace más de un año=3; No sabe=88; No contesta=99",20113,4772,"haven_labelled;vctrs_vctr;double"
"2014","__enpg/Base de datos ENPG 2014 (PG).DTA.dta","oh5","OH5 Pensando solamente en los últimos 30 días, ¿Cuántos días del mes ha tomado a","No sabe=88; No contesta=99",20113,11157,"haven_labelled;vctrs_vctr;double"
"2014","__enpg/Base de datos ENPG 2014 (PG).DTA.dta","oh6","OH6 Durante los últimos 30 días. ¿Qué tipo de bebida alcohólica tomó con más fre","Cerveza=1; Vino, champaña u otros espumantes=2; Licores, destilados o combinados (pisco, ron, whisky, vodka, aguardiente u otro)=3; Otro=4; No sabe=88; No contesta=99",20113,11157,"haven_labelled;vctrs_vctr;double"
"2014","__enpg/Base de datos ENPG 2014 (PG).DTA.dta","oh7","OH7 Pensando en los últimos 30 días y tomando en cuenta todos los tipos de bebid","No sabe=88; No contesta=99",20113,11157,"haven_labelled;vctrs_vctr;double"
"2014","__enpg/Base de datos ENPG 2014 (PG).DTA.dta","oh8","OH8 Durante los últimos 30 días, ¿Cuál fue la máxima cantidad de tragos que lleg","No sabe=88; No contesta=99",20113,11157,"haven_labelled;vctrs_vctr;double"
"2014","__enpg/Base de datos ENPG 2014 (PG).DTA.dta","oh9","OH9 ¿Aproximadamente cuánto gastó Ud. en alcohol durante los últimos 30 días?","No sabe=888888; No contesta=999999",20113,11157,"haven_labelled;vctrs_vctr;double"
"2014","__enpg/Base de datos ENPG 2014 (PG).DTA.dta","oh10","OH10 ¿Qué tan seguido toma usted alguna bebida alcohólica?","Nunca=0; 1 vez al mes o menos=1; 2 a 4 veces al mes=2; 2 a 3 veces a la semana=3; 4 o más veces a la semana=4",20113,7962,"haven_labelled;vctrs_vctr;double"
"2014","__enpg/Base de datos ENPG 2014 (PG).DTA.dta","oh11","OH11 ¿Cuántos tragos suele tomar usted en un día típico de consumo de alcohol?","0 a 2 tragos=0; 3 a 4 tragos=1; 5 a 6 tragos=2; 7 a 9 tragos=3; 10 o más tragos=4",20113,7962,"haven_labelled;vctrs_vctr;double"
"2014","__enpg/Base de datos ENPG 2014 (PG).DTA.dta","oh12","OH12 ¿Qué tan seguido toma usted 6 o más tragos en una sola ocasión?","Nunca=0; Menos de una vez al mes=1; Mensualmente=2; Semanalmente=3; Todos o casi todos los días=4; NS/NC=99",20113,7962,"haven_labelled;vctrs_vctr;double"
"2014","__enpg/Base de datos ENPG 2014 (PG).DTA.dta","oh13","OH13 ¿Qué tan seguido, en el curso de los últimos 12 meses, usted no pudo parar","Nunca=0; Menos de una vez al mes=1; Mensualmente=2; Semanalmente=3; Todos o casi todos los días=4; NS/NC=99",20113,7962,"haven_labelled;vctrs_vctr;double"
"2014","__enpg/Base de datos ENPG 2014 (PG).DTA.dta","oh14","OH14 ¿Qué tan seguido, en el curso de los últimos 12 meses, su consumo de alcoho","Nunca=0; Menos de una vez al mes=1; Mensualmente=2; Semanalmente=3; Todos o casi todos los días=4; NS/NC=99",20113,7962,"haven_labelled;vctrs_vctr;double"
"2014","__enpg/Base de datos ENPG 2014 (PG).DTA.dta","oh15","OH15 ¿Qué tan seguido, en el curso de los últimos 12 meses, usted necesitó beber","Nunca=0; Menos de una vez al mes=1; Mensualmente=2; Semanalmente=3; Todos o casi todos los días=4; NS/NC=99",20113,7962,"haven_labelled;vctrs_vctr;double"
"2014","__enpg/Base de datos ENPG 2014 (PG).DTA.dta","oh16","OH16 ¿Qué tan seguido, en el curso de los últimos 12 meses, usted tuvo remordimi","Nunca=0; Menos de una vez al mes=1; Mensualmente=2; Semanalmente=3; Todos o casi todos los días=4; NS/NC=99",20113,7962,"haven_labelled;vctrs_vctr;double"
"2014","__enpg/Base de datos ENPG 2014 (PG).DTA.dta","oh17","OH17 ¿Qué tan seguido, en el curso de los últimos 12 meses, usted no fue capaz d","Nunca=0; Menos de una vez al mes=1; Mensualmente=2; Semanalmente=3; Todos o casi todos los días=4; NS/NC=99",20113,7962,"haven_labelled;vctrs_vctr;double"
"2014","__enpg/Base de datos ENPG 2014 (PG).DTA.dta","oh18","OH18 ¿Usted o alguna otra persona ha resultado físicamente herido debido a que u","No=0; Sí, pero no en el último año=2; Sí, en el último año=4",20113,7962,"haven_labelled;vctrs_vctr;double"
"2014","__enpg/Base de datos ENPG 2014 (PG).DTA.dta","oh19","OH19 ¿Algún familiar, amigo, médico u otro profesional de la salud ha mostrado p","No=0; Sí, pero no en el último año=2; Sí, en el último año=4",20113,7962,"haven_labelled;vctrs_vctr;double"
"2014","__enpg/Base de datos ENPG 2014 (PG).DTA.dta","oh20_1","OH20_1 Pensando en los últimos 30 días, ¿Ha comprado alcohol en alguno de los si","Sí=1",20113,18691,"haven_labelled;vctrs_vctr;double"
"2014","__enpg/Base de datos ENPG 2014 (PG).DTA.dta","oh20_2","OH20_2 Pensando en los últimos 30 días, ¿Ha comprado alcohol en alguno de los si","Sí=2",20113,19471,"haven_labelled;vctrs_vctr;double"
"2014","__enpg/Base de datos ENPG 2014 (PG).DTA.dta","oh20_3","OH20_3 Pensando en los últimos 30 días, ¿Ha comprado alcohol en alguno de los si","Sí=3",20113,16405,"haven_labelled;vctrs_vctr;double"
"2014","__enpg/Base de datos ENPG 2014 (PG).DTA.dta","oh20_4","OH20_4 Pensando en los últimos 30 días, ¿Ha comprado alcohol en alguno de los si","Sí=4",20113,14956,"haven_labelled;vctrs_vctr;double"
"2014","__enpg/Base de datos ENPG 2014 (PG).DTA.dta","oh20_5","OH20_5 Pensando en los últimos 30 días, ¿Ha comprado alcohol en alguno de los si","Sí=5",20113,20027,"haven_labelled;vctrs_vctr;double"
"2014","__enpg/Base de datos ENPG 2014 (PG).DTA.dta","oh20_6","OH20_6 Pensando en los últimos 30 días, ¿Ha comprado alcohol en alguno de los si","Sí=6",20113,19863,"haven_labelled;vctrs_vctr;double"
"2014","__enpg/Base de datos ENPG 2014 (PG).DTA.dta","oh20_7","OH20_7 Pensando en los últimos 30 días, ¿Ha comprado alcohol en alguno de los si","Sí=7",20113,16579,"haven_labelled;vctrs_vctr;double"
"2014","__enpg/Base de datos ENPG 2014 (PG).DTA.dta","oh21_1","OH21_1 Durante los últimos 30 días, ¿Ha comprado alcohol en alguno de los siguie","Sí=1",20113,19957,"haven_labelled;vctrs_vctr;double"
"2014","__enpg/Base de datos ENPG 2014 (PG).DTA.dta","oh21_2","OH21_2 Durante los últimos 30 días, ¿Ha comprado alcohol en alguno de los siguie","Sí=2",20113,19441,"haven_labelled;vctrs_vctr;double"
"2014","__enpg/Base de datos ENPG 2014 (PG).DTA.dta","oh21_3","OH21_3 Durante los últimos 30 días, ¿Ha comprado alcohol en alguno de los siguie","Sí=3",20113,19845,"haven_labelled;vctrs_vctr;double"
"2014","__enpg/Base de datos ENPG 2014 (PG).DTA.dta","oh21_4","OH21_4 Durante los últimos 30 días, ¿Ha comprado alcohol en alguno de los siguie","Sí=4",20113,19979,"haven_labelled;vctrs_vctr;double"
"2014","__enpg/Base de datos ENPG 2014 (PG).DTA.dta","oh21_5","OH21_5 Durante los últimos 30 días, ¿Ha comprado alcohol en alguno de los siguie","Sí=5",20113,19899,"haven_labelled;vctrs_vctr;double"
"2014","__enpg/Base de datos ENPG 2014 (PG).DTA.dta","oh21_6","OH21_6 Durante los últimos 30 días, ¿Ha comprado alcohol en alguno de los siguie","Sí=6",20113,19762,"haven_labelled;vctrs_vctr;double"
"2014","__enpg/Base de datos ENPG 2014 (PG).DTA.dta","oh21_7","OH21_7 Durante los últimos 30 días, ¿Ha comprado alcohol en alguno de los siguie","Sí=7",20113,9594,"haven_labelled;vctrs_vctr;double"
"2014","__enpg/Base de datos ENPG 2014 (PG).DTA.dta","oh22","OH22 ¿Ha dejado de cumplir sus deberes en la casa, en el trabajo o donde estudia","Sí=1; No=2; No sabe=88; No contesta=99",20113,7962,"haven_labelled;vctrs_vctr;double"
"2014","__enpg/Base de datos ENPG 2014 (PG).DTA.dta","oh23","OH23 ¿Ha puesto en peligro su integridad física  a causa del consumo recurrente","Sí=1; No=2; No sabe=88; No contesta=99",20113,7962,"haven_labelled;vctrs_vctr;double"
"2014","__enpg/Base de datos ENPG 2014 (PG).DTA.dta","oh24","OH24 ¿Ha hecho algo bajo los efectos del alcohol que pudiera causarle problemas","Sí=1; No=2; No sabe=88; No contesta=99",20113,7962,"haven_labelled;vctrs_vctr;double"
"2014","__enpg/Base de datos ENPG 2014 (PG).DTA.dta","oh25","OH25 ¿Ha tenido algún problema o han aumentado los problemas con su familia o am","Sí=1; No=2; No sabe=88; No contesta=99",20113,7962,"haven_labelled;vctrs_vctr;double"
"2014","__enpg/Base de datos ENPG 2014 (PG).DTA.dta","mar1","MAR1 ¿Ha probado Ud. marihuana alguna vez en su vida?","Sí=1; No=2; No sabe=88; No contesta=99",20113,0,"haven_labelled;vctrs_vctr;double"
"2014","__enpg/Base de datos ENPG 2014 (PG).DTA.dta","mar2","MAR2 ¿Cuándo fue la primera vez que Ud. consumió marihuana en su vida?","Durante los últimos 30 días=1; Hace más de un mes, pero menos de un año=2; Hace más de un año=3; No sabe=88; No contesta=99",20113,15005,"haven_labelled;vctrs_vctr;double"
"2014","__enpg/Base de datos ENPG 2014 (PG).DTA.dta","mar3","MAR3 ¿Qué edad tenía cuando probó marihuana por primera vez?","No sabe=88; No contesta=99",20113,15005,"haven_labelled;vctrs_vctr;double"
"2014","__enpg/Base de datos ENPG 2014 (PG).DTA.dta","mar4","MAR4 ¿Cuándo fue la última vez que Ud. consumió marihuana?","Durante los últimos 30 días=1; Hace más de un mes, pero menos de un año=2; Hace más de un año=3; No sabe=88; No contesta=99",20113,15005,"haven_labelled;vctrs_vctr;double"
"2014","__enpg/Base de datos ENPG 2014 (PG).DTA.dta","mar5","MAR5 Pensando solamente en los últimos 30 días, ¿Cuántos días del mes ha consumi","No sabe=88; No contesta=99",20113,19141,"haven_labelled;vctrs_vctr;double"
"2014","__enpg/Base de datos ENPG 2014 (PG).DTA.dta","mar6","MAR6 ¿Cuántos cigarros de marihuana consume Ud. al mes?","No sabe=888; No contesta=999",20113,19141,"haven_labelled;vctrs_vctr;double"
"2014","__enpg/Base de datos ENPG 2014 (PG).DTA.dta","mar7","MAR7 ¿Cuánto gastó Ud. en marihuana durante los últimos 30 días?","No sabe=888888; No contesta=999999",20113,19141,"haven_labelled;vctrs_vctr;double"
"2014","__enpg/Base de datos ENPG 2014 (PG).DTA.dta","mar8","MAR8 Según lo que Ud. sabe, ¿Cuánto cuesta un cigarro de marihuana?","No sabe=888888; No contesta=999999",20113,18406,"haven_labelled;vctrs_vctr;double"
"2014","__enpg/Base de datos ENPG 2014 (PG).DTA.dta","mar9","MAR9 ¿Qué tipo de marihuana consumió con mayor frecuencia?","Marihuana prensada o ""paraguaya""=1; Marihuana verde o yerba=2; Marihuana Skunk o de alta potencia=3; No sabe=88; No contesta=99",20113,18406,"haven_labelled;vctrs_vctr;double"
"2014","__enpg/Base de datos ENPG 2014 (PG).DTA.dta","mar10","MAR10 ¿Consumió marihuana para eliminar o para evitar que se presenten problemas","Sí=1; No=2; No sabe=88; No contesta=99",20113,18406,"haven_labelled;vctrs_vctr;double"
"2014","__enpg/Base de datos ENPG 2014 (PG).DTA.dta","mar11","MAR11 ¿Ha presentado estos problemas cuando suspendía o disminuía el consumo de","Sí=1; No=2; No sabe=88; No contesta=99",20113,18406,"haven_labelled;vctrs_vctr;double"
"2014","__enpg/Base de datos ENPG 2014 (PG).DTA.dta","mar12","MAR12 ¿Ha sentido un deseo tan grande de usar marihuana que no pudo resistir o p","Sí=1; No=2; No sabe=88; No contesta=99",20113,18406,"haven_labelled;vctrs_vctr;double"
"2014","__enpg/Base de datos ENPG 2014 (PG).DTA.dta","mar13","MAR13 ¿Ha observado que para obtener el mismo efecto con marihuana ha consumido","Sí=1; No=2; No sabe=88; No contesta=99",20113,18405,"haven_labelled;vctrs_vctr;double"
"2014","__enpg/Base de datos ENPG 2014 (PG).DTA.dta","mar14","MAR14 ¿Ha notado que la misma cantidad de marihuana tiene menos efecto en Ud. qu","Sí=1; No=2; No sabe=88; No contesta=99",20113,18406,"haven_labelled;vctrs_vctr;double"
"2014","__enpg/Base de datos ENPG 2014 (PG).DTA.dta","mar15","MAR15 ¿Ha consumido marihuana a pesar de que tenía la intención de no hacerlo?","Sí=1; No=2; No sabe=88; No contesta=99",20113,18406,"haven_labelled;vctrs_vctr;double"
"2014","__enpg/Base de datos ENPG 2014 (PG).DTA.dta","mar16","MAR16 ¿Ha terminado consumiendo marihuana en mayores cantidades de lo que Ud. pe","Sí=1; No=2; No sabe=88; No contesta=99",20113,18406,"haven_labelled;vctrs_vctr;double"
"2014","__enpg/Base de datos ENPG 2014 (PG).DTA.dta","mar17","MAR17 ¿Ha dejado de hacer o ha suspendido actividades sociales, laborales o recr","Sí=1; No=2; No sabe=88; No contesta=99",20113,18406,"haven_labelled;vctrs_vctr;double"
"2014","__enpg/Base de datos ENPG 2014 (PG).DTA.dta","mar18","MAR18 ¿Ha dedicado más tiempo que antes a conseguir y consumir marihuana, o pasa","Sí=1; No=2; No sabe=88; No contesta=99",20113,18406,"haven_labelled;vctrs_vctr;double"
"2014","__enpg/Base de datos ENPG 2014 (PG).DTA.dta","mar19","MAR19 ¿Ha continuado consumiendo marihuana a pesar de que le ocasione problemas","Sí=1; No=2; No sabe=88; No contesta=99",20113,18406,"haven_labelled;vctrs_vctr;double"
"2014","__enpg/Base de datos ENPG 2014 (PG).DTA.dta","mar20","MAR20 ¿Ha dejado de cumplir sus deberes en la casa, en el trabajo o donde estudi","Sí=1; No=2; No sabe=88; No contesta=99",20113,18406,"haven_labelled;vctrs_vctr;double"
"2014","__enpg/Base de datos ENPG 2014 (PG).DTA.dta","mar21","MAR21 ¿Ha puesto en peligro su integridad física  a causa del consumo recurrente","Sí=1; No=2; No sabe=88; No contesta=99",20113,18406,"haven_labelled;vctrs_vctr;double"
"2014","__enpg/Base de datos ENPG 2014 (PG).DTA.dta","mar22","MAR22 ¿Ha hecho algo bajo los efectos de la marihuana que pudiera  causarle prob","Sí=1; No=2; No sabe=88; No contesta=99",20113,18406,"haven_labelled;vctrs_vctr;double"
"2014","__enpg/Base de datos ENPG 2014 (PG).DTA.dta","mar23","MAR23 ¿Ha tenido algún problema o han aumentado los problemas con su familia o a","Sí=1; No=2; No sabe=88; No contesta=99",20113,18406,"haven_labelled;vctrs_vctr;double"
"2014","__enpg/Base de datos ENPG 2014 (PG).DTA.dta","pb1","PB1 ¿Ha probado Ud. pasta base alguna vez en su vida?","Sí=1; No=2; No sabe=88; No contesta=99",20113,0,"haven_labelled;vctrs_vctr;double"
"2014","__enpg/Base de datos ENPG 2014 (PG).DTA.dta","pb2","PB2 ¿Cuándo fue la primera vez que Ud. consumió pasta base en su vida?","Durante los últimos 30 días=1; Hace más de un mes, pero menos de un año=2; Hace más de un año=3; No sabe=88; No contesta=99",20113,19700,"haven_labelled;vctrs_vctr;double"
"2014","__enpg/Base de datos ENPG 2014 (PG).DTA.dta","pb3","PB3 ¿Qué edad tenía cuando probó pasta base por primera vez?","No sabe=88; No contesta=99",20113,19700,"haven_labelled;vctrs_vctr;double"
"2014","__enpg/Base de datos ENPG 2014 (PG).DTA.dta","pb4","PB4 ¿Cuándo fue la última vez que Ud. consumió pasta base?","Durante los últimos 30 días=1; Hace más de un mes, pero menos de un año=2; Hace más de un año=3; No sabe=88; No contesta=99",20113,19700,"haven_labelled;vctrs_vctr;double"
"2014","__enpg/Base de datos ENPG 2014 (PG).DTA.dta","pb5","PB5 Pensando solamente en los últimos 30 días , ¿Cuántos días del mes ha consumi","No sabe=88; No contesta=99",20113,20062,"haven_labelled;vctrs_vctr;double"
"2014","__enpg/Base de datos ENPG 2014 (PG).DTA.dta","pb6","PB6 ¿Cuántos papelillos de pasta base consume Ud. al mes?","No sabe=888; No contesta=999",20113,20062,"haven_labelled;vctrs_vctr;double"
"2014","__enpg/Base de datos ENPG 2014 (PG).DTA.dta","pb7","PB7 ¿Cuánto gastó Ud. en pasta base durante los últimos 30 días?","No sabe=888888; No contesta=999999",20113,20062,"haven_labelled;vctrs_vctr;double"
"2014","__enpg/Base de datos ENPG 2014 (PG).DTA.dta","pb8","PB8 Según lo que Ud. sabe, ¿Cuánto cuesta un papelillo de pasta base?","No sabe=88888; No contesta=99999",20113,20029,"haven_labelled;vctrs_vctr;double"
"2014","__enpg/Base de datos ENPG 2014 (PG).DTA.dta","pb9","PB9 ¿Consumió pasta base para eliminar  o para evitar que se presenten problemas","Sí=1; No=2; No sabe=88; No contesta=99",20113,20029,"haven_labelled;vctrs_vctr;double"
"2014","__enpg/Base de datos ENPG 2014 (PG).DTA.dta","pb10","PB10 ¿Y ha presentado estos problemas cuando suspendía o disminuía el consumo de","Sí=1; No=2; No sabe=88; No contesta=99",20113,20029,"haven_labelled;vctrs_vctr;double"
"2014","__enpg/Base de datos ENPG 2014 (PG).DTA.dta","pb11","PB11 ¿Ha sentido un deseo tan grande de usar pasta base que no pudo resistir o p","Sí=1; No=2; No sabe=88; No contesta=99",20113,20029,"haven_labelled;vctrs_vctr;double"
"2014","__enpg/Base de datos ENPG 2014 (PG).DTA.dta","pb12","PB12 ¿Ha observado que para obtener el mismo efecto con pasta base ha consumido","Sí=1; No=2; No sabe=88; No contesta=99",20113,20029,"haven_labelled;vctrs_vctr;double"
"2014","__enpg/Base de datos ENPG 2014 (PG).DTA.dta","pb13","PB13 ¿Ha notado que la misma cantidad de pasta base tiene menos efecto en Ud. qu","Sí=1; No=2; No sabe=88; No contesta=99",20113,20029,"haven_labelled;vctrs_vctr;double"
"2014","__enpg/Base de datos ENPG 2014 (PG).DTA.dta","pb14","PB14 ¿Ha consumido pasta base a pesar de que tenía la intención de no hacerlo?","Sí=1; No=2; No sabe=88; No contesta=99",20113,20029,"haven_labelled;vctrs_vctr;double"
"2014","__enpg/Base de datos ENPG 2014 (PG).DTA.dta","pb15","PB15 ¿Ha terminado consumiendo pasta base en mayores cantidades de lo que Ud. pe","Sí=1; No=2; No sabe=88; No contesta=99",20113,20029,"haven_labelled;vctrs_vctr;double"
"2014","__enpg/Base de datos ENPG 2014 (PG).DTA.dta","pb16","PB16 ¿Ha dejado de hacer o ha suspendido actividades sociales, laborales o recre","Sí=1; No=2; No sabe=88; No contesta=99",20113,20029,"haven_labelled;vctrs_vctr;double"
"2014","__enpg/Base de datos ENPG 2014 (PG).DTA.dta","pb17","PB17 ¿Ha dedicado más tiempo que antes a conseguir y consumir pasta base, o pasa","Sí=1; No=2; No sabe=88; No contesta=99",20113,20029,"haven_labelled;vctrs_vctr;double"
"2014","__enpg/Base de datos ENPG 2014 (PG).DTA.dta","pb18","PB18 ¿Ha continuado consumiendo pasta base a pesar de que le ocasione problemas","Sí=1; No=2; No sabe=88; No contesta=99",20113,20029,"haven_labelled;vctrs_vctr;double"
"2014","__enpg/Base de datos ENPG 2014 (PG).DTA.dta","pb19","PB19 ¿Ha dejado de cumplir sus deberes en la casa, en el trabajo o donde estudia","Sí=1; No=2; No sabe=88; No contesta=99",20113,20029,"haven_labelled;vctrs_vctr;double"
"2014","__enpg/Base de datos ENPG 2014 (PG).DTA.dta","pb20","PB20 ¿Ha puesto en peligro su integridad física  a causa del consumo recurrente","Sí=1; No=2; No sabe=88; No contesta=99",20113,20029,"haven_labelled;vctrs_vctr;double"
"2014","__enpg/Base de datos ENPG 2014 (PG).DTA.dta","pb21","PB21 ¿Ha hecho algo bajo los efectos de la pasta base que pudiera  causarle prob","Sí=1; No=2; No sabe=88; No contesta=99",20113,20029,"haven_labelled;vctrs_vctr;double"
"2014","__enpg/Base de datos ENPG 2014 (PG).DTA.dta","pb22","PB22 ¿Ha tenido algún problema o han aumentado los problemas con su familia o am","Sí=1; No=2; No sabe=88; No contesta=99",20113,20029,"haven_labelled;vctrs_vctr;double"
"2014","__enpg/Base de datos ENPG 2014 (PG).DTA.dta","coc1","COC1 ¿Ha probado Ud. Cocaína alguna vez en su vida?","Sí=1; No=2; No sabe=88; No contesta=99",20113,0,"haven_labelled;vctrs_vctr;double"
"2014","__enpg/Base de datos ENPG 2014 (PG).DTA.dta","coc2","COC2 ¿Cuándo fue la primera vez que Ud. consumió cocaína en su vida?","Durante los últimos 30 días=1; Hace más de un mes, pero menos de un año=2; Hace más de un año=3; No sabe=88; No contesta=99",20113,19236,"haven_labelled;vctrs_vctr;double"
"2014","__enpg/Base de datos ENPG 2014 (PG).DTA.dta","coc3","COC3 ¿Qué edad tenía cuando probó cocaína por primera vez?","No sabe=88; No contesta=99",20113,19236,"haven_labelled;vctrs_vctr;double"
"2014","__enpg/Base de datos ENPG 2014 (PG).DTA.dta","coc4","COC4 ¿Cuándo fue la última vez que Ud. consumió cocaína?","Durante los últimos 30 días=1; Hace más de un mes, pero menos de un año=2; Hace más de un año=3; No sabe=88; No contesta=99",20113,19236,"haven_labelled;vctrs_vctr;double"
"2014","__enpg/Base de datos ENPG 2014 (PG).DTA.dta","coc5","COC5 Pensando solamente en los últimos 30 días, ¿Cuántos días del mes ha consumi","No sabe=88; No contesta=99",20113,20040,"haven_labelled;vctrs_vctr;double"
"2014","__enpg/Base de datos ENPG 2014 (PG).DTA.dta","coc6","COC6 ¿Cuántos gramos de cocaína consume Ud. al mes?","No sabe=888; No contesta=999",20113,20040,"haven_labelled;vctrs_vctr;double"
"2014","__enpg/Base de datos ENPG 2014 (PG).DTA.dta","coc7","COC7 ¿Cuánto gastó Ud. en cocaína durante los últimos 30 días?","No sabe=888888; No contesta=999999",20113,20040,"haven_labelled;vctrs_vctr;double"
"2014","__enpg/Base de datos ENPG 2014 (PG).DTA.dta","coc8","COC8 Según lo que usted sabe, ¿Cuánto cuesta un gramo de cocaína?","No sabe=88888; No contesta=99999",20113,19933,"haven_labelled;vctrs_vctr;double"
"2014","__enpg/Base de datos ENPG 2014 (PG).DTA.dta","coc9","COC9 ¿Consumió cocaína para eliminar  o para evitar que se presenten problemas c","Sí=1; No=2; No sabe=88; No contesta=99",20113,19933,"haven_labelled;vctrs_vctr;double"
"2014","__enpg/Base de datos ENPG 2014 (PG).DTA.dta","coc10","COC10 ¿Y ha presentado estos problemas cuando suspendía o disminuía el consumo d","Sí=1; No=2; No sabe=88; No contesta=99",20113,19933,"haven_labelled;vctrs_vctr;double"
"2014","__enpg/Base de datos ENPG 2014 (PG).DTA.dta","coc11","COC11 ¿Ha sentido un deseo tan grande de usar cocaína que no pudo resistir o pen","Sí=1; No=2; No sabe=88; No contesta=99",20113,19933,"haven_labelled;vctrs_vctr;double"
"2014","__enpg/Base de datos ENPG 2014 (PG).DTA.dta","coc12","COC12 ¿Ha observado que para obtener el mismo efecto con cocaína ha consumido ma","Sí=1; No=2; No sabe=88; No contesta=99",20113,19933,"haven_labelled;vctrs_vctr;double"
"2014","__enpg/Base de datos ENPG 2014 (PG).DTA.dta","coc13","COC13 ¿Ha notado que la misma cantidad de cocaína tiene menos efecto en Ud. que","Sí=1; No=2; No sabe=88; No contesta=99",20113,19933,"haven_labelled;vctrs_vctr;double"
"2014","__enpg/Base de datos ENPG 2014 (PG).DTA.dta","coc14","COC14 ¿Ha consumido cocaína a pesar de que tenía la intención de no hacerlo?","Sí=1; No=2; No sabe=88; No contesta=99",20113,19933,"haven_labelled;vctrs_vctr;double"
"2014","__enpg/Base de datos ENPG 2014 (PG).DTA.dta","coc15","COC15 ¿Ha terminado consumiendo cocaína en mayores cantidades de lo que Ud. pens","Sí=1; No=2; No sabe=88; No contesta=99",20113,19933,"haven_labelled;vctrs_vctr;double"
"2014","__enpg/Base de datos ENPG 2014 (PG).DTA.dta","coc16","COC16 ¿Ha dejado de hacer o ha suspendido actividades sociales, laborales o recr","Sí=1; No=2; No sabe=88; No contesta=99",20113,19933,"haven_labelled;vctrs_vctr;double"
"2014","__enpg/Base de datos ENPG 2014 (PG).DTA.dta","coc17","COC17 ¿Ha dedicado más tiempo que antes a conseguir y consumir cocaína, o pasa m","Sí=1; No=2; No sabe=88; No contesta=99",20113,19933,"haven_labelled;vctrs_vctr;double"
"2014","__enpg/Base de datos ENPG 2014 (PG).DTA.dta","coc18","COC18 ¿Ha continuado consumiendo cocaína a pesar de que le ocasione problemas de","Sí=1; No=2; No sabe=88; No contesta=99",20113,19933,"haven_labelled;vctrs_vctr;double"
"2014","__enpg/Base de datos ENPG 2014 (PG).DTA.dta","coc19","COC19 ¿Ha dejado de cumplir sus deberes en la casa, en el trabajo o donde estudi","Sí=1; No=2; No sabe=88; No contesta=99",20113,19933,"haven_labelled;vctrs_vctr;double"
"2014","__enpg/Base de datos ENPG 2014 (PG).DTA.dta","coc20","COC20 ¿Ha puesto en peligro su integridad física  a causa del consumo recurrente","Sí=1; No=2; No sabe=88; No contesta=99",20113,19933,"haven_labelled;vctrs_vctr;double"
"2014","__enpg/Base de datos ENPG 2014 (PG).DTA.dta","coc21","COC21 ¿Ha hecho algo bajo los efectos de la cocaína que pudiera  causarle proble","Sí=1; No=2; No sabe=88; No contesta=99",20113,19933,"haven_labelled;vctrs_vctr;double"
"2014","__enpg/Base de datos ENPG 2014 (PG).DTA.dta","coc22","COC22 ¿Ha tenido algún problema o han aumentado los problemas con su familia o a","Sí=1; No=2; No sabe=88; No contesta=99",20113,19933,"haven_labelled;vctrs_vctr;double"
"2014","__enpg/Base de datos ENPG 2014 (PG).DTA.dta","trans1_1","TRANS1_1 ¿Ha probado Ud. alguno de los siguientes tranquilizantes sin receta méd","Sí=1",20113,19839,"haven_labelled;vctrs_vctr;double"
"2014","__enpg/Base de datos ENPG 2014 (PG).DTA.dta","trans2_1","TRANS2_1 ¿Qué edad tenía cuando probó  sin receta médica por primera vez? Alpraz","No sabe=88; No contesta=99",20113,19839,"haven_labelled;vctrs_vctr;double"
"2014","__enpg/Base de datos ENPG 2014 (PG).DTA.dta","trans3_1","TRANS3_1 ¿Cuándo fue la última vez que consumió sin receta médica? Alprazolam, Z","Durante los últimos 30 días=1; Hace más de un mes, pero menos de un año=2; Hace más de un año=3; No sabe=88; No contesta=99",20113,19839,"haven_labelled;vctrs_vctr;double"
"2014","__enpg/Base de datos ENPG 2014 (PG).DTA.dta","trans4_1","TRANS4_1 Pensando solamente en los últimos 30 días, ¿Cuántos días del mes ha con","No sabe=88; No contesta=99",20113,20063,"haven_labelled;vctrs_vctr;double"
"2014","__enpg/Base de datos ENPG 2014 (PG).DTA.dta","trans5_1","TRANS5_1 ¿Cuánto gastó Ud. en sin receta médica durante los últimos 30 días? Alp","No sabe=888888; No contesta=999999",20113,20063,"haven_labelled;vctrs_vctr;double"
"2014","__enpg/Base de datos ENPG 2014 (PG).DTA.dta","trans1_2","TRANS1_2 ¿Ha probado Ud. alguno de los siguientes tranquilizantes sin receta méd","Sí=2",20113,19917,"haven_labelled;vctrs_vctr;double"
"2014","__enpg/Base de datos ENPG 2014 (PG).DTA.dta","trans2_2","TRANS2_2 ¿Qué edad tenía cuando probó  sin receta médica por primera vez? Valium","No sabe=88; No contesta=99",20113,19917,"haven_labelled;vctrs_vctr;double"
"2014","__enpg/Base de datos ENPG 2014 (PG).DTA.dta","trans3_2","TRANS3_2 ¿Cuándo fue la última vez que consumió sin receta médica? Valium o Diaz","Durante los últimos 30 días=1; Hace más de un mes, pero menos de un año=2; Hace más de un año=3; No sabe=88; No contesta=99",20113,19917,"haven_labelled;vctrs_vctr;double"
"2014","__enpg/Base de datos ENPG 2014 (PG).DTA.dta","trans4_2","TRANS4_2 Pensando solamente en los últimos 30 días, ¿Cuántos días del mes ha con","No sabe=88; No contesta=99",20113,20100,"haven_labelled;vctrs_vctr;double"
"2014","__enpg/Base de datos ENPG 2014 (PG).DTA.dta","trans5_2","TRANS5_2 ¿Cuánto gastó Ud. en sin receta médica durante los últimos 30 días? Val","No sabe=888888; No contesta=999999",20113,20100,"haven_labelled;vctrs_vctr;double"
"2014","__enpg/Base de datos ENPG 2014 (PG).DTA.dta","trans1_3","TRANS1_3 ¿Ha probado Ud. alguno de los siguientes tranquilizantes sin receta méd","Sí=3",20113,19856,"haven_labelled;vctrs_vctr;double"
"2014","__enpg/Base de datos ENPG 2014 (PG).DTA.dta","trans2_3","TRANS2_3 ¿Qué edad tenía cuando probó  sin receta médica por primera vez? Clonaz","No sabe=88; No contesta=99",20113,19856,"haven_labelled;vctrs_vctr;double"
"2014","__enpg/Base de datos ENPG 2014 (PG).DTA.dta","trans3_3","TRANS3_3 ¿Cuándo fue la última vez que consumió sin receta médica? Clonazepam, R","Durante los últimos 30 días=1; Hace más de un mes, pero menos de un año=2; Hace más de un año=3; No sabe=88; No contesta=99",20113,19856,"haven_labelled;vctrs_vctr;double"
"2014","__enpg/Base de datos ENPG 2014 (PG).DTA.dta","trans4_3","TRANS4_3 Pensando solamente en los últimos 30 días, ¿Cuántos días del mes ha con","No sabe=88; No contesta=99",20113,20074,"haven_labelled;vctrs_vctr;double"
"2014","__enpg/Base de datos ENPG 2014 (PG).DTA.dta","trans5_3","TRANS5_3 ¿Cuánto gastó Ud. en sin receta médica durante los últimos 30 días? Clo","No sabe=888888; No contesta=999999",20113,20074,"haven_labelled;vctrs_vctr;double"
"2014","__enpg/Base de datos ENPG 2014 (PG).DTA.dta","trans1_4","TRANS1_4 ¿Ha probado Ud. alguno de los siguientes tranquilizantes sin receta méd","Sí=4",20113,20063,"haven_labelled;vctrs_vctr;double"
"2014","__enpg/Base de datos ENPG 2014 (PG).DTA.dta","trans2_4","TRANS2_4 ¿Qué edad tenía cuando probó  sin receta médica por primera vez? Loraze","No sabe=88; No contesta=99",20113,20063,"haven_labelled;vctrs_vctr;double"
"2014","__enpg/Base de datos ENPG 2014 (PG).DTA.dta","trans3_4","TRANS3_4 ¿Cuándo fue la última vez que consumió sin receta médica? Lorazepam o A","Durante los últimos 30 días=1; Hace más de un mes, pero menos de un año=2; Hace más de un año=3; No sabe=88; No contesta=99",20113,20063,"haven_labelled;vctrs_vctr;double"
"2014","__enpg/Base de datos ENPG 2014 (PG).DTA.dta","trans4_4","TRANS4_4 Pensando solamente en los últimos 30 días, ¿Cuántos días del mes ha con","No sabe=88; No contesta=99",20113,20107,"haven_labelled;vctrs_vctr;double"
"2014","__enpg/Base de datos ENPG 2014 (PG).DTA.dta","trans5_4","TRANS5_4 ¿Cuánto gastó Ud. en sin receta médica durante los últimos 30 días? Lor","No sabe=888888; No contesta=999999",20113,20107,"haven_labelled;vctrs_vctr;double"
"2014","__enpg/Base de datos ENPG 2014 (PG).DTA.dta","trans1_5","TRANS1_5 ¿Ha probado Ud. alguno de los siguientes tranquilizantes sin receta méd","Sí=5",20113,20083,"haven_labelled;vctrs_vctr;double"
"2014","__enpg/Base de datos ENPG 2014 (PG).DTA.dta","trans2_5","TRANS2_5 ¿Qué edad tenía cuando probó  sin receta médica por primera vez? Clorod","No sabe=88; No contesta=99",20113,20083,"haven_labelled;vctrs_vctr;double"
"2014","__enpg/Base de datos ENPG 2014 (PG).DTA.dta","trans3_5","TRANS3_5 ¿Cuándo fue la última vez que consumió sin receta médica? Clorodiacepóx","Durante los últimos 30 días=1; Hace más de un mes, pero menos de un año=2; Hace más de un año=3; No sabe=88; No contesta=99",20113,20083,"haven_labelled;vctrs_vctr;double"
"2014","__enpg/Base de datos ENPG 2014 (PG).DTA.dta","trans4_5","TRANS4_5 Pensando solamente en los últimos 30 días, ¿Cuántos días del mes ha con","No sabe=88; No contesta=99",20113,20110,"haven_labelled;vctrs_vctr;double"
"2014","__enpg/Base de datos ENPG 2014 (PG).DTA.dta","trans5_5","TRANS5_5 ¿Cuánto gastó Ud. en sin receta médica durante los últimos 30 días? Clo","No sabe=888888; No contesta=999999",20113,20110,"haven_labelled;vctrs_vctr;double"
"2014","__enpg/Base de datos ENPG 2014 (PG).DTA.dta","trans1_6","TRANS1_6 ¿Ha probado Ud. alguno de los siguientes tranquilizantes sin receta méd","Sí=6",20113,20098,"haven_labelled;vctrs_vctr;double"
"2014","__enpg/Base de datos ENPG 2014 (PG).DTA.dta","trans2_6","TRANS2_6 ¿Qué edad tenía cuando probó  sin receta médica por primera vez? Bromac","No sabe=88; No contesta=99",20113,20098,"haven_labelled;vctrs_vctr;double"
"2014","__enpg/Base de datos ENPG 2014 (PG).DTA.dta","trans3_6","TRANS3_6 ¿Cuándo fue la última vez que consumió sin receta médica? Bromacepam","Durante los últimos 30 días=1; Hace más de un mes, pero menos de un año=2; Hace más de un año=3; No sabe=88; No contesta=99",20113,20098,"haven_labelled;vctrs_vctr;double"
"2014","__enpg/Base de datos ENPG 2014 (PG).DTA.dta","trans4_6","TRANS4_6 Pensando solamente en los últimos 30 días, ¿Cuántos días del mes ha con","No sabe=88; No contesta=99",20113,20110,"haven_labelled;vctrs_vctr;double"
"2014","__enpg/Base de datos ENPG 2014 (PG).DTA.dta","trans5_6","TRANS5_6 ¿Cuánto gastó Ud. en sin receta médica durante los últimos 30 días? Bro","No sabe=888888; No contesta=999999",20113,20110,"haven_labelled;vctrs_vctr;double"
"2014","__enpg/Base de datos ENPG 2014 (PG).DTA.dta","trans1_7","TRANS1_7 ¿Ha probado Ud. alguno de los siguientes tranquilizantes sin receta méd","Sí=7",20113,20064,"haven_labelled;vctrs_vctr;double"
"2014","__enpg/Base de datos ENPG 2014 (PG).DTA.dta","trans2_7","TRANS2_7 ¿Qué edad tenía cuando probó  sin receta médica por primera vez? Zopicl","No sabe=88; No contesta=99",20113,20064,"haven_labelled;vctrs_vctr;double"
"2014","__enpg/Base de datos ENPG 2014 (PG).DTA.dta","trans3_7","TRANS3_7 ¿Cuándo fue la última vez que consumió sin receta médica? Zopiclona, Zo","Durante los últimos 30 días=1; Hace más de un mes, pero menos de un año=2; Hace más de un año=3; No sabe=88; No contesta=99",20113,20064,"haven_labelled;vctrs_vctr;double"
"2014","__enpg/Base de datos ENPG 2014 (PG).DTA.dta","trans4_7","TRANS4_7 Pensando solamente en los últimos 30 días, ¿Cuántos días del mes ha con","No sabe=88; No contesta=99",20113,20098,"haven_labelled;vctrs_vctr;double"
"2014","__enpg/Base de datos ENPG 2014 (PG).DTA.dta","trans5_7","TRANS5_7 ¿Cuánto gastó Ud. en sin receta médica durante los últimos 30 días? Zop","No sabe=888888; No contesta=999999",20113,20098,"haven_labelled;vctrs_vctr;double"
"2014","__enpg/Base de datos ENPG 2014 (PG).DTA.dta","trans1_8","TRANS1_8 ¿Ha probado Ud. alguno de los siguientes tranquilizantes sin receta méd","Sí=8",20113,20104,"haven_labelled;vctrs_vctr;double"
"2014","__enpg/Base de datos ENPG 2014 (PG).DTA.dta","trans2_8","TRANS2_8 ¿Qué edad tenía cuando probó  sin receta médica por primera vez? Dormon","No sabe=88; No contesta=99",20113,20104,"haven_labelled;vctrs_vctr;double"
"2014","__enpg/Base de datos ENPG 2014 (PG).DTA.dta","trans3_8","TRANS3_8 ¿Cuándo fue la última vez que consumió sin receta médica? Dormonid o Mi","Durante los últimos 30 días=1; Hace más de un mes, pero menos de un año=2; Hace más de un año=3; No sabe=88; No contesta=99",20113,20104,"haven_labelled;vctrs_vctr;double"
"2014","__enpg/Base de datos ENPG 2014 (PG).DTA.dta","trans4_8","TRANS4_8 Pensando solamente en los últimos 30 días, ¿Cuántos días del mes ha con","No sabe=88; No contesta=99",20113,20112,"haven_labelled;vctrs_vctr;double"
"2014","__enpg/Base de datos ENPG 2014 (PG).DTA.dta","trans5_8","TRANS5_8 ¿Cuánto gastó Ud. en sin receta médica durante los últimos 30 días? Dor","No sabe=888888; No contesta=999999",20113,20112,"haven_labelled;vctrs_vctr;double"
"2014","__enpg/Base de datos ENPG 2014 (PG).DTA.dta","trans1_9","TRANS1_9 ¿Ha probado Ud. alguno de los siguientes tranquilizantes sin receta méd","Sí=9",20113,20108,"haven_labelled;vctrs_vctr;double"
"2014","__enpg/Base de datos ENPG 2014 (PG).DTA.dta","trans2_9","TRANS2_9 ¿Qué edad tenía cuando probó  sin receta médica por primera vez? Rohypn","No sabe=88; No contesta=99",20113,20108,"haven_labelled;vctrs_vctr;double"
"2014","__enpg/Base de datos ENPG 2014 (PG).DTA.dta","trans3_9","TRANS3_9 ¿Cuándo fue la última vez que consumió sin receta médica? Rohypnol, Flu","Durante los últimos 30 días=1; Hace más de un mes, pero menos de un año=2; Hace más de un año=3; No sabe=88; No contesta=99",20113,20108,"haven_labelled;vctrs_vctr;double"
"2014","__enpg/Base de datos ENPG 2014 (PG).DTA.dta","trans4_9","TRANS4_9 Pensando solamente en los últimos 30 días, ¿Cuántos días del mes ha con","No sabe=88; No contesta=99",20113,20111,"haven_labelled;vctrs_vctr;double"
"2014","__enpg/Base de datos ENPG 2014 (PG).DTA.dta","trans5_9","TRANS5_9 ¿Cuánto gastó Ud. en sin receta médica durante los últimos 30 días? Roh","No sabe=888888; No contesta=999999",20113,20111,"haven_labelled;vctrs_vctr;double"
"2014","__enpg/Base de datos ENPG 2014 (PG).DTA.dta","trans6","TRANS6 Piense en la última vez que Ud. consumió tranquilizantes sin receta médic","Lo compré en una farmacia con una receta médica de otra persona=1; Lo compré en una feria libre o mercado=2; Lo compré por internet=3; Lo conseguí de otra forma, especifique=4; Me la regalaron=5; No sabe=88; No contesta=99",20113,19449,"haven_labelled;vctrs_vctr;double"
"2014","__enpg/Base de datos ENPG 2014 (PG).DTA.dta","trans6_esp","TRANS6_ESP Especificar","",20113,0,"character"
"2014","__enpg/Base de datos ENPG 2014 (PG).DTA.dta","od1","OD1 ¿Ha probado Ud. Bebidas Energéticas (Battery, Red Bull, Dark Dog, etc.) algu","Sí=1; No=2; No sabe=88; No contesta=99",20113,0,"haven_labelled;vctrs_vctr;double"
"2014","__enpg/Base de datos ENPG 2014 (PG).DTA.dta","od2","OD2 ¿Cuándo fue la última vez que Ud. consumió Bebidas Energéticas?","Durante los últimos 30 días=1; Hace más de un mes, pero menos de un año=2; Hace más de un año=3; No sabe=88; No contesta=99",20113,12393,"haven_labelled;vctrs_vctr;double"
"2014","__enpg/Base de datos ENPG 2014 (PG).DTA.dta","od3","OD3 ¿Ha probado Ud. alguna Bebidas Energéticas combinada con Alcohol alguna vez","Sí=1; No=2; No sabe=88; No contesta=99",20113,12393,"haven_labelled;vctrs_vctr;double"
"2014","__enpg/Base de datos ENPG 2014 (PG).DTA.dta","od4","OD4 ¿Cuándo fue la última vez que Ud. consumió alguna Bebida Energética combinad","Durante los últimos 30 días=1; Hace más de un mes, pero menos de un año=2; Hace más de un año=3; No sabe=88; No contesta=99",20113,18003,"haven_labelled;vctrs_vctr;double"
"2014","__enpg/Base de datos ENPG 2014 (PG).DTA.dta","od5_1","OD5_1 ¿Ha probado Ud. alguna de las siguientes drogas alguna vez en su vida? Hac","Sí=1; No=2",20113,0,"haven_labelled;vctrs_vctr;double"
"2014","__enpg/Base de datos ENPG 2014 (PG).DTA.dta","od6_1","OD6_1 ¿Cuándo fue la última vez que consumió? Hachís","Durante los últimos 30 días=1; Hace más de un mes, pero menos de un año=2; Hace más de un año=3; No sabe=88; No contesta=99",20113,19868,"haven_labelled;vctrs_vctr;double"
"2014","__enpg/Base de datos ENPG 2014 (PG).DTA.dta","od5_2","OD5_2 ¿Ha probado Ud. alguna de las siguientes drogas alguna vez en su vida? Mar","Sí=1; No=2",20113,0,"haven_labelled;vctrs_vctr;double"
"2014","__enpg/Base de datos ENPG 2014 (PG).DTA.dta","od6_2","OD6_2 ¿Cuándo fue la última vez que consumió? Marihuana sintética (Spice, K2)","Durante los últimos 30 días=1; Hace más de un mes, pero menos de un año=2; Hace más de un año=3; No sabe=88; No contesta=99",20113,19841,"haven_labelled;vctrs_vctr;double"
"2014","__enpg/Base de datos ENPG 2014 (PG).DTA.dta","od5_3","OD5_3 ¿Ha probado Ud. alguna de las siguientes drogas alguna vez en su vida? Éxt","Sí=1; No=2",20113,0,"haven_labelled;vctrs_vctr;double"
"2014","__enpg/Base de datos ENPG 2014 (PG).DTA.dta","od6_3","OD6_3 ¿Cuándo fue la última vez que consumió? Éxtasis o MDMA","Durante los últimos 30 días=1; Hace más de un mes, pero menos de un año=2; Hace más de un año=3; No sabe=88; No contesta=99",20113,20046,"haven_labelled;vctrs_vctr;double"
"2014","__enpg/Base de datos ENPG 2014 (PG).DTA.dta","od5_4","OD5_4 ¿Ha probado Ud. alguna de las siguientes drogas alguna vez en su vida? Her","Sí=1; No=2",20113,0,"haven_labelled;vctrs_vctr;double"
"2014","__enpg/Base de datos ENPG 2014 (PG).DTA.dta","od6_4","OD6_4 ¿Cuándo fue la última vez que consumió? Heroína","Durante los últimos 30 días=1; Hace más de un mes, pero menos de un año=2; Hace más de un año=3; No sabe=88; No contesta=99",20113,20087,"haven_labelled;vctrs_vctr;double"
"2014","__enpg/Base de datos ENPG 2014 (PG).DTA.dta","od5_5","OD5_5 ¿Ha probado Ud. alguna de las siguientes drogas alguna vez en su vida? Cra","Sí=1; No=2",20113,0,"haven_labelled;vctrs_vctr;double"
"2014","__enpg/Base de datos ENPG 2014 (PG).DTA.dta","od6_5","OD6_5 ¿Cuándo fue la última vez que consumió? Crack","Durante los últimos 30 días=1; Hace más de un mes, pero menos de un año=2; Hace más de un año=3; No sabe=88; No contesta=99",20113,20091,"haven_labelled;vctrs_vctr;double"
"2014","__enpg/Base de datos ENPG 2014 (PG).DTA.dta","od7_1","OD7_1 ¿Ha probado Ud. alguno de los siguientes medicamentos estimulantes sin rec","Sí=1; No=2",20113,0,"haven_labelled;vctrs_vctr;double"
"2014","__enpg/Base de datos ENPG 2014 (PG).DTA.dta","od8_1","OD8_1 ¿Cuándo fue la última vez que consumió sin receta médica? Anfetaminas","Durante los últimos 30 días=1; Hace más de un mes, pero menos de un año=2; Hace más de un año=3; No sabe=88; No contesta=99",20113,19923,"haven_labelled;vctrs_vctr;double"
"2014","__enpg/Base de datos ENPG 2014 (PG).DTA.dta","od7_2","OD7_2 ¿Ha probado Ud. alguno de los siguientes medicamentos estimulantes sin rec","Sí=1; No=2",20113,0,"haven_labelled;vctrs_vctr;double"
"2014","__enpg/Base de datos ENPG 2014 (PG).DTA.dta","od8_2","OD8_2 ¿Cuándo fue la última vez que consumió sin receta médica? Cidrín","Durante los últimos 30 días=1; Hace más de un mes, pero menos de un año=2; Hace más de un año=3; No sabe=88; No contesta=99",20113,20053,"haven_labelled;vctrs_vctr;double"
"2014","__enpg/Base de datos ENPG 2014 (PG).DTA.dta","od7_3","OD7_3 ¿Ha probado Ud. alguno de los siguientes medicamentos estimulantes sin rec","Sí=1; No=2",20113,0,"haven_labelled;vctrs_vctr;double"
"2014","__enpg/Base de datos ENPG 2014 (PG).DTA.dta","od8_3","OD8_3 ¿Cuándo fue la última vez que consumió sin receta médica? Modafinilo o Men","Durante los últimos 30 días=1; Hace más de un mes, pero menos de un año=2; Hace más de un año=3; No sabe=88; No contesta=99",20113,20017,"haven_labelled;vctrs_vctr;double"
"2014","__enpg/Base de datos ENPG 2014 (PG).DTA.dta","od7_4","OD7_4 ¿Ha probado Ud. alguno de los siguientes medicamentos estimulantes sin rec","Sí=1; No=2",20113,0,"haven_labelled;vctrs_vctr;double"
"2014","__enpg/Base de datos ENPG 2014 (PG).DTA.dta","od8_4","OD8_4 ¿Cuándo fue la última vez que consumió sin receta médica? Ritalin, Metilfe","Durante los últimos 30 días=1; Hace más de un mes, pero menos de un año=2; Hace más de un año=3; No sabe=88; No contesta=99",20113,20057,"haven_labelled;vctrs_vctr;double"
"2014","__enpg/Base de datos ENPG 2014 (PG).DTA.dta","od7_5","OD7_5 ¿Ha probado Ud. alguno de los siguientes medicamentos estimulantes sin rec","Sí=1; No=2",20113,0,"haven_labelled;vctrs_vctr;double"
"2014","__enpg/Base de datos ENPG 2014 (PG).DTA.dta","od8_5","OD8_5 ¿Cuándo fue la última vez que consumió sin receta médica? Escancil","Durante los últimos 30 días=1; Hace más de un mes, pero menos de un año=2; Hace más de un año=3; No sabe=88; No contesta=99",20113,20091,"haven_labelled;vctrs_vctr;double"
"2014","__enpg/Base de datos ENPG 2014 (PG).DTA.dta","od7_6","OD7_6 ¿Ha probado Ud. alguno de los siguientes medicamentos estimulantes sin rec","Sí=1; No=2",20113,0,"haven_labelled;vctrs_vctr;double"
"2014","__enpg/Base de datos ENPG 2014 (PG).DTA.dta","od8_6","OD8_6 ¿Cuándo fue la última vez que consumió sin receta médica? Cylert o Pemolin","Durante los últimos 30 días=1; Hace más de un mes, pero menos de un año=2; Hace más de un año=3; No sabe=88; No contesta=99",20113,20109,"haven_labelled;vctrs_vctr;double"
"2014","__enpg/Base de datos ENPG 2014 (PG).DTA.dta","od7_7","OD7_7 ¿Ha probado Ud. alguno de los siguientes medicamentos estimulantes sin rec","Sí=1; No=2",20113,0,"haven_labelled;vctrs_vctr;double"
"2014","__enpg/Base de datos ENPG 2014 (PG).DTA.dta","od8_7","OD8_7 ¿Cuándo fue la última vez que consumió sin receta médica? Anfepramona","Durante los últimos 30 días=1; Hace más de un mes, pero menos de un año=2; Hace más de un año=3; No sabe=88; No contesta=99",20113,20103,"haven_labelled;vctrs_vctr;double"
"2014","__enpg/Base de datos ENPG 2014 (PG).DTA.dta","od7_8","OD7_8 ¿Ha probado Ud. alguno de los siguientes medicamentos estimulantes sin rec","Sí=1; No=2",20113,0,"haven_labelled;vctrs_vctr;double"
"2014","__enpg/Base de datos ENPG 2014 (PG).DTA.dta","od8_8","OD8_8 ¿Cuándo fue la última vez que consumió sin receta médica? Fenproporex o Sa","Durante los últimos 30 días=1; Hace más de un mes, pero menos de un año=2; Hace más de un año=3; No sabe=88; No contesta=99",20113,20105,"haven_labelled;vctrs_vctr;double"
"2014","__enpg/Base de datos ENPG 2014 (PG).DTA.dta","od9_1","OD9_1 ¿Ha probado Ud. alguna de las siguientes metanfetaminas alguna vez en su v","Sí=1; No=2",20113,0,"haven_labelled;vctrs_vctr;double"
"2014","__enpg/Base de datos ENPG 2014 (PG).DTA.dta","od10_1","OD10_1 ¿Cuándo fue la última vez que consumió ? Meth o Met, Crystal, Hielo (Ice)","Durante los últimos 30 días=1; Hace más de un mes, pero menos de un año=2; Hace más de un año=3; No sabe=88; No contesta=99",20113,20091,"haven_labelled;vctrs_vctr;double"
"2014","__enpg/Base de datos ENPG 2014 (PG).DTA.dta","od9_2","OD9_2 ¿Ha probado Ud. alguna de las siguientes metanfetaminas alguna vez en su v","Sí=1; No=2",20113,0,"haven_labelled;vctrs_vctr;double"
"2014","__enpg/Base de datos ENPG 2014 (PG).DTA.dta","od10_2","OD10_2 ¿Cuándo fue la última vez que consumió ? Cristina, Anteta, Crack Mexicano","Durante los últimos 30 días=1; Hace más de un mes, pero menos de un año=2; Hace más de un año=3; No sabe=88; No contesta=99",20113,20104,"haven_labelled;vctrs_vctr;double"
"2014","__enpg/Base de datos ENPG 2014 (PG).DTA.dta","od11_1","OD11_1 ¿Ha probado Ud. alguna de las siguientes sustancias inhalables alguna vez","Sí=1; No=2",20113,0,"haven_labelled;vctrs_vctr;double"
"2014","__enpg/Base de datos ENPG 2014 (PG).DTA.dta","od12_1","OD12_1 ¿Cuándo fue la última vez que consumió ? Neoprén","Durante los últimos 30 días=1; Hace más de un mes, pero menos de un año=2; Hace más de un año=3; No sabe=88; No contesta=99",20113,20027,"haven_labelled;vctrs_vctr;double"
"2014","__enpg/Base de datos ENPG 2014 (PG).DTA.dta","od11_2","OD11_2 ¿Ha probado Ud. alguna de las siguientes sustancias inhalables alguna vez","Sí=1; No=2",20113,0,"haven_labelled;vctrs_vctr;double"
"2014","__enpg/Base de datos ENPG 2014 (PG).DTA.dta","od12_2","OD12_2 ¿Cuándo fue la última vez que consumió ? Bencina o parafina","Durante los últimos 30 días=1; Hace más de un mes, pero menos de un año=2; Hace más de un año=3; No sabe=88; No contesta=99",20113,20071,"haven_labelled;vctrs_vctr;double"
"2014","__enpg/Base de datos ENPG 2014 (PG).DTA.dta","od11_3","OD11_3 ¿Ha probado Ud. alguna de las siguientes sustancias inhalables alguna vez","Sí=1; No=2",20113,0,"haven_labelled;vctrs_vctr;double"
"2014","__enpg/Base de datos ENPG 2014 (PG).DTA.dta","od12_3","OD12_3 ¿Cuándo fue la última vez que consumió ? Tolueno","Durante los últimos 30 días=1; Hace más de un mes, pero menos de un año=2; Hace más de un año=3; No sabe=88; No contesta=99",20113,20094,"haven_labelled;vctrs_vctr;double"
"2014","__enpg/Base de datos ENPG 2014 (PG).DTA.dta","od11_4","OD11_4 ¿Ha probado Ud. alguna de las siguientes sustancias inhalables alguna vez","Sí=1; No=2",20113,0,"haven_labelled;vctrs_vctr;double"
"2014","__enpg/Base de datos ENPG 2014 (PG).DTA.dta","od12_4","OD12_4 ¿Cuándo fue la última vez que consumió ? Desodorantes ambientales o corpo","Durante los últimos 30 días=1; Hace más de un mes, pero menos de un año=2; Hace más de un año=3; No sabe=88; No contesta=99",20113,20073,"haven_labelled;vctrs_vctr;double"
"2014","__enpg/Base de datos ENPG 2014 (PG).DTA.dta","od11_5","OD11_5 ¿Ha probado Ud. alguna de las siguientes sustancias inhalables alguna vez","Sí=1; No=2",20113,0,"haven_labelled;vctrs_vctr;double"
"2014","__enpg/Base de datos ENPG 2014 (PG).DTA.dta","od12_5","OD12_5 ¿Cuándo fue la última vez que consumió ? Pinturas en spray","Durante los últimos 30 días=1; Hace más de un mes, pero menos de un año=2; Hace más de un año=3; No sabe=88; No contesta=99",20113,20094,"haven_labelled;vctrs_vctr;double"
"2014","__enpg/Base de datos ENPG 2014 (PG).DTA.dta","od11_6","OD11_6 ¿Ha probado Ud. alguna de las siguientes sustancias inhalables alguna vez","Sí=1; No=2",20113,0,"haven_labelled;vctrs_vctr;double"
"2014","__enpg/Base de datos ENPG 2014 (PG).DTA.dta","od12_6","OD12_6 ¿Cuándo fue la última vez que consumió ? Acetona","Durante los últimos 30 días=1; Hace más de un mes, pero menos de un año=2; Hace más de un año=3; No sabe=88; No contesta=99",20113,20095,"haven_labelled;vctrs_vctr;double"
"2014","__enpg/Base de datos ENPG 2014 (PG).DTA.dta","od11_7","OD11_7 ¿Ha probado Ud. alguna de las siguientes sustancias inhalables alguna vez","Sí=1; No=2",20113,0,"haven_labelled;vctrs_vctr;double"
"2014","__enpg/Base de datos ENPG 2014 (PG).DTA.dta","od12_7","OD12_7 ¿Cuándo fue la última vez que consumió ? Éter u otros solventes volátiles","Durante los últimos 30 días=1; Hace más de un mes, pero menos de un año=2; Hace más de un año=3; No sabe=88; No contesta=99",20113,20099,"haven_labelled;vctrs_vctr;double"
"2014","__enpg/Base de datos ENPG 2014 (PG).DTA.dta","od11_8","OD11_8 ¿Ha probado Ud. alguna de las siguientes sustancias inhalables alguna vez","Sí=1; No=2",20113,0,"haven_labelled;vctrs_vctr;double"
"2014","__enpg/Base de datos ENPG 2014 (PG).DTA.dta","od12_8","OD12_8 ¿Cuándo fue la última vez que consumió ? Poppers","Durante los últimos 30 días=1; Hace más de un mes, pero menos de un año=2; Hace más de un año=3; No sabe=88; No contesta=99",20113,20090,"haven_labelled;vctrs_vctr;double"
"2014","__enpg/Base de datos ENPG 2014 (PG).DTA.dta","od11_9","OD11_9 ¿Ha probado Ud. alguna de las siguientes sustancias inhalables alguna vez","Sí=1; No=2",20113,0,"haven_labelled;vctrs_vctr;double"
"2014","__enpg/Base de datos ENPG 2014 (PG).DTA.dta","od12_9","OD12_9 ¿Cuándo fue la última vez que consumió ? Solventes para extintores de inc","Durante los últimos 30 días=1; Hace más de un mes, pero menos de un año=2; Hace más de un año=3; No sabe=88; No contesta=99",20113,20111,"haven_labelled;vctrs_vctr;double"
"2014","__enpg/Base de datos ENPG 2014 (PG).DTA.dta","od11_10","OD11_10 ¿Ha probado Ud. alguna de las siguientes sustancias inhalables alguna ve","Sí=1; No=2",20113,0,"haven_labelled;vctrs_vctr;double"
"2014","__enpg/Base de datos ENPG 2014 (PG).DTA.dta","od12_10","OD12_10 ¿Cuándo fue la última vez que consumió ? Cloruro de etilo","Durante los últimos 30 días=1; Hace más de un mes, pero menos de un año=2; Hace más de un año=3; No sabe=88; No contesta=99",20113,20098,"haven_labelled;vctrs_vctr;double"
"2014","__enpg/Base de datos ENPG 2014 (PG).DTA.dta","od13_1","OD13_1 ¿Ha probado Ud. alguno de los siguientes alucinógenos alguna vez en su vi","Sí=1; No=2",20113,0,"haven_labelled;vctrs_vctr;double"
"2014","__enpg/Base de datos ENPG 2014 (PG).DTA.dta","od14_1","OD14_1 ¿Cuándo fue la última vez que consumió? LSD u otros ácidos","Durante los últimos 30 días=1; Hace más de un mes, pero menos de un año=2; Hace más de un año=3; No sabe=88; No contesta=99",20113,20020,"haven_labelled;vctrs_vctr;double"
"2014","__enpg/Base de datos ENPG 2014 (PG).DTA.dta","od13_2","OD13_2 ¿Ha probado Ud. alguno de los siguientes alucinógenos alguna vez en su vi","Sí=1; No=2",20113,0,"haven_labelled;vctrs_vctr;double"
"2014","__enpg/Base de datos ENPG 2014 (PG).DTA.dta","od14_2","OD14_2 ¿Cuándo fue la última vez que consumió? Polvo de ángel","Durante los últimos 30 días=1; Hace más de un mes, pero menos de un año=2; Hace más de un año=3; No sabe=88; No contesta=99",20113,20109,"haven_labelled;vctrs_vctr;double"
"2014","__enpg/Base de datos ENPG 2014 (PG).DTA.dta","od13_3","OD13_3 ¿Ha probado Ud. alguno de los siguientes alucinógenos alguna vez en su vi","Sí=1; No=2",20113,0,"haven_labelled;vctrs_vctr;double"
"2014","__enpg/Base de datos ENPG 2014 (PG).DTA.dta","od14_3","OD14_3 ¿Cuándo fue la última vez que consumió? 25B-NBOMe o 25C-NBOMe","Durante los últimos 30 días=1; Hace más de un mes, pero menos de un año=2; Hace más de un año=3; No sabe=88; No contesta=99",20113,20105,"haven_labelled;vctrs_vctr;double"
"2014","__enpg/Base de datos ENPG 2014 (PG).DTA.dta","od13_4","OD13_4 ¿Ha probado Ud. alguno de los siguientes alucinógenos alguna vez en su vi","Sí=1; No=2",20113,0,"haven_labelled;vctrs_vctr;double"
"2014","__enpg/Base de datos ENPG 2014 (PG).DTA.dta","od14_4","OD14_4 ¿Cuándo fue la última vez que consumió? Peyote, San Pedro","Durante los últimos 30 días=1; Hace más de un mes, pero menos de un año=2; Hace más de un año=3; No sabe=88; No contesta=99",20113,20036,"haven_labelled;vctrs_vctr;double"
"2014","__enpg/Base de datos ENPG 2014 (PG).DTA.dta","od13_5","OD13_5 ¿Ha probado Ud. alguno de los siguientes alucinógenos alguna vez en su vi","Sí=1; No=2",20113,0,"haven_labelled;vctrs_vctr;double"
"2014","__enpg/Base de datos ENPG 2014 (PG).DTA.dta","od14_5","OD14_5 ¿Cuándo fue la última vez que consumió? Floripondio","Durante los últimos 30 días=1; Hace más de un mes, pero menos de un año=2; Hace más de un año=3; No sabe=88; No contesta=99",20113,20037,"haven_labelled;vctrs_vctr;double"
"2014","__enpg/Base de datos ENPG 2014 (PG).DTA.dta","od13_6","OD13_6 ¿Ha probado Ud. alguno de los siguientes alucinógenos alguna vez en su vi","Sí=1; No=2",20113,0,"haven_labelled;vctrs_vctr;double"
"2014","__enpg/Base de datos ENPG 2014 (PG).DTA.dta","od14_6","OD14_6 ¿Cuándo fue la última vez que consumió? Hongos o Cucumelo","Durante los últimos 30 días=1; Hace más de un mes, pero menos de un año=2; Hace más de un año=3; No sabe=88; No contesta=99",20113,20065,"haven_labelled;vctrs_vctr;double"
"2014","__enpg/Base de datos ENPG 2014 (PG).DTA.dta","od13_7","OD13_7 ¿Ha probado Ud. alguno de los siguientes alucinógenos alguna vez en su vi","Sí=1; No=2",20113,0,"haven_labelled;vctrs_vctr;double"
"2014","__enpg/Base de datos ENPG 2014 (PG).DTA.dta","od14_7","OD14_7 ¿Cuándo fue la última vez que consumió? Mescalina","Durante los últimos 30 días=1; Hace más de un mes, pero menos de un año=2; Hace más de un año=3; No sabe=88; No contesta=99",20113,20091,"haven_labelled;vctrs_vctr;double"
"2014","__enpg/Base de datos ENPG 2014 (PG).DTA.dta","od13_8","OD13_8 ¿Ha probado Ud. alguno de los siguientes alucinógenos alguna vez en su vi","Sí=1; No=2",20113,0,"haven_labelled;vctrs_vctr;double"
"2014","__enpg/Base de datos ENPG 2014 (PG).DTA.dta","od14_8","OD14_8 ¿Cuándo fue la última vez que consumió? Belladona","Durante los últimos 30 días=1; Hace más de un mes, pero menos de un año=2; Hace más de un año=3; No sabe=88; No contesta=99",20113,20109,"haven_labelled;vctrs_vctr;double"
"2014","__enpg/Base de datos ENPG 2014 (PG).DTA.dta","od13_9","OD13_9 ¿Ha probado Ud. alguno de los siguientes alucinógenos alguna vez en su vi","Sí=1; No=2",20113,0,"haven_labelled;vctrs_vctr;double"
"2014","__enpg/Base de datos ENPG 2014 (PG).DTA.dta","od14_9","OD14_9 ¿Cuándo fue la última vez que consumió? Ayahuasca","Durante los últimos 30 días=1; Hace más de un mes, pero menos de un año=2; Hace más de un año=3; No sabe=88; No contesta=99",20113,20094,"haven_labelled;vctrs_vctr;double"
"2014","__enpg/Base de datos ENPG 2014 (PG).DTA.dta","od15_1","OD15_1 ¿Ha probado Ud. alguno de los siguientes analgésicos sin receta médica al","Sí=1; No=2",20113,0,"haven_labelled;vctrs_vctr;double"
"2014","__enpg/Base de datos ENPG 2014 (PG).DTA.dta","od16_1","OD16_1 ¿Cuándo fue la última vez que consumió sin receta médica? Tramal o Tramad","Durante los últimos 30 días=1; Hace más de un mes, pero menos de un año=2; Hace más de un año=3; No sabe=88; No contesta=99",20113,19926,"haven_labelled;vctrs_vctr;double"
"2014","__enpg/Base de datos ENPG 2014 (PG).DTA.dta","od15_2","OD15_2 ¿Ha probado Ud. alguno de los siguientes analgésicos sin receta médica al","Sí=1; No=2",20113,0,"haven_labelled;vctrs_vctr;double"
"2014","__enpg/Base de datos ENPG 2014 (PG).DTA.dta","od16_2","OD16_2 ¿Cuándo fue la última vez que consumió sin receta médica? Codeína","Durante los últimos 30 días=1; Hace más de un mes, pero menos de un año=2; Hace más de un año=3; No sabe=88; No contesta=99",20113,20078,"haven_labelled;vctrs_vctr;double"
"2014","__enpg/Base de datos ENPG 2014 (PG).DTA.dta","od15_3","OD15_3 ¿Ha probado Ud. alguno de los siguientes analgésicos sin receta médica al","Sí=1; No=2",20113,0,"haven_labelled;vctrs_vctr;double"
"2014","__enpg/Base de datos ENPG 2014 (PG).DTA.dta","od16_3","OD16_3 ¿Cuándo fue la última vez que consumió sin receta médica? Morfina","Durante los últimos 30 días=1; Hace más de un mes, pero menos de un año=2; Hace más de un año=3; No sabe=88; No contesta=99",20113,20085,"haven_labelled;vctrs_vctr;double"
"2014","__enpg/Base de datos ENPG 2014 (PG).DTA.dta","od15_4","OD15_4 ¿Ha probado Ud. alguno de los siguientes analgésicos sin receta médica al","Sí=1; No=2",20113,0,"haven_labelled;vctrs_vctr;double"
"2014","__enpg/Base de datos ENPG 2014 (PG).DTA.dta","od16_4","OD16_4 ¿Cuándo fue la última vez que consumió sin receta médica? Metadona","Durante los últimos 30 días=1; Hace más de un mes, pero menos de un año=2; Hace más de un año=3; No sabe=88; No contesta=99",20113,20104,"haven_labelled;vctrs_vctr;double"
"2014","__enpg/Base de datos ENPG 2014 (PG).DTA.dta","od15_5","OD15_5 ¿Ha probado Ud. alguno de los siguientes analgésicos sin receta médica al","Sí=1; No=2",20113,0,"haven_labelled;vctrs_vctr;double"
"2014","__enpg/Base de datos ENPG 2014 (PG).DTA.dta","od16_5","OD16_5 ¿Cuándo fue la última vez que consumió sin receta médica? Petidina","Durante los últimos 30 días=1; Hace más de un mes, pero menos de un año=2; Hace más de un año=3; No sabe=88; No contesta=99",20113,20109,"haven_labelled;vctrs_vctr;double"
"2014","__enpg/Base de datos ENPG 2014 (PG).DTA.dta","od17_1","OD17_1 ¿Ha probado Ud. alguno de los siguientes medicamentos sin receta médica a","Sí=1; No=2",20113,0,"haven_labelled;vctrs_vctr;double"
"2014","__enpg/Base de datos ENPG 2014 (PG).DTA.dta","od18_1","OD18_1 ¿Cuándo fue la última vez que consumió sin receta médica? Fluoxetina, Pra","Durante los últimos 30 días=1; Hace más de un mes, pero menos de un año=2; Hace más de un año=3; No sabe=88; No contesta=99",20113,19997,"haven_labelled;vctrs_vctr;double"
"2014","__enpg/Base de datos ENPG 2014 (PG).DTA.dta","od17_2","OD17_2 ¿Ha probado Ud. alguno de los siguientes medicamentos sin receta médica a","Sí=1; No=2",20113,0,"haven_labelled;vctrs_vctr;double"
"2014","__enpg/Base de datos ENPG 2014 (PG).DTA.dta","od18_2","OD18_2 ¿Cuándo fue la última vez que consumió sin receta médica? Codetol, Tusige","Durante los últimos 30 días=1; Hace más de un mes, pero menos de un año=2; Hace más de un año=3; No sabe=88; No contesta=99",20113,20056,"haven_labelled;vctrs_vctr;double"
"2014","__enpg/Base de datos ENPG 2014 (PG).DTA.dta","od17_3","OD17_3 ¿Ha probado Ud. alguno de los siguientes medicamentos sin receta médica a","Sí=1; No=2",20113,0,"haven_labelled;vctrs_vctr;double"
"2014","__enpg/Base de datos ENPG 2014 (PG).DTA.dta","od18_3","OD18_3 ¿Cuándo fue la última vez que consumió sin receta médica? Clormezanona","Durante los últimos 30 días=1; Hace más de un mes, pero menos de un año=2; Hace más de un año=3; No sabe=88; No contesta=99",20113,20086,"haven_labelled;vctrs_vctr;double"
"2014","__enpg/Base de datos ENPG 2014 (PG).DTA.dta","od17_4","OD17_4 ¿Ha probado Ud. alguno de los siguientes medicamentos sin receta médica a","Sí=1; No=2",20113,0,"haven_labelled;vctrs_vctr;double"
"2014","__enpg/Base de datos ENPG 2014 (PG).DTA.dta","od18_4","OD18_4 ¿Cuándo fue la última vez que consumió sin receta médica? Sedantol","Durante los últimos 30 días=1; Hace más de un mes, pero menos de un año=2; Hace más de un año=3; No sabe=88; No contesta=99",20113,20104,"haven_labelled;vctrs_vctr;double"
"2014","__enpg/Base de datos ENPG 2014 (PG).DTA.dta","od17_5","OD17_5 ¿Ha probado Ud. alguno de los siguientes medicamentos sin receta médica a","Sí=1; No=2",20113,0,"haven_labelled;vctrs_vctr;double"
"2014","__enpg/Base de datos ENPG 2014 (PG).DTA.dta","od18_5","OD18_5 ¿Cuándo fue la última vez que consumió sin receta médica? Dietilpropión","Durante los últimos 30 días=1; Hace más de un mes, pero menos de un año=2; Hace más de un año=3; No sabe=88; No contesta=99",20113,20108,"haven_labelled;vctrs_vctr;double"
"2014","__enpg/Base de datos ENPG 2014 (PG).DTA.dta","od19_1","OD19_1 ¿Ha probado Ud. alguna de las siguientes sustancias alguna vez en su vida","Sí=1; No=2",20113,0,"haven_labelled;vctrs_vctr;double"
"2014","__enpg/Base de datos ENPG 2014 (PG).DTA.dta","od20_1","OD20_1 ¿Cuándo fue la última vez que consumió? Sibutramina","Durante los últimos 30 días=1; Hace más de un mes, pero menos de un año=2; Hace más de un año=3; No sabe=88; No contesta=99",20113,19981,"haven_labelled;vctrs_vctr;double"
"2014","__enpg/Base de datos ENPG 2014 (PG).DTA.dta","od19_2","OD19_2 ¿Ha probado Ud. alguna de las siguientes sustancias alguna vez en su vida","Sí=1; No=2",20113,0,"haven_labelled;vctrs_vctr;double"
"2014","__enpg/Base de datos ENPG 2014 (PG).DTA.dta","od20_2","OD20_2 ¿Cuándo fue la última vez que consumió? Tonaril, sin receta médica","Durante los últimos 30 días=1; Hace más de un mes, pero menos de un año=2; Hace más de un año=3; No sabe=88; No contesta=99",20113,20085,"haven_labelled;vctrs_vctr;double"
"2014","__enpg/Base de datos ENPG 2014 (PG).DTA.dta","od19_3","OD19_3 ¿Ha probado Ud. alguna de las siguientes sustancias alguna vez en su vida","Sí=1; No=2",20113,0,"haven_labelled;vctrs_vctr;double"
"2014","__enpg/Base de datos ENPG 2014 (PG).DTA.dta","od20_3","OD20_3 ¿Cuándo fue la última vez que consumió? Anabólicos","Durante los últimos 30 días=1; Hace más de un mes, pero menos de un año=2; Hace más de un año=3; No sabe=88; No contesta=99",20113,20093,"haven_labelled;vctrs_vctr;double"
"2014","__enpg/Base de datos ENPG 2014 (PG).DTA.dta","od19_4","OD19_4 ¿Ha probado Ud. alguna de las siguientes sustancias alguna vez en su vida","Sí=1; No=2",20113,0,"haven_labelled;vctrs_vctr;double"
"2014","__enpg/Base de datos ENPG 2014 (PG).DTA.dta","od20_4","OD20_4 ¿Cuándo fue la última vez que consumió? Esteroides","Durante los últimos 30 días=1; Hace más de un mes, pero menos de un año=2; Hace más de un año=3; No sabe=88; No contesta=99",20113,20097,"haven_labelled;vctrs_vctr;double"
"2014","__enpg/Base de datos ENPG 2014 (PG).DTA.dta","od19_5","OD19_5 ¿Ha probado Ud. alguna de las siguientes sustancias alguna vez en su vida","Sí=1; No=2",20113,0,"haven_labelled;vctrs_vctr;double"
"2014","__enpg/Base de datos ENPG 2014 (PG).DTA.dta","od20_5","OD20_5 ¿Cuándo fue la última vez que consumió? Ketamina","Durante los últimos 30 días=1; Hace más de un mes, pero menos de un año=2; Hace más de un año=3; No sabe=88; No contesta=99",20113,20102,"haven_labelled;vctrs_vctr;double"
"2014","__enpg/Base de datos ENPG 2014 (PG).DTA.dta","od19_6","OD19_6 ¿Ha probado Ud. alguna de las siguientes sustancias alguna vez en su vida","Sí=1; No=2",20113,0,"haven_labelled;vctrs_vctr;double"
"2014","__enpg/Base de datos ENPG 2014 (PG).DTA.dta","od20_6","OD20_6 ¿Cuándo fue la última vez que consumió? Mefedrona, Methylona o Sales de b","Durante los últimos 30 días=1; Hace más de un mes, pero menos de un año=2; Hace más de un año=3; No sabe=88; No contesta=99",20113,20109,"haven_labelled;vctrs_vctr;double"
"2014","__enpg/Base de datos ENPG 2014 (PG).DTA.dta","od21_1","OD21_1 ¿Alguna vez en su vida se ha inyectado alguna droga o sustancia?","Sí=1; No=2",20113,0,"haven_labelled;vctrs_vctr;double"
"2014","__enpg/Base de datos ENPG 2014 (PG).DTA.dta","od21_1esp","OD21_1ESP Especificar","",20113,0,"character"
"2014","__enpg/Base de datos ENPG 2014 (PG).DTA.dta","od21_2","OD21_2 ¿Alguna vez en su vida se ha inyectado alguna droga o sustancia?","Sí=1; No=2",20113,0,"haven_labelled;vctrs_vctr;double"
"2014","__enpg/Base de datos ENPG 2014 (PG).DTA.dta","od21_2esp","OD21_2ESP Especificar","",20113,0,"character"
"2014","__enpg/Base de datos ENPG 2014 (PG).DTA.dta","od21_3","OD21_3 ¿Alguna vez en su vida se ha inyectado alguna droga o sustancia?","Sí=1; No=2",20113,0,"haven_labelled;vctrs_vctr;double"
"2014","__enpg/Base de datos ENPG 2014 (PG).DTA.dta","od21_3esp","OD21_3ESP Especificar","",20113,0,"character"
"2014","__enpg/Base de datos ENPG 2014 (PG).DTA.dta","od22_1","OD22_1 ¿Cuándo fue la última vez que se inyectó alguna droga o sustancia","Durante los últimos 30 días=1; Hace más de un mes, pero menos de un año=2; Hace más de un año=3; No sabe=88; No contesta=99",20113,20017,"haven_labelled;vctrs_vctr;double"
"2014","__enpg/Base de datos ENPG 2014 (PG).DTA.dta","od22_2","OD22_2 ¿Cuándo fue la última vez que se inyectó alguna droga o sustancia","Durante los últimos 30 días=1; Hace más de un mes, pero menos de un año=2; Hace más de un año=3; No sabe=88; No contesta=99",20113,20086,"haven_labelled;vctrs_vctr;double"
"2014","__enpg/Base de datos ENPG 2014 (PG).DTA.dta","od22_3","OD22_3 ¿Cuándo fue la última vez que se inyectó alguna droga o sustancia","Durante los últimos 30 días=1; Hace más de un mes, pero menos de un año=2; Hace más de un año=3; No sabe=88; No contesta=99",20113,20104,"haven_labelled;vctrs_vctr;double"
"2014","__enpg/Base de datos ENPG 2014 (PG).DTA.dta","cc1","CC1 ¿Tiene licencia de conducir?","Sí=1; No=2; No sabe=88; No contesta=99",20113,1407,"haven_labelled;vctrs_vctr;double"
"2014","__enpg/Base de datos ENPG 2014 (PG).DTA.dta","cc2","CC2 Durante los últimos 12 meses, ¿Ha manejado algún vehículo después de haber c","Sí=1; No=2; No sabe=88; No contesta=99",20113,13725,"haven_labelled;vctrs_vctr;double"
"2014","__enpg/Base de datos ENPG 2014 (PG).DTA.dta","cc3","CC3 Durante los últimos 12 meses, ¿Ha manejado algún vehículo después de haber c","Sí=1; No=2; No sabe=88; No contesta=99",20113,13725,"haven_labelled;vctrs_vctr;double"
"2014","__enpg/Base de datos ENPG 2014 (PG).DTA.dta","cc4","CC4 Durante los últimos 12 meses, ¿Ha manejado algún vehículo después de haber c","Sí, especifique la droga=1; No=2; No sabe=88; No contesta=99",20113,13725,"haven_labelled;vctrs_vctr;double"
"2014","__enpg/Base de datos ENPG 2014 (PG).DTA.dta","cc4_esp","CC4_ESP Especificar","",20113,0,"character"
"2014","__enpg/Base de datos ENPG 2014 (PG).DTA.dta","cc5","CC5 Durante los últimos 12 meses, ¿Ha manejado algún vehículo después de haber c","Sí, especifique la droga=1; No=2; No sabe=88; No contesta=99",20113,13725,"haven_labelled;vctrs_vctr;double"
"2014","__enpg/Base de datos ENPG 2014 (PG).DTA.dta","cc5_esp","CC5_ESP Especificar","",20113,0,"character"
"2014","__enpg/Base de datos ENPG 2014 (PG).DTA.dta","trata1","TRATA1 ¿Ha recibido Ud. alguna vez en su vida algún tipo de tratamiento por el c","Sí=1; No=2",20113,0,"haven_labelled;vctrs_vctr;double"
"2014","__enpg/Base de datos ENPG 2014 (PG).DTA.dta","trata2","TRATA2 ¿Durante los últimos 12 meses ha recibido Ud. algún tipo de tratamiento p","Sí=1; No=2",20113,19817,"haven_labelled;vctrs_vctr;double"
"2014","__enpg/Base de datos ENPG 2014 (PG).DTA.dta","trata3","TRATA3 ¿Este tratamiento que Ud. recibió durante los últimos 12 meses fue sólo p","Solo por consumo de alcohol=1; Solo por consumo de drogas=2; Por consumo de alcohol y drogas=3",20113,20022,"haven_labelled;vctrs_vctr;double"
"2014","__enpg/Base de datos ENPG 2014 (PG).DTA.dta","trata4_agnos","TRATA4_AGNOS Años","",20113,20024,"numeric"
"2014","__enpg/Base de datos ENPG 2014 (PG).DTA.dta","trata4_meses","TRATA4_MESES Mes","",20113,20045,"numeric"
"2014","__enpg/Base de datos ENPG 2014 (PG).DTA.dta","trata5","TRATA5 Durante los últimos 12 meses, ¿Ha sentido la necesidad de recibir algún t","Sí, solo por consumo de alcohol=1; Sí, solo por consumo de drogas=2; Sí, por consumo de alcohol y drogas=3; No=4",20113,186,"haven_labelled;vctrs_vctr;double"
"2014","__enpg/Base de datos ENPG 2014 (PG).DTA.dta","trata6","TRATA6 Durante los últimos 12 meses, ¿Ha intentado obtener algún tipo de ayuda o","Sí, solo por consumo de alcohol=1; Sí, solo por consumo de drogas=2; Sí, por consumo de alcohol y drogas=3; No=4",20113,19937,"haven_labelled;vctrs_vctr;double"
"2014","__enpg/Base de datos ENPG 2014 (PG).DTA.dta","pr1_1","PR1_1 Fuma una o más de una cajetilla de cigarrillos al día","Ningún riesgo=1; Riesgo leve=2; Riesgo moderado=3; Riesgo grande=4; No sabe=88",20113,0,"haven_labelled;vctrs_vctr;double"
"2014","__enpg/Base de datos ENPG 2014 (PG).DTA.dta","pr1_2","PR1_2 Toma cinco o más tragos diariamente","Ningún riesgo=1; Riesgo leve=2; Riesgo moderado=3; Riesgo grande=4; No sabe=88",20113,0,"haven_labelled;vctrs_vctr;double"
"2014","__enpg/Base de datos ENPG 2014 (PG).DTA.dta","pr1_3","PR1_3 Prueba marihuana una o dos veces (uso experimental)","Ningún riesgo=1; Riesgo leve=2; Riesgo moderado=3; Riesgo grande=4; No sabe=88",20113,0,"haven_labelled;vctrs_vctr;double"
"2014","__enpg/Base de datos ENPG 2014 (PG).DTA.dta","pr1_4","PR1_4 Fuma marihuana frecuentemente","Ningún riesgo=1; Riesgo leve=2; Riesgo moderado=3; Riesgo grande=4; No sabe=88",20113,0,"haven_labelled;vctrs_vctr;double"
"2014","__enpg/Base de datos ENPG 2014 (PG).DTA.dta","pr1_5","PR1_5 Prueba cocaína una o dos veces (uso experimental)","Ningún riesgo=1; Riesgo leve=2; Riesgo moderado=3; Riesgo grande=4; No sabe=88",20113,0,"haven_labelled;vctrs_vctr;double"
"2014","__enpg/Base de datos ENPG 2014 (PG).DTA.dta","pr1_6","PR1_6 Usa cocaína frecuentemente","Ningún riesgo=1; Riesgo leve=2; Riesgo moderado=3; Riesgo grande=4; No sabe=88",20113,0,"haven_labelled;vctrs_vctr;double"
"2014","__enpg/Base de datos ENPG 2014 (PG).DTA.dta","pr1_7","PR1_7 Prueba pasta base una o dos veces (uso experimental)","Ningún riesgo=1; Riesgo leve=2; Riesgo moderado=3; Riesgo grande=4; No sabe=88",20113,0,"haven_labelled;vctrs_vctr;double"
"2014","__enpg/Base de datos ENPG 2014 (PG).DTA.dta","pr1_8","PR1_8 Usa pasta base frecuentemente","Ningún riesgo=1; Riesgo leve=2; Riesgo moderado=3; Riesgo grande=4; No sabe=88",20113,0,"haven_labelled;vctrs_vctr;double"
"2014","__enpg/Base de datos ENPG 2014 (PG).DTA.dta","pr1_9","PR1_9 Prueba éxtasis una o dos veces (uso experimental)","Ningún riesgo=1; Riesgo leve=2; Riesgo moderado=3; Riesgo grande=4; No sabe=88",20113,0,"haven_labelled;vctrs_vctr;double"
"2014","__enpg/Base de datos ENPG 2014 (PG).DTA.dta","pr1_10","PR1_10 Usa éxtasis frecuentemente","Ningún riesgo=1; Riesgo leve=2; Riesgo moderado=3; Riesgo grande=4; No sabe=88",20113,0,"haven_labelled;vctrs_vctr;double"
"2014","__enpg/Base de datos ENPG 2014 (PG).DTA.dta","eb1","EB1 Hasta donde Ud. sabe, ¿alguien en su casa, distinto de usted, tiene problema","Sí=1; No=2; No sabe=88; No contesta=99",20113,0,"haven_labelled;vctrs_vctr;double"
"2014","__enpg/Base de datos ENPG 2014 (PG).DTA.dta","eb2_1","EB2_1 ¿En su casa, y hasta donde usted conoce, alguien usa o consume alguna de e","Sí=1; No=2; No sabe=88; No contesta=99",20113,0,"haven_labelled;vctrs_vctr;double"
"2014","__enpg/Base de datos ENPG 2014 (PG).DTA.dta","eb2_2","EB2_2 ¿En su casa, y hasta donde usted conoce, alguien usa o consume alguna de e","Sí=1; No=2; No sabe=88; No contesta=99",20113,0,"haven_labelled;vctrs_vctr;double"
"2014","__enpg/Base de datos ENPG 2014 (PG).DTA.dta","eb2_3","EB2_3 ¿En su casa, y hasta donde usted conoce, alguien usa o consume alguna de e","Sí=1; No=2; No sabe=88; No contesta=99",20113,0,"haven_labelled;vctrs_vctr;double"
"2014","__enpg/Base de datos ENPG 2014 (PG).DTA.dta","eb3_1","EB3_1 Hasta donde Ud. conoce, ¿Cuánto hay de las siguientes cosas en su barrio?","Mucho=1; Bastante=2; Algo=3; Poco=4; Nada=5; No sabe=88; No contesta=99",20113,0,"haven_labelled;vctrs_vctr;double"
"2014","__enpg/Base de datos ENPG 2014 (PG).DTA.dta","eb3_2","EB3_2 Hasta donde Ud. conoce, ¿Cuánto hay de las siguientes cosas en su barrio?","Mucho=1; Bastante=2; Algo=3; Poco=4; Nada=5; No sabe=88; No contesta=99",20113,0,"haven_labelled;vctrs_vctr;double"
"2014","__enpg/Base de datos ENPG 2014 (PG).DTA.dta","eb3_3","EB3_3 Hasta donde Ud. conoce, ¿Cuánto hay de las siguientes cosas en su barrio?","Mucho=1; Bastante=2; Algo=3; Poco=4; Nada=5; No sabe=88; No contesta=99",20113,0,"haven_labelled;vctrs_vctr;double"
"2014","__enpg/Base de datos ENPG 2014 (PG).DTA.dta","eb3_4","EB3_4 Hasta donde Ud. conoce, ¿Cuánto hay de las siguientes cosas en su barrio?","Mucho=1; Bastante=2; Algo=3; Poco=4; Nada=5; No sabe=88; No contesta=99",20113,0,"haven_labelled;vctrs_vctr;double"
"2014","__enpg/Base de datos ENPG 2014 (PG).DTA.dta","eb3_5","EB3_5 Hasta donde Ud. conoce, ¿Cuánto hay de las siguientes cosas en su barrio?","Mucho=1; Bastante=2; Algo=3; Poco=4; Nada=5; No sabe=88; No contesta=99",20113,0,"haven_labelled;vctrs_vctr;double"
"2014","__enpg/Base de datos ENPG 2014 (PG).DTA.dta","eb3_6","EB3_6 Hasta donde Ud. conoce, ¿Cuánto hay de las siguientes cosas en su barrio?","Mucho=1; Bastante=2; Algo=3; Poco=4; Nada=5; No sabe=88; No contesta=99",20113,0,"haven_labelled;vctrs_vctr;double"
"2014","__enpg/Base de datos ENPG 2014 (PG).DTA.dta","eb3_7","EB3_7 Hasta donde Ud. conoce, ¿Cuánto hay de las siguientes cosas en su barrio?","Mucho=1; Bastante=2; Algo=3; Poco=4; Nada=5; No sabe=88; No contesta=99",20113,0,"haven_labelled;vctrs_vctr;double"
"2014","__enpg/Base de datos ENPG 2014 (PG).DTA.dta","eb3_8","EB3_8 Hasta donde Ud. conoce, ¿Cuánto hay de las siguientes cosas en su barrio?","Mucho=1; Bastante=2; Algo=3; Poco=4; Nada=5; No sabe=88; No contesta=99",20113,0,"haven_labelled;vctrs_vctr;double"
"2014","__enpg/Base de datos ENPG 2014 (PG).DTA.dta","eb4_1","EB4_1 ¿Cuán difícil le sería a Ud. conseguir alguna de las siguientes drogas? Ma","Le sería muy fácil=1; Le sería fácil=2; Le sería difícil=3; Le sería muy difícil=4; No podría conseguir=5; No sabe=88; No contesta=99",20113,0,"haven_labelled;vctrs_vctr;double"
"2014","__enpg/Base de datos ENPG 2014 (PG).DTA.dta","eb4_2","EB4_2 ¿Cuán difícil le sería a Ud. conseguir alguna de las siguientes drogas? Co","Le sería muy fácil=1; Le sería fácil=2; Le sería difícil=3; Le sería muy difícil=4; No podría conseguir=5; No sabe=88; No contesta=99",20113,0,"haven_labelled;vctrs_vctr;double"
"2014","__enpg/Base de datos ENPG 2014 (PG).DTA.dta","eb4_3","EB4_3 ¿Cuán difícil le sería a Ud. conseguir alguna de las siguientes drogas? Pa","Le sería muy fácil=1; Le sería fácil=2; Le sería difícil=3; Le sería muy difícil=4; No podría conseguir=5; No sabe=88; No contesta=99",20113,0,"haven_labelled;vctrs_vctr;double"
"2014","__enpg/Base de datos ENPG 2014 (PG).DTA.dta","eb4_4","EB4_4 ¿Cuán difícil le sería a Ud. conseguir alguna de las siguientes drogas? Éx","Le sería muy fácil=1; Le sería fácil=2; Le sería difícil=3; Le sería muy difícil=4; No podría conseguir=5; No sabe=88; No contesta=99",20113,0,"haven_labelled;vctrs_vctr;double"
"2014","__enpg/Base de datos ENPG 2014 (PG).DTA.dta","eb4_5","EB4_5 ¿Cuán difícil le sería a Ud. conseguir alguna de las siguientes drogas? An","Le sería muy fácil=1; Le sería fácil=2; Le sería difícil=3; Le sería muy difícil=4; No podría conseguir=5; No sabe=88; No contesta=99",20113,0,"haven_labelled;vctrs_vctr;double"
"2014","__enpg/Base de datos ENPG 2014 (PG).DTA.dta","eb5_1","EB5_1 Y según lo que usted sabe, ¿Cuánto tiempo se demoraría en conseguir alguna","Menos de una hora=1; Algunas pocas horas=2; Dentro del día=3; Dentro de la semana=4; No podría conseguirla=5; No sabe=88",20113,0,"haven_labelled;vctrs_vctr;double"
"2014","__enpg/Base de datos ENPG 2014 (PG).DTA.dta","eb5_2","EB5_2 Y según lo que usted sabe, ¿Cuánto tiempo se demoraría en conseguir alguna","Menos de una hora=1; Algunas pocas horas=2; Dentro del día=3; Dentro de la semana=4; No podría conseguirla=5; No sabe=88",20113,0,"haven_labelled;vctrs_vctr;double"
"2014","__enpg/Base de datos ENPG 2014 (PG).DTA.dta","eb5_3","EB5_3 Y según lo que usted sabe, ¿Cuánto tiempo se demoraría en conseguir alguna","Menos de una hora=1; Algunas pocas horas=2; Dentro del día=3; Dentro de la semana=4; No podría conseguirla=5; No sabe=88",20113,0,"haven_labelled;vctrs_vctr;double"
"2014","__enpg/Base de datos ENPG 2014 (PG).DTA.dta","eb5_4","EB5_4 Y según lo que usted sabe, ¿Cuánto tiempo se demoraría en conseguir alguna","Menos de una hora=1; Algunas pocas horas=2; Dentro del día=3; Dentro de la semana=4; No podría conseguirla=5; No sabe=88",20113,0,"haven_labelled;vctrs_vctr;double"
"2014","__enpg/Base de datos ENPG 2014 (PG).DTA.dta","eb5_5","EB5_5 Y según lo que usted sabe, ¿Cuánto tiempo se demoraría en conseguir alguna","Menos de una hora=1; Algunas pocas horas=2; Dentro del día=3; Dentro de la semana=4; No podría conseguirla=5; No sabe=88",20113,0,"haven_labelled;vctrs_vctr;double"
"2014","__enpg/Base de datos ENPG 2014 (PG).DTA.dta","eb6_1","EB6_1 ¿Y cuándo fue la última vez que una persona, conocida o desconocida, le of","Nunca me han ofrecido=0; En los últimos 30 días=1; Hace más de un mes pero menos de un año=2; Hace más de un año=3",20113,0,"haven_labelled;vctrs_vctr;double"
"2014","__enpg/Base de datos ENPG 2014 (PG).DTA.dta","eb7_1","EB7_1 En cuál de los siguientes lugares se la ofrecieron. Marihunana","En la casa=1; En los alrededores de la casa, barrio o comuna=2; En el lugar de estudios o trabajo=3; En los alrededores del lugar de estudio o trabajo=4; En una fiesta, junta, discoteque, recitales=5; Por internet, mail o chat=6; En otro lugar=7; No contesta=99",20113,13687,"haven_labelled;vctrs_vctr;double"
"2014","__enpg/Base de datos ENPG 2014 (PG).DTA.dta","eb6_2","EB6_2 ¿Y cuándo fue la última vez que una persona, conocida o desconocida, le of","Nunca me han ofrecido=0; En los últimos 30 días=1; Hace más de un mes pero menos de un año=2; Hace más de un año=3",20113,0,"haven_labelled;vctrs_vctr;double"
"2014","__enpg/Base de datos ENPG 2014 (PG).DTA.dta","eb7_2","EB7_2 En cuál de los siguientes lugares se la ofrecieron. Cocaína","En la casa=1; En los alrededores de la casa, barrio o comuna=2; En el lugar de estudios o trabajo=3; En los alrededores del lugar de estudio o trabajo=4; En una fiesta, junta, discoteque, recitales=5; Por internet, mail o chat=6; En otro lugar=7; No contesta=99",20113,18192,"haven_labelled;vctrs_vctr;double"
"2014","__enpg/Base de datos ENPG 2014 (PG).DTA.dta","eb6_3","EB6_3 ¿Y cuándo fue la última vez que una persona, conocida o desconocida, le of","Nunca me han ofrecido=0; En los últimos 30 días=1; Hace más de un mes pero menos de un año=2; Hace más de un año=3",20113,0,"haven_labelled;vctrs_vctr;double"
"2014","__enpg/Base de datos ENPG 2014 (PG).DTA.dta","eb7_3","EB7_3 En cuál de los siguientes lugares se la ofrecieron. Pasta base","En la casa=1; En los alrededores de la casa, barrio o comuna=2; En el lugar de estudios o trabajo=3; En los alrededores del lugar de estudio o trabajo=4; En una fiesta, junta, discoteque, recitales=5; Por internet, mail o chat=6; En otro lugar=7; No contesta=99",20113,19060,"haven_labelled;vctrs_vctr;double"
"2014","__enpg/Base de datos ENPG 2014 (PG).DTA.dta","eb6_4","EB6_4 ¿Y cuándo fue la última vez que una persona, conocida o desconocida, le of","Nunca me han ofrecido=0; En los últimos 30 días=1; Hace más de un mes pero menos de un año=2; Hace más de un año=3",20113,0,"haven_labelled;vctrs_vctr;double"
"2014","__enpg/Base de datos ENPG 2014 (PG).DTA.dta","eb7_4","EB7_4 En cuál de los siguientes lugares se la ofrecieron. Éxtasis","En la casa=1; En los alrededores de la casa, barrio o comuna=2; En el lugar de estudios o trabajo=3; En los alrededores del lugar de estudio o trabajo=4; En una fiesta, junta, discoteque, recitales=5; Por internet, mail o chat=6; En otro lugar=7; No contesta=99",20113,19689,"haven_labelled;vctrs_vctr;double"
"2014","__enpg/Base de datos ENPG 2014 (PG).DTA.dta","eb6_5","EB6_5 ¿Y cuándo fue la última vez que una persona, conocida o desconocida, le of","Nunca me han ofrecido=0; En los últimos 30 días=1; Hace más de un mes pero menos de un año=2; Hace más de un año=3",20113,0,"haven_labelled;vctrs_vctr;double"
"2014","__enpg/Base de datos ENPG 2014 (PG).DTA.dta","eb7_5","EB7_5 En cuál de los siguientes lugares se la ofrecieron. Anfetaminas sin receta","En la casa=1; En los alrededores de la casa, barrio o comuna=2; En el lugar de estudios o trabajo=3; En los alrededores del lugar de estudio o trabajo=4; En una fiesta, junta, discoteque, recitales=5; Por internet, mail o chat=6; En otro lugar=7; No contesta=99",20113,19684,"haven_labelled;vctrs_vctr;double"
"2014","__enpg/Base de datos ENPG 2014 (PG).DTA.dta","am1_1","AM1_1 ¿Cree usted que el tema de la droga está entre las preocupaciones centrale","Sí=1; No=2; No sabe=88; No contesta=99",20113,0,"haven_labelled;vctrs_vctr;double"
"2014","__enpg/Base de datos ENPG 2014 (PG).DTA.dta","am1_2","AM1_2 ¿Cree usted que el tema de la droga está entre las preocupaciones centrale","Sí=1; No=2; No sabe=88; No contesta=99",20113,0,"haven_labelled;vctrs_vctr;double"
"2014","__enpg/Base de datos ENPG 2014 (PG).DTA.dta","am1_3","AM1_3 ¿Cree usted que el tema de la droga está entre las preocupaciones centrale","Sí=1; No=2; No sabe=88; No contesta=99",20113,0,"haven_labelled;vctrs_vctr;double"
"2014","__enpg/Base de datos ENPG 2014 (PG).DTA.dta","am2","AM2 En su opinión y según lo usted sabe ¿Cómo evalúa usted el desempeño de las a","Excelente=1; Muy buena=2; Buena=3; Regular=4; Mala=5; Muy mala=6; Pésima=7; No sabe, no dispone de información suficiente cómo para evaluar=8",20113,0,"haven_labelled;vctrs_vctr;double"
"2014","__enpg/Base de datos ENPG 2014 (PG).DTA.dta","am3_1","AM3_1 1ª Medida","Aumentar el castigo a los traficantes=1; Establecer un castigo a los consumidores=2; Desarrollar campañas de prevención en colegios=3; Hacer campañas a través de medios de comunicación=4; Aumentar los recursos policiales=5; Entregar mayores fondos para tratamiento y rehabilitación=6; Implementar acciones que faciliten la inclusión de personas en vulnerabilidad social=7; No contesta=99",20113,0,"haven_labelled;vctrs_vctr;double"
"2014","__enpg/Base de datos ENPG 2014 (PG).DTA.dta","am3_2","AM3_2 2ª Medida","Aumentar el castigo a los traficantes=1; Establecer un castigo a los consumidores=2; Desarrollar campañas de prevención en colegios=3; Hacer campañas a través de medios de comunicación=4; Aumentar los recursos policiales=5; Entregar mayores fondos para tratamiento y rehabilitación=6; Implementar acciones que faciliten la inclusión de personas en vulnerabilidad social=7; No contesta=99",20113,337,"haven_labelled;vctrs_vctr;double"
"2014","__enpg/Base de datos ENPG 2014 (PG).DTA.dta","am3_3","AM3_3 3ª Medida","Aumentar el castigo a los traficantes=1; Establecer un castigo a los consumidores=2; Desarrollar campañas de prevención en colegios=3; Hacer campañas a través de medios de comunicación=4; Aumentar los recursos policiales=5; Entregar mayores fondos para tratamiento y rehabilitación=6; Implementar acciones que faciliten la inclusión de personas en vulnerabilidad social=7; No contesta=99",20113,543,"haven_labelled;vctrs_vctr;double"
"2014","__enpg/Base de datos ENPG 2014 (PG).DTA.dta","am4_1","AM4_1  En los últimos 12 meses ¿Ha recibido alguna información relacionada con l","Sí=1; No=2; No aplica=77; No sabe=88; No contesta=99",20113,0,"haven_labelled;vctrs_vctr;double"
"2014","__enpg/Base de datos ENPG 2014 (PG).DTA.dta","am4_2","AM4_2  En los últimos 12 meses ¿Ha recibido alguna información relacionada con l","Sí=1; No=2; No aplica=77; No sabe=88; No contesta=99",20113,0,"haven_labelled;vctrs_vctr;double"
"2014","__enpg/Base de datos ENPG 2014 (PG).DTA.dta","am4_3","AM4_3  En los últimos 12 meses ¿Ha recibido alguna información relacionada con l","Sí=1; No=2; No aplica=77; No sabe=88; No contesta=99",20113,0,"haven_labelled;vctrs_vctr;double"
"2014","__enpg/Base de datos ENPG 2014 (PG).DTA.dta","am4_4","AM4_4  En los últimos 12 meses ¿Ha recibido alguna información relacionada con l","Sí=1; No=2; No aplica=77; No sabe=88; No contesta=99",20113,0,"haven_labelled;vctrs_vctr;double"
"2014","__enpg/Base de datos ENPG 2014 (PG).DTA.dta","am4_5","AM4_5  En los últimos 12 meses ¿Ha recibido alguna información relacionada con l","Sí=1; No=2; No aplica=77; No sabe=88; No contesta=99",20113,0,"haven_labelled;vctrs_vctr;double"
"2014","__enpg/Base de datos ENPG 2014 (PG).DTA.dta","am4_6","AM4_6  En los últimos 12 meses ¿Ha recibido alguna información relacionada con l","Sí=1; No=2; No aplica=77; No sabe=88; No contesta=99",20113,0,"haven_labelled;vctrs_vctr;double"
"2014","__enpg/Base de datos ENPG 2014 (PG).DTA.dta","am4_7","AM4_7  En los últimos 12 meses ¿Ha recibido alguna información relacionada con l","Sí=1; No=2; No aplica=77; No sabe=88; No contesta=99",20113,0,"haven_labelled;vctrs_vctr;double"
"2014","__enpg/Base de datos ENPG 2014 (PG).DTA.dta","am5_1","AM5_1 Hasta donde usted conoce, ¿Existe algún tipo de programa para ayudar a las","Sí=1; No=2; No aplica=77; No sabe=88; No contesta=99",20113,0,"haven_labelled;vctrs_vctr;double"
"2014","__enpg/Base de datos ENPG 2014 (PG).DTA.dta","am5_2","AM5_2 Hasta donde usted conoce, ¿Existe algún tipo de programa para ayudar a las","Sí=1; No=2; No aplica=77; No sabe=88; No contesta=99",20113,0,"haven_labelled;vctrs_vctr;double"
"2014","__enpg/Base de datos ENPG 2014 (PG).DTA.dta","am5_3","AM5_3 Hasta donde usted conoce, ¿Existe algún tipo de programa para ayudar a las","Sí=1; No=2; No aplica=77; No sabe=88; No contesta=99",20113,0,"haven_labelled;vctrs_vctr;double"
"2014","__enpg/Base de datos ENPG 2014 (PG).DTA.dta","am5_4","AM5_4 Hasta donde usted conoce, ¿Existe algún tipo de programa para ayudar a las","Sí=1; No=2; No aplica=77; No sabe=88; No contesta=99",20113,0,"haven_labelled;vctrs_vctr;double"
"2014","__enpg/Base de datos ENPG 2014 (PG).DTA.dta","am5_5","AM5_5 Hasta donde usted conoce, ¿Existe algún tipo de programa para ayudar a las","Sí=1; No=2; No aplica=77; No sabe=88; No contesta=99",20113,0,"haven_labelled;vctrs_vctr;double"
"2014","__enpg/Base de datos ENPG 2014 (PG).DTA.dta","am5_6","AM5_6 Hasta donde usted conoce, ¿Existe algún tipo de programa para ayudar a las","Sí=1; No=2; No aplica=77; No sabe=88; No contesta=99",20113,0,"haven_labelled;vctrs_vctr;double"
"2014","__enpg/Base de datos ENPG 2014 (PG).DTA.dta","am5_7","AM5_7 Hasta donde usted conoce, ¿Existe algún tipo de programa para ayudar a las","Sí=1; No=2; No aplica=77; No sabe=88; No contesta=99",20113,0,"haven_labelled;vctrs_vctr;double"
"2014","__enpg/Base de datos ENPG 2014 (PG).DTA.dta","am6","AM6 ¿Sabe Ud. qué es el SENDA?","Sí=1; No=2; No sabe=88; No contesta=99",20113,0,"haven_labelled;vctrs_vctr;double"
"2014","__enpg/Base de datos ENPG 2014 (PG).DTA.dta","am7","AM7 ¿Y qué hace el SENDA?","Respuesta correcta=1; Respuesta incorrecta=2; No sabe=88; No contesta=99",20113,16505,"haven_labelled;vctrs_vctr;double"
"2014","__enpg/Base de datos ENPG 2014 (PG).DTA.dta","op1_1","OP1_1 Aumentar el impuesto a las bebidas alcohólicas","Muy de acuerdo=1; De acuerdo=2; En desacuerdo=3; Muy en desacuerdo=4; No sabe=88; No contesta=99",20113,0,"haven_labelled;vctrs_vctr;double"
"2014","__enpg/Base de datos ENPG 2014 (PG).DTA.dta","op1_2","OP1_2 Reducir el número de locales que venden bebidas alcohólicas","Muy de acuerdo=1; De acuerdo=2; En desacuerdo=3; Muy en desacuerdo=4; No sabe=88; No contesta=99",20113,0,"haven_labelled;vctrs_vctr;double"
"2014","__enpg/Base de datos ENPG 2014 (PG).DTA.dta","op1_3","OP1_3 Aumentar el límite de 18 a 21 años para comprar alcohol","Muy de acuerdo=1; De acuerdo=2; En desacuerdo=3; Muy en desacuerdo=4; No sabe=88; No contesta=99",20113,0,"haven_labelled;vctrs_vctr;double"
"2014","__enpg/Base de datos ENPG 2014 (PG).DTA.dta","op1_4","OP1_4 Aumentar las penas para quienes conducen vehículos en estado de ebriedad","Muy de acuerdo=1; De acuerdo=2; En desacuerdo=3; Muy en desacuerdo=4; No sabe=88; No contesta=99",20113,0,"haven_labelled;vctrs_vctr;double"
"2014","__enpg/Base de datos ENPG 2014 (PG).DTA.dta","op1_5","OP1_5 Eliminar el auspicio de bebidas alcohólicas para equipos o eventos deporti","Muy de acuerdo=1; De acuerdo=2; En desacuerdo=3; Muy en desacuerdo=4; No sabe=88; No contesta=99",20113,0,"haven_labelled;vctrs_vctr;double"
"2014","__enpg/Base de datos ENPG 2014 (PG).DTA.dta","op1_6","OP1_6 Reducir la hora límite para vender alcohol  en las noches","Muy de acuerdo=1; De acuerdo=2; En desacuerdo=3; Muy en desacuerdo=4; No sabe=88; No contesta=99",20113,0,"haven_labelled;vctrs_vctr;double"
"2014","__enpg/Base de datos ENPG 2014 (PG).DTA.dta","op2_1","OP2_1 El consumo de alcohol es el principal responsable de la delincuencia en es","Muy de acuerdo=1; De acuerdo=2; En desacuerdo=3; Muy en desacuerdo=4; No sabe=88; No contesta=99",20113,0,"haven_labelled;vctrs_vctr;double"
"2014","__enpg/Base de datos ENPG 2014 (PG).DTA.dta","op2_2","OP2_2 El tabaco produce más daño que la marihuana","Muy de acuerdo=1; De acuerdo=2; En desacuerdo=3; Muy en desacuerdo=4; No sabe=88; No contesta=99",20113,0,"haven_labelled;vctrs_vctr;double"
"2014","__enpg/Base de datos ENPG 2014 (PG).DTA.dta","op2_3","OP2_3 Los cigarrillos electrónicos ayudan a la gente a dejar de fumar","Muy de acuerdo=1; De acuerdo=2; En desacuerdo=3; Muy en desacuerdo=4; No sabe=88; No contesta=99",20113,0,"haven_labelled;vctrs_vctr;double"
"2014","__enpg/Base de datos ENPG 2014 (PG).DTA.dta","op2_4","OP2_4 Los cigarrillos electrónicos son menos peligrosos que los cigarrillos","Muy de acuerdo=1; De acuerdo=2; En desacuerdo=3; Muy en desacuerdo=4; No sabe=88; No contesta=99",20113,0,"haven_labelled;vctrs_vctr;double"
"2014","__enpg/Base de datos ENPG 2014 (PG).DTA.dta","op2_5","OP2_5 Los cigarrillos electrónicos son menos adictivos que los cigarrillos","Muy de acuerdo=1; De acuerdo=2; En desacuerdo=3; Muy en desacuerdo=4; No sabe=88; No contesta=99",20113,0,"haven_labelled;vctrs_vctr;double"
"2014","__enpg/Base de datos ENPG 2014 (PG).DTA.dta","op3_1","OP3_1 La mayoría de los jóvenes fuma marihuana","Muy de acuerdo=1; De acuerdo=2; En desacuerdo=3; Muy en desacuerdo=4; No sabe=88; No contesta=99",20113,0,"haven_labelled;vctrs_vctr;double"
"2014","__enpg/Base de datos ENPG 2014 (PG).DTA.dta","op3_2","OP3_2 La marihuana produce menos daño que el alcohol","Muy de acuerdo=1; De acuerdo=2; En desacuerdo=3; Muy en desacuerdo=4; No sabe=88; No contesta=99",20113,0,"haven_labelled;vctrs_vctr;double"
"2014","__enpg/Base de datos ENPG 2014 (PG).DTA.dta","op3_3","OP3_3 El consumo y el tráfico de drogas es el principal responsable de la delinc","Muy de acuerdo=1; De acuerdo=2; En desacuerdo=3; Muy en desacuerdo=4; No sabe=88; No contesta=99",20113,0,"haven_labelled;vctrs_vctr;double"
"2014","__enpg/Base de datos ENPG 2014 (PG).DTA.dta","op3_4","OP3_4 La marihuana debería ser legal para los mayores de 18 años","Muy de acuerdo=1; De acuerdo=2; En desacuerdo=3; Muy en desacuerdo=4; No sabe=88; No contesta=99",20113,0,"haven_labelled;vctrs_vctr;double"
"2014","__enpg/Base de datos ENPG 2014 (PG).DTA.dta","op3_5","OP3_5 Las drogas han hecho más violentos a los delincuentes","Muy de acuerdo=1; De acuerdo=2; En desacuerdo=3; Muy en desacuerdo=4; No sabe=88; No contesta=99",20113,0,"haven_labelled;vctrs_vctr;double"
"2014","__enpg/Base de datos ENPG 2014 (PG).DTA.dta","op3_6","OP3_6 Se debería dejar tranquilos a los que consumen drogas: después de todo es","Muy de acuerdo=1; De acuerdo=2; En desacuerdo=3; Muy en desacuerdo=4; No sabe=88; No contesta=99",20113,0,"haven_labelled;vctrs_vctr;double"
"2014","__enpg/Base de datos ENPG 2014 (PG).DTA.dta","op4_1","OP4_1 Que se determinen las cantidades mínimas de droga para distinguir tráfico","Muy de acuerdo=1; De acuerdo=2; En desacuerdo=3; Muy en desacuerdo=4; No conoce la ley=5; No sabe=88; No contesta=99",20113,0,"haven_labelled;vctrs_vctr;double"
"2014","__enpg/Base de datos ENPG 2014 (PG).DTA.dta","op4_2","OP4_2 Que las faltas a la Ley de Drogas sean de competencia de los Juzgados de P","Muy de acuerdo=1; De acuerdo=2; En desacuerdo=3; Muy en desacuerdo=4; No conoce la ley=5; No sabe=88; No contesta=99",20113,0,"haven_labelled;vctrs_vctr;double"
"2014","__enpg/Base de datos ENPG 2014 (PG).DTA.dta","op4_3","OP4_3 Que la marihuana pase de lista 1) a lista 2)","Muy de acuerdo=1; De acuerdo=2; En desacuerdo=3; Muy en desacuerdo=4; No conoce la ley=5; No sabe=88; No contesta=99",20113,0,"haven_labelled;vctrs_vctr;double"
"2014","__enpg/Base de datos ENPG 2014 (PG).DTA.dta","op5_1","OP5_1 Prevención o educación","",20113,0,"numeric"
"2014","__enpg/Base de datos ENPG 2014 (PG).DTA.dta","op5_2","OP5_2 Tratamiento o rehabilitación","",20113,0,"numeric"
"2014","__enpg/Base de datos ENPG 2014 (PG).DTA.dta","op5_3","OP5_3 Integración social","",20113,0,"numeric"
"2014","__enpg/Base de datos ENPG 2014 (PG).DTA.dta","op5_4","OP5_4 Control del uso y venta","",20113,0,"numeric"
"2014","__enpg/Base de datos ENPG 2014 (PG).DTA.dta","op6_1","OP6_1 Prevención o educación","",20113,0,"numeric"
"2014","__enpg/Base de datos ENPG 2014 (PG).DTA.dta","op6_2","OP6_2 Tratamiento o rehabilitación","",20113,0,"numeric"
"2014","__enpg/Base de datos ENPG 2014 (PG).DTA.dta","op6_3","OP6_3 Integración social","",20113,0,"numeric"
"2014","__enpg/Base de datos ENPG 2014 (PG).DTA.dta","op6_4","OP6_4 Control del uso y venta","",20113,0,"numeric"
"2014","__enpg/Base de datos ENPG 2014 (PG).DTA.dta","op7_1","OP7_1 Suspender el juicio de quienes han delinquido por primera vez a cambio de","Muy de acuerdo=1; De acuerdo=2; En desacuerdo=3; Muy en desacuerdo=4; No sabe=88; No contesta=99",20113,0,"haven_labelled;vctrs_vctr;double"
"2014","__enpg/Base de datos ENPG 2014 (PG).DTA.dta","op7_2","OP7_2 Dar la misma pena a quienes trafican con marihuana que los que trafican co","Muy de acuerdo=1; De acuerdo=2; En desacuerdo=3; Muy en desacuerdo=4; No sabe=88; No contesta=99",20113,0,"haven_labelled;vctrs_vctr;double"
"2014","__enpg/Base de datos ENPG 2014 (PG).DTA.dta","op7_3","OP7_3 Permitir el uso de marihuana para fines terapéuticos","Muy de acuerdo=1; De acuerdo=2; En desacuerdo=3; Muy en desacuerdo=4; No sabe=88; No contesta=99",20113,0,"haven_labelled;vctrs_vctr;double"
"2014","__enpg/Base de datos ENPG 2014 (PG).DTA.dta","op7_4","OP7_4 Autorizar que se registre a los alumnos/alumnas a la entrada de sus colegi","Muy de acuerdo=1; De acuerdo=2; En desacuerdo=3; Muy en desacuerdo=4; No sabe=88; No contesta=99",20113,0,"haven_labelled;vctrs_vctr;double"
"2014","__enpg/Base de datos ENPG 2014 (PG).DTA.dta","op7_5","OP7_5 Penalizar el porte y consumo de marihuana aunque sea en pequeñas cantidade","Muy de acuerdo=1; De acuerdo=2; En desacuerdo=3; Muy en desacuerdo=4; No sabe=88; No contesta=99",20113,0,"haven_labelled;vctrs_vctr;double"
"2014","__enpg/Base de datos ENPG 2014 (PG).DTA.dta","op8","OP8 Según lo que Ud. sabe o cree, ¿Cuáles son las principales características de","",20113,0,"character"
"2014","__enpg/Base de datos ENPG 2014 (PG).DTA.dta","op8_edit","OP8_EDIT Características editadas","",20113,0,"character"
"2014","__enpg/Base de datos ENPG 2014 (PG).DTA.dta","co1","CO1 La semana pasada, ¿trabajó al menos una hora, sin considerar los quehaceres","Sí=1; No=2",20113,0,"haven_labelled;vctrs_vctr;double"
"2014","__enpg/Base de datos ENPG 2014 (PG).DTA.dta","co2","CO2 Aunque no trabajó la semana pasada, ¿realizó alguna actividad por lo menos d","Sí=1; No=2",20113,11956,"haven_labelled;vctrs_vctr;double"
"2014","__enpg/Base de datos ENPG 2014 (PG).DTA.dta","co3","CO3 Aunque no trabajó la semana pasada, ¿tenía empleo del cual estuvo ausente te","Sí=1; No=2",20113,12336,"haven_labelled;vctrs_vctr;double"
"2014","__enpg/Base de datos ENPG 2014 (PG).DTA.dta","co4","CO4 ¿Buscó trabajo remunerado o realizó alguna gestión para iniciar una activida","Sí=1; No=2",20113,12663,"haven_labelled;vctrs_vctr;double"
"2014","__enpg/Base de datos ENPG 2014 (PG).DTA.dta","co5","CO5 ¿Cuál es la razón o razones por la que no buscó trabajo o realizó alguna ges","Consiguió trabajo que empezará pronto o iniciará una actividad por cuenta propia=1; Está esperando resultado de gestiones ya emprendidas=2; No tiene con quien dejar a los niños=3; No tiene con quien dejar a adultos mayores=4; No tiene con quien dejar a otro familiar=5; Está enfermo o tiene una discapacidad=6; Percepción de limitaciones personales=7; Piensa que nadie le dará trabajo (porque no cuenta con la capacitación requerida, por su edad, etc.)=8; Las reglas, horarios y distancias de los trabajos no le acomodan=9; Ofrecen sueldos muy bajos=10; Quehaceres del hogar=11; Estudiante=12; Jubilado(a), pensionado(a) o montepiada=13; Tiene otra fuente de ingreso (seguro de cesantía, mesadas, rentas, transferencias del Estado, etc.)=14; Se cansó de buscar o cree que no hay trabajo disponible=15; Busca cuando realmente lo necesita o tiene trabajo esporádico=16; No tiene interés en trabajar=17; Otra razón=18; No contesta=99",20113,12962,"haven_labelled;vctrs_vctr;double"
"2014","__enpg/Base de datos ENPG 2014 (PG).DTA.dta","co6","CO6 ¿Cuál es su ocupación u oficio?","",20113,0,"character"
"2014","__enpg/Base de datos ENPG 2014 (PG).DTA.dta","co6_COD","CO6_COD Códgio ocupación u oficio","",20113,7151,"numeric"
"2014","__enpg/Base de datos ENPG 2014 (PG).DTA.dta","co7","CO7 En su trabajo o negocio principal, ¿usted trabaja como?","Patrón o empleador/a=1; Trabajador/a por cuenta propia=2; Empleado/a u obrero/a del sector público (Gobierno Central o Municipal)=3; Empleado/a u obrero/a de empresas públicas=4; Empleado/a u obrero/a del sector privado=5; Servicio doméstico puertas adentro=6; Servicio doméstico puertas afuera=7; FF.AA. y del Orden=8; Familiar no remunerado=9; No contesta=99",20113,7151,"haven_labelled;vctrs_vctr;double"
"2014","__enpg/Base de datos ENPG 2014 (PG).DTA.dta","co8","CO8 ¿A qué se dedica o qué hace el negocio, empresa o institución donde usted tr","",20113,0,"character"
"2014","__enpg/Base de datos ENPG 2014 (PG).DTA.dta","co8_COD","CO8_COD Actividad empresa o institución","",20113,267,"numeric"
"2014","__enpg/Base de datos ENPG 2014 (PG).DTA.dta","co9","CO9 ¿Cuál es el tamaño de la empresa o negocio donde Ud. trabaja? Incluya todas","1 a 9 personas=1; 10 a 49=2; 50 a 199=3; 200 a 999=4; 1000 personas o más=5; No contesta=99",20113,7418,"haven_labelled;vctrs_vctr;double"
"2014","__enpg/Base de datos ENPG 2014 (PG).DTA.dta","co10","CO10 Ha estado involucrado o tenido algún tipo de accidente laboral en los últim","Sí=1; No=2; No sabe=88; No contesta=99",20113,7418,"haven_labelled;vctrs_vctr;double"
"2014","__enpg/Base de datos ENPG 2014 (PG).DTA.dta","dp1","DP1 ¿Cuántas personas viven en este hogar?","No contesta=99",20113,0,"haven_labelled;vctrs_vctr;double"
"2014","__enpg/Base de datos ENPG 2014 (PG).DTA.dta","dp2","DP2 ¿Cuál es su estado civil actual (legal)?","Soltero/a=1; Casado/a=2; Divorciado/a=3; Viudo/a=4; Anulado/a=5; No contesta=99",20113,0,"haven_labelled;vctrs_vctr;double"
"2014","__enpg/Base de datos ENPG 2014 (PG).DTA.dta","dp3","DP3 ¿Actualmente cuál es su estado de hecho?","Casado/a vive con su esposo/a=1; Conviviente o pareja de distinto sexo=2; Conviviente o pareja del mismo sexo=3; No convive con pareja=4; No contesta=99",20113,0,"haven_labelled;vctrs_vctr;double"
"2014","__enpg/Base de datos ENPG 2014 (PG).DTA.dta","dp4","DP4 En Chile, la ley reconoce nueve pueblos indígenas (originarios), ¿pertenece","Aymara=1; Rapa Nui=2; Quechua=3; Mapuche=4; Atacameño (Linkán Antai)=5; Coya=6; Kawésqar (Alacalufes)=7; Yagán (Yámana)=8; Diaguita=9; No pertenece a ningún pueblo indígena=10; No contesta=99",20113,0,"haven_labelled;vctrs_vctr;double"
"2014","__enpg/Base de datos ENPG 2014 (PG).DTA.dta","dp5","DP5 ¿Cuál es su religión o credo?","Católica=1; Evangélica o Protestante=2; Judía=3; Musulmana=4; Mormón=5; Ortodoxa=6; Budista=7; Fe Bahá'í=8; Testigo de Jehová=9; Espiritualidad indígena=10; Otra=11; Ninguna=12; No contesta=99",20113,0,"haven_labelled;vctrs_vctr;double"
"2014","__enpg/Base de datos ENPG 2014 (PG).DTA.dta","dp6","DP6 ¿A qué sistema previsional de salud pertenece usted?","Sistema público grupo A=1; Sistema público grupo B=2; Sistema público grupo C=3; Sistema público grupo D=4; Sistema público no sabe grupo=5; F.F.A.A y del Orden=6; isapre=7; Ninguno (particular)=8; Otro Sistema=9; No sabe=88; No contesta=99",20113,0,"haven_labelled;vctrs_vctr;double"
"2014","__enpg/Base de datos ENPG 2014 (PG).DTA.dta","dp7","DP7 ¿Qué relación de parentesco tiene con el jefe/a de hogar?","Jefe de Hogar=1; Esposo(a) /pareja=2; Hijo/a de ambos=3; Hijo/a sólo del jefe=4; Hijo sólo del esposo(a) /pareja=5; Padre o madre=6; Suegro(a)=7; Yerno o nuera=8; Nieto(a)=9; Hermano(a)=10; Cuñado(a)=11; Otro familiar=12; No familiar=13; Servicio doméstico puertas adentro=14; No contesta=99",20113,0,"haven_labelled;vctrs_vctr;double"
"2014","__enpg/Base de datos ENPG 2014 (PG).DTA.dta","dp8_1","DP8_1 Usted actualmente, ¿asiste a algún establecimiento educacional?","Sí=1; No=2; No sabe=88; No contesta=99",20113,9061,"haven_labelled;vctrs_vctr;double"
"2014","__enpg/Base de datos ENPG 2014 (PG).DTA.dta","dp8_2","DP8_2 El Jefe de Hogar actualmente, ¿asiste a algún establecimiento educacional?","Sí=1; No=2; No sabe=88; No contesta=99",20113,0,"haven_labelled;vctrs_vctr;double"
"2014","__enpg/Base de datos ENPG 2014 (PG).DTA.dta","dp9_1","DP9_1 ¿Cuál es el nivel educacional más alto alcanzado o el nivel educacional ac","Nunca asistió=1; Educación Especial (Diferencial)=2; Primaria o preparatoria (Sistema Antiguo)=3; Educación Básica=4; Humanidades (Sistema Antiguo)=5; Educación Media Científico Humanista=6; Técnica Comercial Industrial o Normalista (Sistema Antiguo)=7; Educación Media Técnico Profesional=8; Técnico de Nivel Superior=9; Profesional=10; Postítulo=11; Magíster=12; Doctorado=13; No Sabe=14",20113,9061,"haven_labelled;vctrs_vctr;double"
"2014","__enpg/Base de datos ENPG 2014 (PG).DTA.dta","dp9_2","DP9_2 ¿Cuál es el nivel educacional más alto alcanzado o el nivel educacional ac","Nunca asistió=1; Educación Especial (Diferencial)=2; Primaria o preparatoria (Sistema Antiguo)=3; Educación Básica=4; Humanidades (Sistema Antiguo)=5; Educación Media Científico Humanista=6; Técnica Comercial Industrial o Normalista (Sistema Antiguo)=7; Educación Media Técnico Profesional=8; Técnico de Nivel Superior=9; Profesional=10; Postítulo=11; Magíster=12; Doctorado=13; No Sabe=14",20113,1,"haven_labelled;vctrs_vctr;double"
"2014","__enpg/Base de datos ENPG 2014 (PG).DTA.dta","dp10_1","DP10_1 Usted, ¿Completó el nivel educacional anteriormente declarado?","Sí=1; No=2; No aplica=77; No contesta=99",20113,9061,"haven_labelled;vctrs_vctr;double"
"2014","__enpg/Base de datos ENPG 2014 (PG).DTA.dta","dp10_2","DP10_2 El Jefe de Hogar, ¿Completó el nivel educacional anteriormente declarado?","Sí=1; No=2; No aplica=77; No contesta=99",20113,0,"haven_labelled;vctrs_vctr;double"
"2014","__enpg/Base de datos ENPG 2014 (PG).DTA.dta","dp11_1","DP11_1 En este nivel educacional ¿Cuál fue el último  curso que Usted aprobó?","Sin estudios=0; Primer año=1; Segundo año=2; Tercer año=3; Cuarto año=4; Quinto año=5; Sexto año=6; Séptimo año=7; Octavo año=8; No aplica=77; No sabe=88; No contesta=99",20113,9061,"haven_labelled;vctrs_vctr;double"
"2014","__enpg/Base de datos ENPG 2014 (PG).DTA.dta","dp11_2","DP11_2 En este nivel educacional ¿Cuál fue el último  curso que el jefe de hogar","Sin estudios=0; Primer año=1; Segundo año=2; Tercer año=3; Cuarto año=4; Quinto año=5; Sexto año=6; Séptimo año=7; Octavo año=8; No aplica=77; No sabe=88; No contesta=99",20113,0,"haven_labelled;vctrs_vctr;double"
"2014","__enpg/Base de datos ENPG 2014 (PG).DTA.dta","dp12","DP12 ¿Cuál de estas situaciones se aplica mejor a su caso?","Ud. aporta ingreso único=1; Ud. aporta el ingreso principal pero existen otros ingresos=2; Ud. aporta la mitad del ingreso del hogar=3; Ud. aporta ingreso pero no es el principal del hogar=4; Ud. no aporta ingresos al hogar=5; No sabe=88; No contesta=99",20113,0,"haven_labelled;vctrs_vctr;double"
"2014","__enpg/Base de datos ENPG 2014 (PG).DTA.dta","dp13","DP13 Aproximadamente y considerando un mes normal, ¿en cuáles de estos rangos se","Menos de $100.000=1; Entre $100.001 y 200.000=2; Entre $200.001 y 300.000=3; Entre $300.001 y 400.000=4; Entre $400.001 y 500.000=5; Entre $500.001 y 750.000=6; Entre $750.001 y 1.000.000=7; Entre $1.000.001 y 1.500.000=8; Entre $1.500.001 y 2.000.000=9; Más de $2.000.000=10; No sabe=88; No contesta=99",20113,0,"haven_labelled;vctrs_vctr;double"
"2014","__enpg/Base de datos ENPG 2014 (PG).DTA.dta","dp14_1","DP14_1 ¿Cuánto es el ingreso total mensual... del trabajo del primer perceptor (","No aplica=77; No sabe=88; No contesta=99",20113,0,"haven_labelled;vctrs_vctr;double"
"2014","__enpg/Base de datos ENPG 2014 (PG).DTA.dta","dp14_2","DP14_2 del trabajo del segundo perceptor (persona que recibe)?","No aplica=77; No sabe=88; No contesta=99",20113,0,"haven_labelled;vctrs_vctr;double"
"2014","__enpg/Base de datos ENPG 2014 (PG).DTA.dta","dp14_3","DP14_3 del trabajo del tercer perceptor (persona que recibe)?","No aplica=77; No sabe=88; No contesta=99",20113,0,"haven_labelled;vctrs_vctr;double"
"2014","__enpg/Base de datos ENPG 2014 (PG).DTA.dta","dp14_4","DP14_4 por jubilaciones?","No aplica=77; No sabe=88; No contesta=99",20113,0,"haven_labelled;vctrs_vctr;double"
"2014","__enpg/Base de datos ENPG 2014 (PG).DTA.dta","dp14_5","DP14_5 por Dividendo (acciones, intereses por depósitos, bonos)?","No aplica=77; No sabe=88; No contesta=99",20113,0,"haven_labelled;vctrs_vctr;double"
"2014","__enpg/Base de datos ENPG 2014 (PG).DTA.dta","dp14_6","DP14_6 por Arriendos?","No aplica=77; No sabe=88; No contesta=99",20113,0,"haven_labelled;vctrs_vctr;double"
"2014","__enpg/Base de datos ENPG 2014 (PG).DTA.dta","dp14_7","DP14_7 por Aportes Familiares?","No aplica=77; No sabe=88; No contesta=99",20113,0,"haven_labelled;vctrs_vctr;double"
"2014","__enpg/Base de datos ENPG 2014 (PG).DTA.dta","dp15","DP15 ¿Recibió usted o alguien en su hogar el mes pasado ingresos por algún subsi","Sí, especifique monto=1; No=2; No sabe=88; No contesta=99",20113,0,"haven_labelled;vctrs_vctr;double"
"2014","__enpg/Base de datos ENPG 2014 (PG).DTA.dta","dp15_esp","DP15_ESP Especifique","",20113,0,"character"
"2014","__enpg/Base de datos ENPG 2014 (PG).DTA.dta","dp16","DP16 Calidad de la vivienda","Tipo 1=1; Tipo 2=2; Tipo 3=3; Tipo 4=4; Tipo 5=5; NS/NC=99",20113,0,"haven_labelled;vctrs_vctr;double"
"2014","__enpg/Base de datos ENPG 2014 (PG).DTA.dta","dp17","DP17 Calidad del barrio","Tipo 1=1; Tipo 2=2; Tipo 3=3; Tipo 4=4; Tipo 5=5; NS/NC=99",20113,0,"haven_labelled;vctrs_vctr;double"
"2014","__enpg/Base de datos ENPG 2014 (PG).DTA.dta","numper","Número de personas de cualquier edad en la vivienda","",20113,0,"numeric"
"2014","__enpg/Base de datos ENPG 2014 (PG).DTA.dta","F2_MAY_AJUS_com","Factor Persona Comunal Ajustado por Proyección","",20113,0,"numeric"
"2014","__enpg/Base de datos ENPG 2014 (PG).DTA.dta","RND_F2_MAY_AJUS_com","Factor Persona Comunal Ajustado por Proyección Redondeado","",20113,0,"numeric"
"2016","__enpg/base ENPG 2016 publico general.dta","idencuesta","Identificador de encuesta","",19147,0,"numeric"
"2016","__enpg/base ENPG 2016 publico general.dta","st_1","st1 ¿Cómo inicia entrevista?","En Tablet=1; En papel, se traspasó de papel a tablet porque las condiciones de aplicación eran muy peligrosas=2",19147,0,"haven_labelled;vctrs_vctr;double"
"2016","__enpg/base ENPG 2016 publico general.dta","st_2","st2 Hablando de su salud ¿Cómo calificaría Ud. su estado de salud, en general, d","Muy malo=1; Malo=2; Regular=3; Bueno=4; Muy bueno=5; Excelente=6; No sabe=88; No contesta=99",19147,0,"haven_labelled;vctrs_vctr;double"
"2016","__enpg/base ENPG 2016 publico general.dta","st_3","st3 ¿Ha fumado Ud. cigarrillos alguna vez en su vida?","Sí=1; No=2; No sabe=88; No contesta=99",19147,0,"haven_labelled;vctrs_vctr;double"
"2016","__enpg/base ENPG 2016 publico general.dta","st_4","st4 ¿Cuándo fue la primera vez que Ud. fumó cigarrillos?","Durante los últimos 30 días=1; Hace más de un mes, pero menos de un año=2; Hace más de un año=3; No sabe=88; No contesta=99",19147,7641,"haven_labelled;vctrs_vctr;double"
"2016","__enpg/base ENPG 2016 publico general.dta","st_5","st5 ¿Qué edad tenía cuando fumó cigarrillos por primera vez?","No sabe=88; No contesta=99",19147,7641,"haven_labelled;vctrs_vctr;double"
"2016","__enpg/base ENPG 2016 publico general.dta","st_6","st6 ¿Cuándo fue la última vez que fumó cigarrillos?","Durante los últimos 30 días=1; Hace más de un mes, pero menos de un año=2; Hace más de un año=3; No sabe=88; No contesta=99",19147,7641,"haven_labelled;vctrs_vctr;double"
"2016","__enpg/base ENPG 2016 publico general.dta","st_7","st7 Piense solamente en los últimos 30 días, ¿Cuántos días ha fumado cigarrillos","",19147,13239,"numeric"
"2016","__enpg/base ENPG 2016 publico general.dta","st_8","st8 ¿Más o menos cuántos cigarrillos diarios ha fumado Ud. en estos últimos 30 d","",19147,13239,"numeric"
"2016","__enpg/base ENPG 2016 publico general.dta","st_9","st9 ¿Cuánto tiempo pasa desde que se despierta hasta que se fuma su primer cigar","Menos de 5 minutos=1; De 6 a 30 minutos=2; De 31 a 60 minutos=3; Más de 60 minutos=4; No sabe=88; No contesta=99",19147,13239,"haven_labelled;vctrs_vctr;double"
"2016","__enpg/base ENPG 2016 publico general.dta","st_10","st10 ¿Cuánto gastó Ud. en tabaco durante los últimos 30 días?  Monto","",19147,13239,"numeric"
"2016","__enpg/base ENPG 2016 publico general.dta","st_11","st11 Durante los últimos 12 meses, ¿ha tratado de dejar de fumar?","Sí=1; No=2; No sabe=88; No contesta=99",19147,13239,"haven_labelled;vctrs_vctr;double"
"2016","__enpg/base ENPG 2016 publico general.dta","ce_1","ce1 ¿Ud. conoce o ha escuchado hablar de los cigarrillos electrónicos (“e-cigare","Sí=1; No=2; No sabe=88; No contesta=99",19147,0,"haven_labelled;vctrs_vctr;double"
"2016","__enpg/base ENPG 2016 publico general.dta","ce_2","ce2 ¿Ha usado Ud. cigarrillos electrónicos alguna vez en su vida?","Sí=1; No=2; No sabe=88; No contesta=99",19147,8196,"haven_labelled;vctrs_vctr;double"
"2016","__enpg/base ENPG 2016 publico general.dta","ce_3","ce3 ¿Cuándo fue la primera vez que Ud. usó cigarrillos electrónicos?","Durante los últimos 30 días=1; Hace más de un mes, pero menos de un año=2; Hace más de un año=3; No sabe=88; No contesta=99",19147,17248,"haven_labelled;vctrs_vctr;double"
"2016","__enpg/base ENPG 2016 publico general.dta","ce_4","ce4 ¿Cuándo fue la última vez que usó cigarrillos electrónicos?","Durante los últimos 30 días=1; Hace más de un mes, pero menos de un año=2; Hace más de un año=3; No sabe=88; No contesta=99",19147,17248,"haven_labelled;vctrs_vctr;double"
"2016","__enpg/base ENPG 2016 publico general.dta","ce_5","ce5 Piense solamente en los últimos 30 días, ¿Cuántos días ha usado cigarrillos","No sabe=88; No contesta=99",19147,19005,"haven_labelled;vctrs_vctr;double"
"2016","__enpg/base ENPG 2016 publico general.dta","ce_6","ce6 Respecto a la última vez que Ud. usó cigarrillos electrónicos, ¿Sabía Ud. si","Sí=1; No=2; No sabe=88; No contesta=99",19147,17275,"haven_labelled;vctrs_vctr;double"
"2016","__enpg/base ENPG 2016 publico general.dta","ce_7_a","ce7_a Más seguros que fumar cigarrillos","Sí=1; No=2; No sabe=88; No contesta=99",19147,17248,"haven_labelled;vctrs_vctr;double"
"2016","__enpg/base ENPG 2016 publico general.dta","ce_7_b","ce7_b Más baratos que los cigarrillos","Sí=1; No=2; No sabe=88; No contesta=99",19147,17248,"haven_labelled;vctrs_vctr;double"
"2016","__enpg/base ENPG 2016 publico general.dta","ce_7_c","ce7_c Más fáciles de usar cuando no puedo fumar cigarrillos","Sí=1; No=2; No sabe=88; No contesta=99",19147,17248,"haven_labelled;vctrs_vctr;double"
"2016","__enpg/base ENPG 2016 publico general.dta","ce_7_d","ce7_d Una ayuda para dejar de fumar cigarrillos","Sí=1; No=2; No sabe=88; No contesta=99",19147,17248,"haven_labelled;vctrs_vctr;double"
"2016","__enpg/base ENPG 2016 publico general.dta","ce_7_e","ce_7_e Simplemente por que si","Sí=1; No=2; No sabe=88; No contesta=99",19147,17248,"haven_labelled;vctrs_vctr;double"
"2016","__enpg/base ENPG 2016 publico general.dta","ce_7_f","ce7_f Son menos dañinos para la salud de la gente que me rodea","Sí=1; No=2; No sabe=88; No contesta=99",19147,17248,"haven_labelled;vctrs_vctr;double"
"2016","__enpg/base ENPG 2016 publico general.dta","ce_8","ce8 ¿Tiene Ud. actualmente algún dispositivo de cigarrillo electrónico?","Sí=1; No=2; No sabe=88; No contesta=99",19147,17248,"haven_labelled;vctrs_vctr;double"
"2016","__enpg/base ENPG 2016 publico general.dta","sa_1","sa1 Selección modo de respuesta","El entrevistado prefiere contestar en voz alta las preguntas al encuestador=1; El entrevistado prefiere completar el cuestionario por sí mismo en dispositivo electrónico=2",19147,0,"haven_labelled;vctrs_vctr;double"
"2016","__enpg/base ENPG 2016 publico general.dta","oh_1","oh1 ¿Ha tomado Ud. alcohol (cerveza / malta, chicha, vino / champaña, o licores","Sí=1; No=2; No sabe=88; No contesta=99",19147,0,"haven_labelled;vctrs_vctr;double"
"2016","__enpg/base ENPG 2016 publico general.dta","oh_2","oh2 ¿Cuándo fue la primera vez que Ud. consumió alcohol en su vida","Durante los últimos 30 días=1; Hace más de un mes, pero menos de un año=2; Hace más de un año=3; No sabe=88; No contesta=99",19147,4916,"haven_labelled;vctrs_vctr;double"
"2016","__enpg/base ENPG 2016 publico general.dta","oh_3","oh3 ¿Qué edad tenía cuando consumió por primera vez alcohol","No sabe=88; No contesta=99",19147,4916,"haven_labelled;vctrs_vctr;double"
"2016","__enpg/base ENPG 2016 publico general.dta","oh_4","oh4 ¿Cuándo fue la última vez que Ud. consumió alcohol","Durante los últimos 30 días=1; Hace más de un mes, pero menos de un año=2; Hace más de un año=3; No sabe=88; No contesta=99",19147,4916,"haven_labelled;vctrs_vctr;double"
"2016","__enpg/base ENPG 2016 publico general.dta","oh_5","oh5 Pensando solamente en los últimos 30 días, ¿Cuántos días del mes ha tomado a","No sabe=88; No contesta=99",19147,11820,"haven_labelled;vctrs_vctr;double"
"2016","__enpg/base ENPG 2016 publico general.dta","oh_6","oh6 Durante los últimos 30 días. ¿Qué tipo de bebida alcohólica tomó con más fre","Cerveza=1; Vino, champaña u otros espumantes=2; Licores, destilados o combinados (pisco, ron, whisky, vodka, aguardiente u otro)=3; Otro=4; No sabe=88; No contesta=99",19147,11820,"haven_labelled;vctrs_vctr;double"
"2016","__enpg/base ENPG 2016 publico general.dta","oh_7a","oh7a Pensando en los últimos 30 días y tomando en cuenta todos los tipos de bebi","No sabe=88; No contesta=99",19147,15166,"haven_labelled;vctrs_vctr;double"
"2016","__enpg/base ENPG 2016 publico general.dta","oh_7b","oh7b Pensando en los últimos 30 días y tomando en cuenta todos los tipos de bebi","No sabe=88; No contesta=99",19147,15801,"haven_labelled;vctrs_vctr;double"
"2016","__enpg/base ENPG 2016 publico general.dta","oh_8","oh8 Durante los últimos 30 días, ¿Cuál fue la máxima cantidad de tragos que lleg","No sabe=88; No contesta=99",19147,11820,"haven_labelled;vctrs_vctr;double"
"2016","__enpg/base ENPG 2016 publico general.dta","oh_9_1","oh9_1 Y pensando en esta misma ocasión cuando consumió  N tragos en una sola oca","Sí=1",19147,18892,"haven_labelled;vctrs_vctr;double"
"2016","__enpg/base ENPG 2016 publico general.dta","oh_9_2","oh9_2 Y pensando en esta misma ocasión cuando consumió  N tragos en una sola oca","Sí=1",19147,15629,"haven_labelled;vctrs_vctr;double"
"2016","__enpg/base ENPG 2016 publico general.dta","oh_9_3","oh9_3 Y pensando en esta misma ocasión cuando consumió  N tragos en una sola oca","Sí=1",19147,18680,"haven_labelled;vctrs_vctr;double"
"2016","__enpg/base ENPG 2016 publico general.dta","oh_9_4","oh9_4 Y pensando en esta misma ocasión cuando consumió  N tragos en una sola oca","Sí=1",19147,18981,"haven_labelled;vctrs_vctr;double"
"2016","__enpg/base ENPG 2016 publico general.dta","oh_9_5","oh9_5 Y pensando en esta misma ocasión cuando consumió  N tragos en una sola oca","Sí=1",19147,15850,"haven_labelled;vctrs_vctr;double"
"2016","__enpg/base ENPG 2016 publico general.dta","oh_9_6","oh9_6 Y pensando en esta misma ocasión cuando consumió  N tragos en una sola oca","Sí=1",19147,18151,"haven_labelled;vctrs_vctr;double"
"2016","__enpg/base ENPG 2016 publico general.dta","oh_9_7","oh9_7 Y pensando en esta misma ocasión cuando consumió  N tragos en una sola oca","Sí=1",19147,19116,"haven_labelled;vctrs_vctr;double"
"2016","__enpg/base ENPG 2016 publico general.dta","oh_9_8","oh9_8 Y pensando en esta misma ocasión cuando consumió  N tragos en una sola oca","Sí=1",19147,18840,"haven_labelled;vctrs_vctr;double"
"2016","__enpg/base ENPG 2016 publico general.dta","oh_9_9","oh9_88 Y pensando en esta misma ocasión cuando consumió  N tragos en una sola oc","No sabe=88",19147,19130,"haven_labelled;vctrs_vctr;double"
"2016","__enpg/base ENPG 2016 publico general.dta","oh_9_10","oh9_99 Y pensando en esta misma ocasión cuando consumió  N tragos en una sola oc","No contesta=99",19147,19131,"haven_labelled;vctrs_vctr;double"
"2016","__enpg/base ENPG 2016 publico general.dta","oh_10","oh10 Y respecto a las personas con las que estaba en esta ocasión y sin consider","No sabe=88; No contesta=99",19147,12397,"haven_labelled;vctrs_vctr;double"
"2016","__enpg/base ENPG 2016 publico general.dta","oh_11_monto","oh11 ¿Aproximadamente cuánto gastó Ud. en alcohol durante los últimos 30 días?","",19147,11821,"numeric"
"2016","__enpg/base ENPG 2016 publico general.dta","oh_12","oh12 Durante la última semana, ¿Ud. Consumió alcohol?","Sí=1; No=2; No sabe=88; No contesta=99",19147,11820,"haven_labelled;vctrs_vctr;double"
"2016","__enpg/base ENPG 2016 publico general.dta","oh_13_1","oh13_1 ¿Cuántos tragos de alcohol consumió cada día? Día 1","No sabe=88; No contesta=99",19147,14924,"haven_labelled;vctrs_vctr;double"
"2016","__enpg/base ENPG 2016 publico general.dta","oh_13_2","oh13_2 ¿Cuántos tragos de alcohol consumió cada día? Día 2","No sabe=88; No contesta=99",19147,14924,"haven_labelled;vctrs_vctr;double"
"2016","__enpg/base ENPG 2016 publico general.dta","oh_13_3","oh13_3 ¿Cuántos tragos de alcohol consumió cada día? Día 3","No sabe=88; No contesta=99",19147,14923,"haven_labelled;vctrs_vctr;double"
"2016","__enpg/base ENPG 2016 publico general.dta","oh_13_4","oh13_4 ¿Cuántos tragos de alcohol consumió cada día? Día 4","No sabe=88; No contesta=99",19147,14923,"haven_labelled;vctrs_vctr;double"
"2016","__enpg/base ENPG 2016 publico general.dta","oh_13_5","oh13_5 ¿Cuántos tragos de alcohol consumió cada día? Día 5","No sabe=88; No contesta=99",19147,14923,"haven_labelled;vctrs_vctr;double"
"2016","__enpg/base ENPG 2016 publico general.dta","oh_13_6","oh13_6 ¿Cuántos tragos de alcohol consumió cada día? Día 6","No sabe=88; No contesta=99",19147,14924,"haven_labelled;vctrs_vctr;double"
"2016","__enpg/base ENPG 2016 publico general.dta","oh_13_7","oh13_7 ¿Cuántos tragos de alcohol consumió cada día? Día 7","No sabe=88; No contesta=99",19147,14925,"haven_labelled;vctrs_vctr;double"
"2016","__enpg/base ENPG 2016 publico general.dta","oh_14","oh14 ¿Qué tan seguido toma usted alguna bebida alcohólica?","Nunca=0; 1 vez al mes o menos=1; 2 a 4 veces al mes=2; 2 a 3 veces a la semana=3; 4 o más veces a la semana=4",19147,8345,"haven_labelled;vctrs_vctr;double"
"2016","__enpg/base ENPG 2016 publico general.dta","oh_15","oh15 ¿Cuántos tragos suele tomar usted en un día típico de consumo de alcohol?","0 a 2 tragos=0; 3 a 4 tragos=1; 5 a 6 tragos=2; 7 a 9 tragos=3; 10 o más tragos=4",19147,8345,"haven_labelled;vctrs_vctr;double"
"2016","__enpg/base ENPG 2016 publico general.dta","oh_16","oh16 ¿Qué tan seguido toma usted 6 o más tragos en una sola ocasión?","Nunca=0; Menos de una vez al mes=1; Mensualmente=2; Semanalmente=3; Todos o casi todos los días=4",19147,8345,"haven_labelled;vctrs_vctr;double"
"2016","__enpg/base ENPG 2016 publico general.dta","oh_17","oh17 ¿Qué tan seguido, en el curso de los últimos 12 meses, usted no pudo parar","Nunca=0; Menos de una vez al mes=1; Mensualmente=2; Semanalmente=3; Todos o casi todos los días=4",19147,8345,"haven_labelled;vctrs_vctr;double"
"2016","__enpg/base ENPG 2016 publico general.dta","oh_18","oh18 ¿Qué tan seguido, en el curso de los últimos 12 meses, su consumo de alcoho","Nunca=0; Menos de una vez al mes=1; Mensualmente=2; Semanalmente=3; Todos o casi todos los días=4",19147,8345,"haven_labelled;vctrs_vctr;double"
"2016","__enpg/base ENPG 2016 publico general.dta","oh_19","oh19 ¿Qué tan seguido, en el curso de los últimos 12 meses, usted necesitó beber","Nunca=0; Menos de una vez al mes=1; Mensualmente=2; Semanalmente=3; Todos o casi todos los días=4",19147,8345,"haven_labelled;vctrs_vctr;double"
"2016","__enpg/base ENPG 2016 publico general.dta","oh_20","oh20 ¿Qué tan seguido, en el curso de los últimos 12 meses, usted tuvo remordimi","Nunca=0; Menos de una vez al mes=1; Mensualmente=2; Semanalmente=3; Todos o casi todos los días=4",19147,8345,"haven_labelled;vctrs_vctr;double"
"2016","__enpg/base ENPG 2016 publico general.dta","oh_21","oh21 ¿Qué tan seguido, en el curso de los últimos 12 meses, usted no fue capaz d","Nunca=0; Menos de una vez al mes=1; Mensualmente=2; Semanalmente=3; Todos o casi todos los días=4",19147,8345,"haven_labelled;vctrs_vctr;double"
"2016","__enpg/base ENPG 2016 publico general.dta","oh_22","oh22 ¿Usted o alguna otra persona ha resultado físicamente herido debido a que u","No=0; Sí, pero no en el último año=2; Sí, en el último año=4",19147,8345,"haven_labelled;vctrs_vctr;double"
"2016","__enpg/base ENPG 2016 publico general.dta","oh_23","oh23 ¿Algún familiar, amigo, médico u otro profesional de la salud ha mostrado p","No=0; Sí, pero no en el último año=2; Sí, en el último año=4",19147,8345,"haven_labelled;vctrs_vctr;double"
"2016","__enpg/base ENPG 2016 publico general.dta","oh_24_1","oh24_1 Pensando en los últimos 30 días, ¿Ha comprado alcohol en alguno de los si","Sí=1",19147,17843,"haven_labelled;vctrs_vctr;double"
"2016","__enpg/base ENPG 2016 publico general.dta","oh_24_2","oh24_2 Pensando en los últimos 30 días, ¿Ha comprado alcohol en alguno de los si","Sí=1",19147,18497,"haven_labelled;vctrs_vctr;double"
"2016","__enpg/base ENPG 2016 publico general.dta","oh_24_3","oh24_3 Pensando en los últimos 30 días, ¿Ha comprado alcohol en alguno de los si","Sí=1",19147,15815,"haven_labelled;vctrs_vctr;double"
"2016","__enpg/base ENPG 2016 publico general.dta","oh_24_4","oh24_4 Pensando en los últimos 30 días, ¿Ha comprado alcohol en alguno de los si","Sí=1",19147,14494,"haven_labelled;vctrs_vctr;double"
"2016","__enpg/base ENPG 2016 publico general.dta","oh_24_5","oh24_5 Pensando en los últimos 30 días, ¿Ha comprado alcohol en alguno de los si","Sí=1",19147,19080,"haven_labelled;vctrs_vctr;double"
"2016","__enpg/base ENPG 2016 publico general.dta","oh_24_6","oh24_6 Pensando en los últimos 30 días, ¿Ha comprado alcohol en alguno de los si","Sí=1",19147,18945,"haven_labelled;vctrs_vctr;double"
"2016","__enpg/base ENPG 2016 publico general.dta","oh_24_7","oh24_7 Pensando en los últimos 30 días, ¿Ha comprado alcohol en alguno de los si","Sí=1",19147,15948,"haven_labelled;vctrs_vctr;double"
"2016","__enpg/base ENPG 2016 publico general.dta","oh_25_1","oh25_1 Durante los últimos 30 días, ¿Ha comprado alcohol en alguno de los siguie","Sí=1",19147,18972,"haven_labelled;vctrs_vctr;double"
"2016","__enpg/base ENPG 2016 publico general.dta","oh_25_2","oh25_2 Durante los últimos 30 días, ¿Ha comprado alcohol en alguno de los siguie","Sí=1",19147,18693,"haven_labelled;vctrs_vctr;double"
"2016","__enpg/base ENPG 2016 publico general.dta","oh_25_3","oh25_3 Durante los últimos 30 días, ¿Ha comprado alcohol en alguno de los siguie","Sí=1",19147,18929,"haven_labelled;vctrs_vctr;double"
"2016","__enpg/base ENPG 2016 publico general.dta","oh_25_4","oh25_4 Durante los últimos 30 días, ¿Ha comprado alcohol en alguno de los siguie","Sí=1",19147,19030,"haven_labelled;vctrs_vctr;double"
"2016","__enpg/base ENPG 2016 publico general.dta","oh_25_5","oh25_5 Durante los últimos 30 días, ¿Ha comprado alcohol en alguno de los siguie","Sí=1",19147,18972,"haven_labelled;vctrs_vctr;double"
"2016","__enpg/base ENPG 2016 publico general.dta","oh_25_6","oh25_6 Durante los últimos 30 días, ¿Ha comprado alcohol en alguno de los siguie","Sí=1",19147,18817,"haven_labelled;vctrs_vctr;double"
"2016","__enpg/base ENPG 2016 publico general.dta","oh_25_7","oh25_7 Durante los últimos 30 días, ¿Ha comprado alcohol en alguno de los siguie","Sí=1",19147,9524,"haven_labelled;vctrs_vctr;double"
"2016","__enpg/base ENPG 2016 publico general.dta","oh_26","oh26 ¿Ha dejado de cumplir sus deberes en la casa, en el trabajo o donde estudia","Sí=1; No=2; No sabe=88; No contesta=99",19147,8345,"haven_labelled;vctrs_vctr;double"
"2016","__enpg/base ENPG 2016 publico general.dta","oh_27","oh27 ¿Ha puesto en peligro su integridad física  a causa del consumo recurrente","Sí=1; No=2; No sabe=88; No contesta=99",19147,8345,"haven_labelled;vctrs_vctr;double"
"2016","__enpg/base ENPG 2016 publico general.dta","oh_28","oh28 ¿Ha hecho algo bajo los efectos del alcohol que pudiera causarle problemas","Sí=1; No=2; No sabe=88; No contesta=99",19147,8345,"haven_labelled;vctrs_vctr;double"
"2016","__enpg/base ENPG 2016 publico general.dta","oh_29","oh29 ¿Ha tenido algún problema o han aumentado los problemas con su familia o am","Sí=1; No=2; No sabe=88; No contesta=99",19147,8345,"haven_labelled;vctrs_vctr;double"
"2016","__enpg/base ENPG 2016 publico general.dta","mar_1","mar1 ¿Ha probado Ud.marihuana alguna vez en su vida?","Sí=1; No=2; No sabe=88; No contesta=99",19147,0,"haven_labelled;vctrs_vctr;double"
"2016","__enpg/base ENPG 2016 publico general.dta","mar_2","mar2 ¿Cuándo fue la primera vez que Ud. consumió marihuana en su vida?","Durante los últimos 30 días=1; Hace más de un mes, pero menos de un año=2; Hace más de un año=3; No sabe=88; No contesta=99",19147,14018,"haven_labelled;vctrs_vctr;double"
"2016","__enpg/base ENPG 2016 publico general.dta","mar_3","mar3 ¿Qué edad tenía cuando probó marihuana por primera vez?","No sabe=88; No contesta=99",19147,14018,"haven_labelled;vctrs_vctr;double"
"2016","__enpg/base ENPG 2016 publico general.dta","mar_4","mar4 ¿Cuándo fue la última vez que Ud. consumió marihuana'","Durante los últimos 30 días=1; Hace más de un mes, pero menos de un año=2; Hace más de un año=3; No sabe=88; No contesta=99",19147,14018,"haven_labelled;vctrs_vctr;double"
"2016","__enpg/base ENPG 2016 publico general.dta","mar_5","mar5 Pensando solamente en los últimos 30 días, ¿Cuántos días del mes ha consumi","No sabe=88; No contesta=99",19147,18069,"haven_labelled;vctrs_vctr;double"
"2016","__enpg/base ENPG 2016 publico general.dta","mar_6","mar6 ¿Cuántos cigarros de marihuana consume Ud. al mes?","",19147,18069,"numeric"
"2016","__enpg/base ENPG 2016 publico general.dta","mar_7","mar7 ¿Conoce el contenido de THC que tiene la marihuana que Ud. habitualmente co","No lo conozco=1; Si, el contenido de THC es _%=2; No sabe=88; No contesta=99",19147,18069,"haven_labelled;vctrs_vctr;double"
"2016","__enpg/base ENPG 2016 publico general.dta","mar_7_monto","mar7_monto ¿Conoce el contenido de THC que tiene la marihuana que Ud. habitualme","",19147,18943,"numeric"
"2016","__enpg/base ENPG 2016 publico general.dta","mar_8","mar8 ¿Cuánto gastó Ud. en marihuana durante los últimos 30 días?","",19147,18069,"numeric"
"2016","__enpg/base ENPG 2016 publico general.dta","mar_9","mar9 Según lo que Ud. sabe, ¿Cuánto cuesta un cigarro de marihuana?","No sabe=88; No contesta=99",19147,17303,"haven_labelled;vctrs_vctr;double"
"2016","__enpg/base ENPG 2016 publico general.dta","mar_10","mar10 ¿Qué tipo de marihuana consumió con mayor frecuencia?","Marihuana prensada o “paraguaya”=1; Marihuana verde o yerba=2; Marihuana verde o yerba de autocultivo=3; Marihuana Skunk o de alta potencia=4; Marihuana Skunk o de alta potencia de autocultivo=5; No sabe=88; No contesta=99",19147,17303,"haven_labelled;vctrs_vctr;double"
"2016","__enpg/base ENPG 2016 publico general.dta","mar_11","mar11 ¿Cómo obtuvo más frecuentemente la marihuana que consumió en los últimos 1","Compró “prensado”=1; Compró verde o yerba (“cogollo”)=2; Alguien le compró “prensado” para usted=3; Alguien le compró verde o yerba (“cogollo”) para usted=4; Es de autocultivo=5; Le dieron/regalaron “prensado”=6; Le dieron/regalaron verde o yerba (“cogollo”)=7; Otra forma, específique=8; No sabe=88; No contesta=99",19147,17303,"haven_labelled;vctrs_vctr;double"
"2016","__enpg/base ENPG 2016 publico general.dta","mar_11_esp","mar11_esp ¿Cómo obtuvo más frecuentemente la marihuana que consumió en los últim","",19147,0,"character"
"2016","__enpg/base ENPG 2016 publico general.dta","mar_12","mar12 ¿Consumió marihuana para eliminar o para evitar que se presenten problemas","Sí=1; No=2; No sabe=88; No contesta=99",19147,17303,"haven_labelled;vctrs_vctr;double"
"2016","__enpg/base ENPG 2016 publico general.dta","mar_13","mar13 ¿Ha presentado estos problemas cuando suspendía o disminuía el consumo de","Sí=1; No=2; No sabe=88; No contesta=99",19147,17303,"haven_labelled;vctrs_vctr;double"
"2016","__enpg/base ENPG 2016 publico general.dta","mar_14","mar14 ¿Ha sentido un deseo tan grande de usar marihuana que no pudo resistir o p","Sí=1; No=2; No sabe=88; No contesta=99",19147,17303,"haven_labelled;vctrs_vctr;double"
"2016","__enpg/base ENPG 2016 publico general.dta","mar_15","mar15 ¿Ha observado que para obtener el mismo efecto con marihuana ha consumido","Sí=1; No=2; No sabe=88; No contesta=99",19147,17303,"haven_labelled;vctrs_vctr;double"
"2016","__enpg/base ENPG 2016 publico general.dta","mar_16","mar16 ¿Ha notado que la misma cantidad de marihuana tiene menos efecto en Ud. qu","Sí=1; No=2; No sabe=88; No contesta=99",19147,17303,"haven_labelled;vctrs_vctr;double"
"2016","__enpg/base ENPG 2016 publico general.dta","mar_17","mar17 ¿Ha consumido marihuana a pesar de que tenía la intención de no hacerlo?","Sí=1; No=2; No sabe=88; No contesta=99",19147,17303,"haven_labelled;vctrs_vctr;double"
"2016","__enpg/base ENPG 2016 publico general.dta","mar_18","mar18 ¿Ha terminado consumiendo marihuana en mayores cantidades de lo que Ud. pe","Sí=1; No=2; No sabe=88; No contesta=99",19147,17303,"haven_labelled;vctrs_vctr;double"
"2016","__enpg/base ENPG 2016 publico general.dta","mar_19","mar19 ¿Ha dejado de hacer o ha suspendido actividades sociales, laborales o recr","Sí=1; No=2; No sabe=88; No contesta=99",19147,17303,"haven_labelled;vctrs_vctr;double"
"2016","__enpg/base ENPG 2016 publico general.dta","mar_20","mar20 ¿Ha dedicado más tiempo que antes a conseguir y consumir marihuana, o pasa","Sí=1; No=2; No sabe=88; No contesta=99",19147,17303,"haven_labelled;vctrs_vctr;double"
"2016","__enpg/base ENPG 2016 publico general.dta","mar_21","mar21 ¿Ha continuado consumiendo marihuana a pesar de que le ocasione problemas","Sí=1; No=2; No sabe=88; No contesta=99",19147,17303,"haven_labelled;vctrs_vctr;double"
"2016","__enpg/base ENPG 2016 publico general.dta","mar_22","mar22 ¿Ha dejado de cumplir sus deberes en la casa, en el trabajo o donde estudi","Sí=1; No=2; No sabe=88; No contesta=99",19147,17303,"haven_labelled;vctrs_vctr;double"
"2016","__enpg/base ENPG 2016 publico general.dta","mar_23","mar23 ¿Ha puesto en peligro su integridad física  a causa del consumo recurrente","Sí=1; No=2; No sabe=88; No contesta=99",19147,17303,"haven_labelled;vctrs_vctr;double"
"2016","__enpg/base ENPG 2016 publico general.dta","mar_24","mar24 ¿Ha hecho algo bajo los efectos de la marihuana que pudiera  causarle prob","Sí=1; No=2; No sabe=88; No contesta=99",19147,17303,"haven_labelled;vctrs_vctr;double"
"2016","__enpg/base ENPG 2016 publico general.dta","mar_25","mar25 ¿Ha tenido algún problema o han aumentado los problemas con su familia o a","Sí=1; No=2; No sabe=88; No contesta=99",19147,17303,"haven_labelled;vctrs_vctr;double"
"2016","__enpg/base ENPG 2016 publico general.dta","pb_1","pb1 ¿Ha probado Ud. pasta base alguna vez en su vida?","Sí=1; No=2; No sabe=88; No contesta=99",19147,0,"haven_labelled;vctrs_vctr;double"
"2016","__enpg/base ENPG 2016 publico general.dta","pb_2","pb2 ¿Cuándo fue la primera vez que Ud. consumió pasta base en su vida?","Durante los últimos 30 días=1; Hace más de un mes, pero menos de un año=2; Hace más de un año=3; No sabe=88; No contesta=99",19147,18812,"haven_labelled;vctrs_vctr;double"
"2016","__enpg/base ENPG 2016 publico general.dta","pb_3","pb3 ¿Qué edad tenía cuando probó pasta base por primera vez?","No sabe=88; No contesta=99",19147,18812,"haven_labelled;vctrs_vctr;double"
"2016","__enpg/base ENPG 2016 publico general.dta","pb_4","pb4 ¿Cuándo fue la última vez que Ud. consumió pasta base?","Durante los últimos 30 días=1; Hace más de un mes, pero menos de un año=2; Hace más de un año=3; No sabe=88; No contesta=99",19147,18812,"haven_labelled;vctrs_vctr;double"
"2016","__enpg/base ENPG 2016 publico general.dta","pb_5","pb5 Pensando solamente en los últimos 30 días , ¿Cuántos días del mes ha consumi","No sabe=88; No contesta=99",19147,19114,"haven_labelled;vctrs_vctr;double"
"2016","__enpg/base ENPG 2016 publico general.dta","pb_6","pb6 ¿Cuántos papelillos de pasta base consume Ud. al mes?","",19147,19114,"numeric"
"2016","__enpg/base ENPG 2016 publico general.dta","pb_7","pb7 ¿Cuánto gastó Ud. en pasta base durante los últimos 30 días?","",19147,19114,"numeric"
"2016","__enpg/base ENPG 2016 publico general.dta","pb_8","pb8 Según lo que Ud. sabe, ¿Cuánto cuesta un papelillo de pasta base?","",19147,19081,"numeric"
"2016","__enpg/base ENPG 2016 publico general.dta","pb_9","pb9 ¿Consumió pasta base para eliminar  o para evitar que se presenten problemas","Sí=1; No=2; No sabe=88; No contesta=99",19147,19081,"haven_labelled;vctrs_vctr;double"
"2016","__enpg/base ENPG 2016 publico general.dta","pb_10","pb10 ¿Y ha presentado estos problemas cuando suspendía o disminuía el consumo de","Sí=1; No=2; No sabe=88; No contesta=99",19147,19081,"haven_labelled;vctrs_vctr;double"
"2016","__enpg/base ENPG 2016 publico general.dta","pb_11","pb11 ¿Ha sentido un deseo tan grande de usar pasta base que no pudo resistir o p","Sí=1; No=2; No sabe=88; No contesta=99",19147,19081,"haven_labelled;vctrs_vctr;double"
"2016","__enpg/base ENPG 2016 publico general.dta","pb_12","pb12 ¿Ha observado que para obtener el mismo efecto con pasta base ha consumido","Sí=1; No=2; No sabe=88; No contesta=99",19147,19081,"haven_labelled;vctrs_vctr;double"
"2016","__enpg/base ENPG 2016 publico general.dta","pb_13","pb13 ¿Ha notado que la misma cantidad de pasta base tiene menos efecto en Ud. qu","Sí=1; No=2; No sabe=88; No contesta=99",19147,19081,"haven_labelled;vctrs_vctr;double"
"2016","__enpg/base ENPG 2016 publico general.dta","pb_14","pb14 ¿Ha consumido pasta base a pesar de que tenía la intención de no hacerlo?","Sí=1; No=2; No sabe=88; No contesta=99",19147,19081,"haven_labelled;vctrs_vctr;double"
"2016","__enpg/base ENPG 2016 publico general.dta","pb_15","pb15 ¿Ha terminado consumiendo pasta base en mayores cantidades de lo que Ud. pe","Sí=1; No=2; No sabe=88; No contesta=99",19147,19081,"haven_labelled;vctrs_vctr;double"
"2016","__enpg/base ENPG 2016 publico general.dta","pb_16","pb16 ¿Ha dejado de hacer o ha suspendido actividades sociales, laborales o recre","Sí=1; No=2; No sabe=88; No contesta=99",19147,19081,"haven_labelled;vctrs_vctr;double"
"2016","__enpg/base ENPG 2016 publico general.dta","pb_17","pb17 ¿Ha dedicado más tiempo que antes a conseguir y consumir pasta base, o pasa","Sí=1; No=2; No sabe=88; No contesta=99",19147,19081,"haven_labelled;vctrs_vctr;double"
"2016","__enpg/base ENPG 2016 publico general.dta","pb_18","pb18 ¿Ha continuado consumiendo pasta base a pesar de que le ocasione problemas","Sí=1; No=2; No sabe=88; No contesta=99",19147,19081,"haven_labelled;vctrs_vctr;double"
"2016","__enpg/base ENPG 2016 publico general.dta","pb_19","pb19 ¿Ha dejado de cumplir sus deberes en la casa, en el trabajo o donde estudia","Sí=1; No=2; No sabe=88; No contesta=99",19147,19081,"haven_labelled;vctrs_vctr;double"
"2016","__enpg/base ENPG 2016 publico general.dta","pb_20","pb20 ¿Ha puesto en peligro su integridad física  a causa del consumo recurrente","Sí=1; No=2; No sabe=88; No contesta=99",19147,19081,"haven_labelled;vctrs_vctr;double"
"2016","__enpg/base ENPG 2016 publico general.dta","pb_21","pb21 ¿Ha hecho algo bajo los efectos de la pasta base que pudiera  causarle prob","Sí=1; No=2; No sabe=88; No contesta=99",19147,19081,"haven_labelled;vctrs_vctr;double"
"2016","__enpg/base ENPG 2016 publico general.dta","pb_22","pb22 ¿Ha tenido algún problema o han aumentado los problemas con su familia o am","Sí=1; No=2; No sabe=88; No contesta=99",19147,19081,"haven_labelled;vctrs_vctr;double"
"2016","__enpg/base ENPG 2016 publico general.dta","coc_1","coc1 ¿Ha probado Ud. Cocaína alguna vez en su vida?","Sí=1; No=2; No sabe=88; No contesta=99",19147,0,"haven_labelled;vctrs_vctr;double"
"2016","__enpg/base ENPG 2016 publico general.dta","coc_2","coc2 ¿Cuándo fue la primera vez que Ud. consumió cocaína en su vida?","Durante los últimos 30 días=1; Hace más de un mes, pero menos de un año=2; Hace más de un año=3; No sabe=88; No contesta=99",19147,18439,"haven_labelled;vctrs_vctr;double"
"2016","__enpg/base ENPG 2016 publico general.dta","coc_3","coc3 ¿Qué edad tenía cuando probó cocaína por primera vez?","No sabe=88; No contesta=99",19147,18439,"haven_labelled;vctrs_vctr;double"
"2016","__enpg/base ENPG 2016 publico general.dta","coc_4","coc4 ¿Cuándo fue la última vez que Ud. consumió cocaína?","Durante los últimos 30 días=1; Hace más de un mes, pero menos de un año=2; Hace más de un año=3; No sabe=88; No contesta=99",19147,18439,"haven_labelled;vctrs_vctr;double"
"2016","__enpg/base ENPG 2016 publico general.dta","coc_5","coc5 Pensando solamente en los últimos 30 días, ¿Cuántos días del mes ha consumi","No sabe=88; No contesta=99",19147,19093,"haven_labelled;vctrs_vctr;double"
"2016","__enpg/base ENPG 2016 publico general.dta","coc_6_monto","coc6 ¿Cuántos gramos de cocaína consume Ud. al mes?","",19147,19093,"numeric"
"2016","__enpg/base ENPG 2016 publico general.dta","coc_7_monto","coc7 ¿Cuánto gastó Ud. en cocaína durante los últimos 30 días?","",19147,19093,"numeric"
"2016","__enpg/base ENPG 2016 publico general.dta","coc_8","coc8 Según lo que usted sabe, ¿Cuánto cuesta un gramo de cocaína?","No sabe=88; No contesta=99",19147,19005,"haven_labelled;vctrs_vctr;double"
"2016","__enpg/base ENPG 2016 publico general.dta","coc_9","coc9 ¿Consumió cocaína para eliminar  o para evitar que se presenten problemas c","Sí=1; No=2; No sabe=88; No contesta=99",19147,19005,"haven_labelled;vctrs_vctr;double"
"2016","__enpg/base ENPG 2016 publico general.dta","coc_10","coc10 ¿Y ha presentado estos problemas cuando suspendía o disminuía el consumo d","Sí=1; No=2; No sabe=88; No contesta=99",19147,19005,"haven_labelled;vctrs_vctr;double"
"2016","__enpg/base ENPG 2016 publico general.dta","coc_11","coc11 ¿Ha sentido un deseo tan grande de usar cocaína que no pudo resistir o pen","Sí=1; No=2; No sabe=88; No contesta=99",19147,19005,"haven_labelled;vctrs_vctr;double"
"2016","__enpg/base ENPG 2016 publico general.dta","coc_12","coc12 ¿Ha observado que para obtener el mismo efecto con cocaína ha consumido ma","Sí=1; No=2; No sabe=88; No contesta=99",19147,19005,"haven_labelled;vctrs_vctr;double"
"2016","__enpg/base ENPG 2016 publico general.dta","coc_13","coc13 ¿Ha notado que la misma cantidad de cocaína tiene menos efecto en Ud. que","Sí=1; No=2; No sabe=88; No contesta=99",19147,19005,"haven_labelled;vctrs_vctr;double"
"2016","__enpg/base ENPG 2016 publico general.dta","coc_14","coc14 ¿Ha consumido cocaína a pesar de que tenía la intención de no hacerlo?","Sí=1; No=2; No sabe=88; No contesta=99",19147,19005,"haven_labelled;vctrs_vctr;double"
"2016","__enpg/base ENPG 2016 publico general.dta","coc_15","coc15 ¿Ha terminado consumiendo cocaína en mayores cantidades de lo que Ud. pens","Sí=1; No=2; No sabe=88; No contesta=99",19147,19005,"haven_labelled;vctrs_vctr;double"
"2016","__enpg/base ENPG 2016 publico general.dta","coc_16","coc16 ¿Ha dejado de hacer o ha suspendido actividades sociales, laborales o recr","Sí=1; No=2; No sabe=88; No contesta=99",19147,19005,"haven_labelled;vctrs_vctr;double"
"2016","__enpg/base ENPG 2016 publico general.dta","coc_17","coc17 ¿Ha dedicado más tiempo que antes a conseguir y consumir cocaína, o pasa m","Sí=1; No=2; No sabe=88; No contesta=99",19147,19005,"haven_labelled;vctrs_vctr;double"
"2016","__enpg/base ENPG 2016 publico general.dta","coc_18","coc18 ¿Ha continuado consumiendo cocaína a pesar de que le ocasione problemas de","Sí=1; No=2; No sabe=88; No contesta=99",19147,19005,"haven_labelled;vctrs_vctr;double"
"2016","__enpg/base ENPG 2016 publico general.dta","coc_19","coc19 ¿Ha dejado de cumplir sus deberes en la casa, en el trabajo o donde estudi","Sí=1; No=2; No sabe=88; No contesta=99",19147,19005,"haven_labelled;vctrs_vctr;double"
"2016","__enpg/base ENPG 2016 publico general.dta","coc_20","coc20 ¿Ha puesto en peligro su integridad física  a causa del consumo recurrente","Sí=1; No=2; No sabe=88; No contesta=99",19147,19005,"haven_labelled;vctrs_vctr;double"
"2016","__enpg/base ENPG 2016 publico general.dta","coc_21","coc21 ¿Ha hecho algo bajo los efectos de la cocaína que pudiera  causarle proble","Sí=1; No=2; No sabe=88; No contesta=99",19147,19005,"haven_labelled;vctrs_vctr;double"
"2016","__enpg/base ENPG 2016 publico general.dta","coc_22","coc22 ¿Ha tenido algún problema o han aumentado los problemas con su familia o a","Sí=1; No=2; No sabe=88; No contesta=99",19147,19005,"haven_labelled;vctrs_vctr;double"
"2016","__enpg/base ENPG 2016 publico general.dta","trans_1_a","trans1_a ¿Ha probado Ud. alguno de los siguientes tranquilizantes sin receta méd","Sí=1",19147,18938,"haven_labelled;vctrs_vctr;double"
"2016","__enpg/base ENPG 2016 publico general.dta","trans_1_b","trans1_b ¿Ha probado Ud. alguno de los siguientes tranquilizantes sin receta méd","Sí=1",19147,18986,"haven_labelled;vctrs_vctr;double"
"2016","__enpg/base ENPG 2016 publico general.dta","trans_1_c","trans1_c ¿Ha probado Ud. alguno de los siguientes tranquilizantes sin receta méd","Sí=1",19147,18843,"haven_labelled;vctrs_vctr;double"
"2016","__enpg/base ENPG 2016 publico general.dta","trans_1_d","trans1_d ¿Ha probado Ud. alguno de los siguientes tranquilizantes sin receta méd","Sí=1",19147,19111,"haven_labelled;vctrs_vctr;double"
"2016","__enpg/base ENPG 2016 publico general.dta","trans_1_e","trans1_e ¿Ha probado Ud. alguno de los siguientes tranquilizantes sin receta méd","Sí=1",19147,19128,"haven_labelled;vctrs_vctr;double"
"2016","__enpg/base ENPG 2016 publico general.dta","trans_1_f","trans1_f ¿Ha probado Ud. alguno de los siguientes tranquilizantes sin receta méd","Sí=1",19147,19128,"haven_labelled;vctrs_vctr;double"
"2016","__enpg/base ENPG 2016 publico general.dta","trans_1_g","trans1_g ¿Ha probado Ud. alguno de los siguientes tranquilizantes sin receta méd","Sí=1",19147,19078,"haven_labelled;vctrs_vctr;double"
"2016","__enpg/base ENPG 2016 publico general.dta","trans_1_h","trans1_h ¿Ha probado Ud. alguno de los siguientes tranquilizantes sin receta méd","Sí=1",19147,19135,"haven_labelled;vctrs_vctr;double"
"2016","__enpg/base ENPG 2016 publico general.dta","trans_1_i","trans1_i ¿Ha probado Ud. alguno de los siguientes tranquilizantes sin receta méd","Sí=1",19147,19137,"haven_labelled;vctrs_vctr;double"
"2016","__enpg/base ENPG 2016 publico general.dta","trans_1_j","trans1_j ¿Ha probado Ud. alguno de los siguientes tranquilizantes sin receta méd","Ninguna de las anteriores=1",19147,652,"haven_labelled;vctrs_vctr;double"
"2016","__enpg/base ENPG 2016 publico general.dta","trans_2_a","trans2_a ¿Qué edad tenía cuando probó  sin receta médica por primera vez? Alpraz","No sabe=88; No contesta=99",19147,18938,"haven_labelled;vctrs_vctr;double"
"2016","__enpg/base ENPG 2016 publico general.dta","trans_2_b","trans2_b ¿Qué edad tenía cuando probó  sin receta médica por primera vez? Valium","No sabe=88; No contesta=99",19147,18986,"haven_labelled;vctrs_vctr;double"
"2016","__enpg/base ENPG 2016 publico general.dta","trans_2_c","trans2_c ¿Qué edad tenía cuando probó  sin receta médica por primera vez? Clonaz","No sabe=88; No contesta=99",19147,18843,"haven_labelled;vctrs_vctr;double"
"2016","__enpg/base ENPG 2016 publico general.dta","trans_2_d","trans2_d ¿Qué edad tenía cuando probó  sin receta médica por primera vez? Loraze","No sabe=88; No contesta=99",19147,19111,"haven_labelled;vctrs_vctr;double"
"2016","__enpg/base ENPG 2016 publico general.dta","trans_2_e","trans2_e ¿Qué edad tenía cuando probó  sin receta médica por primera vez? Clorod","No sabe=88; No contesta=99",19147,19128,"haven_labelled;vctrs_vctr;double"
"2016","__enpg/base ENPG 2016 publico general.dta","trans_2_f","trans2_f ¿Qué edad tenía cuando probó  sin receta médica por primera vez? Bromac","No sabe=88; No contesta=99",19147,19128,"haven_labelled;vctrs_vctr;double"
"2016","__enpg/base ENPG 2016 publico general.dta","trans_2_g","trans2_g ¿Qué edad tenía cuando probó  sin receta médica por primera vez? Zopicl","No sabe=88; No contesta=99",19147,19078,"haven_labelled;vctrs_vctr;double"
"2016","__enpg/base ENPG 2016 publico general.dta","trans_2_h","trans2_h ¿Qué edad tenía cuando probó  sin receta médica por primera vez? Dormon","No sabe=88; No contesta=99",19147,19135,"haven_labelled;vctrs_vctr;double"
"2016","__enpg/base ENPG 2016 publico general.dta","trans_2_i","trans2_i ¿Qué edad tenía cuando probó  sin receta médica por primera vez? Rohypn","No sabe=88; No contesta=99",19147,19137,"haven_labelled;vctrs_vctr;double"
"2016","__enpg/base ENPG 2016 publico general.dta","trans_3_a","trans3_a ¿Cuándo fue la última vez que consumió sin receta médica? Alprazolam, Z","Durante los últimos 30 días=1; Hace más de un mes, pero menos de un año=2; Hace más de un año=3; No sabe=88; No contesta=99",19147,18938,"haven_labelled;vctrs_vctr;double"
"2016","__enpg/base ENPG 2016 publico general.dta","trans_3_b","trans3_b ¿Cuándo fue la última vez que consumió sin receta médica? Valium o Diaz","Durante los últimos 30 días=1; Hace más de un mes, pero menos de un año=2; Hace más de un año=3; No sabe=88; No contesta=99",19147,18986,"haven_labelled;vctrs_vctr;double"
"2016","__enpg/base ENPG 2016 publico general.dta","trans_3_c","trans3_c ¿Cuándo fue la última vez que consumió sin receta médica? Clonazepam, R","Durante los últimos 30 días=1; Hace más de un mes, pero menos de un año=2; Hace más de un año=3; No sabe=88; No contesta=99",19147,18843,"haven_labelled;vctrs_vctr;double"
"2016","__enpg/base ENPG 2016 publico general.dta","trans_3_d","trans3_d ¿Cuándo fue la última vez que consumió sin receta médica? Lorazepam o A","Durante los últimos 30 días=1; Hace más de un mes, pero menos de un año=2; Hace más de un año=3; No sabe=88; No contesta=99",19147,19111,"haven_labelled;vctrs_vctr;double"
"2016","__enpg/base ENPG 2016 publico general.dta","trans_3_e","trans3_e ¿Cuándo fue la última vez que consumió sin receta médica? Clorodiacepóx","Durante los últimos 30 días=1; Hace más de un mes, pero menos de un año=2; Hace más de un año=3; No sabe=88; No contesta=99",19147,19128,"haven_labelled;vctrs_vctr;double"
"2016","__enpg/base ENPG 2016 publico general.dta","trans_3_f","trans3_f ¿Cuándo fue la última vez que consumió sin receta médica? Bromacepam","Durante los últimos 30 días=1; Hace más de un mes, pero menos de un año=2; Hace más de un año=3; No sabe=88; No contesta=99",19147,19128,"haven_labelled;vctrs_vctr;double"
"2016","__enpg/base ENPG 2016 publico general.dta","trans_3_g","trans3_g ¿Cuándo fue la última vez que consumió sin receta médica? Zopiclona, Zo","Durante los últimos 30 días=1; Hace más de un mes, pero menos de un año=2; Hace más de un año=3; No sabe=88; No contesta=99",19147,19078,"haven_labelled;vctrs_vctr;double"
"2016","__enpg/base ENPG 2016 publico general.dta","trans_3_h","trans3_h ¿Cuándo fue la última vez que consumió sin receta médica? Dormonid o Mi","Durante los últimos 30 días=1; Hace más de un mes, pero menos de un año=2; Hace más de un año=3; No sabe=88; No contesta=99",19147,19135,"haven_labelled;vctrs_vctr;double"
"2016","__enpg/base ENPG 2016 publico general.dta","trans_3_i","trans3_i ¿Cuándo fue la última vez que consumió sin receta médica? Rohypnol, Flu","Durante los últimos 30 días=1; Hace más de un mes, pero menos de un año=2; Hace más de un año=3; No sabe=88; No contesta=99",19147,19137,"haven_labelled;vctrs_vctr;double"
"2016","__enpg/base ENPG 2016 publico general.dta","trans_4","trans4 Piense en la última vez que Ud. consumió tranquilizantes sin receta médic","Lo compré en una farmacia con una receta médica de otra persona=1; Lo compré en una feria libre o mercado=2; Lo compré por internet=3; Me lo pasó mi conviviente/pareja, un familiar y/o amigo/a=4; Me lo pasaron en el consultorio=5; Estaba en mi casa y lo tomé=6; Lo conseguí de otra forma, especifique:=7; No sabe=88; No contesta=99",19147,18918,"haven_labelled;vctrs_vctr;double"
"2016","__enpg/base ENPG 2016 publico general.dta","trans_4_esp","trans4_especifique Otra razón","",19147,0,"character"
"2016","__enpg/base ENPG 2016 publico general.dta","trans_5","trans5 Piense en la última vez que Ud. consumió tranquilizantes sin receta médic","Para inducir el sueño, problemas de insomnio=1; Para relajarme, bajar la ansiedad=2; Porque me he sentido triste o deprimido/a=3; Para hacer frente a estados de tensión y/o estrés=4; Para enfrentar momentos difíciles o situaciones de tensión=5; Para disminuir contracturas musculares=6; Otra razón, especifique=7; No sabe=88; No contesta=99",19147,18918,"haven_labelled;vctrs_vctr;double"
"2016","__enpg/base ENPG 2016 publico general.dta","trans_5_esp","trans5_especifique Otra razón","",19147,0,"character"
"2016","__enpg/base ENPG 2016 publico general.dta","od_1","od1 ¿Ha probado Ud. Bebidas Energéticas (Battery, Red Bull, Dark Dog, etc.) algu","Sí=1; No=2; No sabe=88; No contesta=99",19147,0,"haven_labelled;vctrs_vctr;double"
"2016","__enpg/base ENPG 2016 publico general.dta","od_2","od2 ¿Cuándo fue la última vez que Ud. consumió Bebidas Energéticas?","Durante los últimos 30 días=1; Hace más de un mes, pero menos de un año=2; Hace más de un año=3; No sabe=88; No contesta=99",19147,11937,"haven_labelled;vctrs_vctr;double"
"2016","__enpg/base ENPG 2016 publico general.dta","od_3","od3 ¿Ha probado Ud. alguna Bebidas Energéticas combinada con Alcohol alguna vez","Sí=1; No=2; No sabe=88; No contesta=99",19147,11937,"haven_labelled;vctrs_vctr;double"
"2016","__enpg/base ENPG 2016 publico general.dta","od_4","od4 ¿Cuándo fue la última vez que Ud. consumió alguna Bebida Energética combinad","Durante los últimos 30 días=1; Hace más de un mes, pero menos de un año=2; Hace más de un año=3; No sabe=88; No contesta=99",19147,17269,"haven_labelled;vctrs_vctr;double"
"2016","__enpg/base ENPG 2016 publico general.dta","od_5_a","od5_a ¿Ha probado Ud. alguna de las siguientes drogas alguna vez en su vida? Hac","Sí=1",19147,18883,"haven_labelled;vctrs_vctr;double"
"2016","__enpg/base ENPG 2016 publico general.dta","od_5_b","od5_b ¿Ha probado Ud. alguna de las siguientes drogas alguna vez en su vida? Mar","Sí=1",19147,18816,"haven_labelled;vctrs_vctr;double"
"2016","__enpg/base ENPG 2016 publico general.dta","od_5_c","od5_c ¿Ha probado Ud. alguna de las siguientes drogas alguna vez en su vida? Éxt","Sí=1",19147,19091,"haven_labelled;vctrs_vctr;double"
"2016","__enpg/base ENPG 2016 publico general.dta","od_5_d","od5_d ¿Ha probado Ud. alguna de las siguientes drogas alguna vez en su vida? Mef","Sí=1",19147,19143,"haven_labelled;vctrs_vctr;double"
"2016","__enpg/base ENPG 2016 publico general.dta","od_5_e","od5_e ¿Ha probado Ud. alguna de las siguientes drogas alguna vez en su vida? Her","Sí=1",19147,19133,"haven_labelled;vctrs_vctr;double"
"2016","__enpg/base ENPG 2016 publico general.dta","od_5_f","od5_g ¿Ha probado Ud. alguna de las siguientes drogas alguna vez en su vida? Cra","Sí=1",19147,19136,"haven_labelled;vctrs_vctr;double"
"2016","__enpg/base ENPG 2016 publico general.dta","od_5_g","od5_f ¿Ha probado Ud. alguna de las siguientes drogas alguna vez en su vida?  Ni","Ninguna de las anteriores=1",19147,558,"haven_labelled;vctrs_vctr;double"
"2016","__enpg/base ENPG 2016 publico general.dta","od_6_a","od6_a ¿Cuándo fue la última vez que consumió? Hachís","Durante los últimos 30 días=1; Hace más de un mes, pero menos de un año=2; Hace más de un año=3; No sabe=88; No contesta=99",19147,18883,"haven_labelled;vctrs_vctr;double"
"2016","__enpg/base ENPG 2016 publico general.dta","od_6_b","od6_b ¿Cuándo fue la última vez que consumió? Marihuana sintética o cannabinoide","Durante los últimos 30 días=1; Hace más de un mes, pero menos de un año=2; Hace más de un año=3; No sabe=88; No contesta=99",19147,18816,"haven_labelled;vctrs_vctr;double"
"2016","__enpg/base ENPG 2016 publico general.dta","od_6_c","od6_c ¿Cuándo fue la última vez que consumió? Éxtasis o MDMA","Durante los últimos 30 días=1; Hace más de un mes, pero menos de un año=2; Hace más de un año=3; No sabe=88; No contesta=99",19147,19091,"haven_labelled;vctrs_vctr;double"
"2016","__enpg/base ENPG 2016 publico general.dta","od_6_d","od6_d ¿Cuándo fue la última vez que consumió? Mefedrona, Metilona, MDPV o Sales","Durante los últimos 30 días=1; Hace más de un mes, pero menos de un año=2; Hace más de un año=3; No sabe=88; No contesta=99",19147,19143,"haven_labelled;vctrs_vctr;double"
"2016","__enpg/base ENPG 2016 publico general.dta","od_6_e","od6_e ¿Cuándo fue la última vez que consumió? Heroína","Durante los últimos 30 días=1; Hace más de un mes, pero menos de un año=2; Hace más de un año=3; No sabe=88; No contesta=99",19147,19133,"haven_labelled;vctrs_vctr;double"
"2016","__enpg/base ENPG 2016 publico general.dta","od_6_f","od6_f ¿Cuándo fue la última vez que consumió? Crack","Durante los últimos 30 días=1; Hace más de un mes, pero menos de un año=2; Hace más de un año=3; No sabe=88; No contesta=99",19147,19136,"haven_labelled;vctrs_vctr;double"
"2016","__enpg/base ENPG 2016 publico general.dta","od_7_a","od7_a ¿Ha probado Ud. alguno de los siguientes medicamentos estimulantes sin rec","Sí=1",19147,19011,"haven_labelled;vctrs_vctr;double"
"2016","__enpg/base ENPG 2016 publico general.dta","od_7_b","od7_b ¿Ha probado Ud. alguno de los siguientes medicamentos estimulantes sin rec","Sí=1",19147,19105,"haven_labelled;vctrs_vctr;double"
"2016","__enpg/base ENPG 2016 publico general.dta","od_7_c","od7_c ¿Ha probado Ud. alguno de los siguientes medicamentos estimulantes sin rec","Sí=1",19147,19072,"haven_labelled;vctrs_vctr;double"
"2016","__enpg/base ENPG 2016 publico general.dta","od_7_d","od7_d ¿Ha probado Ud. alguno de los siguientes medicamentos estimulantes sin rec","Sí=1",19147,19109,"haven_labelled;vctrs_vctr;double"
"2016","__enpg/base ENPG 2016 publico general.dta","od_7_e","od7_e ¿Ha probado Ud. alguno de los siguientes medicamentos estimulantes sin rec","Sí=1",19147,19127,"haven_labelled;vctrs_vctr;double"
"2016","__enpg/base ENPG 2016 publico general.dta","od_7_f","od7_f ¿Ha probado Ud. alguno de los siguientes medicamentos estimulantes sin rec","Sí=1",19147,19145,"haven_labelled;vctrs_vctr;double"
"2016","__enpg/base ENPG 2016 publico general.dta","od_7_g","od7_g ¿Ha probado Ud. alguno de los siguientes medicamentos estimulantes sin rec","Sí=1",19147,19145,"haven_labelled;vctrs_vctr;double"
"2016","__enpg/base ENPG 2016 publico general.dta","od_7_h","od7_h ¿Ha probado Ud. alguno de los siguientes medicamentos estimulantes sin rec","Sí=1",19147,19143,"haven_labelled;vctrs_vctr;double"
"2016","__enpg/base ENPG 2016 publico general.dta","od_7_i","od7_i ¿Ha probado Ud. alguno de los siguientes medicamentos estimulantes sin rec","Ninguna de las anteriores=1",19147,232,"haven_labelled;vctrs_vctr;double"
"2016","__enpg/base ENPG 2016 publico general.dta","od_8_a","od8_a ¿Cuándo fue la última vez que consumió sin receta médica? Anfetaminas","Durante los últimos 30 días=1; Hace más de un mes, pero menos de un año=2; Hace más de un año=3; No sabe=88; No contesta=99",19147,19011,"haven_labelled;vctrs_vctr;double"
"2016","__enpg/base ENPG 2016 publico general.dta","od_8_b","od8_b ¿Cuándo fue la última vez que consumió sin receta médica? Cidrín","Durante los últimos 30 días=1; Hace más de un mes, pero menos de un año=2; Hace más de un año=3; No sabe=88; No contesta=99",19147,19105,"haven_labelled;vctrs_vctr;double"
"2016","__enpg/base ENPG 2016 publico general.dta","od_8_c","od8_c ¿Cuándo fue la última vez que consumió sin receta médica? Modafinilo o Men","Durante los últimos 30 días=1; Hace más de un mes, pero menos de un año=2; Hace más de un año=3; No sabe=88; No contesta=99",19147,19072,"haven_labelled;vctrs_vctr;double"
"2016","__enpg/base ENPG 2016 publico general.dta","od_8_d","od8_d ¿Cuándo fue la última vez que consumió sin receta médica? Ritalin, Metilfe","Durante los últimos 30 días=1; Hace más de un mes, pero menos de un año=2; Hace más de un año=3; No sabe=88; No contesta=99",19147,19109,"haven_labelled;vctrs_vctr;double"
"2016","__enpg/base ENPG 2016 publico general.dta","od_8_e","od8_e ¿Cuándo fue la última vez que consumió sin receta médica? Escancil","Durante los últimos 30 días=1; Hace más de un mes, pero menos de un año=2; Hace más de un año=3; No sabe=88; No contesta=99",19147,19127,"haven_labelled;vctrs_vctr;double"
"2016","__enpg/base ENPG 2016 publico general.dta","od_8_f","od8_f ¿Cuándo fue la última vez que consumió sin receta médica? Cylert o Pemolin","Durante los últimos 30 días=1; Hace más de un mes, pero menos de un año=2; Hace más de un año=3; No sabe=88; No contesta=99",19147,19145,"haven_labelled;vctrs_vctr;double"
"2016","__enpg/base ENPG 2016 publico general.dta","od_8_g","od8_g ¿Cuándo fue la última vez que consumió sin receta médica? Anfepramona","Durante los últimos 30 días=1; Hace más de un mes, pero menos de un año=2; Hace más de un año=3; No sabe=88; No contesta=99",19147,19145,"haven_labelled;vctrs_vctr;double"
"2016","__enpg/base ENPG 2016 publico general.dta","od_8_h","od8_h ¿Cuándo fue la última vez que consumió sin receta médica? Fenproporex o Sa","Durante los últimos 30 días=1; Hace más de un mes, pero menos de un año=2; Hace más de un año=3; No sabe=88; No contesta=99",19147,19143,"haven_labelled;vctrs_vctr;double"
"2016","__enpg/base ENPG 2016 publico general.dta","od_9_a","od9_a ¿Ha probado Ud. alguna de las siguientes metanfetaminas alguna vez en su v","Sí=1; No=2",19147,19144,"haven_labelled;vctrs_vctr;double"
"2016","__enpg/base ENPG 2016 publico general.dta","od_9_b","od9_b ¿Ha probado Ud. alguna de las siguientes metanfetaminas alguna vez en su v","Sí=1; No=2",19147,19142,"haven_labelled;vctrs_vctr;double"
"2016","__enpg/base ENPG 2016 publico general.dta","od_9_c","od9_c ¿Ha probado Ud. alguna de las siguientes metanfetaminas alguna vez en su v","Ninguna de las anteriores=1",19147,156,"haven_labelled;vctrs_vctr;double"
"2016","__enpg/base ENPG 2016 publico general.dta","od_10_a","od10_a ¿Cuándo fue la última vez que consumió ? Meth o Met, Crystal, Hielo (Ice)","Durante los últimos 30 días=1; Hace más de un mes, pero menos de un año=2; Hace más de un año=3; No sabe=88; No contesta=99",19147,19144,"haven_labelled;vctrs_vctr;double"
"2016","__enpg/base ENPG 2016 publico general.dta","od_10_b","od10_b ¿Cuándo fue la última vez que consumió ? Cristina, Anteta, Crack Mexicano","Durante los últimos 30 días=1; Hace más de un mes, pero menos de un año=2; Hace más de un año=3; No sabe=88; No contesta=99",19147,19142,"haven_labelled;vctrs_vctr;double"
"2016","__enpg/base ENPG 2016 publico general.dta","od_11_a","od11_a ¿Ha probado Ud. alguna de las siguientes sustancias inhalables alguna vez","Sí=1",19147,19056,"haven_labelled;vctrs_vctr;double"
"2016","__enpg/base ENPG 2016 publico general.dta","od_11_b","od11_b ¿Ha probado Ud. alguna de las siguientes sustancias inhalables alguna vez","Sí=1",19147,19117,"haven_labelled;vctrs_vctr;double"
"2016","__enpg/base ENPG 2016 publico general.dta","od_11_c","od11_c ¿Ha probado Ud. alguna de las siguientes sustancias inhalables alguna vez","Sí=1",19147,19127,"haven_labelled;vctrs_vctr;double"
"2016","__enpg/base ENPG 2016 publico general.dta","od_11_d","od11_d ¿Ha probado Ud. alguna de las siguientes sustancias inhalables alguna vez","Sí=1",19147,19115,"haven_labelled;vctrs_vctr;double"
"2016","__enpg/base ENPG 2016 publico general.dta","od_11_e","od11_e ¿Ha probado Ud. alguna de las siguientes sustancias inhalables alguna vez","Sí=1",19147,19137,"haven_labelled;vctrs_vctr;double"
"2016","__enpg/base ENPG 2016 publico general.dta","od_11_f","od11_f ¿Ha probado Ud. alguna de las siguientes sustancias inhalables alguna vez","Sí=1",19147,19124,"haven_labelled;vctrs_vctr;double"
"2016","__enpg/base ENPG 2016 publico general.dta","od_11_g","od11_g ¿Ha probado Ud. alguna de las siguientes sustancias inhalables alguna vez","Sí=1",19147,19137,"haven_labelled;vctrs_vctr;double"
"2016","__enpg/base ENPG 2016 publico general.dta","od_11_h","od11_h ¿Ha probado Ud. alguna de las siguientes sustancias inhalables alguna vez","Sí=1",19147,19117,"haven_labelled;vctrs_vctr;double"
"2016","__enpg/base ENPG 2016 publico general.dta","od_11_i","od11_i ¿Ha probado Ud. alguna de las siguientes sustancias inhalables alguna vez","Sí=1",19147,19144,"haven_labelled;vctrs_vctr;double"
"2016","__enpg/base ENPG 2016 publico general.dta","od_11_j","od11_j ¿Ha probado Ud. alguna de las siguientes sustancias inhalables alguna vez","Sí=1",19147,19131,"haven_labelled;vctrs_vctr;double"
"2016","__enpg/base ENPG 2016 publico general.dta","od_11_k","od11_k ¿Ha probado Ud. alguna de las siguientes sustancias inhalables alguna vez","Ninguna de las anteriores=1",19147,175,"haven_labelled;vctrs_vctr;double"
"2016","__enpg/base ENPG 2016 publico general.dta","od_12_a","od12_a ¿Cuándo fue la última vez que consumió ? Neoprén","Durante los últimos 30 días=1; Hace más de un mes, pero menos de un año=2; Hace más de un año=3; No sabe=88; No contesta=99",19147,19056,"haven_labelled;vctrs_vctr;double"
"2016","__enpg/base ENPG 2016 publico general.dta","od_12_b","od12_b ¿Cuándo fue la última vez que consumió ? Bencina o parafina","Durante los últimos 30 días=1; Hace más de un mes, pero menos de un año=2; Hace más de un año=3; No sabe=88; No contesta=99",19147,19117,"haven_labelled;vctrs_vctr;double"
"2016","__enpg/base ENPG 2016 publico general.dta","od_12_c","od12_c ¿Cuándo fue la última vez que consumió ? Tolueno","Durante los últimos 30 días=1; Hace más de un mes, pero menos de un año=2; Hace más de un año=3; No sabe=88; No contesta=99",19147,19127,"haven_labelled;vctrs_vctr;double"
"2016","__enpg/base ENPG 2016 publico general.dta","od_12_d","od12_d ¿Cuándo fue la última vez que consumió ? Desodorantes ambientales o corpo","Durante los últimos 30 días=1; Hace más de un mes, pero menos de un año=2; Hace más de un año=3; No sabe=88; No contesta=99",19147,19115,"haven_labelled;vctrs_vctr;double"
"2016","__enpg/base ENPG 2016 publico general.dta","od_12_e","od12_e ¿Cuándo fue la última vez que consumió ? Pinturas en spray","Durante los últimos 30 días=1; Hace más de un mes, pero menos de un año=2; Hace más de un año=3; No sabe=88; No contesta=99",19147,19137,"haven_labelled;vctrs_vctr;double"
"2016","__enpg/base ENPG 2016 publico general.dta","od_12_f","od12_f ¿Cuándo fue la última vez que consumió ? Acetona","Durante los últimos 30 días=1; Hace más de un mes, pero menos de un año=2; Hace más de un año=3; No sabe=88; No contesta=99",19147,19124,"haven_labelled;vctrs_vctr;double"
"2016","__enpg/base ENPG 2016 publico general.dta","od_12_g","od12_g ¿Cuándo fue la última vez que consumió ? Éter u otros solventes volátiles","Durante los últimos 30 días=1; Hace más de un mes, pero menos de un año=2; Hace más de un año=3; No sabe=88; No contesta=99",19147,19137,"haven_labelled;vctrs_vctr;double"
"2016","__enpg/base ENPG 2016 publico general.dta","od_12_h","od12_h ¿Cuándo fue la última vez que consumió ? Poppers","Durante los últimos 30 días=1; Hace más de un mes, pero menos de un año=2; Hace más de un año=3; No sabe=88; No contesta=99",19147,19117,"haven_labelled;vctrs_vctr;double"
"2016","__enpg/base ENPG 2016 publico general.dta","od_12_i","od12_i ¿Cuándo fue la última vez que consumió ? Solventes para extintores de inc","Durante los últimos 30 días=1; Hace más de un mes, pero menos de un año=2; Hace más de un año=3; No sabe=88; No contesta=99",19147,19144,"haven_labelled;vctrs_vctr;double"
"2016","__enpg/base ENPG 2016 publico general.dta","od_12_j","od12_j ¿Cuándo fue la última vez que consumió ? Cloruro de etilo","Durante los últimos 30 días=1; Hace más de un mes, pero menos de un año=2; Hace más de un año=3; No sabe=88; No contesta=99",19147,19131,"haven_labelled;vctrs_vctr;double"
"2016","__enpg/base ENPG 2016 publico general.dta","od_13_a","od13_a ¿Ha probado Ud. alguno de los siguientes alucinógenos alguna vez en su vi","Sí=1",19147,18988,"haven_labelled;vctrs_vctr;double"
"2016","__enpg/base ENPG 2016 publico general.dta","od_13_b","od13_b ¿Ha probado Ud. alguno de los siguientes alucinógenos alguna vez en su vi","Sí=1",19147,19144,"haven_labelled;vctrs_vctr;double"
"2016","__enpg/base ENPG 2016 publico general.dta","od_13_c","od13_c ¿Ha probado Ud. alguno de los siguientes alucinógenos alguna vez en su vi","Sí=1",19147,19142,"haven_labelled;vctrs_vctr;double"
"2016","__enpg/base ENPG 2016 publico general.dta","od_13_d","od13_d ¿Ha probado Ud. alguno de los siguientes alucinógenos alguna vez en su vi","Sí=1",19147,19075,"haven_labelled;vctrs_vctr;double"
"2016","__enpg/base ENPG 2016 publico general.dta","od_13_e","od13_e ¿Ha probado Ud. alguno de los siguientes alucinógenos alguna vez en su vi","Sí=1",19147,19094,"haven_labelled;vctrs_vctr;double"
"2016","__enpg/base ENPG 2016 publico general.dta","od_13_f","od13_f ¿Ha probado Ud. alguno de los siguientes alucinógenos alguna vez en su vi","Sí=1",19147,19084,"haven_labelled;vctrs_vctr;double"
"2016","__enpg/base ENPG 2016 publico general.dta","od_13_g","od13_g ¿Ha probado Ud. alguno de los siguientes alucinógenos alguna vez en su vi","Sí=1",19147,19127,"haven_labelled;vctrs_vctr;double"
"2016","__enpg/base ENPG 2016 publico general.dta","od_13_h","od13_h ¿Ha probado Ud. alguno de los siguientes alucinógenos alguna vez en su vi","Sí=1",19147,19145,"haven_labelled;vctrs_vctr;double"
"2016","__enpg/base ENPG 2016 publico general.dta","od_13_i","od13_i ¿Ha probado Ud. alguno de los siguientes alucinógenos alguna vez en su vi","Sí=1",19147,19121,"haven_labelled;vctrs_vctr;double"
"2016","__enpg/base ENPG 2016 publico general.dta","od_13_j","od13_j ¿Ha probado Ud. alguno de los siguientes alucinógenos alguna vez en su vi","Ninguna de las anteriores=1",19147,256,"haven_labelled;vctrs_vctr;double"
"2016","__enpg/base ENPG 2016 publico general.dta","od_14_a","od14_a ¿Cuándo fue la última vez que consumió? LSD u otros ácidos","Durante los últimos 30 días=1; Hace más de un mes, pero menos de un año=2; Hace más de un año=3; No sabe=88; No contesta=99",19147,18988,"haven_labelled;vctrs_vctr;double"
"2016","__enpg/base ENPG 2016 publico general.dta","od_14_b","od14_b ¿Cuándo fue la última vez que consumió? Polvo de ángel","Durante los últimos 30 días=1; Hace más de un mes, pero menos de un año=2; Hace más de un año=3; No sabe=88; No contesta=99",19147,19144,"haven_labelled;vctrs_vctr;double"
"2016","__enpg/base ENPG 2016 publico general.dta","od_14_c","od14_c ¿Cuándo fue la última vez que consumió? 25B-NBOMe o 25C-NBOMe","Durante los últimos 30 días=1; Hace más de un mes, pero menos de un año=2; Hace más de un año=3; No sabe=88; No contesta=99",19147,19142,"haven_labelled;vctrs_vctr;double"
"2016","__enpg/base ENPG 2016 publico general.dta","od_14_d","od14_d ¿Cuándo fue la última vez que consumió? Peyote, San Pedro","Durante los últimos 30 días=1; Hace más de un mes, pero menos de un año=2; Hace más de un año=3; No sabe=88; No contesta=99",19147,19075,"haven_labelled;vctrs_vctr;double"
"2016","__enpg/base ENPG 2016 publico general.dta","od_14_e","od14_e ¿Cuándo fue la última vez que consumió? Floripondio","Durante los últimos 30 días=1; Hace más de un mes, pero menos de un año=2; Hace más de un año=3; No sabe=88; No contesta=99",19147,19094,"haven_labelled;vctrs_vctr;double"
"2016","__enpg/base ENPG 2016 publico general.dta","od_14_f","od14_f ¿Cuándo fue la última vez que consumió? Hongos o Cucumelo","Durante los últimos 30 días=1; Hace más de un mes, pero menos de un año=2; Hace más de un año=3; No sabe=88; No contesta=99",19147,19084,"haven_labelled;vctrs_vctr;double"
"2016","__enpg/base ENPG 2016 publico general.dta","od_14_g","od14_g ¿Cuándo fue la última vez que consumió? Mescalina","Durante los últimos 30 días=1; Hace más de un mes, pero menos de un año=2; Hace más de un año=3; No sabe=88; No contesta=99",19147,19127,"haven_labelled;vctrs_vctr;double"
"2016","__enpg/base ENPG 2016 publico general.dta","od_14_h","od14_h ¿Cuándo fue la última vez que consumió? Belladona","Durante los últimos 30 días=1; Hace más de un mes, pero menos de un año=2; Hace más de un año=3; No sabe=88; No contesta=99",19147,19145,"haven_labelled;vctrs_vctr;double"
"2016","__enpg/base ENPG 2016 publico general.dta","od_14_i","od14_i ¿Cuándo fue la última vez que consumió? Ayahuasca","Durante los últimos 30 días=1; Hace más de un mes, pero menos de un año=2; Hace más de un año=3; No sabe=88; No contesta=99",19147,19121,"haven_labelled;vctrs_vctr;double"
"2016","__enpg/base ENPG 2016 publico general.dta","od_15_a","od15_a ¿Ha probado Ud. alguno de los siguientes analgésicos sin receta médica al","Sí=1",19147,18854,"haven_labelled;vctrs_vctr;double"
"2016","__enpg/base ENPG 2016 publico general.dta","od_15_b","od15_b ¿Ha probado Ud. alguno de los siguientes analgésicos sin receta médica al","Sí=1",19147,19108,"haven_labelled;vctrs_vctr;double"
"2016","__enpg/base ENPG 2016 publico general.dta","od_15_c","od15_c ¿Ha probado Ud. alguno de los siguientes analgésicos sin receta médica al","Sí=1",19147,19129,"haven_labelled;vctrs_vctr;double"
"2016","__enpg/base ENPG 2016 publico general.dta","od_15_d","od15_d ¿Ha probado Ud. alguno de los siguientes analgésicos sin receta médica al","Sí=1",19147,19136,"haven_labelled;vctrs_vctr;double"
"2016","__enpg/base ENPG 2016 publico general.dta","od_15_e","od15_e ¿Ha probado Ud. alguno de los siguientes analgésicos sin receta médica al","Sí=1",19147,19145,"haven_labelled;vctrs_vctr;double"
"2016","__enpg/base ENPG 2016 publico general.dta","od_15_f","od15_f ¿Ha probado Ud. alguno de los siguientes analgésicos sin receta médica al","Sí=1",19147,19144,"haven_labelled;vctrs_vctr;double"
"2016","__enpg/base ENPG 2016 publico general.dta","od_15_g","od15_g ¿Ha probado Ud. alguno de los siguientes analgésicos sin receta médica al","Sí=1",19147,19144,"haven_labelled;vctrs_vctr;double"
"2016","__enpg/base ENPG 2016 publico general.dta","od_15_h","od15_h ¿Ha probado Ud. alguno de los siguientes analgésicos sin receta médica al","Sí=1",19147,19139,"haven_labelled;vctrs_vctr;double"
"2016","__enpg/base ENPG 2016 publico general.dta","od_15_i","od15_i ¿Ha probado Ud. alguno de los siguientes analgésicos sin receta médica al","Ninguna de las anteriores=1",19147,341,"haven_labelled;vctrs_vctr;double"
"2016","__enpg/base ENPG 2016 publico general.dta","od_16_a","od16_a ¿Cuándo fue la última vez que consumió sin receta médica? Tramal o Tramad","Durante los últimos 30 días=1; Hace más de un mes, pero menos de un año=2; Hace más de un año=3; No sabe=88; No contesta=99",19147,18854,"haven_labelled;vctrs_vctr;double"
"2016","__enpg/base ENPG 2016 publico general.dta","od_16_b","od16_b ¿Cuándo fue la última vez que consumió sin receta médica? Codeína","Durante los últimos 30 días=1; Hace más de un mes, pero menos de un año=2; Hace más de un año=3; No sabe=88; No contesta=99",19147,19108,"haven_labelled;vctrs_vctr;double"
"2016","__enpg/base ENPG 2016 publico general.dta","od_16_c","od16_c ¿Cuándo fue la última vez que consumió sin receta médica? Morfina","Durante los últimos 30 días=1; Hace más de un mes, pero menos de un año=2; Hace más de un año=3; No sabe=88; No contesta=99",19147,19129,"haven_labelled;vctrs_vctr;double"
"2016","__enpg/base ENPG 2016 publico general.dta","od_16_d","od16_d ¿Cuándo fue la última vez que consumió sin receta médica? Metadona","Durante los últimos 30 días=1; Hace más de un mes, pero menos de un año=2; Hace más de un año=3; No sabe=88; No contesta=99",19147,19136,"haven_labelled;vctrs_vctr;double"
"2016","__enpg/base ENPG 2016 publico general.dta","od_16_e","od16_e ¿Cuándo fue la última vez que consumió sin receta médica? Petidina","Durante los últimos 30 días=1; Hace más de un mes, pero menos de un año=2; Hace más de un año=3; No sabe=88; No contesta=99",19147,19145,"haven_labelled;vctrs_vctr;double"
"2016","__enpg/base ENPG 2016 publico general.dta","od_16_f","od16_f ¿Cuándo fue la última vez que consumió sin receta médica? Fentanil","Durante los últimos 30 días=1; Hace más de un mes, pero menos de un año=2; Hace más de un año=3; No sabe=88; No contesta=99",19147,19144,"haven_labelled;vctrs_vctr;double"
"2016","__enpg/base ENPG 2016 publico general.dta","od_16_g","od16_g ¿Cuándo fue la última vez que consumió sin receta médica? OxyContin","Durante los últimos 30 días=1; Hace más de un mes, pero menos de un año=2; Hace más de un año=3; No sabe=88; No contesta=99",19147,19144,"haven_labelled;vctrs_vctr;double"
"2016","__enpg/base ENPG 2016 publico general.dta","od_16_h","od16_h ¿Cuándo fue la última vez que consumió sin receta médica? Vicodin","Durante los últimos 30 días=1; Hace más de un mes, pero menos de un año=2; Hace más de un año=3; No sabe=88; No contesta=99",19147,19139,"haven_labelled;vctrs_vctr;double"
"2016","__enpg/base ENPG 2016 publico general.dta","od_17_a","od17_a ¿Ha probado Ud. alguno de los siguientes medicamentos sin receta médica a","Sí=1",19147,19098,"haven_labelled;vctrs_vctr;double"
"2016","__enpg/base ENPG 2016 publico general.dta","od_17_b","od17_b ¿Ha probado Ud. alguno de los siguientes medicamentos sin receta médica a","Sí=1",19147,19121,"haven_labelled;vctrs_vctr;double"
"2016","__enpg/base ENPG 2016 publico general.dta","od_17_c","od17_c ¿Ha probado Ud. alguno de los siguientes medicamentos sin receta médica a","Sí=1",19147,19136,"haven_labelled;vctrs_vctr;double"
"2016","__enpg/base ENPG 2016 publico general.dta","od_17_d","od17_d ¿Ha probado Ud. alguno de los siguientes medicamentos sin receta médica a","Sí=1",19147,19142,"haven_labelled;vctrs_vctr;double"
"2016","__enpg/base ENPG 2016 publico general.dta","od_17_e","od17_e ¿Ha probado Ud. alguno de los siguientes medicamentos sin receta médica a","Sí=1",19147,19143,"haven_labelled;vctrs_vctr;double"
"2016","__enpg/base ENPG 2016 publico general.dta","od_17_f","od17_f ¿Ha probado Ud. alguno de los siguientes medicamentos sin receta médica a","Ninguna de las anteriores=1",19147,76,"haven_labelled;vctrs_vctr;double"
"2016","__enpg/base ENPG 2016 publico general.dta","od_18_a","od18_a ¿Cuándo fue la última vez que consumió sin receta médica? Fluoxetina, Pra","Durante los últimos 30 días=1; Hace más de un mes, pero menos de un año=2; Hace más de un año=3; No sabe=88; No contesta=99",19147,19098,"haven_labelled;vctrs_vctr;double"
"2016","__enpg/base ENPG 2016 publico general.dta","od_18_b","od18_b ¿Cuándo fue la última vez que consumió sin receta médica? Codetol, Tusige","Durante los últimos 30 días=1; Hace más de un mes, pero menos de un año=2; Hace más de un año=3; No sabe=88; No contesta=99",19147,19121,"haven_labelled;vctrs_vctr;double"
"2016","__enpg/base ENPG 2016 publico general.dta","od_18_c","od18_c ¿Cuándo fue la última vez que consumió sin receta médica? Clormezanona","Durante los últimos 30 días=1; Hace más de un mes, pero menos de un año=2; Hace más de un año=3; No sabe=88; No contesta=99",19147,19136,"haven_labelled;vctrs_vctr;double"
"2016","__enpg/base ENPG 2016 publico general.dta","od_18_d","od18_d ¿Cuándo fue la última vez que consumió sin receta médica? Sedantol","Durante los últimos 30 días=1; Hace más de un mes, pero menos de un año=2; Hace más de un año=3; No sabe=88; No contesta=99",19147,19142,"haven_labelled;vctrs_vctr;double"
"2016","__enpg/base ENPG 2016 publico general.dta","od_18_e","od18_e ¿Cuándo fue la última vez que consumió sin receta médica? Dietilpropión","Durante los últimos 30 días=1; Hace más de un mes, pero menos de un año=2; Hace más de un año=3; No sabe=88; No contesta=99",19147,19143,"haven_labelled;vctrs_vctr;double"
"2016","__enpg/base ENPG 2016 publico general.dta","od_19_a","od19_a ¿Ha probado Ud. alguna de las siguientes sustancias alguna vez en su vida","Sí=1",19147,19010,"haven_labelled;vctrs_vctr;double"
"2016","__enpg/base ENPG 2016 publico general.dta","od_19_b","od19_b ¿Ha probado Ud. alguna de las siguientes sustancias alguna vez en su vida","Sí=1",19147,19137,"haven_labelled;vctrs_vctr;double"
"2016","__enpg/base ENPG 2016 publico general.dta","od_19_c","od19_c ¿Ha probado Ud. alguna de las siguientes sustancias alguna vez en su vida","Sí=1",19147,19131,"haven_labelled;vctrs_vctr;double"
"2016","__enpg/base ENPG 2016 publico general.dta","od_19_d","od19_d ¿Ha probado Ud. alguna de las siguientes sustancias alguna vez en su vida","Sí=1",19147,19140,"haven_labelled;vctrs_vctr;double"
"2016","__enpg/base ENPG 2016 publico general.dta","od_19_e","od19_e ¿Ha probado Ud. alguna de las siguientes sustancias alguna vez en su vida","Sí=1",19147,19144,"haven_labelled;vctrs_vctr;double"
"2016","__enpg/base ENPG 2016 publico general.dta","od_19_f","od19_f ¿Ha probado Ud. alguna de las siguientes sustancias alguna vez en su vida","Sí=1",19147,19147,"haven_labelled;vctrs_vctr;double"
"2016","__enpg/base ENPG 2016 publico general.dta","od_19_g","od19_g ¿Ha probado Ud. alguna de las siguientes sustancias alguna vez en su vida","Sí=1",19147,19147,"haven_labelled;vctrs_vctr;double"
"2016","__enpg/base ENPG 2016 publico general.dta","od_19_h","od19_h ¿Ha probado Ud. alguna de las siguientes sustancias alguna vez en su vida","Sí=1",19147,19142,"haven_labelled;vctrs_vctr;double"
"2016","__enpg/base ENPG 2016 publico general.dta","od_19_i","od19_i ¿Ha probado Ud. alguna de las siguientes sustancias alguna vez en su vida","Ninguna de las anteriores=1",19147,171,"haven_labelled;vctrs_vctr;double"
"2016","__enpg/base ENPG 2016 publico general.dta","od_20_a","od20_a ¿Cuándo fue la última vez que consumió? Sibutramina","Durante los últimos 30 días=1; Hace más de un mes, pero menos de un año=2; Hace más de un año=3; No sabe=88; No contesta=99",19147,19010,"haven_labelled;vctrs_vctr;double"
"2016","__enpg/base ENPG 2016 publico general.dta","od_20_b","od20_b ¿Cuándo fue la última vez que consumió? Trihexifenidilo (Tonaril), sin re","Durante los últimos 30 días=1; Hace más de un mes, pero menos de un año=2; Hace más de un año=3; No sabe=88; No contesta=99",19147,19137,"haven_labelled;vctrs_vctr;double"
"2016","__enpg/base ENPG 2016 publico general.dta","od_20_c","od20_c ¿Cuándo fue la última vez que consumió? Anabólicos","Durante los últimos 30 días=1; Hace más de un mes, pero menos de un año=2; Hace más de un año=3; No sabe=88; No contesta=99",19147,19131,"haven_labelled;vctrs_vctr;double"
"2016","__enpg/base ENPG 2016 publico general.dta","od_20_d","od20_d ¿Cuándo fue la última vez que consumió? Esteroides","Durante los últimos 30 días=1; Hace más de un mes, pero menos de un año=2; Hace más de un año=3; No sabe=88; No contesta=99",19147,19140,"haven_labelled;vctrs_vctr;double"
"2016","__enpg/base ENPG 2016 publico general.dta","od_20_e","od20_e ¿Cuándo fue la última vez que consumió? Ketamina, “el key”, vitamina K","Durante los últimos 30 días=1; Hace más de un mes, pero menos de un año=2; Hace más de un año=3; No sabe=88; No contesta=99",19147,19144,"haven_labelled;vctrs_vctr;double"
"2016","__enpg/base ENPG 2016 publico general.dta","od_20_f","od20_f ¿Cuándo fue la última vez que consumió? GHB","Durante los últimos 30 días=1; Hace más de un mes, pero menos de un año=2; Hace más de un año=3; No sabe=88; No contesta=99",19147,19147,"haven_labelled;vctrs_vctr;double"
"2016","__enpg/base ENPG 2016 publico general.dta","od_20_g","od20_g ¿Cuándo fue la última vez que consumió? Fenciclidina, PCP","Durante los últimos 30 días=1; Hace más de un mes, pero menos de un año=2; Hace más de un año=3; No sabe=88; No contesta=99",19147,19147,"haven_labelled;vctrs_vctr;double"
"2016","__enpg/base ENPG 2016 publico general.dta","od_20_h","od20_h ¿Cuándo fue la última vez que consumió? Benzilpiperazina , BZP","Durante los últimos 30 días=1; Hace más de un mes, pero menos de un año=2; Hace más de un año=3; No sabe=88; No contesta=99",19147,19142,"haven_labelled;vctrs_vctr;double"
"2016","__enpg/base ENPG 2016 publico general.dta","od_21_a","od21_a ¿Alguna vez en su vida se ha inyectado alguna droga o sustancia?","Sí=1; No=2",19147,19128,"haven_labelled;vctrs_vctr;double"
"2016","__enpg/base ENPG 2016 publico general.dta","od_21_a_esp","od_21_a_esp Especifique","",19147,0,"character"
"2016","__enpg/base ENPG 2016 publico general.dta","od_22_a","od22_a ¿Cuándo fue la última vez que se inyectó alguna droga o sustancia?","Durante los últimos 30 días=1; Hace más de un mes, pero menos de un año=2; Hace más de un año=3; No sabe=88; No contesta=99",19147,19128,"haven_labelled;vctrs_vctr;double"
"2016","__enpg/base ENPG 2016 publico general.dta","od_21_b","od21_b ¿Alguna vez en su vida se ha inyectado alguna droga o sustancia","Sí=1; No=2",19147,19147,"haven_labelled;vctrs_vctr;double"
"2016","__enpg/base ENPG 2016 publico general.dta","od_21_b_esp","od_21_b_esp Especifique","",19147,0,"character"
"2016","__enpg/base ENPG 2016 publico general.dta","od_22_b","od22_b ¿Cuándo fue la última vez que se inyectó alguna droga o sustancia?","Durante los últimos 30 días=1; Hace más de un mes, pero menos de un año=2; Hace más de un año=3; No sabe=88; No contesta=99",19147,19147,"haven_labelled;vctrs_vctr;double"
"2016","__enpg/base ENPG 2016 publico general.dta","od_21_c","od21_c ¿Alguna vez en su vida se ha inyectado alguna droga o sustancia","Sí=1; No=2",19147,19147,"haven_labelled;vctrs_vctr;double"
"2016","__enpg/base ENPG 2016 publico general.dta","od_21_c_esp","od_21_c_esp Especifique","",19147,0,"character"
"2016","__enpg/base ENPG 2016 publico general.dta","od_22_c","od22_c ¿Cuándo fue la última vez que se inyectó alguna droga o sustancia?","Durante los últimos 30 días=1; Hace más de un mes, pero menos de un año=2; Hace más de un año=3; No sabe=88; No contesta=99",19147,19147,"haven_labelled;vctrs_vctr;double"
"2016","__enpg/base ENPG 2016 publico general.dta","cc_1","cc1 ¿Tiene licencia de conducir?","Sí=1; No=2; No sabe=88; No contesta=99",19147,1413,"haven_labelled;vctrs_vctr;double"
"2016","__enpg/base ENPG 2016 publico general.dta","cc_2","cc2 Durante los últimos 12 meses, ¿Ha manejado algún vehículo después de haber c","Sí=1; No=2; No sabe=88; No contesta=99",19147,12514,"haven_labelled;vctrs_vctr;double"
"2016","__enpg/base ENPG 2016 publico general.dta","cc_3","cc3 Durante los últimos 12 meses, ¿Ha manejado algún vehículo después de haber c","Sí=1; No=2; No sabe=88; No contesta=99",19147,12514,"haven_labelled;vctrs_vctr;double"
"2016","__enpg/base ENPG 2016 publico general.dta","cc_4","cc4 Durante los últimos 12 meses, ¿Ha manejado algún vehículo después de haber c","Sí, especifique la droga=1; No=2; No sabe=88; No contesta=99",19147,12514,"haven_labelled;vctrs_vctr;double"
"2016","__enpg/base ENPG 2016 publico general.dta","cc_4_esp","cc4_esp Durante los últimos 12 meses, ¿Ha manejado algún vehículo después de hab","",19147,0,"character"
"2016","__enpg/base ENPG 2016 publico general.dta","trata_1","trata1 ¿Ha recibido Ud. alguna vez en su vida algún tipo de tratamiento por el c","Sí=1; No=2",19147,0,"haven_labelled;vctrs_vctr;double"
"2016","__enpg/base ENPG 2016 publico general.dta","trata_2","trata2 ¿Durante los últimos 12 meses ha recibido Ud. algún tipo de tratamiento p","Sí=1; No=2",19147,18885,"haven_labelled;vctrs_vctr;double"
"2016","__enpg/base ENPG 2016 publico general.dta","trata_3","trata3 ¿Este tratamiento que Ud. recibió durante los últimos 12 meses fue sólo p","Solo por consumo de alcohol=1; Solo por consumo de drogas=2; Por consumo de alcohol y drogas=3",19147,19073,"haven_labelled;vctrs_vctr;double"
"2016","__enpg/base ENPG 2016 publico general.dta","trata_4","trata4 Durante los últimos 12 meses, ¿ha sentido la necesidad de recibir algún t","Solo por consumo de alcohol=1; Solo por consumo de drogas=2; Por consumo de alcohol y drogas=3; No=4",19147,74,"haven_labelled;vctrs_vctr;double"
"2016","__enpg/base ENPG 2016 publico general.dta","trata_5","trata5 Durante los últimos 12 meses, ¿ha intentado obtener algún tipo de ayuda o","Sí, solo por consumo de alcohol=1; Sí, solo por consumo de drogas=2; Sí, por consumo de alcohol y drogas=3; No=4",19147,19004,"haven_labelled;vctrs_vctr;double"
"2016","__enpg/base ENPG 2016 publico general.dta","trata_6_1","trata6_1 ¿Por qué motivo o razón no intento pedir ayuda o tratamiento? 1 Razón","Falta información de dónde ir para recibir tratamiento=1; No tenía transporte para ir al centro de tratamiento o el centro estaba demasiado lejos=2; No podía pagar el costo del transporte=3; No podía pagar el costo del tratamiento=4; No hay cupos o hay largas listas y tiempos de espera=5; Las horas de atención que ofrecen son incompatibles, debido al trabajo, cuidado de niños, u otros compromisos=6; Me preocupaba que recibir tratamiento causara que mis vecinos o la comunidad tuvieran una opinión negativa de mí=7; Me preocupaba que recibir tratamiento tuviera un efecto negativo en mi trabajo=8; Los tratamientos que ofrecen son malos=9; No estaba dispuesto a dejar el consumo=10; Otra razón=11",19147,19075,"haven_labelled;vctrs_vctr;double"
"2016","__enpg/base ENPG 2016 publico general.dta","trata_6_2","trata6_2 ¿Por qué motivo o razón no intento pedir ayuda o tratamiento? 2 Razón","Falta información de dónde ir para recibir tratamiento=1; No tenía transporte para ir al centro de tratamiento o el centro estaba demasiado lejos=2; No podía pagar el costo del transporte=3; No podía pagar el costo del tratamiento=4; No hay cupos o hay largas listas y tiempos de espera=5; Las horas de atención que ofrecen son incompatibles, debido al trabajo, cuidado de niños, u otros compromisos=6; Me preocupaba que recibir tratamiento causara que mis vecinos o la comunidad tuvieran una opinión negativa de mí=7; Me preocupaba que recibir tratamiento tuviera un efecto negativo en mi trabajo=8; Los tratamientos que ofrecen son malos=9; No estaba dispuesto a dejar el consumo=10; Otra razón=11",19147,19089,"haven_labelled;vctrs_vctr;double"
"2016","__enpg/base ENPG 2016 publico general.dta","trata_6_3","trata6_3 ¿Por qué motivo o razón no intento pedir ayuda o tratamiento? 3 Razón","Falta información de dónde ir para recibir tratamiento=1; No tenía transporte para ir al centro de tratamiento o el centro estaba demasiado lejos=2; No podía pagar el costo del transporte=3; No podía pagar el costo del tratamiento=4; No hay cupos o hay largas listas y tiempos de espera=5; Las horas de atención que ofrecen son incompatibles, debido al trabajo, cuidado de niños, u otros compromisos=6; Me preocupaba que recibir tratamiento causara que mis vecinos o la comunidad tuvieran una opinión negativa de mí=7; Me preocupaba que recibir tratamiento tuviera un efecto negativo en mi trabajo=8; Los tratamientos que ofrecen son malos=9; No estaba dispuesto a dejar el consumo=10; Otra razón=11",19147,19091,"haven_labelled;vctrs_vctr;double"
"2016","__enpg/base ENPG 2016 publico general.dta","pr_1_a","pr1_a Fuma una o más de una cajetilla de cigarrillos al día","Ningún riesgo=1; Riesgo leve=2; Riesgo moderado=3; Riesgo grande=4; No sabe=88",19147,0,"haven_labelled;vctrs_vctr;double"
"2016","__enpg/base ENPG 2016 publico general.dta","pr_1_b","pr1_b Toma tres o más tragos por ocasión","Ningún riesgo=1; Riesgo leve=2; Riesgo moderado=3; Riesgo grande=4; No sabe=88",19147,0,"haven_labelled;vctrs_vctr;double"
"2016","__enpg/base ENPG 2016 publico general.dta","pr_1_c","pr1_c Toma cinco o más tragos diariamente","Ningún riesgo=1; Riesgo leve=2; Riesgo moderado=3; Riesgo grande=4; No sabe=88",19147,0,"haven_labelled;vctrs_vctr;double"
"2016","__enpg/base ENPG 2016 publico general.dta","pr_1_d","pr1_d Prueba marihuana una o dos veces (uso experimental)","Ningún riesgo=1; Riesgo leve=2; Riesgo moderado=3; Riesgo grande=4; No sabe=88",19147,0,"haven_labelled;vctrs_vctr;double"
"2016","__enpg/base ENPG 2016 publico general.dta","pr_1_e","pr1_e Fuma marihuana frecuentemente","Ningún riesgo=1; Riesgo leve=2; Riesgo moderado=3; Riesgo grande=4; No sabe=88",19147,0,"haven_labelled;vctrs_vctr;double"
"2016","__enpg/base ENPG 2016 publico general.dta","pr_1_f","pr1_f Prueba cocaína una o dos veces (uso experimental)","Ningún riesgo=1; Riesgo leve=2; Riesgo moderado=3; Riesgo grande=4; No sabe=88",19147,0,"haven_labelled;vctrs_vctr;double"
"2016","__enpg/base ENPG 2016 publico general.dta","pr_1_g","pr1_g Usa cocaína frecuentemente","Ningún riesgo=1; Riesgo leve=2; Riesgo moderado=3; Riesgo grande=4; No sabe=88",19147,0,"haven_labelled;vctrs_vctr;double"
"2016","__enpg/base ENPG 2016 publico general.dta","pr_1_h","pr1_h Prueba pasta base una o dos veces (uso experimental)","Ningún riesgo=1; Riesgo leve=2; Riesgo moderado=3; Riesgo grande=4; No sabe=88",19147,0,"haven_labelled;vctrs_vctr;double"
"2016","__enpg/base ENPG 2016 publico general.dta","pr_1_i","pr1_i Usa pasta base frecuentemente","Ningún riesgo=1; Riesgo leve=2; Riesgo moderado=3; Riesgo grande=4; No sabe=88",19147,0,"haven_labelled;vctrs_vctr;double"
"2016","__enpg/base ENPG 2016 publico general.dta","pr_1_j","pr1_j Prueba éxtasis una o dos veces (uso experimental)","Ningún riesgo=1; Riesgo leve=2; Riesgo moderado=3; Riesgo grande=4; No sabe=88",19147,0,"haven_labelled;vctrs_vctr;double"
"2016","__enpg/base ENPG 2016 publico general.dta","pr_1_k","pr1_k Usa éxtasis frecuentemente","Ningún riesgo=1; Riesgo leve=2; Riesgo moderado=3; Riesgo grande=4; No sabe=88",19147,0,"haven_labelled;vctrs_vctr;double"
"2016","__enpg/base ENPG 2016 publico general.dta","eb_1","eb1 Hasta donde Ud. sabe, ¿alguien en su casa, distinto de usted, ha tenido prob","Si, solo por consumo de alcohol=1; Si, solo por consumo de drogas=2; Si, por consumo de alcohol y otras drogas=3; No=4; No sabe=88; No contesta=99",19147,0,"haven_labelled;vctrs_vctr;double"
"2016","__enpg/base ENPG 2016 publico general.dta","eb_2_a","eb2_a ¿En su casa, y hasta donde usted conoce, alguien usa o consume alguna de e","Sí=1; No=2; No sabe=88; No contesta=99",19147,0,"haven_labelled;vctrs_vctr;double"
"2016","__enpg/base ENPG 2016 publico general.dta","eb_2_b","eb2_b ¿En su casa, y hasta donde usted conoce, alguien usa o consume alguna de e","Sí=1; No=2; No sabe=88; No contesta=99",19147,0,"haven_labelled;vctrs_vctr;double"
"2016","__enpg/base ENPG 2016 publico general.dta","eb_2_c","eb2_c ¿En su casa, y hasta donde usted conoce, alguien usa o consume alguna de e","Sí=1; No=2; No sabe=88; No contesta=99",19147,0,"haven_labelled;vctrs_vctr;double"
"2016","__enpg/base ENPG 2016 publico general.dta","eb_3_a","eb3_a Hasta donde Ud. conoce, ¿Cuánto hay de las siguientes cosas en su barrio?","Mucho=1; Bastante=2; Algo=3; Poco=4; Nada=5; No sabe=88; No contesta=99",19147,0,"haven_labelled;vctrs_vctr;double"
"2016","__enpg/base ENPG 2016 publico general.dta","eb_3_b","eb3_b Hasta donde Ud. conoce, ¿Cuánto hay de las siguientes cosas en su barrio?","Mucho=1; Bastante=2; Algo=3; Poco=4; Nada=5; No sabe=88; No contesta=99",19147,0,"haven_labelled;vctrs_vctr;double"
"2016","__enpg/base ENPG 2016 publico general.dta","eb_3_c","eb3_c Hasta donde Ud. conoce, ¿Cuánto hay de las siguientes cosas en su barrio?","Mucho=1; Bastante=2; Algo=3; Poco=4; Nada=5; No sabe=88; No contesta=99",19147,0,"haven_labelled;vctrs_vctr;double"
"2016","__enpg/base ENPG 2016 publico general.dta","eb_3_d","eb3_d Hasta donde Ud. conoce, ¿Cuánto hay de las siguientes cosas en su barrio?","Mucho=1; Bastante=2; Algo=3; Poco=4; Nada=5; No sabe=88; No contesta=99",19147,0,"haven_labelled;vctrs_vctr;double"
"2016","__enpg/base ENPG 2016 publico general.dta","eb_3_e","eb3_e Hasta donde Ud. conoce, ¿Cuánto hay de las siguientes cosas en su barrio?","Mucho=1; Bastante=2; Algo=3; Poco=4; Nada=5; No sabe=88; No contesta=99",19147,0,"haven_labelled;vctrs_vctr;double"
"2016","__enpg/base ENPG 2016 publico general.dta","eb_3_f","eb3_f Hasta donde Ud. conoce, ¿Cuánto hay de las siguientes cosas en su barrio?","Mucho=1; Bastante=2; Algo=3; Poco=4; Nada=5; No sabe=88; No contesta=99",19147,0,"haven_labelled;vctrs_vctr;double"
"2016","__enpg/base ENPG 2016 publico general.dta","eb_3_g","eb3_g Hasta donde Ud. conoce, ¿Cuánto hay de las siguientes cosas en su barrio?","Mucho=1; Bastante=2; Algo=3; Poco=4; Nada=5; No sabe=88; No contesta=99",19147,0,"haven_labelled;vctrs_vctr;double"
"2016","__enpg/base ENPG 2016 publico general.dta","eb_3_h","eb3_h Hasta donde Ud. conoce, ¿Cuánto hay de las siguientes cosas en su barrio?","Mucho=1; Bastante=2; Algo=3; Poco=4; Nada=5; No sabe=88; No contesta=99",19147,0,"haven_labelled;vctrs_vctr;double"
"2016","__enpg/base ENPG 2016 publico general.dta","eb_4_a1","eb4_a1 Ayuda financiera o bienes materiales-Familiares con los que vive","Sí=1",19147,7451,"haven_labelled;vctrs_vctr;double"
"2016","__enpg/base ENPG 2016 publico general.dta","eb_4_a2","eb4_a2 Ayuda financiera o bienes materiales-Familiares con los que no vive","Sí=1",19147,12232,"haven_labelled;vctrs_vctr;double"
"2016","__enpg/base ENPG 2016 publico general.dta","eb_4_a3","eb4_a3 Ayuda financiera o bienes materiales-Amigos/as","Sí=1",19147,16873,"haven_labelled;vctrs_vctr;double"
"2016","__enpg/base ENPG 2016 publico general.dta","eb_4_a4","eb4_a4 Ayuda financiera o bienes materiales-Compañeros/as de trabajo","Sí=1",19147,18655,"haven_labelled;vctrs_vctr;double"
"2016","__enpg/base ENPG 2016 publico general.dta","eb_4_a5","eb4_a5 Ayuda financiera o bienes materiales-Vecinos/as","Sí=1",19147,18646,"haven_labelled;vctrs_vctr;double"
"2016","__enpg/base ENPG 2016 publico general.dta","eb_4_a6","eb4_a6 Ayuda financiera o bienes materiales-No recibo ayuda","Sí=1",19147,16680,"haven_labelled;vctrs_vctr;double"
"2016","__enpg/base ENPG 2016 publico general.dta","eb_4_b1","eb4_b1  Necesidad de información u orientación-Familiares con los que vive","Sí=1",19147,7648,"haven_labelled;vctrs_vctr;double"
"2016","__enpg/base ENPG 2016 publico general.dta","eb_4_b2","eb4_b2 Necesidad de información u orientación-Familiares con los que no vive","Sí=1",19147,12676,"haven_labelled;vctrs_vctr;double"
"2016","__enpg/base ENPG 2016 publico general.dta","eb_4_b3","eb4_b3 Necesidad de información u orientación-Amigos/as","Sí=1",19147,15430,"haven_labelled;vctrs_vctr;double"
"2016","__enpg/base ENPG 2016 publico general.dta","eb_4_b4","eb4_b4 Necesidad de información u orientación-Compañeros/as de trabajo","Sí=1",19147,18214,"haven_labelled;vctrs_vctr;double"
"2016","__enpg/base ENPG 2016 publico general.dta","eb_4_b5","eb4_b5 Necesidad de información u orientación-Vecinos/as","Sí=1",19147,18428,"haven_labelled;vctrs_vctr;double"
"2016","__enpg/base ENPG 2016 publico general.dta","eb_4_b6","eb4_b6 Necesidad de información u orientación-No recibo ayuda","Sí=1",19147,16861,"haven_labelled;vctrs_vctr;double"
"2016","__enpg/base ENPG 2016 publico general.dta","eb_4_c1","eb4_c1  Necesidad emocional o compañía-Familiares con los que vive","Sí=1",19147,6942,"haven_labelled;vctrs_vctr;double"
"2016","__enpg/base ENPG 2016 publico general.dta","eb_4_c2","eb4_c2 Necesidad emocional o compañía-Familiares con los que no vive","Sí=1",19147,12757,"haven_labelled;vctrs_vctr;double"
"2016","__enpg/base ENPG 2016 publico general.dta","eb_4_c3","eb4_c3 Necesidad emocional o compañía-Amigos/as","Sí=1",19147,14657,"haven_labelled;vctrs_vctr;double"
"2016","__enpg/base ENPG 2016 publico general.dta","eb_4_c4","eb4_c4 Necesidad emocional o compañía-Compañeros/as de trabajo","Sí=1",19147,18667,"haven_labelled;vctrs_vctr;double"
"2016","__enpg/base ENPG 2016 publico general.dta","eb_4_c5","eb4_c5 Necesidad emocional o compañía-Vecinos/as","Sí=1",19147,18690,"haven_labelled;vctrs_vctr;double"
"2016","__enpg/base ENPG 2016 publico general.dta","eb_4_c6","eb4_c6 Necesidad emocional o compañía-No recibo ayuda","Sí=1",19147,17313,"haven_labelled;vctrs_vctr;double"
"2016","__enpg/base ENPG 2016 publico general.dta","eb_5_a","eb5_a ¿Cuán difícil le sería a Ud. conseguir alguna de las siguientes drogas? Ma","Le sería muy fácil=1; Le sería fácil=2; Le sería difícil=3; Le sería muy difícil=4; No podría conseguir=5; No sabe=88; No contesta=99",19147,0,"haven_labelled;vctrs_vctr;double"
"2016","__enpg/base ENPG 2016 publico general.dta","eb_5_b","eb5_b ¿Cuán difícil le sería a Ud. conseguir alguna de las siguientes drogas? Co","Le sería muy fácil=1; Le sería fácil=2; Le sería difícil=3; Le sería muy difícil=4; No podría conseguir=5; No sabe=88; No contesta=99",19147,0,"haven_labelled;vctrs_vctr;double"
"2016","__enpg/base ENPG 2016 publico general.dta","eb_5_c","eb5_c ¿Cuán difícil le sería a Ud. conseguir alguna de las siguientes drogas? Pa","Le sería muy fácil=1; Le sería fácil=2; Le sería difícil=3; Le sería muy difícil=4; No podría conseguir=5; No sabe=88; No contesta=99",19147,0,"haven_labelled;vctrs_vctr;double"
"2016","__enpg/base ENPG 2016 publico general.dta","eb_5_d","eb5_d ¿Cuán difícil le sería a Ud. conseguir alguna de las siguientes drogas? Éx","Le sería muy fácil=1; Le sería fácil=2; Le sería difícil=3; Le sería muy difícil=4; No podría conseguir=5; No sabe=88; No contesta=99",19147,0,"haven_labelled;vctrs_vctr;double"
"2016","__enpg/base ENPG 2016 publico general.dta","eb_5_e","eb5_e ¿Cuán difícil le sería a Ud. conseguir alguna de las siguientes drogas? An","Le sería muy fácil=1; Le sería fácil=2; Le sería difícil=3; Le sería muy difícil=4; No podría conseguir=5; No sabe=88; No contesta=99",19147,0,"haven_labelled;vctrs_vctr;double"
"2016","__enpg/base ENPG 2016 publico general.dta","eb_6_a","eb6_a ¿Y cuándo fue la última vez que una persona, conocida o desconocida, le of","Nunca me han ofrecido=0; En los últimos 30 días=1; Hace más de un mes, pero menos de un año=2; Hace más de un año=3",19147,0,"haven_labelled;vctrs_vctr;double"
"2016","__enpg/base ENPG 2016 publico general.dta","eb_6_b","eb6_b ¿Y cuándo fue la última vez que una persona, conocida o desconocida, le of","Nunca me han ofrecido=0; En los últimos 30 días=1; Hace más de un mes, pero menos de un año=2; Hace más de un año=3",19147,0,"haven_labelled;vctrs_vctr;double"
"2016","__enpg/base ENPG 2016 publico general.dta","eb_6_c","eb6_c ¿Y cuándo fue la última vez que una persona, conocida o desconocida, le of","Nunca me han ofrecido=0; En los últimos 30 días=1; Hace más de un mes, pero menos de un año=2; Hace más de un año=3",19147,0,"haven_labelled;vctrs_vctr;double"
"2016","__enpg/base ENPG 2016 publico general.dta","eb_6_d","eb6_d ¿Y cuándo fue la última vez que una persona, conocida o desconocida, le of","Nunca me han ofrecido=0; En los últimos 30 días=1; Hace más de un mes, pero menos de un año=2; Hace más de un año=3",19147,0,"haven_labelled;vctrs_vctr;double"
"2016","__enpg/base ENPG 2016 publico general.dta","eb_6_e","eb6_e ¿Y cuándo fue la última vez que una persona, conocida o desconocida, le of","Nunca me han ofrecido=0; En los últimos 30 días=1; Hace más de un mes, pero menos de un año=2; Hace más de un año=3",19147,0,"haven_labelled;vctrs_vctr;double"
"2016","__enpg/base ENPG 2016 publico general.dta","eb_7_a","eb7_a La última vez que le ofrecieron Marihuana, ¿en cuál de los siguientes luga","En la casa=1; En los alrededores de la casa, barrio o comuna=2; En lugar de estudios o trabajo=3; En los alrededores del lugar de estudios o trabajo=4; En una fiesta, junta, discoteque, recitales=5; Por internet, mail o chat=6; En otro lugar=7",19147,12794,"haven_labelled;vctrs_vctr;double"
"2016","__enpg/base ENPG 2016 publico general.dta","eb_7_b","eb7_b La última vez que le ofrecieron Cocaína, ¿en cuál de los siguientes lugare","En la casa=1; En los alrededores de la casa, barrio o comuna=2; En lugar de estudios o trabajo=3; En los alrededores del lugar de estudios o trabajo=4; En una fiesta, junta, discoteque, recitales=5; Por internet, mail o chat=6; En otro lugar=7",19147,17137,"haven_labelled;vctrs_vctr;double"
"2016","__enpg/base ENPG 2016 publico general.dta","eb_7_c","eb7_c La última vez que le ofrecieron Pasta Base, ¿en cuál de los siguientes lug","En la casa=1; En los alrededores de la casa, barrio o comuna=2; En lugar de estudios o trabajo=3; En los alrededores del lugar de estudios o trabajo=4; En una fiesta, junta, discoteque, recitales=5; Por internet, mail o chat=6; En otro lugar=7",19147,18053,"haven_labelled;vctrs_vctr;double"
"2016","__enpg/base ENPG 2016 publico general.dta","eb_7_d","eb7_d La última vez que le ofrecieron Éxtasis, ¿en cuál de los siguientes lugare","En la casa=1; En los alrededores de la casa, barrio o comuna=2; En lugar de estudios o trabajo=3; En los alrededores del lugar de estudios o trabajo=4; En una fiesta, junta, discoteque, recitales=5; Por internet, mail o chat=6; En otro lugar=7",19147,18521,"haven_labelled;vctrs_vctr;double"
"2016","__enpg/base ENPG 2016 publico general.dta","eb_7_e","eb7_e La última vez que le ofrecieron Anfetaminas sin recetas, ¿en cuál de los s","En la casa=1; En los alrededores de la casa, barrio o comuna=2; En lugar de estudios o trabajo=3; En los alrededores del lugar de estudios o trabajo=4; En una fiesta, junta, discoteque, recitales=5; Por internet, mail o chat=6; En otro lugar=7",19147,18569,"haven_labelled;vctrs_vctr;double"
"2016","__enpg/base ENPG 2016 publico general.dta","am_1_a","am1_a ¿Cree usted que el tema de la droga está entre las preocupaciones centrale","Sí=1; No=2; No sabe=88; No contesta=99",19147,0,"haven_labelled;vctrs_vctr;double"
"2016","__enpg/base ENPG 2016 publico general.dta","am_1_b","am1_b ¿Cree usted que el tema de la droga está entre las preocupaciones centrale","Sí=1; No=2; No sabe=88; No contesta=99",19147,0,"haven_labelled;vctrs_vctr;double"
"2016","__enpg/base ENPG 2016 publico general.dta","am_1_c","am1_c ¿Cree usted que el tema de la droga está entre las preocupaciones centrale","Sí=1; No=2; No sabe=88; No contesta=99",19147,0,"haven_labelled;vctrs_vctr;double"
"2016","__enpg/base ENPG 2016 publico general.dta","am_2","am2 En su opinión y según lo usted sabe ¿Cómo evalúa usted el desempeño de las a","Excelente=1; Muy buena=2; Buena=3; Regular=4; Mala=5; Muy mala=6; Pésima=7; No sabe, no dispone de información suficiente cómo para evaluar=88",19147,0,"haven_labelled;vctrs_vctr;double"
"2016","__enpg/base ENPG 2016 publico general.dta","am_3_1","am3_1 1ª Medida","Aumentar el castigo a los traficantes=1; Establecer un castigo a los consumidores=2; Desarrollar campañas de prevención en colegios=3; Hacer campañas a través de medios de comunicación=4; Aumentar los recursos policiales=5; Entregar mayores fondos para tratamiento y rehabilitación=6; Implementar acciones que faciliten la inclusión de personas en vulnerabilidad social=7; Informar y educar a los adultos para que eviten el consumo en niños/as y adolescentes=8; No contesta=99",19147,0,"haven_labelled;vctrs_vctr;double"
"2016","__enpg/base ENPG 2016 publico general.dta","am_3_2","am3_2 2ª Medida","Aumentar el castigo a los traficantes=1; Establecer un castigo a los consumidores=2; Desarrollar campañas de prevención en colegios=3; Hacer campañas a través de medios de comunicación=4; Aumentar los recursos policiales=5; Entregar mayores fondos para tratamiento y rehabilitación=6; Implementar acciones que faciliten la inclusión de personas en vulnerabilidad social=7; Informar y educar a los adultos para que eviten el consumo en niños/as y adolescentes=8; No contesta=99",19147,0,"haven_labelled;vctrs_vctr;double"
"2016","__enpg/base ENPG 2016 publico general.dta","am_3_3","am3_3 3ª Medida","Aumentar el castigo a los traficantes=1; Establecer un castigo a los consumidores=2; Desarrollar campañas de prevención en colegios=3; Hacer campañas a través de medios de comunicación=4; Aumentar los recursos policiales=5; Entregar mayores fondos para tratamiento y rehabilitación=6; Implementar acciones que faciliten la inclusión de personas en vulnerabilidad social=7; Informar y educar a los adultos para que eviten el consumo en niños/as y adolescentes=8; No contesta=99",19147,0,"haven_labelled;vctrs_vctr;double"
"2016","__enpg/base ENPG 2016 publico general.dta","am_4_a","am4_a  En los últimos 12 meses ¿Ha recibido alguna información relacionada con l","Sí=1; No=2; No aplica=77; No sabe=88; No contesta=99",19147,0,"haven_labelled;vctrs_vctr;double"
"2016","__enpg/base ENPG 2016 publico general.dta","am_4_b","am4_b  En los últimos 12 meses ¿Ha recibido alguna información relacionada con l","Sí=1; No=2; No aplica=77; No sabe=88; No contesta=99",19147,0,"haven_labelled;vctrs_vctr;double"
"2016","__enpg/base ENPG 2016 publico general.dta","am_4_c","am4_c  En los últimos 12 meses ¿Ha recibido alguna información relacionada con l","Sí=1; No=2; No aplica=77; No sabe=88; No contesta=99",19147,0,"haven_labelled;vctrs_vctr;double"
"2016","__enpg/base ENPG 2016 publico general.dta","am_4_d","am4_d  En los últimos 12 meses ¿Ha recibido alguna información relacionada con l","Sí=1; No=2; No aplica=77; No sabe=88; No contesta=99",19147,0,"haven_labelled;vctrs_vctr;double"
"2016","__enpg/base ENPG 2016 publico general.dta","am_4_e","am4_e  En los últimos 12 meses ¿Ha recibido alguna información relacionada con l","Sí=1; No=2; No aplica=77; No sabe=88; No contesta=99",19147,0,"haven_labelled;vctrs_vctr;double"
"2016","__enpg/base ENPG 2016 publico general.dta","am_4_f","am4_f  En los últimos 12 meses ¿Ha recibido alguna información relacionada con l","Sí=1; No=2; No aplica=77; No sabe=88; No contesta=99",19147,0,"haven_labelled;vctrs_vctr;double"
"2016","__enpg/base ENPG 2016 publico general.dta","am_4_g","am4_g  En los últimos 12 meses ¿Ha recibido alguna información relacionada con l","Sí=1; No=2; No aplica=77; No sabe=88; No contesta=99",19147,0,"haven_labelled;vctrs_vctr;double"
"2016","__enpg/base ENPG 2016 publico general.dta","am_5","am_5 ¿Sabe Ud. qué es el SENDA?","Sí=1; No=2; No sabe=88; No contesta=99",19147,0,"haven_labelled;vctrs_vctr;double"
"2016","__enpg/base ENPG 2016 publico general.dta","am_6","am_6 ¿Y qué hace el SENDA?","Respuesta correcta=1; Respuesta incorrecta=2; No sabe=88; No contesta=99",19147,15034,"haven_labelled;vctrs_vctr;double"
"2016","__enpg/base ENPG 2016 publico general.dta","op_1_a","op1_a Aumentar el impuesto a las bebidas alcohólicas","Muy de acuerdo=1; De acuerdo=2; En desacuerdo=3; Muy en desacuerdo=4; No sabe=88; No contesta=99",19147,0,"haven_labelled;vctrs_vctr;double"
"2016","__enpg/base ENPG 2016 publico general.dta","op_1_b","op1_b Reducir el número de locales que venden bebidas alcohólicas","Muy de acuerdo=1; De acuerdo=2; En desacuerdo=3; Muy en desacuerdo=4; No sabe=88; No contesta=99",19147,0,"haven_labelled;vctrs_vctr;double"
"2016","__enpg/base ENPG 2016 publico general.dta","op_1_c","op1_c Aumentar el límite de 18 a 21 años para comprar alcohol","Muy de acuerdo=1; De acuerdo=2; En desacuerdo=3; Muy en desacuerdo=4; No sabe=88; No contesta=99",19147,0,"haven_labelled;vctrs_vctr;double"
"2016","__enpg/base ENPG 2016 publico general.dta","op_1_d","op1_d Eliminar el auspicio de bebidas alcohólicas para equipos o eventos deporti","Muy de acuerdo=1; De acuerdo=2; En desacuerdo=3; Muy en desacuerdo=4; No sabe=88; No contesta=99",19147,0,"haven_labelled;vctrs_vctr;double"
"2016","__enpg/base ENPG 2016 publico general.dta","op_1_e","op1_e Reducir la hora límite para vender alcohol  en las noches","Muy de acuerdo=1; De acuerdo=2; En desacuerdo=3; Muy en desacuerdo=4; No sabe=88; No contesta=99",19147,0,"haven_labelled;vctrs_vctr;double"
"2016","__enpg/base ENPG 2016 publico general.dta","op_2_a","op2_a El consumo de alcohol es el principal responsable de la delincuencia en es","Muy de acuerdo=1; De acuerdo=2; En desacuerdo=3; Muy en desacuerdo=4; No sabe=88; No contesta=99",19147,0,"haven_labelled;vctrs_vctr;double"
"2016","__enpg/base ENPG 2016 publico general.dta","op_2_b","op2_b El tabaco produce más daño que la marihuana","Muy de acuerdo=1; De acuerdo=2; En desacuerdo=3; Muy en desacuerdo=4; No sabe=88; No contesta=99",19147,0,"haven_labelled;vctrs_vctr;double"
"2016","__enpg/base ENPG 2016 publico general.dta","op_2_c","op2_c Los cigarrillos electrónicos ayudan a la gente a dejar de fumar","Muy de acuerdo=1; De acuerdo=2; En desacuerdo=3; Muy en desacuerdo=4; No sabe=88; No contesta=99",19147,0,"haven_labelled;vctrs_vctr;double"
"2016","__enpg/base ENPG 2016 publico general.dta","op_2_d","op2_d Los cigarrillos electrónicos son menos peligrosos que los cigarrillos","Muy de acuerdo=1; De acuerdo=2; En desacuerdo=3; Muy en desacuerdo=4; No sabe=88; No contesta=99",19147,0,"haven_labelled;vctrs_vctr;double"
"2016","__enpg/base ENPG 2016 publico general.dta","op_2_e","op2_e Los cigarrillos electrónicos son menos adictivos que los cigarrillos","Muy de acuerdo=1; De acuerdo=2; En desacuerdo=3; Muy en desacuerdo=4; No sabe=88; No contesta=99",19147,0,"haven_labelled;vctrs_vctr;double"
"2016","__enpg/base ENPG 2016 publico general.dta","op_3_a","op3_a La mayoría de los jóvenes fuma marihuana","Muy de acuerdo=1; De acuerdo=2; En desacuerdo=3; Muy en desacuerdo=4; No sabe=88; No contesta=99",19147,0,"haven_labelled;vctrs_vctr;double"
"2016","__enpg/base ENPG 2016 publico general.dta","op_3_b","op3_b La marihuana produce menos daño que el alcohol","Muy de acuerdo=1; De acuerdo=2; En desacuerdo=3; Muy en desacuerdo=4; No sabe=88; No contesta=99",19147,0,"haven_labelled;vctrs_vctr;double"
"2016","__enpg/base ENPG 2016 publico general.dta","op_3_c","op3_c El consumo y el tráfico de drogas es el principal responsable de la delinc","Muy de acuerdo=1; De acuerdo=2; En desacuerdo=3; Muy en desacuerdo=4; No sabe=88; No contesta=99",19147,0,"haven_labelled;vctrs_vctr;double"
"2016","__enpg/base ENPG 2016 publico general.dta","op_3_d","op3_d La marihuana debería ser legal para los mayores de 18 años","Muy de acuerdo=1; De acuerdo=2; En desacuerdo=3; Muy en desacuerdo=4; No sabe=88; No contesta=99",19147,0,"haven_labelled;vctrs_vctr;double"
"2016","__enpg/base ENPG 2016 publico general.dta","op_3_e","op3_e Las drogas han hecho más violentos a los delincuentes","Muy de acuerdo=1; De acuerdo=2; En desacuerdo=3; Muy en desacuerdo=4; No sabe=88; No contesta=99",19147,0,"haven_labelled;vctrs_vctr;double"
"2016","__enpg/base ENPG 2016 publico general.dta","op_3_f","op3_f Se debería dejar tranquilos a los que consumen drogas: después de todo es","Muy de acuerdo=1; De acuerdo=2; En desacuerdo=3; Muy en desacuerdo=4; No sabe=88; No contesta=99",19147,0,"haven_labelled;vctrs_vctr;double"
"2016","__enpg/base ENPG 2016 publico general.dta","op_4_a","op4_a Suspender el juicio de quienes han delinquido por primera vez a cambio de","Muy de acuerdo=1; De acuerdo=2; En desacuerdo=3; Muy en desacuerdo=4; No sabe=88; No contesta=99",19147,0,"haven_labelled;vctrs_vctr;double"
"2016","__enpg/base ENPG 2016 publico general.dta","op_4_b","op4_b Dar la misma pena a quienes trafican con marihuana que los que trafican co","Muy de acuerdo=1; De acuerdo=2; En desacuerdo=3; Muy en desacuerdo=4; No sabe=88; No contesta=99",19147,0,"haven_labelled;vctrs_vctr;double"
"2016","__enpg/base ENPG 2016 publico general.dta","op_4_c","op4_c Autorizar que se registre a los alumnos/alumnas a la entrada de sus colegi","Muy de acuerdo=1; De acuerdo=2; En desacuerdo=3; Muy en desacuerdo=4; No sabe=88; No contesta=99",19147,0,"haven_labelled;vctrs_vctr;double"
"2016","__enpg/base ENPG 2016 publico general.dta","op_4_d","op4_d Penalizar el porte y consumo de marihuana aunque sea en pequeñas cantidade","Muy de acuerdo=1; De acuerdo=2; En desacuerdo=3; Muy en desacuerdo=4; No sabe=88; No contesta=99",19147,0,"haven_labelled;vctrs_vctr;double"
"2016","__enpg/base ENPG 2016 publico general.dta","op_5_a","op5_a ¿Conoce usted o ha oído hablar de la ley que regula el emrcado de la marih","Sí=1; No=2; No sabe=88; No contesta=99",19147,0,"haven_labelled;vctrs_vctr;double"
"2016","__enpg/base ENPG 2016 publico general.dta","op_5_b","op5_b ¿Qué tan de acuerdo está Ud. con la ley que regula el mercado de la marihu","Muy de acuerdo=1; De acuerdo=2; En desacuerdo=3; Muy en desacuerdo=4; No sabe=88; No contesta=99",19147,15677,"haven_labelled;vctrs_vctr;double"
"2016","__enpg/base ENPG 2016 publico general.dta","op_6_a","op6_a Que una persona conduzca un vehículo bajo los efectos del alcohol","Me parece muy bien=1; Me parece bien=2; Me parece mal=3; Me parece muy mal=4; No sabe=88; No contesta=99",19147,0,"haven_labelled;vctrs_vctr;double"
"2016","__enpg/base ENPG 2016 publico general.dta","op_6_b","op6_b Que una mujer embarazada o en lactancia consuma alcohol","Me parece muy bien=1; Me parece bien=2; Me parece mal=3; Me parece muy mal=4; No sabe=88; No contesta=99",19147,0,"haven_labelled;vctrs_vctr;double"
"2016","__enpg/base ENPG 2016 publico general.dta","op_6_c","op6_c Que niños, niñas y adolescentes consuman alcohol","Me parece muy bien=1; Me parece bien=2; Me parece mal=3; Me parece muy mal=4; No sabe=88; No contesta=99",19147,0,"haven_labelled;vctrs_vctr;double"
"2016","__enpg/base ENPG 2016 publico general.dta","co_1","co1 La semana pasada, ¿trabajó al menos una hora, sin considerar los quehaceres","Sí=1; No=2",19147,0,"haven_labelled;vctrs_vctr;double"
"2016","__enpg/base ENPG 2016 publico general.dta","co_2","co2 Aunque no trabajó la semana pasada, ¿realizó alguna actividad por lo menos d","Sí=1; No=2",19147,11123,"haven_labelled;vctrs_vctr;double"
"2016","__enpg/base ENPG 2016 publico general.dta","co_3","co3 Aunque no trabajó la semana pasada, ¿tenía empleo del cual estuvo ausente te","Sí=1; No=2",19147,11751,"haven_labelled;vctrs_vctr;double"
"2016","__enpg/base ENPG 2016 publico general.dta","co_4","co4 ¿Buscó trabajo remunerado o realizó alguna gestión para iniciar una activida","Sí=1; No=2",19147,12147,"haven_labelled;vctrs_vctr;double"
"2016","__enpg/base ENPG 2016 publico general.dta","co_5","co5 ¿Cuál es la razón o razones por la que no buscó trabajo o realizó alguna ges","Consiguió trabajo que empezará pronto o iniciará una actividad por cuenta propia=1; Está esperando resultado de gestiones ya emprendidas=2; No tiene con quien dejar a los niños=3; No tiene con quien dejar a adultos mayores=4; No tiene con quien dejar a otro familiar=5; Está enfermo o tiene una discapacidad=6; Percepción de limitaciones personales=7; Piensa que nadie le dará trabajo (porque no cuenta con la capacitación requerida, por su edad, etc.)=8; Las reglas, horarios y distancias de los trabajos no le acomodan=9; Ofrecen sueldos muy bajos=10; Quehaceres del hogar=11; Estudiante=12; Jubilado(a), pensionado(a) o montepiada=13; Tiene otra fuente de ingreso (seguro de cesantía, mesadas, rentas, transferencias del Estado, etc.)=14; Se cansó de buscar o cree que no hay trabajo disponible=15; Busca cuando realmente lo necesita o tiene trabajo esporádico=16; No tiene interés en trabajar=17; Otra razón=18",19147,12428,"haven_labelled;vctrs_vctr;double"
"2016","__enpg/base ENPG 2016 publico general.dta","co_6","co6 ¿Cuál es su ocupación u oficio?","",19147,0,"character"
"2016","__enpg/base ENPG 2016 publico general.dta","co_6_r","co6_r Cód Oficio","",19147,6721,"numeric"
"2016","__enpg/base ENPG 2016 publico general.dta","co_7","co7 En su trabajo o negocio principal, ¿usted trabaja como?","Patrón o empleador/a=1; Trabajador/a por cuenta propia=2; Empleado/a u obrero/a del sector público (Gobierno Central o Municipal)=3; Empleado/a u obrero/a de empresas públicas=4; Empleado/a u obrero/a del sector privado=5; Servicio doméstico puertas adentro=6; Servicio doméstico puertas afuera=7; FF.AA. y del Orden=8; Familiar no remunerado=9",19147,6719,"haven_labelled;vctrs_vctr;double"
"2016","__enpg/base ENPG 2016 publico general.dta","co_8","co8 ¿A qué se dedica o qué hace el negocio, empresa o institución donde usted tr","",19147,0,"character"
"2016","__enpg/base ENPG 2016 publico general.dta","co_8_r","co8_r Cód Actividad","",19147,7083,"numeric"
"2016","__enpg/base ENPG 2016 publico general.dta","co_9","co9 Ha estado involucrado o tenido algún tipo de accidente laboral en los último","Sí=1; No=2; No sabe=88; No contesta=99",19147,7077,"haven_labelled;vctrs_vctr;double"
"2016","__enpg/base ENPG 2016 publico general.dta","dp_1","dp1 ¿Cuántas personas viven en este hogar? (en números) (Anote 99 No contesta)","No contesta=99",19147,0,"haven_labelled;vctrs_vctr;double"
"2016","__enpg/base ENPG 2016 publico general.dta","dp_2","dp2 ¿Cuál es su estado civil actual (legal)?","Soltero/a=1; Casado/a=2; Divorciado/a=3; Viudo/a=4; Anulado/a=5; Conviviente Civil=6",19147,0,"haven_labelled;vctrs_vctr;double"
"2016","__enpg/base ENPG 2016 publico general.dta","dp_3","dp3 ¿Actualmente cuál es su estado de hecho?","Casado/a vive con su esposo/a=1; Conviviente o pareja de distinto sexo=2; Conviviente o pareja del mismo sexo=3; No convive con pareja=4",19147,0,"haven_labelled;vctrs_vctr;double"
"2016","__enpg/base ENPG 2016 publico general.dta","dp_4","dp4 En Chile, la ley reconoce nueve pueblos indígenas (originarios), ¿pertenece","Aymara=1; Rapa Nui=2; Quechua=3; Mapuche=4; Atacameño (Linkán Antai)=5; Coya=6; Kawésqar (Alacalufes)=7; Yagán (Yámana)=8; Diaguita=9; No pertenece a ningún pueblo indígena=10",19147,0,"haven_labelled;vctrs_vctr;double"
"2016","__enpg/base ENPG 2016 publico general.dta","dp_5","dp5 ¿Cuál es su religión o credo?","Católica=1; Evangélica o Protestante=2; Judía=3; Musulmana=4; Mormón=5; Ortodoxa=6; Budista=7; Fe Bahá’í=8; Testigo de Jehová=9; Espiritualidad indígena=10; Otra=11; Ninguna=12",19147,0,"haven_labelled;vctrs_vctr;double"
"2016","__enpg/base ENPG 2016 publico general.dta","dp_6","dp6 ¿A qué sistema previsional de salud pertenece usted?","Sistema público grupo A=1; Sistema público grupo B=2; Sistema público grupo C=3; Sistema público grupo D=4; Sistema público no sabe grupo=5; F.F.A.A y del Orden=6; isapre=7; Ninguno (particular)=8; Otro Sistema=9; No sabe=88; No contesta=99",19147,0,"haven_labelled;vctrs_vctr;double"
"2016","__enpg/base ENPG 2016 publico general.dta","dp_7","dp7 ¿Qué relación de parentesco tiene con el jefe/a de hogar?","Jefe de Hogar=1; Esposo(a) /pareja=2; Hijo/a de ambos=3; Hijo/a sólo del jefe=4; Hijo sólo del esposo(a) /pareja=5; Padre o madre=6; Suegro(a)=7; Yerno o nuera=8; Nieto(a)=9; Hermano(a)=10; Cuñado(a)=11; Otro familiar=12; No familiar=13; Servicio doméstico puertas adentro=14",19147,0,"haven_labelled;vctrs_vctr;double"
"2016","__enpg/base ENPG 2016 publico general.dta","dp_8_a","dp8_a Usted actualmente, ¿asiste a algún establecimiento educacional?","Sí=1; No=2; No sabe=88; No contesta=99",19147,8982,"haven_labelled;vctrs_vctr;double"
"2016","__enpg/base ENPG 2016 publico general.dta","dp_8_b","dp8_b El Jefe de Hogar actualmente, ¿asiste a algún establecimiento educacional?","Sí=1; No=2; No sabe=88; No contesta=99",19147,0,"haven_labelled;vctrs_vctr;double"
"2016","__enpg/base ENPG 2016 publico general.dta","dp_9_a","dp9a ¿Cuál es el nivel educacional más alto alcanzado o el nivel educacional act","Nunca asistió=1; Educación Especial (Diferencial)=2; Primaria o preparatoria (Sistema Antiguo)=3; Educación Básica=4; Humanidades (Sistema Antiguo)=5; Educación Media Científico Humanista=6; Técnica Comercial Industrial o Normalista (Sistema Antiguo)=7; Educación Media Técnico Profesional=8; Técnico de Nivel Superior=9; Profesional=10; Postítulo=11; Magíster=12; Doctorado=13; No Sabe=14",19147,8982,"haven_labelled;vctrs_vctr;double"
"2016","__enpg/base ENPG 2016 publico general.dta","dp_9_b","dp9_b ¿Cuál es el nivel educacional más alto alcanzado o el nivel educacional ac","Nunca asistió=1; Educación Especial (Diferencial)=2; Primaria o preparatoria (Sistema Antiguo)=3; Educación Básica=4; Humanidades (Sistema Antiguo)=5; Educación Media Científico Humanista=6; Técnica Comercial Industrial o Normalista (Sistema Antiguo)=7; Educación Media Técnico Profesional=8; Técnico de Nivel Superior=9; Profesional=10; Postítulo=11; Magíster=12; Doctorado=13; No Sabe=14",19147,0,"haven_labelled;vctrs_vctr;double"
"2016","__enpg/base ENPG 2016 publico general.dta","dp_10_a","dp10_a Usted, ¿Completó el nivel educacional anteriormente declarado?","Sí=1; No=2; No aplica=77",19147,8982,"haven_labelled;vctrs_vctr;double"
"2016","__enpg/base ENPG 2016 publico general.dta","dp_10_b","dp10_b El Jefe de Hogar, ¿Completó el nivel educacional anteriormente declarado?","Sí=1; No=2; No aplica=77",19147,0,"haven_labelled;vctrs_vctr;double"
"2016","__enpg/base ENPG 2016 publico general.dta","dp_11_a","dp11_a En este nivel educacional ¿Cuál fue el último curso que Usted aprobó?","Sin estudios=0; Primer año=1; Segundo año=2; Tercer año=3; Cuarto año=4; Quinto año=5; Sexto año=6; Séptimo año=7; Octavo año=8; No sabe=88; No contesta=99",19147,8982,"haven_labelled;vctrs_vctr;double"
"2016","__enpg/base ENPG 2016 publico general.dta","dp_11_b","dp11_b En este nivel educacional ¿Cuál fue el último curso que el jefe de hogar","Sin estudios=0; Primer año=1; Segundo año=2; Tercer año=3; Cuarto año=4; Quinto año=5; Sexto año=6; Séptimo año=7; Octavo año=8; No sabe=88; No contesta=99",19147,0,"haven_labelled;vctrs_vctr;double"
"2016","__enpg/base ENPG 2016 publico general.dta","dp_12","dp12 ¿Cuál de estas situaciones se aplica mejor a su caso?","Ud. aporta ingreso único=1; Ud. aporta el ingreso principal pero existen otros ingresos=2; Ud. aporta la mitad del ingreso del hogar=3; Ud. aporta ingreso pero no es el principal del hogar=4; Ud. no aporta ingresos al hogar=5; No sabe=88; No contesta=99",19147,0,"haven_labelled;vctrs_vctr;double"
"2016","__enpg/base ENPG 2016 publico general.dta","dp_13","dp13 Aproximadamente y considerando un mes normal, ¿en cuáles de estos rangos se","Menos de $100.000=1; Entre $100.001 y 200.000=2; Entre $200.001 y 300.000=3; Entre $300.001 y 400.000=4; Entre $400.001 y 500.000=5; Entre $500.001 y 750.000=6; Entre $750.001 y 1.000.000=7; Entre $1.000.001 y 1.500.000=8; Entre $1.500.001 y 2.000.000=9; Más de $2.000.000=10; No sabe=88; No contesta=99",19147,0,"haven_labelled;vctrs_vctr;double"
"2016","__enpg/base ENPG 2016 publico general.dta","dp_14_1","dp14_1 ¿Cuánto es el ingreso total mensual… del trabajo (personas que reciben un","",19147,0,"numeric"
"2016","__enpg/base ENPG 2016 publico general.dta","dp_14_2","dp14_2 … por jubilaciones?","",19147,0,"numeric"
"2016","__enpg/base ENPG 2016 publico general.dta","dp_14_3","dp14_3  por Dividendo (acciones, intereses por depósitos, bonos)?","",19147,0,"numeric"
"2016","__enpg/base ENPG 2016 publico general.dta","dp_14_4","dp14_4 … por Arriendo?","",19147,0,"numeric"
"2016","__enpg/base ENPG 2016 publico general.dta","dp_14_5","dp14_5 …por Aportes Familiares?","",19147,0,"numeric"
"2016","__enpg/base ENPG 2016 publico general.dta","dp_15","dp15 ¿Recibió usted o alguien en su hogar el mes pasado ingresos por algún subsi","Sí, especifique monto=1; No=2; No sabe=88; No contesta=99",19147,0,"haven_labelled;vctrs_vctr;double"
"2016","__enpg/base ENPG 2016 publico general.dta","dp_15_monto","dp15_monto ¿Recibió usted o alguien en su hogar el mes pasado ingresos por algún","",19147,17017,"numeric"
"2016","__enpg/base ENPG 2016 publico general.dta","dp_16","dp16 Calidad de la vivienda","Tipo 1=1; Tipo 2=2; Tipo 3=3; Tipo 4=4; Tipo 5=5",19147,0,"haven_labelled;vctrs_vctr;double"
"2016","__enpg/base ENPG 2016 publico general.dta","dp_17","dp17 Calidad del barrio","Tipo 1=1; Tipo 2=2; Tipo 3=3; Tipo 4=4; Tipo 5=5",19147,0,"haven_labelled;vctrs_vctr;double"
"2016","__enpg/base ENPG 2016 publico general.dta","sexo","Sexo","Hombre=1; Mujer=2",19147,0,"haven_labelled;vctrs_vctr;double"
"2016","__enpg/base ENPG 2016 publico general.dta","edad","Edad","",19147,0,"numeric"
"2016","__enpg/base ENPG 2016 publico general.dta","región","Región","Región de Tarapacá=1; Región de Antofagasta=2; Región de Atacama=3; Región de Coquimbo=4; Región de Valparaíso=5; Región del Libertador Bdo. O´Higgins=6; Región del Maule=7; Región del Biobio=8; Región de la Araucanía=9; Región de Los Lagos=10; Región de Aysen=11; Región de Magallanes=12; Región Metropolitana=13; Región de Los Ríos=14; Región de Arica y Parinacota=15",19147,0,"haven_labelled;vctrs_vctr;double"
"2016","__enpg/base ENPG 2016 publico general.dta","comuna","Comuna","Iquique=1101; Alto Hospicio=1107; Antofagasta=2101; Calama=2201; Copiapó=3101; Vallenar=3301; La Serena=4101; Coquimbo=4102; Ovalle=4301; Valparaiso=5101; Concon=5103; Viña del Mar=5109; Los Andes=5301; Quillota=5501; La Calera=5502; San Antonio=5601; San Felipe=5701; Quilpué=5801; Limache=5802; Villa Alemana=5804; Rancagua=6101; Graneros=6106; Machali=6108; San Francisco de Mostazal=6110; Rengo=6115; San Vicente de Tagua Tagua=6117; San Fernando=6301; Chimbarongo=6303; Talca=7101; Constitución=7102; Cauquenes=7201; Curicó=7301; Linares=7401; Parral=7404; Concepción=8101; Coronel=8102; Chiguayante=8103; Lota=8106; Penco=8107; San Pedro de La Paz=8108; Talcahuano=8110; Tomé=8111; Hualpen=8112; Curanilahue=8205; Los Angeles=8301; Chillán=8401; Temuco=9101; Lautaro=9108; Nueva Imperial=9111; Padre Las Casas=9112; Pitrufquen=9114; Villarrica=9120; Angol=9201; Victoria=9211; Puerto Montt=10101; Castro=10201; Ancud=10202; Osorno=10301; Coyhaique=11101; Puerto Aysén=11201; Punta Arenas=12101; Santiago=13101; Cerrillos=13102; Cerro Navia=13103; Conchalí=13104; El Bosque=13105; Estacion Central=13106; Huechuraba=13107; Independencia=13108; La Cisterna=13109; La Florida=13110; La Granja=13111; La Pintana=13112; La Reina=13113; Las Condes=13114; Lo Barnechea=13115; Lo Espejo=13116; Lo Prado=13117; Macul=13118; Maipú=13119; Ñuñoa=13120; Pedro Aguirre Cerda=13121; Peñalolén=13122; Providencia=13123; Pudahuel=13124; Quilicura=13125; Quinta Normal=13126; Recoleta=13127; Renca=13128; San Joaquin=13129; San Miguel=13130; San Ramón=13131; Vitacura=13132; Puente Alto=13201; Colina=13301; Lampa=13302; San Bernardo=13401; Buin=13402; Paine=13404; Melipilla=13501; Talagante=13601; Padre Hurtado=13604; Peñaflor=13605; Valdivia=14101; Panguipulli=14108; La Union=14201; Río Bueno=14204; Arica=15101",19147,0,"haven_labelled;vctrs_vctr;double"
"2016","__enpg/base ENPG 2016 publico general.dta","distrito","Distrito","",19147,0,"numeric"
"2016","__enpg/base ENPG 2016 publico general.dta","zona","Zona","",19147,0,"numeric"
"2016","__enpg/base ENPG 2016 publico general.dta","manzana","Manzana","",19147,0,"numeric"
"2018","__enpg/Base de datos ENPG 2018 (PG).DTA","SbjNum","SbjNum","",19427,0,"numeric"
"2018","__enpg/Base de datos ENPG 2018 (PG).DTA","S01","Sexo:","Hombre=1; Mujer=2",19427,0,"haven_labelled;vctrs_vctr;double"
"2018","__enpg/Base de datos ENPG 2018 (PG).DTA","S02","Edad:","",19427,0,"numeric"
"2018","__enpg/Base de datos ENPG 2018 (PG).DTA","ST_1","B. MÓDULO SALUD Y TABACO  Hablando de su salud ¿Cómo calificaría Ud. su estado d","Muy malo=1; Malo=2; Regular=3; Bueno=4; Muy Bueno=5; Excelente=6; No sabe=88; No contesta=99",19427,0,"haven_labelled;vctrs_vctr;double"
"2018","__enpg/Base de datos ENPG 2018 (PG).DTA","ST_2","¿Ha fumado Ud. cigarrillos alguna vez en su vida?","Sí=1; No=2; No sabe=88; No contesta=99",19427,0,"haven_labelled;vctrs_vctr;double"
"2018","__enpg/Base de datos ENPG 2018 (PG).DTA","ST_3","¿Cuándo fue la primera vez que Ud. fumó cigarrillos? (Mostrar Tarjeta 2)","Durante los últimos 30 días=1; Hace más de un mes, pero menos de un año=2; Hace más de un año=3; No sabe=88; No contesta=99",19427,8117,"haven_labelled;vctrs_vctr;double"
"2018","__enpg/Base de datos ENPG 2018 (PG).DTA","ST_4","¿Qué edad tenía cuando fumó cigarrillos por primera vez?","No sabe=88; No contesta=99",19427,8117,"haven_labelled;vctrs_vctr;double"
"2018","__enpg/Base de datos ENPG 2018 (PG).DTA","ST_5","¿Cuándo fue la última vez que fumó cigarrillos? (Mostrar Tarjeta 2)","Durante los últimos 30 días=1; Hace más de un mes, pero menos de un año=2; Hace más de un año=3; No sabe=88; No contesta=99",19427,8117,"haven_labelled;vctrs_vctr;double"
"2018","__enpg/Base de datos ENPG 2018 (PG).DTA","ST_6","Piense solamente en los últimos 30 días, ¿cuántos días ha fumado cigarrillos?","No sabe=88; No contesta=99",19427,13831,"haven_labelled;vctrs_vctr;double"
"2018","__enpg/Base de datos ENPG 2018 (PG).DTA","ST_7","¿Más o menos cuántos cigarrillos diarios ha fumado Ud. en estos últimos 30 días?","No sabe=8888; No contesta=9999",19427,13831,"haven_labelled;vctrs_vctr;double"
"2018","__enpg/Base de datos ENPG 2018 (PG).DTA","ST_8","¿Cuánto tiempo pasa desde que se despierta hasta que se fuma su primer cigarrill","Menos de 5 minutos=1; De 6 a 30 minutos=2; De 31 a 60 minutos=3; Más de 60 minutos=4; No sabe=88; No contesta=99",19427,13831,"haven_labelled;vctrs_vctr;double"
"2018","__enpg/Base de datos ENPG 2018 (PG).DTA","ST_9","¿Cuánto gastó Ud. en tabaco durante los últimos 30 días?","",19427,13831,"numeric"
"2018","__enpg/Base de datos ENPG 2018 (PG).DTA","ST_9a","El valor es en pesos chilenos. Revise que no falte ningún cero.","",19427,19367,"numeric"
"2018","__enpg/Base de datos ENPG 2018 (PG).DTA","ST_10","Durante los últimos 12 meses, ¿ha tratado de dejar de fumar?","Si=1; No=2; No sabe=88; No contesta=99",19427,13831,"haven_labelled;vctrs_vctr;double"
"2018","__enpg/Base de datos ENPG 2018 (PG).DTA","CE_1","C. MÓDULO CIGARRILLOS ELECTRÓNICOS  ¿Ud. conoce o ha escuchado hablar de los cig","Si=1; No=2; No sabe=88; No contesta=99",19427,0,"haven_labelled;vctrs_vctr;double"
"2018","__enpg/Base de datos ENPG 2018 (PG).DTA","CE_2","¿Ha usado Ud. cigarrillos electrónicos alguna vez en su vida?","Si=1; No=2; No sabe=88; No contesta=99",19427,8106,"haven_labelled;vctrs_vctr;double"
"2018","__enpg/Base de datos ENPG 2018 (PG).DTA","CE_3","¿Cuándo fue la primera vez que Ud. usó cigarrillos electrónicos? (Mostrar Tarjet","Durante los últimos 30 días=1; Hace más de un mes, pero menos de un año=2; Hace más de un año=3; No sabe=88; No contesta=99",19427,17213,"haven_labelled;vctrs_vctr;double"
"2018","__enpg/Base de datos ENPG 2018 (PG).DTA","CE_4","¿Cuándo fue la última vez que usó cigarrillos electrónicos? (Mostrar Tarjeta 2)","Durante los últimos 30 días=1; Hace más de un mes, pero menos de un año=2; Hace más de un año=3; No sabe=88; No contesta=99",19427,17213,"haven_labelled;vctrs_vctr;double"
"2018","__enpg/Base de datos ENPG 2018 (PG).DTA","CE_5","Piense solamente en los últimos 30 días, ¿cuántos días ha usado cigarrillos elec","No sabe=88; No contesta=99",19427,19169,"haven_labelled;vctrs_vctr;double"
"2018","__enpg/Base de datos ENPG 2018 (PG).DTA","CE_6","Respecto a la última vez que Ud. usó cigarrillos electrónicos, ¿Sabía Ud. si el","Si=1; No=2; No contesta=99",19427,17253,"haven_labelled;vctrs_vctr;double"
"2018","__enpg/Base de datos ENPG 2018 (PG).DTA","T_CE_8_1","Más seguros que fumar cigarrillos","Si=1; No=2; No sabe=88; No contesta=99",19427,17213,"haven_labelled;vctrs_vctr;double"
"2018","__enpg/Base de datos ENPG 2018 (PG).DTA","T_CE_8_2","Más baratos que los cigarrillos","Si=1; No=2; No sabe=88; No contesta=99",19427,17213,"haven_labelled;vctrs_vctr;double"
"2018","__enpg/Base de datos ENPG 2018 (PG).DTA","T_CE_8_3","Más fáciles de usar cuando no puedo fumar cigarrillos (por ej: en espacios cerra","Si=1; No=2; No sabe=88; No contesta=99",19427,17213,"haven_labelled;vctrs_vctr;double"
"2018","__enpg/Base de datos ENPG 2018 (PG).DTA","T_CE_8_4","Una ayuda para dejar de fumar cigarrillos","Si=1; No=2; No sabe=88; No contesta=99",19427,17213,"haven_labelled;vctrs_vctr;double"
"2018","__enpg/Base de datos ENPG 2018 (PG).DTA","T_CE_8_5","Simplemente porque si","Si=1; No=2; No sabe=88; No contesta=99",19427,17213,"haven_labelled;vctrs_vctr;double"
"2018","__enpg/Base de datos ENPG 2018 (PG).DTA","T_CE_8_6","Son menos dañinos para la salud de la gente que me rodea","Si=1; No=2; No sabe=88; No contesta=99",19427,17213,"haven_labelled;vctrs_vctr;double"
"2018","__enpg/Base de datos ENPG 2018 (PG).DTA","CE_9","¿Tiene Ud. actualmente algún dispositivo de cigarrillo electrónico?","Si=1; No=2; No sabe=88; No contesta=99",19427,17213,"haven_labelled;vctrs_vctr;double"
"2018","__enpg/Base de datos ENPG 2018 (PG).DTA","SA_1","D. SECUENCIA AUTOAPLICADA DE ALCOHOL Y OTRAS DROGAS  Ahora le voy a hacer alguna","El entrevistado prefiere contestar en voz alta las preguntas=1; El entrevistado prefiere completar el cuestionario por sí mi=2",19427,0,"haven_labelled;vctrs_vctr;double"
"2018","__enpg/Base de datos ENPG 2018 (PG).DTA","OH_1","E. MÓDULO ALCOHOL  ¿Ha tomado Ud. alcohol (cerveza / malta, chicha, vino/ champa","Sí=1; No=2; No sabe=88; No contesta=99",19427,0,"haven_labelled;vctrs_vctr;double"
"2018","__enpg/Base de datos ENPG 2018 (PG).DTA","OH_2","¿Cuándo fue la primera vez que Ud. consumió alcohol en su vida?   (Mostrar Tarje","Durante los últimos 30 días=1; Hace más de un mes, pero menos de un año=2; Hace más de un año=3; No sabe=88; No contesta=99",19427,4929,"haven_labelled;vctrs_vctr;double"
"2018","__enpg/Base de datos ENPG 2018 (PG).DTA","OH_3","¿Qué edad tenía cuando consumió por primera vez alcohol?  (No considere cuando l","No sabe=88; No contesta=99",19427,4929,"haven_labelled;vctrs_vctr;double"
"2018","__enpg/Base de datos ENPG 2018 (PG).DTA","OH_4","¿Cuándo fue la última vez que Ud. consumió alcohol? (Mostrar Tarjeta 2)","Durante los últimos 30 días=1; Hace más de un mes, pero menos de un año=2; Hace más de un año=3; No sabe=88; No contesta=99",19427,4929,"haven_labelled;vctrs_vctr;double"
"2018","__enpg/Base de datos ENPG 2018 (PG).DTA","OH_5","Pensando solamente en los últimos 30 días, ¿cuántos días del mes ha tomado algún","No sabe=88; No contesta=99",19427,11921,"haven_labelled;vctrs_vctr;double"
"2018","__enpg/Base de datos ENPG 2018 (PG).DTA","OH_6","Durante los últimos 30 días, ¿qué tipo de bebida alcohólica tomó con más frecuen","Cerveza=1; Vino, champaña u otros espumantes=2; Licores, destilados o combinados (pisco, ron, whisky, vod=3; Otro=4; No sabe=88; No contesta=99",19427,11921,"haven_labelled;vctrs_vctr;double"
"2018","__enpg/Base de datos ENPG 2018 (PG).DTA","OH_7H","Pensando en los últimos 30 días y tomando en cuenta todos los tipos de bebidas a","No sabe=888; No contesta=999",19427,15394,"haven_labelled;vctrs_vctr;double"
"2018","__enpg/Base de datos ENPG 2018 (PG).DTA","OH_7M","Pensando en los últimos 30 días y tomando en cuenta todos los tipos de bebidas a","No sabe=888; No contesta=999",19427,15954,"haven_labelled;vctrs_vctr;double"
"2018","__enpg/Base de datos ENPG 2018 (PG).DTA","OH_8","Durante los últimos 30 días, ¿cuál fue la máxima cantidad de tragos que llegó a","No sabe=888; No contesta=999",19427,11921,"haven_labelled;vctrs_vctr;double"
"2018","__enpg/Base de datos ENPG 2018 (PG).DTA","OH_9","¿Aproximadamente cuánto gastó Ud. en alcohol durante los últimos 30 días?","",19427,11921,"numeric"
"2018","__enpg/Base de datos ENPG 2018 (PG).DTA","OH_9a","El valor es en pesos chilenos. Revise que no falte ningún cero.","",19427,19375,"numeric"
"2018","__enpg/Base de datos ENPG 2018 (PG).DTA","OH_10","Durante la última semana, ¿Ud. consumió alcohol?","Si=1; No=2; No sabe=88; No contesta=99",19427,11921,"haven_labelled;vctrs_vctr;double"
"2018","__enpg/Base de datos ENPG 2018 (PG).DTA","T_OH_11_1","lunes","",19427,15239,"numeric"
"2018","__enpg/Base de datos ENPG 2018 (PG).DTA","T_OH_11_2","martes","",19427,15261,"numeric"
"2018","__enpg/Base de datos ENPG 2018 (PG).DTA","T_OH_11_3","miércoles","",19427,15286,"numeric"
"2018","__enpg/Base de datos ENPG 2018 (PG).DTA","T_OH_11_4","jueves","",19427,15178,"numeric"
"2018","__enpg/Base de datos ENPG 2018 (PG).DTA","T_OH_11_5","viernes","",19427,15178,"numeric"
"2018","__enpg/Base de datos ENPG 2018 (PG).DTA","T_OH_11_6","sábado","",19427,15206,"numeric"
"2018","__enpg/Base de datos ENPG 2018 (PG).DTA","T_OH_11_7","domingo","",19427,15217,"numeric"
"2018","__enpg/Base de datos ENPG 2018 (PG).DTA","OH_12","¿Qué tan seguido toma usted alguna bebida alcohólica?","Nunca=1; 1 vez al mes o menos=2; 2 a 4 veces al mes=3; 2 a 3 veces a la semana=4; 4 o más veces a la semana=5",19427,8495,"haven_labelled;vctrs_vctr;double"
"2018","__enpg/Base de datos ENPG 2018 (PG).DTA","OH_13","¿Cuántos tragos suele tomar usted en un día típico de consumo de alcohol? (Mostr","0 a 2 tragos	=1; 3 a 4 tragos=2; 5 a 6 tragos=3; 7 a 9 tragos=4; 10 o más tragos=5",19427,8495,"haven_labelled;vctrs_vctr;double"
"2018","__enpg/Base de datos ENPG 2018 (PG).DTA","OH_14","¿Qué tan seguido toma usted 6 o más tragos en una sola ocasión?","	Nunca=1; 	Menos de una vez al mes=2; 	Mensualmente=3; 	Semanalmente=4; 	Todos o casi todos los días=5",19427,8495,"haven_labelled;vctrs_vctr;double"
"2018","__enpg/Base de datos ENPG 2018 (PG).DTA","OH_15","¿Qué tan seguido, en el curso de los últimos 12 meses, usted no pudo parar de be","Nunca=1; Menos de una vez al mes=2; Mensualmente=3; Semanalmente=4; Todos o casi todos los días=5",19427,8495,"haven_labelled;vctrs_vctr;double"
"2018","__enpg/Base de datos ENPG 2018 (PG).DTA","OH_16","¿Qué tan seguido, en el curso de los últimos 12 meses, su consumo de alcohol alt","Nunca=1; Menos de una vez al mes=2; Mensualmente=3; Semanalmente=4; Todos o casi todos los días=5",19427,8495,"haven_labelled;vctrs_vctr;double"
"2018","__enpg/Base de datos ENPG 2018 (PG).DTA","OH_17","¿Qué tan seguido, en el curso de los últimos 12 meses, usted necesitó beber en l","Nunca=1; Menos de una vez al mes=2; Mensualmente=3; Semanalmente=4; Todos o casi todos los días=5",19427,8495,"haven_labelled;vctrs_vctr;double"
"2018","__enpg/Base de datos ENPG 2018 (PG).DTA","OH_18","¿Qué tan seguido, en el curso de los últimos 12 meses, usted tuvo remordimientos","Nunca=1; Menos de una vez al mes=2; Mensualmente=3; Semanalmente=4; Todos o casi todos los días=5",19427,8495,"haven_labelled;vctrs_vctr;double"
"2018","__enpg/Base de datos ENPG 2018 (PG).DTA","OH_19","¿Qué tan seguido, en el curso de los últimos 12 meses, usted no fue capaz de rec","Nunca=1; Menos de una vez al mes=2; Mensualmente=3; Semanalmente=4; Todos o casi todos los días=5",19427,8495,"haven_labelled;vctrs_vctr;double"
"2018","__enpg/Base de datos ENPG 2018 (PG).DTA","OH_20","¿Usted o alguna otra persona ha resultado físicamente herido debido a que usted","No=0; Sí, pero no en el último año=2; Sí, en el último año=4",19427,8495,"haven_labelled;vctrs_vctr;double"
"2018","__enpg/Base de datos ENPG 2018 (PG).DTA","OH_21","¿Algún familiar, amigo, médico u otro profesional de la salud ha mostrado preocu","No=0; Sí, pero no en el último año=2; Sí, en el último año=4",19427,8495,"haven_labelled;vctrs_vctr;double"
"2018","__enpg/Base de datos ENPG 2018 (PG).DTA","OH_22_O1","Pensando en los últimos 30 días, ¿ha comprado alcohol en alguno de los siguiente","Bares, pubs o discotecas=1; Restaurantes=2; Botillerías/licorerías=3; Supermercados=4; Servicentros=5; Otros, especifique=6; Ninguno de los anteriores=7",19427,8495,"haven_labelled;vctrs_vctr;double"
"2018","__enpg/Base de datos ENPG 2018 (PG).DTA","OH_22_O2","Pensando en los últimos 30 días, ¿ha comprado alcohol en alguno de los siguiente","Bares, pubs o discotecas=1; Restaurantes=2; Botillerías/licorerías=3; Supermercados=4; Servicentros=5; Otros, especifique=6; Ninguno de los anteriores=7",19427,17417,"haven_labelled;vctrs_vctr;double"
"2018","__enpg/Base de datos ENPG 2018 (PG).DTA","OH_22_O3","Pensando en los últimos 30 días, ¿ha comprado alcohol en alguno de los siguiente","Bares, pubs o discotecas=1; Restaurantes=2; Botillerías/licorerías=3; Supermercados=4; Servicentros=5; Otros, especifique=6; Ninguno de los anteriores=7",19427,18846,"haven_labelled;vctrs_vctr;double"
"2018","__enpg/Base de datos ENPG 2018 (PG).DTA","OH_22_O4","Pensando en los últimos 30 días, ¿ha comprado alcohol en alguno de los siguiente","Bares, pubs o discotecas=1; Restaurantes=2; Botillerías/licorerías=3; Supermercados=4; Servicentros=5; Otros, especifique=6; Ninguno de los anteriores=7",19427,19224,"haven_labelled;vctrs_vctr;double"
"2018","__enpg/Base de datos ENPG 2018 (PG).DTA","OH_22_O5","Pensando en los últimos 30 días, ¿ha comprado alcohol en alguno de los siguiente","Bares, pubs o discotecas=1; Restaurantes=2; Botillerías/licorerías=3; Supermercados=4; Servicentros=5; Otros, especifique=6; Ninguno de los anteriores=7",19427,19400,"haven_labelled;vctrs_vctr;double"
"2018","__enpg/Base de datos ENPG 2018 (PG).DTA","OH_22_O6","Pensando en los últimos 30 días, ¿ha comprado alcohol en alguno de los siguiente","Bares, pubs o discotecas=1; Restaurantes=2; Botillerías/licorerías=3; Supermercados=4; Servicentros=5; Otros, especifique=6; Ninguno de los anteriores=7",19427,19425,"haven_labelled;vctrs_vctr;double"
"2018","__enpg/Base de datos ENPG 2018 (PG).DTA","OH_22_O7","Pensando en los últimos 30 días, ¿ha comprado alcohol en alguno de los siguiente","Bares, pubs o discotecas=1; Restaurantes=2; Botillerías/licorerías=3; Supermercados=4; Servicentros=5; Otros, especifique=6; Ninguno de los anteriores=7",19427,19427,"haven_labelled;vctrs_vctr;double"
"2018","__enpg/Base de datos ENPG 2018 (PG).DTA","OH_22_OTH","Pensando en los últimos 30 días, ¿ha comprado alcohol en alguno de los siguiente","",19427,0,"character"
"2018","__enpg/Base de datos ENPG 2018 (PG).DTA","OH_23_O1","Durante los últimos 30 días, ¿ha comprado alcohol en alguno de los siguientes lu","Ferias libres o mercados=1; Fiestas particulares=2; Locales “clandestinos”=3; A la entrada de conciertos, estadios, eventos=4; Productores artesanales=5; Otros, especifique=6; Ninguno de los anteriores=7",19427,8495,"haven_labelled;vctrs_vctr;double"
"2018","__enpg/Base de datos ENPG 2018 (PG).DTA","OH_23_O2","Durante los últimos 30 días, ¿ha comprado alcohol en alguno de los siguientes lu","Ferias libres o mercados=1; Fiestas particulares=2; Locales “clandestinos”=3; A la entrada de conciertos, estadios, eventos=4; Productores artesanales=5; Otros, especifique=6; Ninguno de los anteriores=7",19427,19235,"haven_labelled;vctrs_vctr;double"
"2018","__enpg/Base de datos ENPG 2018 (PG).DTA","OH_23_O3","Durante los últimos 30 días, ¿ha comprado alcohol en alguno de los siguientes lu","Ferias libres o mercados=1; Fiestas particulares=2; Locales “clandestinos”=3; A la entrada de conciertos, estadios, eventos=4; Productores artesanales=5; Otros, especifique=6; Ninguno de los anteriores=7",19427,19360,"haven_labelled;vctrs_vctr;double"
"2018","__enpg/Base de datos ENPG 2018 (PG).DTA","OH_23_O4","Durante los últimos 30 días, ¿ha comprado alcohol en alguno de los siguientes lu","Ferias libres o mercados=1; Fiestas particulares=2; Locales “clandestinos”=3; A la entrada de conciertos, estadios, eventos=4; Productores artesanales=5; Otros, especifique=6; Ninguno de los anteriores=7",19427,19400,"haven_labelled;vctrs_vctr;double"
"2018","__enpg/Base de datos ENPG 2018 (PG).DTA","OH_23_O5","Durante los últimos 30 días, ¿ha comprado alcohol en alguno de los siguientes lu","Ferias libres o mercados=1; Fiestas particulares=2; Locales “clandestinos”=3; A la entrada de conciertos, estadios, eventos=4; Productores artesanales=5; Otros, especifique=6; Ninguno de los anteriores=7",19427,19418,"haven_labelled;vctrs_vctr;double"
"2018","__enpg/Base de datos ENPG 2018 (PG).DTA","OH_23_O6","Durante los últimos 30 días, ¿ha comprado alcohol en alguno de los siguientes lu","Ferias libres o mercados=1; Fiestas particulares=2; Locales “clandestinos”=3; A la entrada de conciertos, estadios, eventos=4; Productores artesanales=5; Otros, especifique=6; Ninguno de los anteriores=7",19427,19427,"haven_labelled;vctrs_vctr;double"
"2018","__enpg/Base de datos ENPG 2018 (PG).DTA","OH_23_O7","Durante los últimos 30 días, ¿ha comprado alcohol en alguno de los siguientes lu","Ferias libres o mercados=1; Fiestas particulares=2; Locales “clandestinos”=3; A la entrada de conciertos, estadios, eventos=4; Productores artesanales=5; Otros, especifique=6; Ninguno de los anteriores=7",19427,19427,"haven_labelled;vctrs_vctr;double"
"2018","__enpg/Base de datos ENPG 2018 (PG).DTA","OH_23_OTH","Durante los últimos 30 días, ¿ha comprado alcohol en alguno de los siguientes lu","",19427,0,"character"
"2018","__enpg/Base de datos ENPG 2018 (PG).DTA","OH_24","Piense en los últimos 12 meses ¿Ha dejado de cumplir sus deberes en la casa, en","Si=1; No=2; No sabe=88; No contesta=99",19427,8495,"haven_labelled;vctrs_vctr;double"
"2018","__enpg/Base de datos ENPG 2018 (PG).DTA","OH_25","Piense en los últimos 12 meses ¿Ha puesto en peligro su integridad física a caus","Si=1; No=2; No sabe=88; No contesta=99",19427,8495,"haven_labelled;vctrs_vctr;double"
"2018","__enpg/Base de datos ENPG 2018 (PG).DTA","OH_26","Piense en los últimos 12 meses ¿Ha hecho algo bajo los efectos del alcohol que p","Si=1; No=2; No sabe=88; No contesta=99",19427,8495,"haven_labelled;vctrs_vctr;double"
"2018","__enpg/Base de datos ENPG 2018 (PG).DTA","OH_27","Piense en los últimos 12 meses ¿Ha tenido algún problema o han aumentado los pro","Si=1; No=2; No sabe=88; No contesta=99",19427,8495,"haven_labelled;vctrs_vctr;double"
"2018","__enpg/Base de datos ENPG 2018 (PG).DTA","MAR_1","F. MÓDULO MARIHUANA  ¿Ha probado Ud. marihuana alguna vez en su vida?","Si=1; No=2; No sabe=88; No contesta=99",19427,0,"haven_labelled;vctrs_vctr;double"
"2018","__enpg/Base de datos ENPG 2018 (PG).DTA","MAR_2","¿Cuándo fue la primera vez que Ud. consumió marihuana en su vida? (Mostrar Tarje","Durante los últimos 30 días=1; Hace más de un mes, pero menos de un año=2; Hace más de un año=3; No sabe=88; No contesta=99",19427,13972,"haven_labelled;vctrs_vctr;double"
"2018","__enpg/Base de datos ENPG 2018 (PG).DTA","MAR_3","¿Qué edad tenía cuando probó marihuana por primera vez?","No sabe=88; No contesta=99",19427,13972,"haven_labelled;vctrs_vctr;double"
"2018","__enpg/Base de datos ENPG 2018 (PG).DTA","MAR_4","¿Cuándo fue la última vez que Ud. consumió marihuana? (Mostrar Tarjeta 2)","Durante los últimos 30 días=1; Hace más de un mes, pero menos de un año=2; Hace más de un año=3; No sabe=88; No contesta=99",19427,13972,"haven_labelled;vctrs_vctr;double"
"2018","__enpg/Base de datos ENPG 2018 (PG).DTA","MAR_5","Pensando solamente en los últimos 30 días, ¿cuántos días del mes ha consumido ma","No sabe=88; No contesta=99",19427,18274,"haven_labelled;vctrs_vctr;double"
"2018","__enpg/Base de datos ENPG 2018 (PG).DTA","MAR_6","¿Cuántos cigarros de marihuana consume Ud. al mes? CONSIDERE SU CONSUMO HABITUAL","No sabe=8888; No contesta=9999",19427,18274,"haven_labelled;vctrs_vctr;double"
"2018","__enpg/Base de datos ENPG 2018 (PG).DTA","MAR_7","¿Conoce el contenido de THC (Tetrahidrocannabinol) que tiene la marihuana que Ud","No lo conozco=1; Si, el contenido de THC es % (de 0% a 100%)=2; No sabe=888; No contesta=999",19427,18274,"haven_labelled;vctrs_vctr;double"
"2018","__enpg/Base de datos ENPG 2018 (PG).DTA","Q_167_S","¿Conoce el contenido de THC (Tetrahidrocannabinol) que tiene la marihuana que Ud","",19427,19109,"numeric"
"2018","__enpg/Base de datos ENPG 2018 (PG).DTA","MAR_8","¿Cuánto gastó Ud. en marihuana durante los últimos 30 días?","",19427,18274,"numeric"
"2018","__enpg/Base de datos ENPG 2018 (PG).DTA","MAR_8a","El valor es en pesos chilenos. Revise que no falte ningún cero.","",19427,19411,"numeric"
"2018","__enpg/Base de datos ENPG 2018 (PG).DTA","MAR_9","Según lo que Ud. sabe, ¿Cuánto cuesta un cigarro de marihuana?","",19427,17605,"numeric"
"2018","__enpg/Base de datos ENPG 2018 (PG).DTA","MAR_9a","El valor es en pesos chilenos. Revise que no falte ningún cero.","",19427,19419,"numeric"
"2018","__enpg/Base de datos ENPG 2018 (PG).DTA","MAR_10","¿Qué tipo de marihuana consumió con mayor frecuencia? (Mostrar Tarjeta 9)","Marihuana prensada o “paraguaya”=1; Marihuana verde o yerba=2; Marihuana verde o yerba de “autocultivo”=3; Marihuana Skunk o de alta potencia (marihuana “cripy o cr=4; Marihuana Skunk o de alta potencia de “autocultivo”=5; No sabe=88; No contesta=99",19427,17605,"haven_labelled;vctrs_vctr;double"
"2018","__enpg/Base de datos ENPG 2018 (PG).DTA","MAR_11","¿Cómo obtuvo más frecuentemente la marihuana que consumió en los últimos 12 mese","Compró ""prensado""=1; Compró verde o yerba (""cogollo"")=2; Alguien le compró ""prensado"" para usted=3; Alguien le compró verde o yerba (""cogollo"") para usted=4; Es de autocultivo=5; Le dieron/regalaron ""prensado""=6; Le dieron/regalaron verde o yerba (""cogollo"")=7; Otra forma, especifique:=8; No sabe=88; No contesta=99",19427,17605,"haven_labelled;vctrs_vctr;double"
"2018","__enpg/Base de datos ENPG 2018 (PG).DTA","Q_173_S","¿Cómo obtuvo más frecuentemente la marihuana que consumió en los últimos 12 mese","",19427,0,"character"
"2018","__enpg/Base de datos ENPG 2018 (PG).DTA","MAR_12","Piense en los últimos 12 meses ¿Consumió marihuana para eliminar o para evitar q","Si=1; No=2; No sabe=88; No contesta=99",19427,17605,"haven_labelled;vctrs_vctr;double"
"2018","__enpg/Base de datos ENPG 2018 (PG).DTA","MAR_13","Piense en los últimos 12 meses ¿Ha presentado estos problemas cuando suspendía o","Si=1; No=2; No sabe=88; No contesta=99",19427,17605,"haven_labelled;vctrs_vctr;double"
"2018","__enpg/Base de datos ENPG 2018 (PG).DTA","MAR_14","Piense en los últimos 12 meses ¿Ha sentido un deseo tan grande de usar marihuana","Si=1; No=2; No sabe=88; No contesta=99",19427,17605,"haven_labelled;vctrs_vctr;double"
"2018","__enpg/Base de datos ENPG 2018 (PG).DTA","MAR_15","Piense en los últimos 12 meses ¿Ha observado que para obtener el mismo efecto co","Si=1; No=2; No sabe=88; No contesta=99",19427,17605,"haven_labelled;vctrs_vctr;double"
"2018","__enpg/Base de datos ENPG 2018 (PG).DTA","MAR_16","Piense en los últimos 12 meses ¿Ha notado que la misma cantidad de marihuana tie","Si=1; No=2; No sabe=88; No contesta=99",19427,17605,"haven_labelled;vctrs_vctr;double"
"2018","__enpg/Base de datos ENPG 2018 (PG).DTA","MAR_17","Piense en los últimos 12 meses ¿Ha consumido marihuana a pesar de que tenía la i","Si=1; No=2; No sabe=88; No contesta=99",19427,17605,"haven_labelled;vctrs_vctr;double"
"2018","__enpg/Base de datos ENPG 2018 (PG).DTA","MAR_18","Piense en los últimos 12 meses ¿Ha terminado consumiendo marihuana en mayores ca","Si=1; No=2; No sabe=88; No contesta=99",19427,17605,"haven_labelled;vctrs_vctr;double"
"2018","__enpg/Base de datos ENPG 2018 (PG).DTA","MAR_19","Piense en los últimos 12 meses ¿Ha dejado de hacer o ha suspendido actividades s","Si=1; No=2; No sabe=88; No contesta=99",19427,17605,"haven_labelled;vctrs_vctr;double"
"2018","__enpg/Base de datos ENPG 2018 (PG).DTA","MAR_20","Piense en los últimos 12 meses ¿Ha dedicado más tiempo que antes a conseguir y c","Si=1; No=2; No sabe=88; No contesta=99",19427,17605,"haven_labelled;vctrs_vctr;double"
"2018","__enpg/Base de datos ENPG 2018 (PG).DTA","MAR_21","Piense en los últimos 12 meses ¿Ha continuado consumiendo marihuana a pesar de q","Si=1; No=2; No sabe=88; No contesta=99",19427,17605,"haven_labelled;vctrs_vctr;double"
"2018","__enpg/Base de datos ENPG 2018 (PG).DTA","MAR_22","Piense en los últimos 12 meses ¿Ha dejado de cumplir sus deberes en la casa, en","Si=1; No=2; No sabe=88; No contesta=99",19427,17605,"haven_labelled;vctrs_vctr;double"
"2018","__enpg/Base de datos ENPG 2018 (PG).DTA","MAR_23","Piense en los últimos 12 meses ¿Ha puesto en peligro su integridad física a caus","Si=1; No=2; No sabe=88; No contesta=99",19427,17605,"haven_labelled;vctrs_vctr;double"
"2018","__enpg/Base de datos ENPG 2018 (PG).DTA","MAR_24","Piense en los últimos 12 meses ¿Ha hecho algo bajo los efectos de la marihuana q","Si=1; No=2; No sabe=88; No contesta=99",19427,17605,"haven_labelled;vctrs_vctr;double"
"2018","__enpg/Base de datos ENPG 2018 (PG).DTA","MAR_25","Piense en los últimos 12 meses ¿Ha tenido algún problema o han aumentado los pro","Si=1; No=2; No sabe=88; No contesta=99",19427,17605,"haven_labelled;vctrs_vctr;double"
"2018","__enpg/Base de datos ENPG 2018 (PG).DTA","MAR_26","Piense en los últimos 12 meses, ¿Ha consumido marihuana por una vía distinta a l","Si=1; No=2; No sabe=88; No contesta=99",19427,17605,"haven_labelled;vctrs_vctr;double"
"2018","__enpg/Base de datos ENPG 2018 (PG).DTA","MAR_27_O1","Piense en los últimos 12 meses, ¿Ha consumido marihuana por alguna de las siguie","Fumada en cigarrillos, pitos, pipas o bongs=1; Vaporizada en dispositivos electrónicos (vaporizadores po=2; En cremas o pomadas (uso tópico) de aceite de cáñamo o en=3; En cremas o pomadas (uso tópico) de aceite en base a plan=4; Uso oral o sublingual de aceite de cáñamo o en base a sem=5; Uso oral o sublingual de aceite en base a planta de canna=6; Comestible elaborado a partir de semillas de cannabis (qu=7; Comestible elaborado a partir de plantas de cannabis (que=8; Ingerida en infusiones en agua, té, leche o derivados lác=9; Otro, especifique=10; No sabe=88; No contesta=99",19427,18858,"haven_labelled;vctrs_vctr;double"
"2018","__enpg/Base de datos ENPG 2018 (PG).DTA","MAR_27_O2","Piense en los últimos 12 meses, ¿Ha consumido marihuana por alguna de las siguie","Fumada en cigarrillos, pitos, pipas o bongs=1; Vaporizada en dispositivos electrónicos (vaporizadores po=2; En cremas o pomadas (uso tópico) de aceite de cáñamo o en=3; En cremas o pomadas (uso tópico) de aceite en base a plan=4; Uso oral o sublingual de aceite de cáñamo o en base a sem=5; Uso oral o sublingual de aceite en base a planta de canna=6; Comestible elaborado a partir de semillas de cannabis (qu=7; Comestible elaborado a partir de plantas de cannabis (que=8; Ingerida en infusiones en agua, té, leche o derivados lác=9; Otro, especifique=10; No sabe=88; No contesta=99",19427,19079,"haven_labelled;vctrs_vctr;double"
"2018","__enpg/Base de datos ENPG 2018 (PG).DTA","MAR_27_O3","Piense en los últimos 12 meses, ¿Ha consumido marihuana por alguna de las siguie","Fumada en cigarrillos, pitos, pipas o bongs=1; Vaporizada en dispositivos electrónicos (vaporizadores po=2; En cremas o pomadas (uso tópico) de aceite de cáñamo o en=3; En cremas o pomadas (uso tópico) de aceite en base a plan=4; Uso oral o sublingual de aceite de cáñamo o en base a sem=5; Uso oral o sublingual de aceite en base a planta de canna=6; Comestible elaborado a partir de semillas de cannabis (qu=7; Comestible elaborado a partir de plantas de cannabis (que=8; Ingerida en infusiones en agua, té, leche o derivados lác=9; Otro, especifique=10; No sabe=88; No contesta=99",19427,19213,"haven_labelled;vctrs_vctr;double"
"2018","__enpg/Base de datos ENPG 2018 (PG).DTA","MAR_27_O4","Piense en los últimos 12 meses, ¿Ha consumido marihuana por alguna de las siguie","Fumada en cigarrillos, pitos, pipas o bongs=1; Vaporizada en dispositivos electrónicos (vaporizadores po=2; En cremas o pomadas (uso tópico) de aceite de cáñamo o en=3; En cremas o pomadas (uso tópico) de aceite en base a plan=4; Uso oral o sublingual de aceite de cáñamo o en base a sem=5; Uso oral o sublingual de aceite en base a planta de canna=6; Comestible elaborado a partir de semillas de cannabis (qu=7; Comestible elaborado a partir de plantas de cannabis (que=8; Ingerida en infusiones en agua, té, leche o derivados lác=9; Otro, especifique=10; No sabe=88; No contesta=99",19427,19289,"haven_labelled;vctrs_vctr;double"
"2018","__enpg/Base de datos ENPG 2018 (PG).DTA","MAR_27_O5","Piense en los últimos 12 meses, ¿Ha consumido marihuana por alguna de las siguie","Fumada en cigarrillos, pitos, pipas o bongs=1; Vaporizada en dispositivos electrónicos (vaporizadores po=2; En cremas o pomadas (uso tópico) de aceite de cáñamo o en=3; En cremas o pomadas (uso tópico) de aceite en base a plan=4; Uso oral o sublingual de aceite de cáñamo o en base a sem=5; Uso oral o sublingual de aceite en base a planta de canna=6; Comestible elaborado a partir de semillas de cannabis (qu=7; Comestible elaborado a partir de plantas de cannabis (que=8; Ingerida en infusiones en agua, té, leche o derivados lác=9; Otro, especifique=10; No sabe=88; No contesta=99",19427,19341,"haven_labelled;vctrs_vctr;double"
"2018","__enpg/Base de datos ENPG 2018 (PG).DTA","MAR_27_O6","Piense en los últimos 12 meses, ¿Ha consumido marihuana por alguna de las siguie","Fumada en cigarrillos, pitos, pipas o bongs=1; Vaporizada en dispositivos electrónicos (vaporizadores po=2; En cremas o pomadas (uso tópico) de aceite de cáñamo o en=3; En cremas o pomadas (uso tópico) de aceite en base a plan=4; Uso oral o sublingual de aceite de cáñamo o en base a sem=5; Uso oral o sublingual de aceite en base a planta de canna=6; Comestible elaborado a partir de semillas de cannabis (qu=7; Comestible elaborado a partir de plantas de cannabis (que=8; Ingerida en infusiones en agua, té, leche o derivados lác=9; Otro, especifique=10; No sabe=88; No contesta=99",19427,19388,"haven_labelled;vctrs_vctr;double"
"2018","__enpg/Base de datos ENPG 2018 (PG).DTA","MAR_27_O7","Piense en los últimos 12 meses, ¿Ha consumido marihuana por alguna de las siguie","Fumada en cigarrillos, pitos, pipas o bongs=1; Vaporizada en dispositivos electrónicos (vaporizadores po=2; En cremas o pomadas (uso tópico) de aceite de cáñamo o en=3; En cremas o pomadas (uso tópico) de aceite en base a plan=4; Uso oral o sublingual de aceite de cáñamo o en base a sem=5; Uso oral o sublingual de aceite en base a planta de canna=6; Comestible elaborado a partir de semillas de cannabis (qu=7; Comestible elaborado a partir de plantas de cannabis (que=8; Ingerida en infusiones en agua, té, leche o derivados lác=9; Otro, especifique=10; No sabe=88; No contesta=99",19427,19402,"haven_labelled;vctrs_vctr;double"
"2018","__enpg/Base de datos ENPG 2018 (PG).DTA","MAR_27_O8","Piense en los últimos 12 meses, ¿Ha consumido marihuana por alguna de las siguie","Fumada en cigarrillos, pitos, pipas o bongs=1; Vaporizada en dispositivos electrónicos (vaporizadores po=2; En cremas o pomadas (uso tópico) de aceite de cáñamo o en=3; En cremas o pomadas (uso tópico) de aceite en base a plan=4; Uso oral o sublingual de aceite de cáñamo o en base a sem=5; Uso oral o sublingual de aceite en base a planta de canna=6; Comestible elaborado a partir de semillas de cannabis (qu=7; Comestible elaborado a partir de plantas de cannabis (que=8; Ingerida en infusiones en agua, té, leche o derivados lác=9; Otro, especifique=10; No sabe=88; No contesta=99",19427,19414,"haven_labelled;vctrs_vctr;double"
"2018","__enpg/Base de datos ENPG 2018 (PG).DTA","MAR_27_O9","Piense en los últimos 12 meses, ¿Ha consumido marihuana por alguna de las siguie","Fumada en cigarrillos, pitos, pipas o bongs=1; Vaporizada en dispositivos electrónicos (vaporizadores po=2; En cremas o pomadas (uso tópico) de aceite de cáñamo o en=3; En cremas o pomadas (uso tópico) de aceite en base a plan=4; Uso oral o sublingual de aceite de cáñamo o en base a sem=5; Uso oral o sublingual de aceite en base a planta de canna=6; Comestible elaborado a partir de semillas de cannabis (qu=7; Comestible elaborado a partir de plantas de cannabis (que=8; Ingerida en infusiones en agua, té, leche o derivados lác=9; Otro, especifique=10; No sabe=88; No contesta=99",19427,19418,"haven_labelled;vctrs_vctr;double"
"2018","__enpg/Base de datos ENPG 2018 (PG).DTA","MAR_27_O10","Piense en los últimos 12 meses, ¿Ha consumido marihuana por alguna de las siguie","Fumada en cigarrillos, pitos, pipas o bongs=1; Vaporizada en dispositivos electrónicos (vaporizadores po=2; En cremas o pomadas (uso tópico) de aceite de cáñamo o en=3; En cremas o pomadas (uso tópico) de aceite en base a plan=4; Uso oral o sublingual de aceite de cáñamo o en base a sem=5; Uso oral o sublingual de aceite en base a planta de canna=6; Comestible elaborado a partir de semillas de cannabis (qu=7; Comestible elaborado a partir de plantas de cannabis (que=8; Ingerida en infusiones en agua, té, leche o derivados lác=9; Otro, especifique=10; No sabe=88; No contesta=99",19427,19427,"haven_labelled;vctrs_vctr;double"
"2018","__enpg/Base de datos ENPG 2018 (PG).DTA","MAR_27_O11","Piense en los últimos 12 meses, ¿Ha consumido marihuana por alguna de las siguie","Fumada en cigarrillos, pitos, pipas o bongs=1; Vaporizada en dispositivos electrónicos (vaporizadores po=2; En cremas o pomadas (uso tópico) de aceite de cáñamo o en=3; En cremas o pomadas (uso tópico) de aceite en base a plan=4; Uso oral o sublingual de aceite de cáñamo o en base a sem=5; Uso oral o sublingual de aceite en base a planta de canna=6; Comestible elaborado a partir de semillas de cannabis (qu=7; Comestible elaborado a partir de plantas de cannabis (que=8; Ingerida en infusiones en agua, té, leche o derivados lác=9; Otro, especifique=10; No sabe=88; No contesta=99",19427,19427,"haven_labelled;vctrs_vctr;double"
"2018","__enpg/Base de datos ENPG 2018 (PG).DTA","MAR_27_O12","Piense en los últimos 12 meses, ¿Ha consumido marihuana por alguna de las siguie","Fumada en cigarrillos, pitos, pipas o bongs=1; Vaporizada en dispositivos electrónicos (vaporizadores po=2; En cremas o pomadas (uso tópico) de aceite de cáñamo o en=3; En cremas o pomadas (uso tópico) de aceite en base a plan=4; Uso oral o sublingual de aceite de cáñamo o en base a sem=5; Uso oral o sublingual de aceite en base a planta de canna=6; Comestible elaborado a partir de semillas de cannabis (qu=7; Comestible elaborado a partir de plantas de cannabis (que=8; Ingerida en infusiones en agua, té, leche o derivados lác=9; Otro, especifique=10; No sabe=88; No contesta=99",19427,19427,"haven_labelled;vctrs_vctr;double"
"2018","__enpg/Base de datos ENPG 2018 (PG).DTA","MAR_27_OTH","Piense en los últimos 12 meses, ¿Ha consumido marihuana por alguna de las siguie","",19427,0,"character"
"2018","__enpg/Base de datos ENPG 2018 (PG).DTA","PB_1","G. MÓDULO PASTA BASE  ¿Ha probado Ud. pasta base alguna vez en su vida?","Si=1; No=2; No sabe=88; No contesta=99",19427,0,"haven_labelled;vctrs_vctr;double"
"2018","__enpg/Base de datos ENPG 2018 (PG).DTA","PB_2","¿Cuándo fue la primera vez que Ud. consumió pasta base en su vida? (Mostrar Tarj","Durante los últimos 30 días=1; Hace más de un mes, pero menos de un año=2; Hace más de un año=3; No sabe=88; No contesta=99",19427,18993,"haven_labelled;vctrs_vctr;double"
"2018","__enpg/Base de datos ENPG 2018 (PG).DTA","PB_3","¿Qué edad tenía cuando probó pasta base por primera vez?","No sabe=88; No contesta=99",19427,18993,"haven_labelled;vctrs_vctr;double"
"2018","__enpg/Base de datos ENPG 2018 (PG).DTA","PB_4","¿Cuándo fue la última vez que Ud. consumió pasta base? (Mostrar Tarjeta 2)","Durante los últimos 30 días=1; Hace más de un mes, pero menos de un año=2; Hace más de un año=3; No sabe=88; No contesta=99",19427,18993,"haven_labelled;vctrs_vctr;double"
"2018","__enpg/Base de datos ENPG 2018 (PG).DTA","PB_5","Pensando solamente en los últimos 30 días, ¿cuántos días del mes ha consumido pa","No sabe=88; No contesta=99",19427,19373,"haven_labelled;vctrs_vctr;double"
"2018","__enpg/Base de datos ENPG 2018 (PG).DTA","PB_6","¿Cuántos papelillos de pasta base consume Ud. al mes? CONSIDERE SU CONSUMO HABIT","No sabe=8888; No contesta=9999",19427,19373,"haven_labelled;vctrs_vctr;double"
"2018","__enpg/Base de datos ENPG 2018 (PG).DTA","PB_7","¿Cuánto gastó Ud. en pasta base durante los últimos 30 días?","",19427,19373,"numeric"
"2018","__enpg/Base de datos ENPG 2018 (PG).DTA","PB_7a","El valor es en pesos chilenos. Revise que no falte ningún cero.","",19427,19427,"numeric"
"2018","__enpg/Base de datos ENPG 2018 (PG).DTA","PB_8","Según lo que Ud. sabe, ¿Cuánto cuesta un papelillo de pasta base?","",19427,19334,"numeric"
"2018","__enpg/Base de datos ENPG 2018 (PG).DTA","PB_8a","El valor es en pesos chilenos. Revise que no falte ningún cero.","",19427,19427,"numeric"
"2018","__enpg/Base de datos ENPG 2018 (PG).DTA","PB_9","Piense en los últimos 12 meses ¿Consumió pasta base para eliminar o para evitar","Si=1; No=2; No sabe=88; No contesta=99",19427,19334,"haven_labelled;vctrs_vctr;double"
"2018","__enpg/Base de datos ENPG 2018 (PG).DTA","PB_10","Piense en los últimos 12 meses ¿Ha presentado estos problemas cuando suspendía o","Si=1; No=2; No sabe=88; No contesta=99",19427,19334,"haven_labelled;vctrs_vctr;double"
"2018","__enpg/Base de datos ENPG 2018 (PG).DTA","PB_11","Piense en los últimos 12 meses ¿Ha sentido un deseo tan grande de usar pasta bas","Si=1; No=2; No sabe=88; No contesta=99",19427,19334,"haven_labelled;vctrs_vctr;double"
"2018","__enpg/Base de datos ENPG 2018 (PG).DTA","PB_12","Piense en los últimos 12 meses ¿Ha observado que para obtener el mismo efecto co","Si=1; No=2; No sabe=88; No contesta=99",19427,19334,"haven_labelled;vctrs_vctr;double"
"2018","__enpg/Base de datos ENPG 2018 (PG).DTA","PB_13","Piense en los últimos 12 meses ¿Ha notado que la misma cantidad de pasta base ti","Si=1; No=2; No sabe=88; No contesta=99",19427,19334,"haven_labelled;vctrs_vctr;double"
"2018","__enpg/Base de datos ENPG 2018 (PG).DTA","PB_14","Piense en los últimos 12 meses ¿Ha consumido pasta base a pesar de que tenía la","Si=1; No=2; No sabe=88; No contesta=99",19427,19334,"haven_labelled;vctrs_vctr;double"
"2018","__enpg/Base de datos ENPG 2018 (PG).DTA","PB_15","Piense en los últimos 12 meses ¿Ha terminado consumiendo pasta base en mayores c","Si=1; No=2; No sabe=88; No contesta=99",19427,19334,"haven_labelled;vctrs_vctr;double"
"2018","__enpg/Base de datos ENPG 2018 (PG).DTA","PB_16","Piense en los últimos 12 meses ¿Ha dejado de hacer o ha suspendido actividades s","Si=1; No=2; No sabe=88; No contesta=99",19427,19334,"haven_labelled;vctrs_vctr;double"
"2018","__enpg/Base de datos ENPG 2018 (PG).DTA","PB_17","Piense en los últimos 12 meses ¿Ha dedicado más tiempo que antes a conseguir y c","Si=1; No=2; No sabe=88; No contesta=99",19427,19334,"haven_labelled;vctrs_vctr;double"
"2018","__enpg/Base de datos ENPG 2018 (PG).DTA","PB_18","Piense en los últimos 12 meses¿Ha continuado consumiendo pasta base a pesar de q","Si=1; No=2; No sabe=88; No contesta=99",19427,19334,"haven_labelled;vctrs_vctr;double"
"2018","__enpg/Base de datos ENPG 2018 (PG).DTA","PB_19","Piense en los últimos 12 meses ¿Ha dejado de cumplir sus deberes en la casa, en","Si=1; No=2; No sabe=88; No contesta=99",19427,19334,"haven_labelled;vctrs_vctr;double"
"2018","__enpg/Base de datos ENPG 2018 (PG).DTA","PB_20","Piense en los últimos 12 meses ¿Ha puesto en peligro su integridad física a caus","Si=1; No=2; No sabe=88; No contesta=99",19427,19334,"haven_labelled;vctrs_vctr;double"
"2018","__enpg/Base de datos ENPG 2018 (PG).DTA","PB_21","Piense en los últimos 12 meses ¿Ha hecho algo bajo los efectos de la pasta base","Si=1; No=2; No sabe=88; No contesta=99",19427,19334,"haven_labelled;vctrs_vctr;double"
"2018","__enpg/Base de datos ENPG 2018 (PG).DTA","PB_22","Piense en los últimos 12 meses ¿Ha tenido algún problema o han aumentado los pro","Si=1; No=2; No sabe=88; No contesta=99",19427,19334,"haven_labelled;vctrs_vctr;double"
"2018","__enpg/Base de datos ENPG 2018 (PG).DTA","COC_1","H. MÓDULO COCAÍNA  ¿Ha probado Ud. cocaína alguna vez en su vida?","Si=1; No=2; No sabe=88; No contesta=99",19427,0,"haven_labelled;vctrs_vctr;double"
"2018","__enpg/Base de datos ENPG 2018 (PG).DTA","COC_2","¿Cuándo fue la primera vez que Ud. consumió cocaína en su vida? (Mostrar Tarjeta","Durante los últimos 30 días=1; Hace más de un mes, pero menos de un año=2; Hace más de un año=3; No sabe=88; No contesta=99",19427,18606,"haven_labelled;vctrs_vctr;double"
"2018","__enpg/Base de datos ENPG 2018 (PG).DTA","COC_3","¿Qué edad tenía cuando probó cocaína por primera vez?","No sabe=88; No contesta=99",19427,18606,"haven_labelled;vctrs_vctr;double"
"2018","__enpg/Base de datos ENPG 2018 (PG).DTA","COC_4","¿Cuándo fue la última vez que Ud. consumió cocaína? (Mostrar Tarjeta 2)","Durante los últimos 30 días=1; Hace más de un mes, pero menos de un año=2; Hace más de un año=3; No sabe=88; No contesta=99",19427,18606,"haven_labelled;vctrs_vctr;double"
"2018","__enpg/Base de datos ENPG 2018 (PG).DTA","COC_5","Pensando solamente en los últimos 30 días, ¿cuántos días del mes ha consumido co","No sabe=88; No contesta=99",19427,19371,"haven_labelled;vctrs_vctr;double"
"2018","__enpg/Base de datos ENPG 2018 (PG).DTA","COC_6","¿Cuántos gramos de cocaína consume Ud. al mes? CONSIDERE SU CONSUMO HABITUAL","No sabe=8888; No contesta=9999",19427,19371,"haven_labelled;vctrs_vctr;double"
"2018","__enpg/Base de datos ENPG 2018 (PG).DTA","COC_7","¿Cuánto gastó Ud. en cocaína durante los últimos 30 días?","",19427,19371,"numeric"
"2018","__enpg/Base de datos ENPG 2018 (PG).DTA","COC_7a","El valor es en pesos chilenos. Revise que no falte ningún cero.","",19427,19427,"numeric"
"2018","__enpg/Base de datos ENPG 2018 (PG).DTA","COC_8","Según lo que Ud. sabe, ¿Cuánto cuesta un gramo de cocaína?","",19427,19275,"numeric"
"2018","__enpg/Base de datos ENPG 2018 (PG).DTA","COC_8a","El valor es en pesos chilenos. Revise que no falte ningún cero.","",19427,19427,"numeric"
"2018","__enpg/Base de datos ENPG 2018 (PG).DTA","COC_9","Piense en los últimos 12 meses ¿Consumió cocaína para eliminar o para evitar que","Si=1; No=2; No sabe=88; No contesta=99",19427,19275,"haven_labelled;vctrs_vctr;double"
"2018","__enpg/Base de datos ENPG 2018 (PG).DTA","COC_10","Piense en los últimos 12 meses ¿Ha presentado estos problemas cuando suspendía o","Si=1; No=2; No sabe=88; No contesta=99",19427,19275,"haven_labelled;vctrs_vctr;double"
"2018","__enpg/Base de datos ENPG 2018 (PG).DTA","COC_11","Piense en los últimos 12 meses ¿Ha sentido un deseo tan grande de usar cocaína q","Si=1; No=2; No sabe=88; No contesta=99",19427,19275,"haven_labelled;vctrs_vctr;double"
"2018","__enpg/Base de datos ENPG 2018 (PG).DTA","COC_12","Piense en los últimos 12 meses ¿Ha observado que para obtener el mismo efecto co","Si=1; No=2; No sabe=88; No contesta=99",19427,19275,"haven_labelled;vctrs_vctr;double"
"2018","__enpg/Base de datos ENPG 2018 (PG).DTA","COC_13","Piense en los últimos 12 meses ¿Ha notado que la misma cantidad de cocaína tiene","Si=1; No=2; No sabe=88; No contesta=99",19427,19275,"haven_labelled;vctrs_vctr;double"
"2018","__enpg/Base de datos ENPG 2018 (PG).DTA","COC_14","Piense en los últimos 12 meses ¿Ha consumido cocaína a pesar de que tenía la int","Si=1; No=2; No sabe=88; No contesta=99",19427,19275,"haven_labelled;vctrs_vctr;double"
"2018","__enpg/Base de datos ENPG 2018 (PG).DTA","COC_15","Piense en los últimos 12 meses ¿Ha terminado consumiendo cocaína en mayores cant","Si=1; No=2; No sabe=88; No contesta=99",19427,19275,"haven_labelled;vctrs_vctr;double"
"2018","__enpg/Base de datos ENPG 2018 (PG).DTA","COC_16","Piense en los últimos 12 meses ¿Ha dejado de hacer o ha suspendido actividades s","Si=1; No=2; No sabe=88; No contesta=99",19427,19275,"haven_labelled;vctrs_vctr;double"
"2018","__enpg/Base de datos ENPG 2018 (PG).DTA","COC_17","Piense en los últimos 12 meses ¿Ha dedicado más tiempo que antes a conseguir y c","Si=1; No=2; No sabe=88; No contesta=99",19427,19275,"haven_labelled;vctrs_vctr;double"
"2018","__enpg/Base de datos ENPG 2018 (PG).DTA","COC_18","Piense en los últimos 12 meses ¿Ha continuado consumiendo cocaína a pesar de que","Si=1; No=2; No sabe=88; No contesta=99",19427,19275,"haven_labelled;vctrs_vctr;double"
"2018","__enpg/Base de datos ENPG 2018 (PG).DTA","COC_19","Piense en los últimos 12 meses ¿Ha dejado de cumplir sus deberes en la casa, en","Si=1; No=2; No sabe=88; No contesta=99",19427,19275,"haven_labelled;vctrs_vctr;double"
"2018","__enpg/Base de datos ENPG 2018 (PG).DTA","COC_20","Piense en los últimos 12 meses ¿Ha puesto en peligro su integridad física a caus","Si=1; No=2; No sabe=88; No contesta=99",19427,19275,"haven_labelled;vctrs_vctr;double"
"2018","__enpg/Base de datos ENPG 2018 (PG).DTA","COC_21","Piense en los últimos 12 meses ¿Ha hecho algo bajo los efectos de la cocaína que","Si=1; No=2; No sabe=88; No contesta=99",19427,19275,"haven_labelled;vctrs_vctr;double"
"2018","__enpg/Base de datos ENPG 2018 (PG).DTA","COC_22","Piense en los últimos 12 meses ¿Ha tenido algún problema o han aumentado los pro","Si=1; No=2; No sabe=88; No contesta=99",19427,19275,"haven_labelled;vctrs_vctr;double"
"2018","__enpg/Base de datos ENPG 2018 (PG).DTA","TRANS_1_O1","I. MÓDULO TRANQUILIZANTES SIN RECETA MÉDICA  ¿Ha probado Ud. alguno de los sigui","a. Alprazolam, Zotrán, Ativán o Adox=1; b. Valium o Diazepam=2; c. Clonazepam, Ravotril o Valpax=3; d. Lorazepam o Amparax=4; e. Clorodiacepóxido=5; f. Bromazepam=6; g. Zopiclona, Zolpidem o Somno=7; h. Dormonid o Midazolam=8; i. Rohypnol, Flunitrazepam o Ipnopen=9; j. Ninguna de las anteriores=10",19427,0,"haven_labelled;vctrs_vctr;double"
"2018","__enpg/Base de datos ENPG 2018 (PG).DTA","TRANS_1_O2","I. MÓDULO TRANQUILIZANTES SIN RECETA MÉDICA  ¿Ha probado Ud. alguno de los sigui","a. Alprazolam, Zotrán, Ativán o Adox=1; b. Valium o Diazepam=2; c. Clonazepam, Ravotril o Valpax=3; d. Lorazepam o Amparax=4; e. Clorodiacepóxido=5; f. Bromazepam=6; g. Zopiclona, Zolpidem o Somno=7; h. Dormonid o Midazolam=8; i. Rohypnol, Flunitrazepam o Ipnopen=9; j. Ninguna de las anteriores=10",19427,19287,"haven_labelled;vctrs_vctr;double"
"2018","__enpg/Base de datos ENPG 2018 (PG).DTA","TRANS_1_O3","I. MÓDULO TRANQUILIZANTES SIN RECETA MÉDICA  ¿Ha probado Ud. alguno de los sigui","a. Alprazolam, Zotrán, Ativán o Adox=1; b. Valium o Diazepam=2; c. Clonazepam, Ravotril o Valpax=3; d. Lorazepam o Amparax=4; e. Clorodiacepóxido=5; f. Bromazepam=6; g. Zopiclona, Zolpidem o Somno=7; h. Dormonid o Midazolam=8; i. Rohypnol, Flunitrazepam o Ipnopen=9; j. Ninguna de las anteriores=10",19427,19379,"haven_labelled;vctrs_vctr;double"
"2018","__enpg/Base de datos ENPG 2018 (PG).DTA","TRANS_1_O4","I. MÓDULO TRANQUILIZANTES SIN RECETA MÉDICA  ¿Ha probado Ud. alguno de los sigui","a. Alprazolam, Zotrán, Ativán o Adox=1; b. Valium o Diazepam=2; c. Clonazepam, Ravotril o Valpax=3; d. Lorazepam o Amparax=4; e. Clorodiacepóxido=5; f. Bromazepam=6; g. Zopiclona, Zolpidem o Somno=7; h. Dormonid o Midazolam=8; i. Rohypnol, Flunitrazepam o Ipnopen=9; j. Ninguna de las anteriores=10",19427,19415,"haven_labelled;vctrs_vctr;double"
"2018","__enpg/Base de datos ENPG 2018 (PG).DTA","TRANS_1_O5","I. MÓDULO TRANQUILIZANTES SIN RECETA MÉDICA  ¿Ha probado Ud. alguno de los sigui","a. Alprazolam, Zotrán, Ativán o Adox=1; b. Valium o Diazepam=2; c. Clonazepam, Ravotril o Valpax=3; d. Lorazepam o Amparax=4; e. Clorodiacepóxido=5; f. Bromazepam=6; g. Zopiclona, Zolpidem o Somno=7; h. Dormonid o Midazolam=8; i. Rohypnol, Flunitrazepam o Ipnopen=9; j. Ninguna de las anteriores=10",19427,19421,"haven_labelled;vctrs_vctr;double"
"2018","__enpg/Base de datos ENPG 2018 (PG).DTA","TRANS_1_O6","I. MÓDULO TRANQUILIZANTES SIN RECETA MÉDICA  ¿Ha probado Ud. alguno de los sigui","a. Alprazolam, Zotrán, Ativán o Adox=1; b. Valium o Diazepam=2; c. Clonazepam, Ravotril o Valpax=3; d. Lorazepam o Amparax=4; e. Clorodiacepóxido=5; f. Bromazepam=6; g. Zopiclona, Zolpidem o Somno=7; h. Dormonid o Midazolam=8; i. Rohypnol, Flunitrazepam o Ipnopen=9; j. Ninguna de las anteriores=10",19427,19423,"haven_labelled;vctrs_vctr;double"
"2018","__enpg/Base de datos ENPG 2018 (PG).DTA","TRANS_1_O7","I. MÓDULO TRANQUILIZANTES SIN RECETA MÉDICA  ¿Ha probado Ud. alguno de los sigui","a. Alprazolam, Zotrán, Ativán o Adox=1; b. Valium o Diazepam=2; c. Clonazepam, Ravotril o Valpax=3; d. Lorazepam o Amparax=4; e. Clorodiacepóxido=5; f. Bromazepam=6; g. Zopiclona, Zolpidem o Somno=7; h. Dormonid o Midazolam=8; i. Rohypnol, Flunitrazepam o Ipnopen=9; j. Ninguna de las anteriores=10",19427,19423,"haven_labelled;vctrs_vctr;double"
"2018","__enpg/Base de datos ENPG 2018 (PG).DTA","TRANS_1_O8","I. MÓDULO TRANQUILIZANTES SIN RECETA MÉDICA  ¿Ha probado Ud. alguno de los sigui","a. Alprazolam, Zotrán, Ativán o Adox=1; b. Valium o Diazepam=2; c. Clonazepam, Ravotril o Valpax=3; d. Lorazepam o Amparax=4; e. Clorodiacepóxido=5; f. Bromazepam=6; g. Zopiclona, Zolpidem o Somno=7; h. Dormonid o Midazolam=8; i. Rohypnol, Flunitrazepam o Ipnopen=9; j. Ninguna de las anteriores=10",19427,19425,"haven_labelled;vctrs_vctr;double"
"2018","__enpg/Base de datos ENPG 2018 (PG).DTA","TRANS_1_O9","I. MÓDULO TRANQUILIZANTES SIN RECETA MÉDICA  ¿Ha probado Ud. alguno de los sigui","a. Alprazolam, Zotrán, Ativán o Adox=1; b. Valium o Diazepam=2; c. Clonazepam, Ravotril o Valpax=3; d. Lorazepam o Amparax=4; e. Clorodiacepóxido=5; f. Bromazepam=6; g. Zopiclona, Zolpidem o Somno=7; h. Dormonid o Midazolam=8; i. Rohypnol, Flunitrazepam o Ipnopen=9; j. Ninguna de las anteriores=10",19427,19425,"haven_labelled;vctrs_vctr;double"
"2018","__enpg/Base de datos ENPG 2018 (PG).DTA","T_TRANS_2_1","a.	Alprazolam, Zotrán, Ativán o Adox","No sabe=88; No contesta=99",19427,19184,"haven_labelled;vctrs_vctr;double"
"2018","__enpg/Base de datos ENPG 2018 (PG).DTA","T_TRANS_2_2","b.	Valium o Diazepam","No sabe=88; No contesta=99",19427,19310,"haven_labelled;vctrs_vctr;double"
"2018","__enpg/Base de datos ENPG 2018 (PG).DTA","T_TRANS_2_3","c.	Clonazepam, Ravotril o Valpax","No sabe=88; No contesta=99",19427,19091,"haven_labelled;vctrs_vctr;double"
"2018","__enpg/Base de datos ENPG 2018 (PG).DTA","T_TRANS_2_4","d.	Lorazepam o Amparax","No sabe=88; No contesta=99",19427,19378,"haven_labelled;vctrs_vctr;double"
"2018","__enpg/Base de datos ENPG 2018 (PG).DTA","T_TRANS_2_5","e.	Clorodiacepóxido","No sabe=88; No contesta=99",19427,19408,"haven_labelled;vctrs_vctr;double"
"2018","__enpg/Base de datos ENPG 2018 (PG).DTA","T_TRANS_2_6","f.	Bromazepam","No sabe=88; No contesta=99",19427,19404,"haven_labelled;vctrs_vctr;double"
"2018","__enpg/Base de datos ENPG 2018 (PG).DTA","T_TRANS_2_7","g.	Zopiclona, Zolpidem o Somno","No sabe=88; No contesta=99",19427,19323,"haven_labelled;vctrs_vctr;double"
"2018","__enpg/Base de datos ENPG 2018 (PG).DTA","T_TRANS_2_8","h.	Dormonid o Midazolam","No sabe=88; No contesta=99",19427,19412,"haven_labelled;vctrs_vctr;double"
"2018","__enpg/Base de datos ENPG 2018 (PG).DTA","T_TRANS_2_9","i.	Rohypnol, Flunitrazepam o Ipnopen","No sabe=88; No contesta=99",19427,19422,"haven_labelled;vctrs_vctr;double"
"2018","__enpg/Base de datos ENPG 2018 (PG).DTA","T_TRANS_3_1","Alprazolam, Zotrán, Ativán o Adox","Durante los últimos 30 días=1; Hace más de un mes, pero menos de un año=2; Hace más de un año=3; No sabe=88; No contesta=99",19427,19184,"haven_labelled;vctrs_vctr;double"
"2018","__enpg/Base de datos ENPG 2018 (PG).DTA","T_TRANS_3_2","Valium o Diazepam","Durante los últimos 30 días=1; Hace más de un mes, pero menos de un año=2; Hace más de un año=3; No sabe=88; No contesta=99",19427,19310,"haven_labelled;vctrs_vctr;double"
"2018","__enpg/Base de datos ENPG 2018 (PG).DTA","T_TRANS_3_3","Clonazepam, Ravotril o Valpax","Durante los últimos 30 días=1; Hace más de un mes, pero menos de un año=2; Hace más de un año=3; No sabe=88; No contesta=99",19427,19091,"haven_labelled;vctrs_vctr;double"
"2018","__enpg/Base de datos ENPG 2018 (PG).DTA","T_TRANS_3_4","Lorazepam o Amparax","Durante los últimos 30 días=1; Hace más de un mes, pero menos de un año=2; Hace más de un año=3; No sabe=88; No contesta=99",19427,19378,"haven_labelled;vctrs_vctr;double"
"2018","__enpg/Base de datos ENPG 2018 (PG).DTA","T_TRANS_3_5","Clorodiacepóxido","Durante los últimos 30 días=1; Hace más de un mes, pero menos de un año=2; Hace más de un año=3; No sabe=88; No contesta=99",19427,19408,"haven_labelled;vctrs_vctr;double"
"2018","__enpg/Base de datos ENPG 2018 (PG).DTA","T_TRANS_3_6","Bromazepam","Durante los últimos 30 días=1; Hace más de un mes, pero menos de un año=2; Hace más de un año=3; No sabe=88; No contesta=99",19427,19404,"haven_labelled;vctrs_vctr;double"
"2018","__enpg/Base de datos ENPG 2018 (PG).DTA","T_TRANS_3_7","Zopiclona, Zolpidem o Somno","Durante los últimos 30 días=1; Hace más de un mes, pero menos de un año=2; Hace más de un año=3; No sabe=88; No contesta=99",19427,19323,"haven_labelled;vctrs_vctr;double"
"2018","__enpg/Base de datos ENPG 2018 (PG).DTA","T_TRANS_3_8","Dormonid o Midazolam","Durante los últimos 30 días=1; Hace más de un mes, pero menos de un año=2; Hace más de un año=3; No sabe=88; No contesta=99",19427,19412,"haven_labelled;vctrs_vctr;double"
"2018","__enpg/Base de datos ENPG 2018 (PG).DTA","T_TRANS_3_9","Rohypnol, Flunitrazepam o Ipnopen","Durante los últimos 30 días=1; Hace más de un mes, pero menos de un año=2; Hace más de un año=3; No sabe=88; No contesta=99",19427,19422,"haven_labelled;vctrs_vctr;double"
"2018","__enpg/Base de datos ENPG 2018 (PG).DTA","TRANS_4","Piense en la última vez que Ud. consumió tranquilizantes sin receta médica… ¿Cóm","Lo compré en una farmacia con una receta médica de otra p=1; Lo compré en una feria libre o mercado=2; Lo compré por internet=3; Me lo pasó mi conviviente/pareja, un familiar y/o amigo/a=4; Me lo pasaron en el consultorio=5; Estaba en mi casa y lo tomé=6; Lo conseguí de otra forma, especifique:=7; No sabe=88; No contesta=99",19427,19187,"haven_labelled;vctrs_vctr;double"
"2018","__enpg/Base de datos ENPG 2018 (PG).DTA","Q_247_S","Piense en la última vez que Ud. consumió tranquilizantes sin receta médica… ¿Cóm","",19427,0,"character"
"2018","__enpg/Base de datos ENPG 2018 (PG).DTA","TRANS_5","Piense en la última vez que Ud. consumió tranquilizantes sin receta médica… ¿Por","Para inducir el sueño, problemas de insomnio=1; Para relajarme, bajar la ansiedad=2; Porque me he sentido triste o deprimido/a=3; Para hacer frente a estados de tensión y/o estrés=4; Para enfrentar momentos difíciles o situaciones de tensió=5; Para disminuir efectos secundarios de otro medicamento (m=6; Para probar o experimentar=7; Otra razón, especifique:=8; No sabe=88; No contesta=99",19427,19187,"haven_labelled;vctrs_vctr;double"
"2018","__enpg/Base de datos ENPG 2018 (PG).DTA","Q_248_S","Piense en la última vez que Ud. consumió tranquilizantes sin receta médica… ¿Por","",19427,0,"character"
"2018","__enpg/Base de datos ENPG 2018 (PG).DTA","ANALG_1_O1","J. MÓDULO ANALGÉSICOS SIN RECETA MÉDICA  ¿Ha probado Ud. alguno de los siguiente","a. Tramal o Tramadol=1; b. Codeína=2; c. Morfina=3; d. Metadona=4; e. Petidina=5; f. Fentanilo=6; g. OxyContin=7; h. Vicodin=8; i. Ninguna de las anteriores=9",19427,0,"haven_labelled;vctrs_vctr;double"
"2018","__enpg/Base de datos ENPG 2018 (PG).DTA","ANALG_1_O2","J. MÓDULO ANALGÉSICOS SIN RECETA MÉDICA  ¿Ha probado Ud. alguno de los siguiente","a. Tramal o Tramadol=1; b. Codeína=2; c. Morfina=3; d. Metadona=4; e. Petidina=5; f. Fentanilo=6; g. OxyContin=7; h. Vicodin=8; i. Ninguna de las anteriores=9",19427,19405,"haven_labelled;vctrs_vctr;double"
"2018","__enpg/Base de datos ENPG 2018 (PG).DTA","ANALG_1_O3","J. MÓDULO ANALGÉSICOS SIN RECETA MÉDICA  ¿Ha probado Ud. alguno de los siguiente","a. Tramal o Tramadol=1; b. Codeína=2; c. Morfina=3; d. Metadona=4; e. Petidina=5; f. Fentanilo=6; g. OxyContin=7; h. Vicodin=8; i. Ninguna de las anteriores=9",19427,19424,"haven_labelled;vctrs_vctr;double"
"2018","__enpg/Base de datos ENPG 2018 (PG).DTA","ANALG_1_O4","J. MÓDULO ANALGÉSICOS SIN RECETA MÉDICA  ¿Ha probado Ud. alguno de los siguiente","a. Tramal o Tramadol=1; b. Codeína=2; c. Morfina=3; d. Metadona=4; e. Petidina=5; f. Fentanilo=6; g. OxyContin=7; h. Vicodin=8; i. Ninguna de las anteriores=9",19427,19427,"haven_labelled;vctrs_vctr;double"
"2018","__enpg/Base de datos ENPG 2018 (PG).DTA","ANALG_1_O5","J. MÓDULO ANALGÉSICOS SIN RECETA MÉDICA  ¿Ha probado Ud. alguno de los siguiente","a. Tramal o Tramadol=1; b. Codeína=2; c. Morfina=3; d. Metadona=4; e. Petidina=5; f. Fentanilo=6; g. OxyContin=7; h. Vicodin=8; i. Ninguna de las anteriores=9",19427,19427,"haven_labelled;vctrs_vctr;double"
"2018","__enpg/Base de datos ENPG 2018 (PG).DTA","ANALG_1_O6","J. MÓDULO ANALGÉSICOS SIN RECETA MÉDICA  ¿Ha probado Ud. alguno de los siguiente","a. Tramal o Tramadol=1; b. Codeína=2; c. Morfina=3; d. Metadona=4; e. Petidina=5; f. Fentanilo=6; g. OxyContin=7; h. Vicodin=8; i. Ninguna de las anteriores=9",19427,19427,"haven_labelled;vctrs_vctr;double"
"2018","__enpg/Base de datos ENPG 2018 (PG).DTA","ANALG_1_O7","J. MÓDULO ANALGÉSICOS SIN RECETA MÉDICA  ¿Ha probado Ud. alguno de los siguiente","a. Tramal o Tramadol=1; b. Codeína=2; c. Morfina=3; d. Metadona=4; e. Petidina=5; f. Fentanilo=6; g. OxyContin=7; h. Vicodin=8; i. Ninguna de las anteriores=9",19427,19427,"haven_labelled;vctrs_vctr;double"
"2018","__enpg/Base de datos ENPG 2018 (PG).DTA","ANALG_1_O8","J. MÓDULO ANALGÉSICOS SIN RECETA MÉDICA  ¿Ha probado Ud. alguno de los siguiente","a. Tramal o Tramadol=1; b. Codeína=2; c. Morfina=3; d. Metadona=4; e. Petidina=5; f. Fentanilo=6; g. OxyContin=7; h. Vicodin=8; i. Ninguna de las anteriores=9",19427,19427,"haven_labelled;vctrs_vctr;double"
"2018","__enpg/Base de datos ENPG 2018 (PG).DTA","T_ANALG_2_1","a.	Tramal o Tramadol","No sabe=88; No contesta=99",19427,19080,"haven_labelled;vctrs_vctr;double"
"2018","__enpg/Base de datos ENPG 2018 (PG).DTA","T_ANALG_2_2","b.	Codeína","No sabe=88; No contesta=99",19427,19370,"haven_labelled;vctrs_vctr;double"
"2018","__enpg/Base de datos ENPG 2018 (PG).DTA","T_ANALG_2_3","c.	Morfina","No sabe=88; No contesta=99",19427,19416,"haven_labelled;vctrs_vctr;double"
"2018","__enpg/Base de datos ENPG 2018 (PG).DTA","T_ANALG_2_4","d.	Metadona","No sabe=88; No contesta=99",19427,19424,"haven_labelled;vctrs_vctr;double"
"2018","__enpg/Base de datos ENPG 2018 (PG).DTA","T_ANALG_2_5","e.	Petidina","No sabe=88; No contesta=99",19427,19427,"haven_labelled;vctrs_vctr;double"
"2018","__enpg/Base de datos ENPG 2018 (PG).DTA","T_ANALG_2_6","f.	Fentanilo","No sabe=88; No contesta=99",19427,19426,"haven_labelled;vctrs_vctr;double"
"2018","__enpg/Base de datos ENPG 2018 (PG).DTA","T_ANALG_2_7","g.	OxyContin","No sabe=88; No contesta=99",19427,19425,"haven_labelled;vctrs_vctr;double"
"2018","__enpg/Base de datos ENPG 2018 (PG).DTA","T_ANALG_2_8","h.	Vicodin","No sabe=88; No contesta=99",19427,19424,"haven_labelled;vctrs_vctr;double"
"2018","__enpg/Base de datos ENPG 2018 (PG).DTA","T_ANALG_3_1","Tramal o Tramadol","Durante los últimos 30 días=1; Hace más de un mes, pero menos de un año=2; Hace más de un año=3; No sabe=88; No contesta=99",19427,19080,"haven_labelled;vctrs_vctr;double"
"2018","__enpg/Base de datos ENPG 2018 (PG).DTA","T_ANALG_3_2","Codeína","Durante los últimos 30 días=1; Hace más de un mes, pero menos de un año=2; Hace más de un año=3; No sabe=88; No contesta=99",19427,19370,"haven_labelled;vctrs_vctr;double"
"2018","__enpg/Base de datos ENPG 2018 (PG).DTA","T_ANALG_3_3","Morfina","Durante los últimos 30 días=1; Hace más de un mes, pero menos de un año=2; Hace más de un año=3; No sabe=88; No contesta=99",19427,19416,"haven_labelled;vctrs_vctr;double"
"2018","__enpg/Base de datos ENPG 2018 (PG).DTA","T_ANALG_3_4","Metadona","Durante los últimos 30 días=1; Hace más de un mes, pero menos de un año=2; Hace más de un año=3; No sabe=88; No contesta=99",19427,19424,"haven_labelled;vctrs_vctr;double"
"2018","__enpg/Base de datos ENPG 2018 (PG).DTA","T_ANALG_3_5","Petidina","Durante los últimos 30 días=1; Hace más de un mes, pero menos de un año=2; Hace más de un año=3; No sabe=88; No contesta=99",19427,19427,"haven_labelled;vctrs_vctr;double"
"2018","__enpg/Base de datos ENPG 2018 (PG).DTA","T_ANALG_3_6","Fentanilo","Durante los últimos 30 días=1; Hace más de un mes, pero menos de un año=2; Hace más de un año=3; No sabe=88; No contesta=99",19427,19426,"haven_labelled;vctrs_vctr;double"
"2018","__enpg/Base de datos ENPG 2018 (PG).DTA","T_ANALG_3_7","OxyContin","Durante los últimos 30 días=1; Hace más de un mes, pero menos de un año=2; Hace más de un año=3; No sabe=88; No contesta=99",19427,19425,"haven_labelled;vctrs_vctr;double"
"2018","__enpg/Base de datos ENPG 2018 (PG).DTA","T_ANALG_3_8","Vicodin","Durante los últimos 30 días=1; Hace más de un mes, pero menos de un año=2; Hace más de un año=3; No sabe=88; No contesta=99",19427,19424,"haven_labelled;vctrs_vctr;double"
"2018","__enpg/Base de datos ENPG 2018 (PG).DTA","ANALG_4","Piense en la última vez que Ud. consumió analgésicos sin receta médica… ¿Cómo lo","Lo compré en una farmacia con una receta médica de otra p=1; Lo compré en una feria libre o mercado=2; Lo compré por internet=3; Me lo pasó mi conviviente/pareja, un familiar y/o amigo/a=4; Me lo pasaron en el consultorio=5; Estaba en mi casa y lo tomé=6; Lo conseguí de otra forma, especifique:=7; No sabe=88; No contesta=99",19427,19268,"haven_labelled;vctrs_vctr;double"
"2018","__enpg/Base de datos ENPG 2018 (PG).DTA","Q_252_S","Piense en la última vez que Ud. consumió analgésicos sin receta médica… ¿Cómo lo","",19427,0,"character"
"2018","__enpg/Base de datos ENPG 2018 (PG).DTA","ANALG_5","Piense en la última vez que Ud. consumió analgésicos sin receta médica… ¿Por qué","Para inducir el sueño, problemas de insomnio=1; Para relajarme, bajar la ansiedad=2; Porque me he sentido triste o deprimido/a=3; Para hacer frente a estados de tensión y/o estrés=4; Para enfrentar momentos difíciles o situaciones de tensió=5; Para disminuir efectos secundarios de otro medicamento (m=6; Para probar o experimentar=7; Otra razón, especifique:=8; No sabe=88; No contesta=99",19427,19268,"haven_labelled;vctrs_vctr;double"
"2018","__enpg/Base de datos ENPG 2018 (PG).DTA","Q_253_S","Piense en la última vez que Ud. consumió analgésicos sin receta médica… ¿Por qué","",19427,0,"character"
"2018","__enpg/Base de datos ENPG 2018 (PG).DTA","OD_1","K. MÓDULO OTRAS DROGAS  ¿Ha probado Ud. Bebidas Energéticas (Battery, Red Bull,","Si=1; No=2; No sabe=88; No contesta=99",19427,0,"haven_labelled;vctrs_vctr;double"
"2018","__enpg/Base de datos ENPG 2018 (PG).DTA","OD_2","¿Cuándo fue la última vez que Ud. consumió Bebidas Energéticas? (Mostrar Tarjeta","Durante los últimos 30 días=1; Hace más de un mes, pero menos de un año=2; Hace más de un año=3; No sabe=88; No contesta=99",19427,11236,"haven_labelled;vctrs_vctr;double"
"2018","__enpg/Base de datos ENPG 2018 (PG).DTA","OD_3","¿Ha probado Ud. alguna Bebida Energética combinada con Alcohol alguna vez en su","Si=1; No=2; No sabe=88; No contesta=99",19427,11236,"haven_labelled;vctrs_vctr;double"
"2018","__enpg/Base de datos ENPG 2018 (PG).DTA","OD_4","¿Cuándo fue la última vez que Ud. consumió alguna Bebida Energética combinada co","Durante los últimos 30 días=1; Hace más de un mes, pero menos de un año=2; Hace más de un año=3; No sabe=88; No contesta=99",19427,17112,"haven_labelled;vctrs_vctr;double"
"2018","__enpg/Base de datos ENPG 2018 (PG).DTA","OD_5_O1","¿Ha probado Ud. alguna de las siguientes drogas alguna vez en su vida? MARQUE TO","a. Hachís=1; b. Marihuana sintética o cannabinoides sintéticos (Spice, K2=2; c. Éxtasis o MDMA=3; d. Mefedrona, Metilona, MDPV o Sales de baño (catinonas sint=4; e. Heroína=5; f. DMT, Foxy o acetilpsilocina (triptaminas)=6; g. Crack=7; h. Ninguna de las anteriores=8",19427,0,"haven_labelled;vctrs_vctr;double"
"2018","__enpg/Base de datos ENPG 2018 (PG).DTA","OD_5_O2","¿Ha probado Ud. alguna de las siguientes drogas alguna vez en su vida? MARQUE TO","a. Hachís=1; b. Marihuana sintética o cannabinoides sintéticos (Spice, K2=2; c. Éxtasis o MDMA=3; d. Mefedrona, Metilona, MDPV o Sales de baño (catinonas sint=4; e. Heroína=5; f. DMT, Foxy o acetilpsilocina (triptaminas)=6; g. Crack=7; h. Ninguna de las anteriores=8",19427,19292,"haven_labelled;vctrs_vctr;double"
"2018","__enpg/Base de datos ENPG 2018 (PG).DTA","OD_5_O3","¿Ha probado Ud. alguna de las siguientes drogas alguna vez en su vida? MARQUE TO","a. Hachís=1; b. Marihuana sintética o cannabinoides sintéticos (Spice, K2=2; c. Éxtasis o MDMA=3; d. Mefedrona, Metilona, MDPV o Sales de baño (catinonas sint=4; e. Heroína=5; f. DMT, Foxy o acetilpsilocina (triptaminas)=6; g. Crack=7; h. Ninguna de las anteriores=8",19427,19402,"haven_labelled;vctrs_vctr;double"
"2018","__enpg/Base de datos ENPG 2018 (PG).DTA","OD_5_O4","¿Ha probado Ud. alguna de las siguientes drogas alguna vez en su vida? MARQUE TO","a. Hachís=1; b. Marihuana sintética o cannabinoides sintéticos (Spice, K2=2; c. Éxtasis o MDMA=3; d. Mefedrona, Metilona, MDPV o Sales de baño (catinonas sint=4; e. Heroína=5; f. DMT, Foxy o acetilpsilocina (triptaminas)=6; g. Crack=7; h. Ninguna de las anteriores=8",19427,19422,"haven_labelled;vctrs_vctr;double"
"2018","__enpg/Base de datos ENPG 2018 (PG).DTA","OD_5_O5","¿Ha probado Ud. alguna de las siguientes drogas alguna vez en su vida? MARQUE TO","a. Hachís=1; b. Marihuana sintética o cannabinoides sintéticos (Spice, K2=2; c. Éxtasis o MDMA=3; d. Mefedrona, Metilona, MDPV o Sales de baño (catinonas sint=4; e. Heroína=5; f. DMT, Foxy o acetilpsilocina (triptaminas)=6; g. Crack=7; h. Ninguna de las anteriores=8",19427,19424,"haven_labelled;vctrs_vctr;double"
"2018","__enpg/Base de datos ENPG 2018 (PG).DTA","OD_5_O6","¿Ha probado Ud. alguna de las siguientes drogas alguna vez en su vida? MARQUE TO","a. Hachís=1; b. Marihuana sintética o cannabinoides sintéticos (Spice, K2=2; c. Éxtasis o MDMA=3; d. Mefedrona, Metilona, MDPV o Sales de baño (catinonas sint=4; e. Heroína=5; f. DMT, Foxy o acetilpsilocina (triptaminas)=6; g. Crack=7; h. Ninguna de las anteriores=8",19427,19426,"haven_labelled;vctrs_vctr;double"
"2018","__enpg/Base de datos ENPG 2018 (PG).DTA","OD_5_O7","¿Ha probado Ud. alguna de las siguientes drogas alguna vez en su vida? MARQUE TO","a. Hachís=1; b. Marihuana sintética o cannabinoides sintéticos (Spice, K2=2; c. Éxtasis o MDMA=3; d. Mefedrona, Metilona, MDPV o Sales de baño (catinonas sint=4; e. Heroína=5; f. DMT, Foxy o acetilpsilocina (triptaminas)=6; g. Crack=7; h. Ninguna de las anteriores=8",19427,19426,"haven_labelled;vctrs_vctr;double"
"2018","__enpg/Base de datos ENPG 2018 (PG).DTA","OD_5_O8","¿Ha probado Ud. alguna de las siguientes drogas alguna vez en su vida? MARQUE TO","a. Hachís=1; b. Marihuana sintética o cannabinoides sintéticos (Spice, K2=2; c. Éxtasis o MDMA=3; d. Mefedrona, Metilona, MDPV o Sales de baño (catinonas sint=4; e. Heroína=5; f. DMT, Foxy o acetilpsilocina (triptaminas)=6; g. Crack=7; h. Ninguna de las anteriores=8",19427,19427,"haven_labelled;vctrs_vctr;double"
"2018","__enpg/Base de datos ENPG 2018 (PG).DTA","T_OD_6_1","	Hachís","Durante los últimos 30 días=1; Hace más de un mes, pero menos de un año=2; Hace más de un año=3; No sabe=88; No contesta=99",19427,19128,"haven_labelled;vctrs_vctr;double"
"2018","__enpg/Base de datos ENPG 2018 (PG).DTA","T_OD_6_2","	Marihuana sintética o cannabinoides sintéticos (Spice, K2)","Durante los últimos 30 días=1; Hace más de un mes, pero menos de un año=2; Hace más de un año=3; No sabe=88; No contesta=99",19427,18947,"haven_labelled;vctrs_vctr;double"
"2018","__enpg/Base de datos ENPG 2018 (PG).DTA","T_OD_6_3","	Éxtasis o MDMA","Durante los últimos 30 días=1; Hace más de un mes, pero menos de un año=2; Hace más de un año=3; No sabe=88; No contesta=99",19427,19335,"haven_labelled;vctrs_vctr;double"
"2018","__enpg/Base de datos ENPG 2018 (PG).DTA","T_OD_6_4","	Mefedrona, Metilona, MDPV o Sales de baño (catinonas sintéticas)","Durante los últimos 30 días=1; Hace más de un mes, pero menos de un año=2; Hace más de un año=3; No sabe=88; No contesta=99",19427,19423,"haven_labelled;vctrs_vctr;double"
"2018","__enpg/Base de datos ENPG 2018 (PG).DTA","T_OD_6_5","	Heroína","Durante los últimos 30 días=1; Hace más de un mes, pero menos de un año=2; Hace más de un año=3; No sabe=88; No contesta=99",19427,19418,"haven_labelled;vctrs_vctr;double"
"2018","__enpg/Base de datos ENPG 2018 (PG).DTA","T_OD_6_6","	DMT, Foxy o acetilpsilocina (triptaminas)","Durante los últimos 30 días=1; Hace más de un mes, pero menos de un año=2; Hace más de un año=3; No sabe=88; No contesta=99",19427,19407,"haven_labelled;vctrs_vctr;double"
"2018","__enpg/Base de datos ENPG 2018 (PG).DTA","T_OD_6_7","	Crack","Durante los últimos 30 días=1; Hace más de un mes, pero menos de un año=2; Hace más de un año=3; No sabe=88; No contesta=99",19427,19411,"haven_labelled;vctrs_vctr;double"
"2018","__enpg/Base de datos ENPG 2018 (PG).DTA","OD_7_O1","¿Ha probado Ud. alguno de los siguientes medicamentos estimulantes sin receta mé","a. Anfetaminas=1; b. Cidrín=2; c. Modafinilo o Mentix=3; d. Ritalin, Metilfenidato, Aradix, Concerta o Ritrocel.=4; e. Escancil=5; f. Cylert o Pemolina=6; g. Anfepramona=7; h. Fenproporex o Salcal=8; i. Ninguna de las anteriores=9",19427,0,"haven_labelled;vctrs_vctr;double"
"2018","__enpg/Base de datos ENPG 2018 (PG).DTA","OD_7_O2","¿Ha probado Ud. alguno de los siguientes medicamentos estimulantes sin receta mé","a. Anfetaminas=1; b. Cidrín=2; c. Modafinilo o Mentix=3; d. Ritalin, Metilfenidato, Aradix, Concerta o Ritrocel.=4; e. Escancil=5; f. Cylert o Pemolina=6; g. Anfepramona=7; h. Fenproporex o Salcal=8; i. Ninguna de las anteriores=9",19427,19393,"haven_labelled;vctrs_vctr;double"
"2018","__enpg/Base de datos ENPG 2018 (PG).DTA","OD_7_O3","¿Ha probado Ud. alguno de los siguientes medicamentos estimulantes sin receta mé","a. Anfetaminas=1; b. Cidrín=2; c. Modafinilo o Mentix=3; d. Ritalin, Metilfenidato, Aradix, Concerta o Ritrocel.=4; e. Escancil=5; f. Cylert o Pemolina=6; g. Anfepramona=7; h. Fenproporex o Salcal=8; i. Ninguna de las anteriores=9",19427,19414,"haven_labelled;vctrs_vctr;double"
"2018","__enpg/Base de datos ENPG 2018 (PG).DTA","OD_7_O4","¿Ha probado Ud. alguno de los siguientes medicamentos estimulantes sin receta mé","a. Anfetaminas=1; b. Cidrín=2; c. Modafinilo o Mentix=3; d. Ritalin, Metilfenidato, Aradix, Concerta o Ritrocel.=4; e. Escancil=5; f. Cylert o Pemolina=6; g. Anfepramona=7; h. Fenproporex o Salcal=8; i. Ninguna de las anteriores=9",19427,19423,"haven_labelled;vctrs_vctr;double"
"2018","__enpg/Base de datos ENPG 2018 (PG).DTA","OD_7_O5","¿Ha probado Ud. alguno de los siguientes medicamentos estimulantes sin receta mé","a. Anfetaminas=1; b. Cidrín=2; c. Modafinilo o Mentix=3; d. Ritalin, Metilfenidato, Aradix, Concerta o Ritrocel.=4; e. Escancil=5; f. Cylert o Pemolina=6; g. Anfepramona=7; h. Fenproporex o Salcal=8; i. Ninguna de las anteriores=9",19427,19425,"haven_labelled;vctrs_vctr;double"
"2018","__enpg/Base de datos ENPG 2018 (PG).DTA","OD_7_O6","¿Ha probado Ud. alguno de los siguientes medicamentos estimulantes sin receta mé","a. Anfetaminas=1; b. Cidrín=2; c. Modafinilo o Mentix=3; d. Ritalin, Metilfenidato, Aradix, Concerta o Ritrocel.=4; e. Escancil=5; f. Cylert o Pemolina=6; g. Anfepramona=7; h. Fenproporex o Salcal=8; i. Ninguna de las anteriores=9",19427,19425,"haven_labelled;vctrs_vctr;double"
"2018","__enpg/Base de datos ENPG 2018 (PG).DTA","OD_7_O7","¿Ha probado Ud. alguno de los siguientes medicamentos estimulantes sin receta mé","a. Anfetaminas=1; b. Cidrín=2; c. Modafinilo o Mentix=3; d. Ritalin, Metilfenidato, Aradix, Concerta o Ritrocel.=4; e. Escancil=5; f. Cylert o Pemolina=6; g. Anfepramona=7; h. Fenproporex o Salcal=8; i. Ninguna de las anteriores=9",19427,19425,"haven_labelled;vctrs_vctr;double"
"2018","__enpg/Base de datos ENPG 2018 (PG).DTA","OD_7_O8","¿Ha probado Ud. alguno de los siguientes medicamentos estimulantes sin receta mé","a. Anfetaminas=1; b. Cidrín=2; c. Modafinilo o Mentix=3; d. Ritalin, Metilfenidato, Aradix, Concerta o Ritrocel.=4; e. Escancil=5; f. Cylert o Pemolina=6; g. Anfepramona=7; h. Fenproporex o Salcal=8; i. Ninguna de las anteriores=9",19427,19425,"haven_labelled;vctrs_vctr;double"
"2018","__enpg/Base de datos ENPG 2018 (PG).DTA","OD_7_O9","¿Ha probado Ud. alguno de los siguientes medicamentos estimulantes sin receta mé","a. Anfetaminas=1; b. Cidrín=2; c. Modafinilo o Mentix=3; d. Ritalin, Metilfenidato, Aradix, Concerta o Ritrocel.=4; e. Escancil=5; f. Cylert o Pemolina=6; g. Anfepramona=7; h. Fenproporex o Salcal=8; i. Ninguna de las anteriores=9",19427,19427,"haven_labelled;vctrs_vctr;double"
"2018","__enpg/Base de datos ENPG 2018 (PG).DTA","T_OD_8_1","	Anfetaminas","Durante los últimos 30 días=1; Hace más de un mes, pero menos de un año=2; Hace más de un año=3; No sabe=88; No contesta=99",19427,19316,"haven_labelled;vctrs_vctr;double"
"2018","__enpg/Base de datos ENPG 2018 (PG).DTA","T_OD_8_2","	Cidrín","Durante los últimos 30 días=1; Hace más de un mes, pero menos de un año=2; Hace más de un año=3; No sabe=88; No contesta=99",19427,19391,"haven_labelled;vctrs_vctr;double"
"2018","__enpg/Base de datos ENPG 2018 (PG).DTA","T_OD_8_3","	Modafinilo o Mentix","Durante los últimos 30 días=1; Hace más de un mes, pero menos de un año=2; Hace más de un año=3; No sabe=88; No contesta=99",19427,19362,"haven_labelled;vctrs_vctr;double"
"2018","__enpg/Base de datos ENPG 2018 (PG).DTA","T_OD_8_4","	Ritalin, Metilfenidato, Aradix, Concerta o Ritrocel.","Durante los últimos 30 días=1; Hace más de un mes, pero menos de un año=2; Hace más de un año=3; No sabe=88; No contesta=99",19427,19392,"haven_labelled;vctrs_vctr;double"
"2018","__enpg/Base de datos ENPG 2018 (PG).DTA","T_OD_8_5","	Escancil","Durante los últimos 30 días=1; Hace más de un mes, pero menos de un año=2; Hace más de un año=3; No sabe=88; No contesta=99",19427,19420,"haven_labelled;vctrs_vctr;double"
"2018","__enpg/Base de datos ENPG 2018 (PG).DTA","T_OD_8_6","	Cylert o Pemolina","Durante los últimos 30 días=1; Hace más de un mes, pero menos de un año=2; Hace más de un año=3; No sabe=88; No contesta=99",19427,19424,"haven_labelled;vctrs_vctr;double"
"2018","__enpg/Base de datos ENPG 2018 (PG).DTA","T_OD_8_7","	Anfepramona","Durante los últimos 30 días=1; Hace más de un mes, pero menos de un año=2; Hace más de un año=3; No sabe=88; No contesta=99",19427,19423,"haven_labelled;vctrs_vctr;double"
"2018","__enpg/Base de datos ENPG 2018 (PG).DTA","T_OD_8_8","	Fenproporex o Salcal","Durante los últimos 30 días=1; Hace más de un mes, pero menos de un año=2; Hace más de un año=3; No sabe=88; No contesta=99",19427,19424,"haven_labelled;vctrs_vctr;double"
"2018","__enpg/Base de datos ENPG 2018 (PG).DTA","OD_9_O1","¿Ha probado Ud. alguna de las siguientes metanfetaminas alguna vez en su vida?","a. Meth o Met, Crystal, Hielo (Ice), Speed o Glass.=1; b. Cristina, Anteta, Crack Mexicano, Polvo amarillo, Batú, C=2; c. Ninguna de las anteriores=3",19427,0,"haven_labelled;vctrs_vctr;double"
"2018","__enpg/Base de datos ENPG 2018 (PG).DTA","OD_9_O2","¿Ha probado Ud. alguna de las siguientes metanfetaminas alguna vez en su vida?","a. Meth o Met, Crystal, Hielo (Ice), Speed o Glass.=1; b. Cristina, Anteta, Crack Mexicano, Polvo amarillo, Batú, C=2; c. Ninguna de las anteriores=3",19427,19427,"haven_labelled;vctrs_vctr;double"
"2018","__enpg/Base de datos ENPG 2018 (PG).DTA","OD_9_O3","¿Ha probado Ud. alguna de las siguientes metanfetaminas alguna vez en su vida?","a. Meth o Met, Crystal, Hielo (Ice), Speed o Glass.=1; b. Cristina, Anteta, Crack Mexicano, Polvo amarillo, Batú, C=2; c. Ninguna de las anteriores=3",19427,19427,"haven_labelled;vctrs_vctr;double"
"2018","__enpg/Base de datos ENPG 2018 (PG).DTA","T_OD_10_1","	Meth o Met, Crystal, Hielo (Ice), Speed o Glass.","Durante los últimos 30 días=1; Hace más de un mes, pero menos de un año=2; Hace más de un año=3; No sabe=88; No contesta=99",19427,19418,"haven_labelled;vctrs_vctr;double"
"2018","__enpg/Base de datos ENPG 2018 (PG).DTA","T_OD_10_2","	Cristina, Anteta, Crack Mexicano, Polvo amarillo, Batú, Cris, Tina, Ya-Ba","Durante los últimos 30 días=1; Hace más de un mes, pero menos de un año=2; Hace más de un año=3; No sabe=88; No contesta=99",19427,19422,"haven_labelled;vctrs_vctr;double"
"2018","__enpg/Base de datos ENPG 2018 (PG).DTA","OD_11_O1","¿Ha probado Ud. alguna de las siguientes sustancias inhalables alguna vez en su","a. Neoprén=1; b. Bencina o parafina=2; c. Tolueno=3; d. Desodorantes ambientales o corporales=4; e. Pinturas en spray=5; f. Acetona=6; g. Éter u otros solventes volátiles usados en pinturas=7; h. Poppers=8; i. Solventes para extintores de incendios=9; j. Cloruro de etilo=10; k. Ninguna de las anteriores=11",19427,0,"haven_labelled;vctrs_vctr;double"
"2018","__enpg/Base de datos ENPG 2018 (PG).DTA","OD_11_O2","¿Ha probado Ud. alguna de las siguientes sustancias inhalables alguna vez en su","a. Neoprén=1; b. Bencina o parafina=2; c. Tolueno=3; d. Desodorantes ambientales o corporales=4; e. Pinturas en spray=5; f. Acetona=6; g. Éter u otros solventes volátiles usados en pinturas=7; h. Poppers=8; i. Solventes para extintores de incendios=9; j. Cloruro de etilo=10; k. Ninguna de las anteriores=11",19427,19378,"haven_labelled;vctrs_vctr;double"
"2018","__enpg/Base de datos ENPG 2018 (PG).DTA","OD_11_O3","¿Ha probado Ud. alguna de las siguientes sustancias inhalables alguna vez en su","a. Neoprén=1; b. Bencina o parafina=2; c. Tolueno=3; d. Desodorantes ambientales o corporales=4; e. Pinturas en spray=5; f. Acetona=6; g. Éter u otros solventes volátiles usados en pinturas=7; h. Poppers=8; i. Solventes para extintores de incendios=9; j. Cloruro de etilo=10; k. Ninguna de las anteriores=11",19427,19409,"haven_labelled;vctrs_vctr;double"
"2018","__enpg/Base de datos ENPG 2018 (PG).DTA","OD_11_O4","¿Ha probado Ud. alguna de las siguientes sustancias inhalables alguna vez en su","a. Neoprén=1; b. Bencina o parafina=2; c. Tolueno=3; d. Desodorantes ambientales o corporales=4; e. Pinturas en spray=5; f. Acetona=6; g. Éter u otros solventes volátiles usados en pinturas=7; h. Poppers=8; i. Solventes para extintores de incendios=9; j. Cloruro de etilo=10; k. Ninguna de las anteriores=11",19427,19417,"haven_labelled;vctrs_vctr;double"
"2018","__enpg/Base de datos ENPG 2018 (PG).DTA","OD_11_O5","¿Ha probado Ud. alguna de las siguientes sustancias inhalables alguna vez en su","a. Neoprén=1; b. Bencina o parafina=2; c. Tolueno=3; d. Desodorantes ambientales o corporales=4; e. Pinturas en spray=5; f. Acetona=6; g. Éter u otros solventes volátiles usados en pinturas=7; h. Poppers=8; i. Solventes para extintores de incendios=9; j. Cloruro de etilo=10; k. Ninguna de las anteriores=11",19427,19420,"haven_labelled;vctrs_vctr;double"
"2018","__enpg/Base de datos ENPG 2018 (PG).DTA","OD_11_O6","¿Ha probado Ud. alguna de las siguientes sustancias inhalables alguna vez en su","a. Neoprén=1; b. Bencina o parafina=2; c. Tolueno=3; d. Desodorantes ambientales o corporales=4; e. Pinturas en spray=5; f. Acetona=6; g. Éter u otros solventes volátiles usados en pinturas=7; h. Poppers=8; i. Solventes para extintores de incendios=9; j. Cloruro de etilo=10; k. Ninguna de las anteriores=11",19427,19422,"haven_labelled;vctrs_vctr;double"
"2018","__enpg/Base de datos ENPG 2018 (PG).DTA","OD_11_O7","¿Ha probado Ud. alguna de las siguientes sustancias inhalables alguna vez en su","a. Neoprén=1; b. Bencina o parafina=2; c. Tolueno=3; d. Desodorantes ambientales o corporales=4; e. Pinturas en spray=5; f. Acetona=6; g. Éter u otros solventes volátiles usados en pinturas=7; h. Poppers=8; i. Solventes para extintores de incendios=9; j. Cloruro de etilo=10; k. Ninguna de las anteriores=11",19427,19423,"haven_labelled;vctrs_vctr;double"
"2018","__enpg/Base de datos ENPG 2018 (PG).DTA","OD_11_O8","¿Ha probado Ud. alguna de las siguientes sustancias inhalables alguna vez en su","a. Neoprén=1; b. Bencina o parafina=2; c. Tolueno=3; d. Desodorantes ambientales o corporales=4; e. Pinturas en spray=5; f. Acetona=6; g. Éter u otros solventes volátiles usados en pinturas=7; h. Poppers=8; i. Solventes para extintores de incendios=9; j. Cloruro de etilo=10; k. Ninguna de las anteriores=11",19427,19425,"haven_labelled;vctrs_vctr;double"
"2018","__enpg/Base de datos ENPG 2018 (PG).DTA","OD_11_O9","¿Ha probado Ud. alguna de las siguientes sustancias inhalables alguna vez en su","a. Neoprén=1; b. Bencina o parafina=2; c. Tolueno=3; d. Desodorantes ambientales o corporales=4; e. Pinturas en spray=5; f. Acetona=6; g. Éter u otros solventes volátiles usados en pinturas=7; h. Poppers=8; i. Solventes para extintores de incendios=9; j. Cloruro de etilo=10; k. Ninguna de las anteriores=11",19427,19425,"haven_labelled;vctrs_vctr;double"
"2018","__enpg/Base de datos ENPG 2018 (PG).DTA","OD_11_O10","¿Ha probado Ud. alguna de las siguientes sustancias inhalables alguna vez en su","a. Neoprén=1; b. Bencina o parafina=2; c. Tolueno=3; d. Desodorantes ambientales o corporales=4; e. Pinturas en spray=5; f. Acetona=6; g. Éter u otros solventes volátiles usados en pinturas=7; h. Poppers=8; i. Solventes para extintores de incendios=9; j. Cloruro de etilo=10; k. Ninguna de las anteriores=11",19427,19426,"haven_labelled;vctrs_vctr;double"
"2018","__enpg/Base de datos ENPG 2018 (PG).DTA","OD_11_O11","¿Ha probado Ud. alguna de las siguientes sustancias inhalables alguna vez en su","a. Neoprén=1; b. Bencina o parafina=2; c. Tolueno=3; d. Desodorantes ambientales o corporales=4; e. Pinturas en spray=5; f. Acetona=6; g. Éter u otros solventes volátiles usados en pinturas=7; h. Poppers=8; i. Solventes para extintores de incendios=9; j. Cloruro de etilo=10; k. Ninguna de las anteriores=11",19427,19427,"haven_labelled;vctrs_vctr;double"
"2018","__enpg/Base de datos ENPG 2018 (PG).DTA","T_OD_12_1","	Neoprén","Durante los últimos 30 días=1; Hace más de un mes, pero menos de un año=2; Hace más de un año=3; No sabe=88; No contesta=99",19427,19338,"haven_labelled;vctrs_vctr;double"
"2018","__enpg/Base de datos ENPG 2018 (PG).DTA","T_OD_12_2","	Bencina o parafina","Durante los últimos 30 días=1; Hace más de un mes, pero menos de un año=2; Hace más de un año=3; No sabe=88; No contesta=99",19427,19386,"haven_labelled;vctrs_vctr;double"
"2018","__enpg/Base de datos ENPG 2018 (PG).DTA","T_OD_12_3","	Tolueno","Durante los últimos 30 días=1; Hace más de un mes, pero menos de un año=2; Hace más de un año=3; No sabe=88; No contesta=99",19427,19412,"haven_labelled;vctrs_vctr;double"
"2018","__enpg/Base de datos ENPG 2018 (PG).DTA","T_OD_12_4","	Desodorantes ambientales o corporales","Durante los últimos 30 días=1; Hace más de un mes, pero menos de un año=2; Hace más de un año=3; No sabe=88; No contesta=99",19427,19393,"haven_labelled;vctrs_vctr;double"
"2018","__enpg/Base de datos ENPG 2018 (PG).DTA","T_OD_12_5","	Pinturas en spray","Durante los últimos 30 días=1; Hace más de un mes, pero menos de un año=2; Hace más de un año=3; No sabe=88; No contesta=99",19427,19414,"haven_labelled;vctrs_vctr;double"
"2018","__enpg/Base de datos ENPG 2018 (PG).DTA","T_OD_12_6","	Acetona","Durante los últimos 30 días=1; Hace más de un mes, pero menos de un año=2; Hace más de un año=3; No sabe=88; No contesta=99",19427,19403,"haven_labelled;vctrs_vctr;double"
"2018","__enpg/Base de datos ENPG 2018 (PG).DTA","T_OD_12_7","	Éter u otros solventes volátiles usados en pinturas","Durante los últimos 30 días=1; Hace más de un mes, pero menos de un año=2; Hace más de un año=3; No sabe=88; No contesta=99",19427,19411,"haven_labelled;vctrs_vctr;double"
"2018","__enpg/Base de datos ENPG 2018 (PG).DTA","T_OD_12_8","	Poppers","Durante los últimos 30 días=1; Hace más de un mes, pero menos de un año=2; Hace más de un año=3; No sabe=88; No contesta=99",19427,19375,"haven_labelled;vctrs_vctr;double"
"2018","__enpg/Base de datos ENPG 2018 (PG).DTA","T_OD_12_9","	Solventes para extintores de incendios","Durante los últimos 30 días=1; Hace más de un mes, pero menos de un año=2; Hace más de un año=3; No sabe=88; No contesta=99",19427,19425,"haven_labelled;vctrs_vctr;double"
"2018","__enpg/Base de datos ENPG 2018 (PG).DTA","T_OD_12_10","	Cloruro de etilo","Durante los últimos 30 días=1; Hace más de un mes, pero menos de un año=2; Hace más de un año=3; No sabe=88; No contesta=99",19427,19418,"haven_labelled;vctrs_vctr;double"
"2018","__enpg/Base de datos ENPG 2018 (PG).DTA","OD_13_O1","¿Ha probado Ud. alguno de los siguientes alucinógenos alguna vez en su vida? MAR","a. LSD, tripi, sello u otros ácidos=1; b. Polvo de ángel=2; c. 25B-NBOMe o 25C-NBOMe=3; d. 2-CB o Tusi=4; e. Peyote, San Pedro=5; f. Floripondio=6; g. Hongos o Cucumelo=7; h. Mescalina=8; i. Belladona=9; j. Ayahuasca=10; k. Ninguna de las anteriores=11",19427,0,"haven_labelled;vctrs_vctr;double"
"2018","__enpg/Base de datos ENPG 2018 (PG).DTA","OD_13_O2","¿Ha probado Ud. alguno de los siguientes alucinógenos alguna vez en su vida? MAR","a. LSD, tripi, sello u otros ácidos=1; b. Polvo de ángel=2; c. 25B-NBOMe o 25C-NBOMe=3; d. 2-CB o Tusi=4; e. Peyote, San Pedro=5; f. Floripondio=6; g. Hongos o Cucumelo=7; h. Mescalina=8; i. Belladona=9; j. Ayahuasca=10; k. Ninguna de las anteriores=11",19427,19344,"haven_labelled;vctrs_vctr;double"
"2018","__enpg/Base de datos ENPG 2018 (PG).DTA","OD_13_O3","¿Ha probado Ud. alguno de los siguientes alucinógenos alguna vez en su vida? MAR","a. LSD, tripi, sello u otros ácidos=1; b. Polvo de ángel=2; c. 25B-NBOMe o 25C-NBOMe=3; d. 2-CB o Tusi=4; e. Peyote, San Pedro=5; f. Floripondio=6; g. Hongos o Cucumelo=7; h. Mescalina=8; i. Belladona=9; j. Ayahuasca=10; k. Ninguna de las anteriores=11",19427,19397,"haven_labelled;vctrs_vctr;double"
"2018","__enpg/Base de datos ENPG 2018 (PG).DTA","OD_13_O4","¿Ha probado Ud. alguno de los siguientes alucinógenos alguna vez en su vida? MAR","a. LSD, tripi, sello u otros ácidos=1; b. Polvo de ángel=2; c. 25B-NBOMe o 25C-NBOMe=3; d. 2-CB o Tusi=4; e. Peyote, San Pedro=5; f. Floripondio=6; g. Hongos o Cucumelo=7; h. Mescalina=8; i. Belladona=9; j. Ayahuasca=10; k. Ninguna de las anteriores=11",19427,19412,"haven_labelled;vctrs_vctr;double"
"2018","__enpg/Base de datos ENPG 2018 (PG).DTA","OD_13_O5","¿Ha probado Ud. alguno de los siguientes alucinógenos alguna vez en su vida? MAR","a. LSD, tripi, sello u otros ácidos=1; b. Polvo de ángel=2; c. 25B-NBOMe o 25C-NBOMe=3; d. 2-CB o Tusi=4; e. Peyote, San Pedro=5; f. Floripondio=6; g. Hongos o Cucumelo=7; h. Mescalina=8; i. Belladona=9; j. Ayahuasca=10; k. Ninguna de las anteriores=11",19427,19420,"haven_labelled;vctrs_vctr;double"
"2018","__enpg/Base de datos ENPG 2018 (PG).DTA","OD_13_O6","¿Ha probado Ud. alguno de los siguientes alucinógenos alguna vez en su vida? MAR","a. LSD, tripi, sello u otros ácidos=1; b. Polvo de ángel=2; c. 25B-NBOMe o 25C-NBOMe=3; d. 2-CB o Tusi=4; e. Peyote, San Pedro=5; f. Floripondio=6; g. Hongos o Cucumelo=7; h. Mescalina=8; i. Belladona=9; j. Ayahuasca=10; k. Ninguna de las anteriores=11",19427,19424,"haven_labelled;vctrs_vctr;double"
"2018","__enpg/Base de datos ENPG 2018 (PG).DTA","OD_13_O7","¿Ha probado Ud. alguno de los siguientes alucinógenos alguna vez en su vida? MAR","a. LSD, tripi, sello u otros ácidos=1; b. Polvo de ángel=2; c. 25B-NBOMe o 25C-NBOMe=3; d. 2-CB o Tusi=4; e. Peyote, San Pedro=5; f. Floripondio=6; g. Hongos o Cucumelo=7; h. Mescalina=8; i. Belladona=9; j. Ayahuasca=10; k. Ninguna de las anteriores=11",19427,19426,"haven_labelled;vctrs_vctr;double"
"2018","__enpg/Base de datos ENPG 2018 (PG).DTA","OD_13_O8","¿Ha probado Ud. alguno de los siguientes alucinógenos alguna vez en su vida? MAR","a. LSD, tripi, sello u otros ácidos=1; b. Polvo de ángel=2; c. 25B-NBOMe o 25C-NBOMe=3; d. 2-CB o Tusi=4; e. Peyote, San Pedro=5; f. Floripondio=6; g. Hongos o Cucumelo=7; h. Mescalina=8; i. Belladona=9; j. Ayahuasca=10; k. Ninguna de las anteriores=11",19427,19427,"haven_labelled;vctrs_vctr;double"
"2018","__enpg/Base de datos ENPG 2018 (PG).DTA","OD_13_O9","¿Ha probado Ud. alguno de los siguientes alucinógenos alguna vez en su vida? MAR","a. LSD, tripi, sello u otros ácidos=1; b. Polvo de ángel=2; c. 25B-NBOMe o 25C-NBOMe=3; d. 2-CB o Tusi=4; e. Peyote, San Pedro=5; f. Floripondio=6; g. Hongos o Cucumelo=7; h. Mescalina=8; i. Belladona=9; j. Ayahuasca=10; k. Ninguna de las anteriores=11",19427,19427,"haven_labelled;vctrs_vctr;double"
"2018","__enpg/Base de datos ENPG 2018 (PG).DTA","OD_13_O10","¿Ha probado Ud. alguno de los siguientes alucinógenos alguna vez en su vida? MAR","a. LSD, tripi, sello u otros ácidos=1; b. Polvo de ángel=2; c. 25B-NBOMe o 25C-NBOMe=3; d. 2-CB o Tusi=4; e. Peyote, San Pedro=5; f. Floripondio=6; g. Hongos o Cucumelo=7; h. Mescalina=8; i. Belladona=9; j. Ayahuasca=10; k. Ninguna de las anteriores=11",19427,19427,"haven_labelled;vctrs_vctr;double"
"2018","__enpg/Base de datos ENPG 2018 (PG).DTA","OD_13_O11","¿Ha probado Ud. alguno de los siguientes alucinógenos alguna vez en su vida? MAR","a. LSD, tripi, sello u otros ácidos=1; b. Polvo de ángel=2; c. 25B-NBOMe o 25C-NBOMe=3; d. 2-CB o Tusi=4; e. Peyote, San Pedro=5; f. Floripondio=6; g. Hongos o Cucumelo=7; h. Mescalina=8; i. Belladona=9; j. Ayahuasca=10; k. Ninguna de las anteriores=11",19427,19427,"haven_labelled;vctrs_vctr;double"
"2018","__enpg/Base de datos ENPG 2018 (PG).DTA","T_OD_14_1","LSD, tripi, sello u otros ácidos","Durante los últimos 30 días=1; Hace más de un mes, pero menos de un año=2; Hace más de un año=3; No sabe=88; No contesta=99",19427,19277,"haven_labelled;vctrs_vctr;double"
"2018","__enpg/Base de datos ENPG 2018 (PG).DTA","T_OD_14_2","Polvo de ángel","Durante los últimos 30 días=1; Hace más de un mes, pero menos de un año=2; Hace más de un año=3; No sabe=88; No contesta=99",19427,19422,"haven_labelled;vctrs_vctr;double"
"2018","__enpg/Base de datos ENPG 2018 (PG).DTA","T_OD_14_3","25B-NBOMe o 25C-NBOMe","Durante los últimos 30 días=1; Hace más de un mes, pero menos de un año=2; Hace más de un año=3; No sabe=88; No contesta=99",19427,19425,"haven_labelled;vctrs_vctr;double"
"2018","__enpg/Base de datos ENPG 2018 (PG).DTA","T_OD_14_4","2-CB o Tusi","Durante los últimos 30 días=1; Hace más de un mes, pero menos de un año=2; Hace más de un año=3; No sabe=88; No contesta=99",19427,19417,"haven_labelled;vctrs_vctr;double"
"2018","__enpg/Base de datos ENPG 2018 (PG).DTA","T_OD_14_5","Peyote, San Pedro","Durante los últimos 30 días=1; Hace más de un mes, pero menos de un año=2; Hace más de un año=3; No sabe=88; No contesta=99",19427,19367,"haven_labelled;vctrs_vctr;double"
"2018","__enpg/Base de datos ENPG 2018 (PG).DTA","T_OD_14_6","Floripondio","Durante los últimos 30 días=1; Hace más de un mes, pero menos de un año=2; Hace más de un año=3; No sabe=88; No contesta=99",19427,19380,"haven_labelled;vctrs_vctr;double"
"2018","__enpg/Base de datos ENPG 2018 (PG).DTA","T_OD_14_7","Hongos o Cucumelo","Durante los últimos 30 días=1; Hace más de un mes, pero menos de un año=2; Hace más de un año=3; No sabe=88; No contesta=99",19427,19331,"haven_labelled;vctrs_vctr;double"
"2018","__enpg/Base de datos ENPG 2018 (PG).DTA","T_OD_14_8","Mescalina","Durante los últimos 30 días=1; Hace más de un mes, pero menos de un año=2; Hace más de un año=3; No sabe=88; No contesta=99",19427,19416,"haven_labelled;vctrs_vctr;double"
"2018","__enpg/Base de datos ENPG 2018 (PG).DTA","T_OD_14_9","Belladona","Durante los últimos 30 días=1; Hace más de un mes, pero menos de un año=2; Hace más de un año=3; No sabe=88; No contesta=99",19427,19426,"haven_labelled;vctrs_vctr;double"
"2018","__enpg/Base de datos ENPG 2018 (PG).DTA","T_OD_14_10","Ayahuasca","Durante los últimos 30 días=1; Hace más de un mes, pero menos de un año=2; Hace más de un año=3; No sabe=88; No contesta=99",19427,19407,"haven_labelled;vctrs_vctr;double"
"2018","__enpg/Base de datos ENPG 2018 (PG).DTA","OD_15_O1","¿Ha probado Ud. alguno de los siguientes medicamentos sin receta médica alguna v","a. Fluoxetina, Pragmaten o Sostac=1; b. Codetol, Tusigen, Sedopec, Tosilab o Flemex=2; c. Clormezanona=3; d. Sedantol=4; e. Dietilpropión o Fentermina, Elvenir, Sentis=5; f. Ninguna de las anteriores=6",19427,0,"haven_labelled;vctrs_vctr;double"
"2018","__enpg/Base de datos ENPG 2018 (PG).DTA","OD_15_O2","¿Ha probado Ud. alguno de los siguientes medicamentos sin receta médica alguna v","a. Fluoxetina, Pragmaten o Sostac=1; b. Codetol, Tusigen, Sedopec, Tosilab o Flemex=2; c. Clormezanona=3; d. Sedantol=4; e. Dietilpropión o Fentermina, Elvenir, Sentis=5; f. Ninguna de las anteriores=6",19427,19406,"haven_labelled;vctrs_vctr;double"
"2018","__enpg/Base de datos ENPG 2018 (PG).DTA","OD_15_O3","¿Ha probado Ud. alguno de los siguientes medicamentos sin receta médica alguna v","a. Fluoxetina, Pragmaten o Sostac=1; b. Codetol, Tusigen, Sedopec, Tosilab o Flemex=2; c. Clormezanona=3; d. Sedantol=4; e. Dietilpropión o Fentermina, Elvenir, Sentis=5; f. Ninguna de las anteriores=6",19427,19424,"haven_labelled;vctrs_vctr;double"
"2018","__enpg/Base de datos ENPG 2018 (PG).DTA","OD_15_O4","¿Ha probado Ud. alguno de los siguientes medicamentos sin receta médica alguna v","a. Fluoxetina, Pragmaten o Sostac=1; b. Codetol, Tusigen, Sedopec, Tosilab o Flemex=2; c. Clormezanona=3; d. Sedantol=4; e. Dietilpropión o Fentermina, Elvenir, Sentis=5; f. Ninguna de las anteriores=6",19427,19426,"haven_labelled;vctrs_vctr;double"
"2018","__enpg/Base de datos ENPG 2018 (PG).DTA","OD_15_O5","¿Ha probado Ud. alguno de los siguientes medicamentos sin receta médica alguna v","a. Fluoxetina, Pragmaten o Sostac=1; b. Codetol, Tusigen, Sedopec, Tosilab o Flemex=2; c. Clormezanona=3; d. Sedantol=4; e. Dietilpropión o Fentermina, Elvenir, Sentis=5; f. Ninguna de las anteriores=6",19427,19427,"haven_labelled;vctrs_vctr;double"
"2018","__enpg/Base de datos ENPG 2018 (PG).DTA","OD_15_O6","¿Ha probado Ud. alguno de los siguientes medicamentos sin receta médica alguna v","a. Fluoxetina, Pragmaten o Sostac=1; b. Codetol, Tusigen, Sedopec, Tosilab o Flemex=2; c. Clormezanona=3; d. Sedantol=4; e. Dietilpropión o Fentermina, Elvenir, Sentis=5; f. Ninguna de las anteriores=6",19427,19427,"haven_labelled;vctrs_vctr;double"
"2018","__enpg/Base de datos ENPG 2018 (PG).DTA","T_OD_16_1","Fluoxetina, Pragmaten o Sostac","Durante los últimos 30 días=1; Hace más de un mes, pero menos de un año=2; Hace más de un año=3; No sabe=88; No contesta=99",19427,19318,"haven_labelled;vctrs_vctr;double"
"2018","__enpg/Base de datos ENPG 2018 (PG).DTA","T_OD_16_2","Codetol, Tusigen, Sedopec, Tosilab o Flemex","Durante los últimos 30 días=1; Hace más de un mes, pero menos de un año=2; Hace más de un año=3; No sabe=88; No contesta=99",19427,19392,"haven_labelled;vctrs_vctr;double"
"2018","__enpg/Base de datos ENPG 2018 (PG).DTA","T_OD_16_3","Clormezanona","Durante los últimos 30 días=1; Hace más de un mes, pero menos de un año=2; Hace más de un año=3; No sabe=88; No contesta=99",19427,19413,"haven_labelled;vctrs_vctr;double"
"2018","__enpg/Base de datos ENPG 2018 (PG).DTA","T_OD_16_4","Sedantol","Durante los últimos 30 días=1; Hace más de un mes, pero menos de un año=2; Hace más de un año=3; No sabe=88; No contesta=99",19427,19416,"haven_labelled;vctrs_vctr;double"
"2018","__enpg/Base de datos ENPG 2018 (PG).DTA","T_OD_16_5","Dietilpropión o Fentermina, Elvenir, Sentis","Durante los últimos 30 días=1; Hace más de un mes, pero menos de un año=2; Hace más de un año=3; No sabe=88; No contesta=99",19427,19394,"haven_labelled;vctrs_vctr;double"
"2018","__enpg/Base de datos ENPG 2018 (PG).DTA","OD_17_O1","¿Ha probado Ud. alguna de las siguientes sustancias alguna vez en su vida? MARQU","a. Sibutramina=1; b. Trihexifenidilo (Tonaril), sin receta médica=2; c. Anabólicos=3; d. Esteroides=4; e. Ketamina, “el key”, vitamina K o CK=5; f. GHB o GLB=6; g. Fenciclidina, PCP=7; h. Benzilpiperazina o BZP=8; i. Ninguna de las anteriores=9",19427,0,"haven_labelled;vctrs_vctr;double"
"2018","__enpg/Base de datos ENPG 2018 (PG).DTA","OD_17_O2","¿Ha probado Ud. alguna de las siguientes sustancias alguna vez en su vida? MARQU","a. Sibutramina=1; b. Trihexifenidilo (Tonaril), sin receta médica=2; c. Anabólicos=3; d. Esteroides=4; e. Ketamina, “el key”, vitamina K o CK=5; f. GHB o GLB=6; g. Fenciclidina, PCP=7; h. Benzilpiperazina o BZP=8; i. Ninguna de las anteriores=9",19427,19416,"haven_labelled;vctrs_vctr;double"
"2018","__enpg/Base de datos ENPG 2018 (PG).DTA","OD_17_O3","¿Ha probado Ud. alguna de las siguientes sustancias alguna vez en su vida? MARQU","a. Sibutramina=1; b. Trihexifenidilo (Tonaril), sin receta médica=2; c. Anabólicos=3; d. Esteroides=4; e. Ketamina, “el key”, vitamina K o CK=5; f. GHB o GLB=6; g. Fenciclidina, PCP=7; h. Benzilpiperazina o BZP=8; i. Ninguna de las anteriores=9",19427,19425,"haven_labelled;vctrs_vctr;double"
"2018","__enpg/Base de datos ENPG 2018 (PG).DTA","OD_17_O4","¿Ha probado Ud. alguna de las siguientes sustancias alguna vez en su vida? MARQU","a. Sibutramina=1; b. Trihexifenidilo (Tonaril), sin receta médica=2; c. Anabólicos=3; d. Esteroides=4; e. Ketamina, “el key”, vitamina K o CK=5; f. GHB o GLB=6; g. Fenciclidina, PCP=7; h. Benzilpiperazina o BZP=8; i. Ninguna de las anteriores=9",19427,19427,"haven_labelled;vctrs_vctr;double"
"2018","__enpg/Base de datos ENPG 2018 (PG).DTA","OD_17_O5","¿Ha probado Ud. alguna de las siguientes sustancias alguna vez en su vida? MARQU","a. Sibutramina=1; b. Trihexifenidilo (Tonaril), sin receta médica=2; c. Anabólicos=3; d. Esteroides=4; e. Ketamina, “el key”, vitamina K o CK=5; f. GHB o GLB=6; g. Fenciclidina, PCP=7; h. Benzilpiperazina o BZP=8; i. Ninguna de las anteriores=9",19427,19427,"haven_labelled;vctrs_vctr;double"
"2018","__enpg/Base de datos ENPG 2018 (PG).DTA","OD_17_O6","¿Ha probado Ud. alguna de las siguientes sustancias alguna vez en su vida? MARQU","a. Sibutramina=1; b. Trihexifenidilo (Tonaril), sin receta médica=2; c. Anabólicos=3; d. Esteroides=4; e. Ketamina, “el key”, vitamina K o CK=5; f. GHB o GLB=6; g. Fenciclidina, PCP=7; h. Benzilpiperazina o BZP=8; i. Ninguna de las anteriores=9",19427,19427,"haven_labelled;vctrs_vctr;double"
"2018","__enpg/Base de datos ENPG 2018 (PG).DTA","OD_17_O7","¿Ha probado Ud. alguna de las siguientes sustancias alguna vez en su vida? MARQU","a. Sibutramina=1; b. Trihexifenidilo (Tonaril), sin receta médica=2; c. Anabólicos=3; d. Esteroides=4; e. Ketamina, “el key”, vitamina K o CK=5; f. GHB o GLB=6; g. Fenciclidina, PCP=7; h. Benzilpiperazina o BZP=8; i. Ninguna de las anteriores=9",19427,19427,"haven_labelled;vctrs_vctr;double"
"2018","__enpg/Base de datos ENPG 2018 (PG).DTA","OD_17_O8","¿Ha probado Ud. alguna de las siguientes sustancias alguna vez en su vida? MARQU","a. Sibutramina=1; b. Trihexifenidilo (Tonaril), sin receta médica=2; c. Anabólicos=3; d. Esteroides=4; e. Ketamina, “el key”, vitamina K o CK=5; f. GHB o GLB=6; g. Fenciclidina, PCP=7; h. Benzilpiperazina o BZP=8; i. Ninguna de las anteriores=9",19427,19427,"haven_labelled;vctrs_vctr;double"
"2018","__enpg/Base de datos ENPG 2018 (PG).DTA","OD_17_O9","¿Ha probado Ud. alguna de las siguientes sustancias alguna vez en su vida? MARQU","a. Sibutramina=1; b. Trihexifenidilo (Tonaril), sin receta médica=2; c. Anabólicos=3; d. Esteroides=4; e. Ketamina, “el key”, vitamina K o CK=5; f. GHB o GLB=6; g. Fenciclidina, PCP=7; h. Benzilpiperazina o BZP=8; i. Ninguna de las anteriores=9",19427,19427,"haven_labelled;vctrs_vctr;double"
"2018","__enpg/Base de datos ENPG 2018 (PG).DTA","T_OD_18_1","Sibutramina","Durante los últimos 30 días=1; Hace más de un mes, pero menos de un año=2; Hace más de un año=3; No sabe=88; No contesta=99",19427,19326,"haven_labelled;vctrs_vctr;double"
"2018","__enpg/Base de datos ENPG 2018 (PG).DTA","T_OD_18_2","Trihexifenidilo (Tonaril), sin receta médica","Durante los últimos 30 días=1; Hace más de un mes, pero menos de un año=2; Hace más de un año=3; No sabe=88; No contesta=99",19427,19420,"haven_labelled;vctrs_vctr;double"
"2018","__enpg/Base de datos ENPG 2018 (PG).DTA","T_OD_18_3","Anabólicos","Durante los últimos 30 días=1; Hace más de un mes, pero menos de un año=2; Hace más de un año=3; No sabe=88; No contesta=99",19427,19405,"haven_labelled;vctrs_vctr;double"
"2018","__enpg/Base de datos ENPG 2018 (PG).DTA","T_OD_18_4","Esteroides","Durante los últimos 30 días=1; Hace más de un mes, pero menos de un año=2; Hace más de un año=3; No sabe=88; No contesta=99",19427,19410,"haven_labelled;vctrs_vctr;double"
"2018","__enpg/Base de datos ENPG 2018 (PG).DTA","T_OD_18_5","Ketamina, “el key”, vitamina K o CK","Durante los últimos 30 días=1; Hace más de un mes, pero menos de un año=2; Hace más de un año=3; No sabe=88; No contesta=99",19427,19420,"haven_labelled;vctrs_vctr;double"
"2018","__enpg/Base de datos ENPG 2018 (PG).DTA","T_OD_18_6","GHB o GLB","Durante los últimos 30 días=1; Hace más de un mes, pero menos de un año=2; Hace más de un año=3; No sabe=88; No contesta=99",19427,19426,"haven_labelled;vctrs_vctr;double"
"2018","__enpg/Base de datos ENPG 2018 (PG).DTA","T_OD_18_7","Fenciclidina, PCP","Durante los últimos 30 días=1; Hace más de un mes, pero menos de un año=2; Hace más de un año=3; No sabe=88; No contesta=99",19427,19422,"haven_labelled;vctrs_vctr;double"
"2018","__enpg/Base de datos ENPG 2018 (PG).DTA","T_OD_18_8","Benzilpiperazina o BZP","Durante los últimos 30 días=1; Hace más de un mes, pero menos de un año=2; Hace más de un año=3; No sabe=88; No contesta=99",19427,19425,"haven_labelled;vctrs_vctr;double"
"2018","__enpg/Base de datos ENPG 2018 (PG).DTA","OD_19","¿Alguna vez en su vida se ha inyectado alguna droga o sustancia?","Si=1; No=2",19427,0,"haven_labelled;vctrs_vctr;double"
"2018","__enpg/Base de datos ENPG 2018 (PG).DTA","T_OD_19_1_1","RESPUESTA 1","",19427,0,"character"
"2018","__enpg/Base de datos ENPG 2018 (PG).DTA","T_OD_19_1_2","RESPUESTA 2","",19427,0,"character"
"2018","__enpg/Base de datos ENPG 2018 (PG).DTA","T_OD_19_1_3","RESPUESTA 3","",19427,0,"character"
"2018","__enpg/Base de datos ENPG 2018 (PG).DTA","T_OD_20_1","RESPUESTA 1","Durante los últimos 30 días=1; Hace más de un mes, pero menos de un año=2; Hace más de un año=3; No sabe=88; No contesta=99",19427,19395,"haven_labelled;vctrs_vctr;double"
"2018","__enpg/Base de datos ENPG 2018 (PG).DTA","T_OD_20_2","RESPUESTA 2","Durante los últimos 30 días=1; Hace más de un mes, pero menos de un año=2; Hace más de un año=3; No sabe=88; No contesta=99",19427,19421,"haven_labelled;vctrs_vctr;double"
"2018","__enpg/Base de datos ENPG 2018 (PG).DTA","T_OD_20_3","RESPUESTA 3","Durante los últimos 30 días=1; Hace más de un mes, pero menos de un año=2; Hace más de un año=3; No sabe=88; No contesta=99",19427,19426,"haven_labelled;vctrs_vctr;double"
"2018","__enpg/Base de datos ENPG 2018 (PG).DTA","CE_7","¿Usted ha intentado consumir otras drogas o sustancias incorporándolas en el dis","Si, especifique=1; No=2; No sabe=88; No contesta=99",19427,17253,"haven_labelled;vctrs_vctr;double"
"2018","__enpg/Base de datos ENPG 2018 (PG).DTA","Q_275_S","¿Usted ha intentado consumir otras drogas o sustancias incorporándolas en el dis","",19427,0,"character"
"2018","__enpg/Base de datos ENPG 2018 (PG).DTA","CC_1","L. MÓDULO CONSUMO Y CONDUCCIÓN  ¿Tiene licencia de conducir?","Si=1; No=2; No sabe=88; No contesta=99",19427,1234,"haven_labelled;vctrs_vctr;double"
"2018","__enpg/Base de datos ENPG 2018 (PG).DTA","CC_2","Durante los últimos 12 meses, ¿Ha manejado algún vehículo después de haber consu","Si=1; No=2; No sabe=88; No contesta=99",19427,12804,"haven_labelled;vctrs_vctr;double"
"2018","__enpg/Base de datos ENPG 2018 (PG).DTA","CC_3","Durante los últimos 12 meses, ¿Ha manejado algún vehículo después de haber consu","Si=1; No=2; No sabe=88; No contesta=99",19427,12804,"haven_labelled;vctrs_vctr;double"
"2018","__enpg/Base de datos ENPG 2018 (PG).DTA","CC_4","Durante los últimos 12 meses, ¿Ha manejado algún vehículo después de haber consu","Si, especifique=1; No=2; No sabe=88; No contesta=99",19427,12804,"haven_labelled;vctrs_vctr;double"
"2018","__enpg/Base de datos ENPG 2018 (PG).DTA","Q_279_S","Durante los últimos 12 meses, ¿Ha manejado algún vehículo después de haber consu","",19427,0,"character"
"2018","__enpg/Base de datos ENPG 2018 (PG).DTA","TRATA_1","M. MÓDULO TRATAMIENTO  ¿Ha recibido Ud. alguna vez en su vida algún tipo de trat","Si=1; No=2",19427,0,"haven_labelled;vctrs_vctr;double"
"2018","__enpg/Base de datos ENPG 2018 (PG).DTA","TRATA_2","¿Durante los últimos 12 meses ha recibido Ud. algún tipo de tratamiento por el c","Si=1; No=2",19427,19138,"haven_labelled;vctrs_vctr;double"
"2018","__enpg/Base de datos ENPG 2018 (PG).DTA","TRATA_3","¿Este tratamiento que Ud. recibió durante los últimos 12 meses fue sólo por cons","Solo por consumo de alcohol=1; Solo por consumo de drogas=2; Por consumo de alcohol y otras drogas=3",19427,19343,"haven_labelled;vctrs_vctr;double"
"2018","__enpg/Base de datos ENPG 2018 (PG).DTA","TRATA_4","Durante los últimos 12 meses, ¿Ha sentido la necesidad de recibir algún tipo de","Si, solo por consumo de alcohol=1; Si, solo por consumo de drogas=2; Si, por consumo de alcohol y otras drogas=3; No=4",19427,84,"haven_labelled;vctrs_vctr;double"
"2018","__enpg/Base de datos ENPG 2018 (PG).DTA","TRATA_5","Durante los últimos 12 meses, ¿Ha intentado obtener algún tipo de ayuda o tratam","Si, solo por consumo de alcohol=1; Si, solo por consumo de drogas=2; Si, por consumo de alcohol y otras drogas=3; No=4",19427,19276,"haven_labelled;vctrs_vctr;double"
"2018","__enpg/Base de datos ENPG 2018 (PG).DTA","TRATA_6_O1","¿Por qué motivo o razón no intento pedir ayuda o tratamiento? (SEÑALE 3 MOTIVOS","Falta información de dónde ir para recibir tratamiento=1; No tenía transporte para ir al centro de tratamiento o el=2; No podía pagar el costo del transporte=3; No podía pagar el costo del tratamiento.=4; No hay cupos o hay largas listas y tiempos de espera=5; Las horas de atención que ofrecen son incompatibles, debi=6; Me preocupaba que recibir tratamiento causara que mis vec=7; Me preocupaba que recibir tratamiento tuviera un efecto n=8; Los tratamientos que ofrecen son malos=9; No estaba dispuesto a dejar el consumo=10; Otra razón=11",19427,19347,"haven_labelled;vctrs_vctr;double"
"2018","__enpg/Base de datos ENPG 2018 (PG).DTA","TRATA_6_O2","¿Por qué motivo o razón no intento pedir ayuda o tratamiento? (SEÑALE 3 MOTIVOS","Falta información de dónde ir para recibir tratamiento=1; No tenía transporte para ir al centro de tratamiento o el=2; No podía pagar el costo del transporte=3; No podía pagar el costo del tratamiento.=4; No hay cupos o hay largas listas y tiempos de espera=5; Las horas de atención que ofrecen son incompatibles, debi=6; Me preocupaba que recibir tratamiento causara que mis vec=7; Me preocupaba que recibir tratamiento tuviera un efecto n=8; Los tratamientos que ofrecen son malos=9; No estaba dispuesto a dejar el consumo=10; Otra razón=11",19427,19387,"haven_labelled;vctrs_vctr;double"
"2018","__enpg/Base de datos ENPG 2018 (PG).DTA","TRATA_6_O3","¿Por qué motivo o razón no intento pedir ayuda o tratamiento? (SEÑALE 3 MOTIVOS","Falta información de dónde ir para recibir tratamiento=1; No tenía transporte para ir al centro de tratamiento o el=2; No podía pagar el costo del transporte=3; No podía pagar el costo del tratamiento.=4; No hay cupos o hay largas listas y tiempos de espera=5; Las horas de atención que ofrecen son incompatibles, debi=6; Me preocupaba que recibir tratamiento causara que mis vec=7; Me preocupaba que recibir tratamiento tuviera un efecto n=8; Los tratamientos que ofrecen son malos=9; No estaba dispuesto a dejar el consumo=10; Otra razón=11",19427,19397,"haven_labelled;vctrs_vctr;double"
"2018","__enpg/Base de datos ENPG 2018 (PG).DTA","T_PR_1_1","Fuma una o más de una cajetilla de cigarrillos al día","Ningún riesgo=1; Riesgo leve=2; Riesgo moderado=3; Riesgo grande=4; No sabe=88",19427,0,"haven_labelled;vctrs_vctr;double"
"2018","__enpg/Base de datos ENPG 2018 (PG).DTA","T_PR_1_2","Toma tres o más tragos por ocasión","Ningún riesgo=1; Riesgo leve=2; Riesgo moderado=3; Riesgo grande=4; No sabe=88",19427,0,"haven_labelled;vctrs_vctr;double"
"2018","__enpg/Base de datos ENPG 2018 (PG).DTA","T_PR_1_3","Toma cinco o más tragos diariamente","Ningún riesgo=1; Riesgo leve=2; Riesgo moderado=3; Riesgo grande=4; No sabe=88",19427,0,"haven_labelled;vctrs_vctr;double"
"2018","__enpg/Base de datos ENPG 2018 (PG).DTA","T_PR_1_4","Prueba marihuana una o dos veces (uso experimental)","Ningún riesgo=1; Riesgo leve=2; Riesgo moderado=3; Riesgo grande=4; No sabe=88",19427,0,"haven_labelled;vctrs_vctr;double"
"2018","__enpg/Base de datos ENPG 2018 (PG).DTA","T_PR_1_5","Fuma marihuana frecuentemente","Ningún riesgo=1; Riesgo leve=2; Riesgo moderado=3; Riesgo grande=4; No sabe=88",19427,0,"haven_labelled;vctrs_vctr;double"
"2018","__enpg/Base de datos ENPG 2018 (PG).DTA","T_PR_1_6","Prueba cocaína una o dos veces (uso experimental)","Ningún riesgo=1; Riesgo leve=2; Riesgo moderado=3; Riesgo grande=4; No sabe=88",19427,0,"haven_labelled;vctrs_vctr;double"
"2018","__enpg/Base de datos ENPG 2018 (PG).DTA","T_PR_1_7","Usa cocaína frecuentemente","Ningún riesgo=1; Riesgo leve=2; Riesgo moderado=3; Riesgo grande=4; No sabe=88",19427,0,"haven_labelled;vctrs_vctr;double"
"2018","__enpg/Base de datos ENPG 2018 (PG).DTA","T_PR_1_8","Prueba pasta base una o dos veces (uso experimental)","Ningún riesgo=1; Riesgo leve=2; Riesgo moderado=3; Riesgo grande=4; No sabe=88",19427,0,"haven_labelled;vctrs_vctr;double"
"2018","__enpg/Base de datos ENPG 2018 (PG).DTA","T_PR_1_9","Usa pasta base frecuentemente","Ningún riesgo=1; Riesgo leve=2; Riesgo moderado=3; Riesgo grande=4; No sabe=88",19427,0,"haven_labelled;vctrs_vctr;double"
"2018","__enpg/Base de datos ENPG 2018 (PG).DTA","T_PR_1_10","Prueba éxtasis una o dos veces (uso experimental)","Ningún riesgo=1; Riesgo leve=2; Riesgo moderado=3; Riesgo grande=4; No sabe=88",19427,0,"haven_labelled;vctrs_vctr;double"
"2018","__enpg/Base de datos ENPG 2018 (PG).DTA","T_PR_1_11","Usa éxtasis frecuentemente","Ningún riesgo=1; Riesgo leve=2; Riesgo moderado=3; Riesgo grande=4; No sabe=88",19427,0,"haven_labelled;vctrs_vctr;double"
"2018","__enpg/Base de datos ENPG 2018 (PG).DTA","EB_1","O. MÓDULO ENTORNO Y BARRIO  Hasta donde Ud. sabe, ¿alguien en su casa, distinto","Si, solo por consumo de alcohol=1; Si, solo por consumo de drogas=2; Si, por consumo de alcohol y drogas=3; No=4; No sabe=88; No contesta=99",19427,0,"haven_labelled;vctrs_vctr;double"
"2018","__enpg/Base de datos ENPG 2018 (PG).DTA","T_EB_2_1","Marihuana","Si=1; No=2; No sabe=88; No contesta=99",19427,0,"haven_labelled;vctrs_vctr;double"
"2018","__enpg/Base de datos ENPG 2018 (PG).DTA","T_EB_2_2","Pasta base","Si=1; No=2; No sabe=88; No contesta=99",19427,0,"haven_labelled;vctrs_vctr;double"
"2018","__enpg/Base de datos ENPG 2018 (PG).DTA","T_EB_2_3","Cocaína","Si=1; No=2; No sabe=88; No contesta=99",19427,0,"haven_labelled;vctrs_vctr;double"
"2018","__enpg/Base de datos ENPG 2018 (PG).DTA","T_EB_3_1","Tráfico de drogas","Mucho=1; Bastante=2; Algo=3; Poco=4; Nada=5; No sabe=88; No contesta=99",19427,0,"haven_labelled;vctrs_vctr;double"
"2018","__enpg/Base de datos ENPG 2018 (PG).DTA","T_EB_3_2","Robos en las casas","Mucho=1; Bastante=2; Algo=3; Poco=4; Nada=5; No sabe=88; No contesta=99",19427,0,"haven_labelled;vctrs_vctr;double"
"2018","__enpg/Base de datos ENPG 2018 (PG).DTA","T_EB_3_3","Rayado en las paredes, daños al alumbrado o cosas parecidas","Mucho=1; Bastante=2; Algo=3; Poco=4; Nada=5; No sabe=88; No contesta=99",19427,0,"haven_labelled;vctrs_vctr;double"
"2018","__enpg/Base de datos ENPG 2018 (PG).DTA","T_EB_3_4","Consumo de drogas ilícitas en lugares públicos como en la calle o plazas","Mucho=1; Bastante=2; Algo=3; Poco=4; Nada=5; No sabe=88; No contesta=99",19427,0,"haven_labelled;vctrs_vctr;double"
"2018","__enpg/Base de datos ENPG 2018 (PG).DTA","T_EB_3_5","Asaltos o robos en las calles","Mucho=1; Bastante=2; Algo=3; Poco=4; Nada=5; No sabe=88; No contesta=99",19427,0,"haven_labelled;vctrs_vctr;double"
"2018","__enpg/Base de datos ENPG 2018 (PG).DTA","T_EB_3_6","Jóvenes parados no haciendo nada en las esquinas","Mucho=1; Bastante=2; Algo=3; Poco=4; Nada=5; No sabe=88; No contesta=99",19427,0,"haven_labelled;vctrs_vctr;double"
"2018","__enpg/Base de datos ENPG 2018 (PG).DTA","T_EB_3_7","Balaceras y acciones violentas con armas de fuego","Mucho=1; Bastante=2; Algo=3; Poco=4; Nada=5; No sabe=88; No contesta=99",19427,0,"haven_labelled;vctrs_vctr;double"
"2018","__enpg/Base de datos ENPG 2018 (PG).DTA","T_EB_3_8","Venta clandestina de alcohol","Mucho=1; Bastante=2; Algo=3; Poco=4; Nada=5; No sabe=88; No contesta=99",19427,0,"haven_labelled;vctrs_vctr;double"
"2018","__enpg/Base de datos ENPG 2018 (PG).DTA","T_EB_4_1","Marihuana","Le sería muy fácil=1; Le sería fácil=2; Le sería difícil=3; Le sería muy difícil=4; No podría conseguir=5; No sabe=88; No contesta=99",19427,0,"haven_labelled;vctrs_vctr;double"
"2018","__enpg/Base de datos ENPG 2018 (PG).DTA","T_EB_4_2","Cocaína","Le sería muy fácil=1; Le sería fácil=2; Le sería difícil=3; Le sería muy difícil=4; No podría conseguir=5; No sabe=88; No contesta=99",19427,0,"haven_labelled;vctrs_vctr;double"
"2018","__enpg/Base de datos ENPG 2018 (PG).DTA","T_EB_4_3","Pasta base","Le sería muy fácil=1; Le sería fácil=2; Le sería difícil=3; Le sería muy difícil=4; No podría conseguir=5; No sabe=88; No contesta=99",19427,0,"haven_labelled;vctrs_vctr;double"
"2018","__enpg/Base de datos ENPG 2018 (PG).DTA","T_EB_4_4","Éxtasis","Le sería muy fácil=1; Le sería fácil=2; Le sería difícil=3; Le sería muy difícil=4; No podría conseguir=5; No sabe=88; No contesta=99",19427,0,"haven_labelled;vctrs_vctr;double"
"2018","__enpg/Base de datos ENPG 2018 (PG).DTA","T_EB_4_5","Anfetaminas sin receta","Le sería muy fácil=1; Le sería fácil=2; Le sería difícil=3; Le sería muy difícil=4; No podría conseguir=5; No sabe=88; No contesta=99",19427,0,"haven_labelled;vctrs_vctr;double"
"2018","__enpg/Base de datos ENPG 2018 (PG).DTA","T_EB_5_1","Marihuana","Menos de una hora=1; Algunas pocas horas=2; Dentro del día=3; Dentro de la semana=4; No podría conseguirla=5; No sabe=88",19427,0,"haven_labelled;vctrs_vctr;double"
"2018","__enpg/Base de datos ENPG 2018 (PG).DTA","T_EB_5_2","Cocaína","Menos de una hora=1; Algunas pocas horas=2; Dentro del día=3; Dentro de la semana=4; No podría conseguirla=5; No sabe=88",19427,0,"haven_labelled;vctrs_vctr;double"
"2018","__enpg/Base de datos ENPG 2018 (PG).DTA","T_EB_5_3","Pasta base","Menos de una hora=1; Algunas pocas horas=2; Dentro del día=3; Dentro de la semana=4; No podría conseguirla=5; No sabe=88",19427,0,"haven_labelled;vctrs_vctr;double"
"2018","__enpg/Base de datos ENPG 2018 (PG).DTA","T_EB_5_4","Éxtasis","Menos de una hora=1; Algunas pocas horas=2; Dentro del día=3; Dentro de la semana=4; No podría conseguirla=5; No sabe=88",19427,0,"haven_labelled;vctrs_vctr;double"
"2018","__enpg/Base de datos ENPG 2018 (PG).DTA","T_EB_5_5","Anfetaminas sin receta","Menos de una hora=1; Algunas pocas horas=2; Dentro del día=3; Dentro de la semana=4; No podría conseguirla=5; No sabe=88",19427,0,"haven_labelled;vctrs_vctr;double"
"2018","__enpg/Base de datos ENPG 2018 (PG).DTA","T_EB_6_1","Marihuana","Nunca me han ofrecido=0; En los Últimos 30 días=1; Hace más de un mes, pero menos de un año=2; Hace más de un año=3",19427,0,"haven_labelled;vctrs_vctr;double"
"2018","__enpg/Base de datos ENPG 2018 (PG).DTA","T_EB_6_2","Cocaína","Nunca me han ofrecido=0; En los Últimos 30 días=1; Hace más de un mes, pero menos de un año=2; Hace más de un año=3",19427,0,"haven_labelled;vctrs_vctr;double"
"2018","__enpg/Base de datos ENPG 2018 (PG).DTA","T_EB_6_3","Pasta base","Nunca me han ofrecido=0; En los Últimos 30 días=1; Hace más de un mes, pero menos de un año=2; Hace más de un año=3",19427,0,"haven_labelled;vctrs_vctr;double"
"2018","__enpg/Base de datos ENPG 2018 (PG).DTA","T_EB_6_4","Éxtasis","Nunca me han ofrecido=0; En los Últimos 30 días=1; Hace más de un mes, pero menos de un año=2; Hace más de un año=3",19427,0,"haven_labelled;vctrs_vctr;double"
"2018","__enpg/Base de datos ENPG 2018 (PG).DTA","T_EB_6_5","Anfetaminas sin receta","Nunca me han ofrecido=0; En los Últimos 30 días=1; Hace más de un mes, pero menos de un año=2; Hace más de un año=3",19427,0,"haven_labelled;vctrs_vctr;double"
"2018","__enpg/Base de datos ENPG 2018 (PG).DTA","T_EB_7_1","Marihuana","En la casa=1; En los alrededores de la casa, barrio o comuna=2; En lugar de estudios o trabajo=3; En alrededores lugar de estudios o trabajo=4; En una fiesta, junta, discoteque, recitales=5; Por internet, mail o chat=6; En otro lugar=7",19427,12622,"haven_labelled;vctrs_vctr;double"
"2018","__enpg/Base de datos ENPG 2018 (PG).DTA","T_EB_7_2","Cocaína","En la casa=1; En los alrededores de la casa, barrio o comuna=2; En lugar de estudios o trabajo=3; En alrededores lugar de estudios o trabajo=4; En una fiesta, junta, discoteque, recitales=5; Por internet, mail o chat=6; En otro lugar=7",19427,17140,"haven_labelled;vctrs_vctr;double"
"2018","__enpg/Base de datos ENPG 2018 (PG).DTA","T_EB_7_3","Pasta base","En la casa=1; En los alrededores de la casa, barrio o comuna=2; En lugar de estudios o trabajo=3; En alrededores lugar de estudios o trabajo=4; En una fiesta, junta, discoteque, recitales=5; Por internet, mail o chat=6; En otro lugar=7",19427,18125,"haven_labelled;vctrs_vctr;double"
"2018","__enpg/Base de datos ENPG 2018 (PG).DTA","T_EB_7_4","Éxtasis","En la casa=1; En los alrededores de la casa, barrio o comuna=2; En lugar de estudios o trabajo=3; En alrededores lugar de estudios o trabajo=4; En una fiesta, junta, discoteque, recitales=5; Por internet, mail o chat=6; En otro lugar=7",19427,18700,"haven_labelled;vctrs_vctr;double"
"2018","__enpg/Base de datos ENPG 2018 (PG).DTA","T_EB_7_5","Anfetaminas sin receta","En la casa=1; En los alrededores de la casa, barrio o comuna=2; En lugar de estudios o trabajo=3; En alrededores lugar de estudios o trabajo=4; En una fiesta, junta, discoteque, recitales=5; Por internet, mail o chat=6; En otro lugar=7",19427,18818,"haven_labelled;vctrs_vctr;double"
"2018","__enpg/Base de datos ENPG 2018 (PG).DTA","T_AM_1_1","Las autoridades de la comuna (alcalde/alcaldesa)?","Si=1; No=2; No sabe=88; No contesta=99",19427,0,"haven_labelled;vctrs_vctr;double"
"2018","__enpg/Base de datos ENPG 2018 (PG).DTA","T_AM_1_2","Parlamentarios y parlamentarias (senadores/as-diputados/as)?","Si=1; No=2; No sabe=88; No contesta=99",19427,0,"haven_labelled;vctrs_vctr;double"
"2018","__enpg/Base de datos ENPG 2018 (PG).DTA","T_AM_1_3","Las autoridades de gobierno?","Si=1; No=2; No sabe=88; No contesta=99",19427,0,"haven_labelled;vctrs_vctr;double"
"2018","__enpg/Base de datos ENPG 2018 (PG).DTA","AM_2","En su opinión y según lo que usted sabe ¿Cómo evalúa usted el desempeño de las a","Excelente=1; Muy buena=2; Buena=3; Regular=4; Mala=5; Muy mala=6; Pésima=7; No sabe, no dispone de información suficiente como para e=8",19427,0,"haven_labelled;vctrs_vctr;double"
"2018","__enpg/Base de datos ENPG 2018 (PG).DTA","AM_3_O1","En esta tarjeta 32 (Mostrar Tarjeta 32) aparecen algunas medidas que las autorid","Aumentar el castigo a los traficantes=1; Establecer un castigo a los consumidores=2; Desarrollar programas de prevención en colegios=3; Hacer campañas a través de medios de comunicación=4; Aumentar los recursos policiales=5; Entregar mayores fondos para tratamiento y rehabilitación=6; Implementar acciones que faciliten la inclusión de person=7; Informar y educar a los adultos para que eviten el consum=8; No contesta=99",19427,0,"haven_labelled;vctrs_vctr;double"
"2018","__enpg/Base de datos ENPG 2018 (PG).DTA","AM_3_O2","En esta tarjeta 32 (Mostrar Tarjeta 32) aparecen algunas medidas que las autorid","Aumentar el castigo a los traficantes=1; Establecer un castigo a los consumidores=2; Desarrollar programas de prevención en colegios=3; Hacer campañas a través de medios de comunicación=4; Aumentar los recursos policiales=5; Entregar mayores fondos para tratamiento y rehabilitación=6; Implementar acciones que faciliten la inclusión de person=7; Informar y educar a los adultos para que eviten el consum=8; No contesta=99",19427,1238,"haven_labelled;vctrs_vctr;double"
"2018","__enpg/Base de datos ENPG 2018 (PG).DTA","AM_3_O3","En esta tarjeta 32 (Mostrar Tarjeta 32) aparecen algunas medidas que las autorid","Aumentar el castigo a los traficantes=1; Establecer un castigo a los consumidores=2; Desarrollar programas de prevención en colegios=3; Hacer campañas a través de medios de comunicación=4; Aumentar los recursos policiales=5; Entregar mayores fondos para tratamiento y rehabilitación=6; Implementar acciones que faciliten la inclusión de person=7; Informar y educar a los adultos para que eviten el consum=8; No contesta=99",19427,1920,"haven_labelled;vctrs_vctr;double"
"2018","__enpg/Base de datos ENPG 2018 (PG).DTA","T_AM_4_1","En el trabajo","Si	=1; No=2; No aplica=77; No sabe=88; No contesta=99",19427,0,"haven_labelled;vctrs_vctr;double"
"2018","__enpg/Base de datos ENPG 2018 (PG).DTA","T_AM_4_2","En la escuela o colegio","Si	=1; No=2; No aplica=77; No sabe=88; No contesta=99",19427,0,"haven_labelled;vctrs_vctr;double"
"2018","__enpg/Base de datos ENPG 2018 (PG).DTA","T_AM_4_3","En la universidad","Si	=1; No=2; No aplica=77; No sabe=88; No contesta=99",19427,0,"haven_labelled;vctrs_vctr;double"
"2018","__enpg/Base de datos ENPG 2018 (PG).DTA","T_AM_4_4","En el consultorio o COSAM","Si	=1; No=2; No aplica=77; No sabe=88; No contesta=99",19427,0,"haven_labelled;vctrs_vctr;double"
"2018","__enpg/Base de datos ENPG 2018 (PG).DTA","T_AM_4_5","En el barrio, centro comunitario","Si	=1; No=2; No aplica=77; No sabe=88; No contesta=99",19427,0,"haven_labelled;vctrs_vctr;double"
"2018","__enpg/Base de datos ENPG 2018 (PG).DTA","T_AM_4_6","En la iglesia","Si	=1; No=2; No aplica=77; No sabe=88; No contesta=99",19427,0,"haven_labelled;vctrs_vctr;double"
"2018","__enpg/Base de datos ENPG 2018 (PG).DTA","T_AM_4_7","En la discoteca, pubs o lugares de carrete","Si	=1; No=2; No aplica=77; No sabe=88; No contesta=99",19427,0,"haven_labelled;vctrs_vctr;double"
"2018","__enpg/Base de datos ENPG 2018 (PG).DTA","AM_5","¿Sabe Ud. qué es el SENDA?","Si=1; No=2; No sabe=88; No contesta=99",19427,0,"haven_labelled;vctrs_vctr;double"
"2018","__enpg/Base de datos ENPG 2018 (PG).DTA","AM_6","¿Y qué hace el SENDA? ENCUESTADOR: RESPUESTA CORRECTA ES LA QUE VINCULA A SENDA","Respuesta correcta=1; Respuesta incorrecta=2; No sabe=88; No contesta=99",19427,14630,"haven_labelled;vctrs_vctr;double"
"2018","__enpg/Base de datos ENPG 2018 (PG).DTA","T_OP_1_1","Aumentar el impuesto a las bebidas alcohólicas","Muy de acuerdo=1; De acuerdo=2; En desacuerdo=3; Muy en desacuerdo=4; No sabe=88; No contesta=99",19427,0,"haven_labelled;vctrs_vctr;double"
"2018","__enpg/Base de datos ENPG 2018 (PG).DTA","T_OP_1_2","Reducir el número de locales que venden bebidas alcohólicas","Muy de acuerdo=1; De acuerdo=2; En desacuerdo=3; Muy en desacuerdo=4; No sabe=88; No contesta=99",19427,0,"haven_labelled;vctrs_vctr;double"
"2018","__enpg/Base de datos ENPG 2018 (PG).DTA","T_OP_1_3","Aumentar el límite de 18 a 21 años para comprar alcohol","Muy de acuerdo=1; De acuerdo=2; En desacuerdo=3; Muy en desacuerdo=4; No sabe=88; No contesta=99",19427,0,"haven_labelled;vctrs_vctr;double"
"2018","__enpg/Base de datos ENPG 2018 (PG).DTA","T_OP_1_4","Eliminar el auspicio de bebidas alcohólicas para equipos o eventos deportivos","Muy de acuerdo=1; De acuerdo=2; En desacuerdo=3; Muy en desacuerdo=4; No sabe=88; No contesta=99",19427,0,"haven_labelled;vctrs_vctr;double"
"2018","__enpg/Base de datos ENPG 2018 (PG).DTA","T_OP_1_5","Reducir la hora límite para vender alcohol en las noches","Muy de acuerdo=1; De acuerdo=2; En desacuerdo=3; Muy en desacuerdo=4; No sabe=88; No contesta=99",19427,0,"haven_labelled;vctrs_vctr;double"
"2018","__enpg/Base de datos ENPG 2018 (PG).DTA","T_OP_1_6","Prohibir venta de alcohol en supermercados","Muy de acuerdo=1; De acuerdo=2; En desacuerdo=3; Muy en desacuerdo=4; No sabe=88; No contesta=99",19427,0,"haven_labelled;vctrs_vctr;double"
"2018","__enpg/Base de datos ENPG 2018 (PG).DTA","T_OP_1_7","Eliminar propaganda de alcohol en los de medios de comunicación (TV, Radio, rede","Muy de acuerdo=1; De acuerdo=2; En desacuerdo=3; Muy en desacuerdo=4; No sabe=88; No contesta=99",19427,0,"haven_labelled;vctrs_vctr;double"
"2018","__enpg/Base de datos ENPG 2018 (PG).DTA","T_OP_2_1","	El consumo de alcohol es el principal responsable de la delincuencia en este pa","Muy de acuerdo=1; De acuerdo=2; En desacuerdo=3; Muy en desacuerdo=4; No sabe=88; No contesta=99",19427,0,"haven_labelled;vctrs_vctr;double"
"2018","__enpg/Base de datos ENPG 2018 (PG).DTA","T_OP_2_2","	El tabaco produce más daño que la marihuana","Muy de acuerdo=1; De acuerdo=2; En desacuerdo=3; Muy en desacuerdo=4; No sabe=88; No contesta=99",19427,0,"haven_labelled;vctrs_vctr;double"
"2018","__enpg/Base de datos ENPG 2018 (PG).DTA","T_OP_2_3","	Los cigarrillos electrónicos ayudan a la gente a dejar de fumar","Muy de acuerdo=1; De acuerdo=2; En desacuerdo=3; Muy en desacuerdo=4; No sabe=88; No contesta=99",19427,0,"haven_labelled;vctrs_vctr;double"
"2018","__enpg/Base de datos ENPG 2018 (PG).DTA","T_OP_2_4","	Los cigarrillos electrónicos son menos peligrosos que los cigarrillos","Muy de acuerdo=1; De acuerdo=2; En desacuerdo=3; Muy en desacuerdo=4; No sabe=88; No contesta=99",19427,0,"haven_labelled;vctrs_vctr;double"
"2018","__enpg/Base de datos ENPG 2018 (PG).DTA","T_OP_2_5","	Los cigarrillos electrónicos son menos adictivos que los cigarrillos","Muy de acuerdo=1; De acuerdo=2; En desacuerdo=3; Muy en desacuerdo=4; No sabe=88; No contesta=99",19427,0,"haven_labelled;vctrs_vctr;double"
"2018","__enpg/Base de datos ENPG 2018 (PG).DTA","T_OP_3_1","	La mayoría de los jóvenes fuma marihuana","Muy de acuerdo=1; De acuerdo=2; En desacuerdo=3; Muy en desacuerdo=4; No sabe=88; No contesta=99",19427,0,"haven_labelled;vctrs_vctr;double"
"2018","__enpg/Base de datos ENPG 2018 (PG).DTA","T_OP_3_2","	La marihuana produce menos daño que el alcohol","Muy de acuerdo=1; De acuerdo=2; En desacuerdo=3; Muy en desacuerdo=4; No sabe=88; No contesta=99",19427,0,"haven_labelled;vctrs_vctr;double"
"2018","__enpg/Base de datos ENPG 2018 (PG).DTA","T_OP_3_3","	El consumo y el tráfico de drogas es el principal responsable de la delincuenci","Muy de acuerdo=1; De acuerdo=2; En desacuerdo=3; Muy en desacuerdo=4; No sabe=88; No contesta=99",19427,0,"haven_labelled;vctrs_vctr;double"
"2018","__enpg/Base de datos ENPG 2018 (PG).DTA","T_OP_3_4","	La marihuana debería ser legal para los mayores de 18 años","Muy de acuerdo=1; De acuerdo=2; En desacuerdo=3; Muy en desacuerdo=4; No sabe=88; No contesta=99",19427,0,"haven_labelled;vctrs_vctr;double"
"2018","__enpg/Base de datos ENPG 2018 (PG).DTA","T_OP_3_5","	Las drogas han hecho más violentos a los delincuentes","Muy de acuerdo=1; De acuerdo=2; En desacuerdo=3; Muy en desacuerdo=4; No sabe=88; No contesta=99",19427,0,"haven_labelled;vctrs_vctr;double"
"2018","__enpg/Base de datos ENPG 2018 (PG).DTA","T_OP_3_6","	Se debería dejar tranquilos a los que consumen drogas: después de todo es asunt","Muy de acuerdo=1; De acuerdo=2; En desacuerdo=3; Muy en desacuerdo=4; No sabe=88; No contesta=99",19427,0,"haven_labelled;vctrs_vctr;double"
"2018","__enpg/Base de datos ENPG 2018 (PG).DTA","T_OP_4_1","Suspender el juicio de quienes han delinquido por primera vez a cambio de que in","Muy de acuerdo=1; De acuerdo=2; En desacuerdo=3; Muy en desacuerdo=4; No sabe=88; No contesta=99",19427,0,"haven_labelled;vctrs_vctr;double"
"2018","__enpg/Base de datos ENPG 2018 (PG).DTA","T_OP_4_2","Dar la misma pena a quienes trafican con marihuana que los que trafican con coca","Muy de acuerdo=1; De acuerdo=2; En desacuerdo=3; Muy en desacuerdo=4; No sabe=88; No contesta=99",19427,0,"haven_labelled;vctrs_vctr;double"
"2018","__enpg/Base de datos ENPG 2018 (PG).DTA","T_OP_4_3","Permitir el uso de marihuana para fines terapéuticos","Muy de acuerdo=1; De acuerdo=2; En desacuerdo=3; Muy en desacuerdo=4; No sabe=88; No contesta=99",19427,0,"haven_labelled;vctrs_vctr;double"
"2018","__enpg/Base de datos ENPG 2018 (PG).DTA","T_OP_4_4","Autorizar que se registre a los alumnos/alumnas a la entrada de sus colegios par","Muy de acuerdo=1; De acuerdo=2; En desacuerdo=3; Muy en desacuerdo=4; No sabe=88; No contesta=99",19427,0,"haven_labelled;vctrs_vctr;double"
"2018","__enpg/Base de datos ENPG 2018 (PG).DTA","T_OP_4_5","Penalizar el porte y consumo de marihuana aunque sea en pequeñas cantidades y pa","Muy de acuerdo=1; De acuerdo=2; En desacuerdo=3; Muy en desacuerdo=4; No sabe=88; No contesta=99",19427,0,"haven_labelled;vctrs_vctr;double"
"2018","__enpg/Base de datos ENPG 2018 (PG).DTA","CO_1","R. MÓDULO TRABAJO  La semana pasada, ¿trabajó al menos una hora, sin considerar","Sí=1; No=2",19427,0,"haven_labelled;vctrs_vctr;double"
"2018","__enpg/Base de datos ENPG 2018 (PG).DTA","CO_2","Aunque no trabajó la semana pasada, ¿realizó alguna actividad por lo menos duran","Sí=1; No=2",19427,11824,"haven_labelled;vctrs_vctr;double"
"2018","__enpg/Base de datos ENPG 2018 (PG).DTA","CO_3","Aunque no trabajó la semana pasada, ¿tenía empleo del cual estuvo ausente tempor","Si=1; No=2",19427,12380,"haven_labelled;vctrs_vctr;double"
"2018","__enpg/Base de datos ENPG 2018 (PG).DTA","CO_4","¿Buscó trabajo remunerado o realizó alguna gestión para iniciar una actividad po","Si=1; No=2",19427,12833,"haven_labelled;vctrs_vctr;double"
"2018","__enpg/Base de datos ENPG 2018 (PG).DTA","CO_5","¿Cuál es la razón por la que no buscó trabajo o realizó alguna gestión para inic","Consiguió trabajo que empezará pronto o iniciará una activid=1; Está esperando resultado de gestiones ya emprendidas=2; No tiene con quien dejar a los niños=3; No tiene con quien dejar a adultos mayores=4; No tiene con quien dejar a otro familiar=5; Está enfermo o tiene una discapacidad=6; Percepción de limitaciones personales=7; Piensa que nadie le dará trabajo (porque no cuenta con la ca=8; Las reglas, horarios y distancias de los trabajos no le acom=9; Ofrecen sueldos muy bajos=10; Que haceres del hogar=11; Estudiante=12; Jubilado(a), pensionado(a) o montepiada=13; Tiene otra fuente de ingreso (seguro de cesantía, mesadas, r=14; Se cansó de buscar o cree que no hay trabajo disponible=15; Busca cuando realmente lo necesita o tiene trabajo esporádic=16; No tiene interés en trabajar=17; Otra razón=18; Posibilidad de empezar a trabajar pronto=111; Limitaciones de condiciones familiares o personales=222; Condiciones laborales no se adecuan a expectativas=333; Tiene otra actividad o renta=444; Otros=555",19427,13170,"haven_labelled;vctrs_vctr;double"
"2018","__enpg/Base de datos ENPG 2018 (PG).DTA","CO_7","En su trabajo o negocio principal, ¿usted trabaja como? (Mostrar Tarjeta 34)","Patrón o empleador/a=1; Trabajador/a por cuenta propia=2; Empleado/a u obrero/a del sector público (Gobierno Centra=3; Empleado/a u obrero/a de empresas públicas=4; Empleado/a u obrero/a del sector privado=5; Servicio doméstico puertas adentro=6; Servicio doméstico puertas afuera=7; FF.AA. y del Orden=8; Familiar no remunerado=9",19427,6257,"haven_labelled;vctrs_vctr;double"
"2018","__enpg/Base de datos ENPG 2018 (PG).DTA","CO_9","¿Ha estado involucrado o tenido algún tipo de accidente laboral en los últimos 1","Si=1; No=2; No sabe=88; No contesta=99",19427,6587,"haven_labelled;vctrs_vctr;double"
"2018","__enpg/Base de datos ENPG 2018 (PG).DTA","DP_1","¿Cuántas personas viven en este hogar?","No contesta=999",19427,0,"haven_labelled;vctrs_vctr;double"
"2018","__enpg/Base de datos ENPG 2018 (PG).DTA","DP_2","¿Cuál es su estado civil actual (legal)?","Soltero/a=1; Casado/a=2; Divorciado/a=3; Viudo/a=4; Anulado/a=5; Conviviente civil=6",19427,0,"haven_labelled;vctrs_vctr;double"
"2018","__enpg/Base de datos ENPG 2018 (PG).DTA","DP_3","¿Actualmente cuál es su estado de hecho?","Casado/a vive con su esposo/a=1; Conviviente o pareja de distinto sexo=2; Conviviente o pareja del mismo sexo=3; No convive con pareja=4",19427,0,"haven_labelled;vctrs_vctr;double"
"2018","__enpg/Base de datos ENPG 2018 (PG).DTA","DP_4","En Chile, la ley reconoce nueve pueblos indígenas (originarios), ¿pertenece uste","Aymara=1; Rapa Nui=2; Quechua=3; Mapuche=4; Atacameño (Linkán Antai)=5; Colla=6; Kawésqar (Alacalufes)=7; Yagán (Yámana)=8; Diaguita=9; No pertenece a ningún pueblo indígena=10",19427,0,"haven_labelled;vctrs_vctr;double"
"2018","__enpg/Base de datos ENPG 2018 (PG).DTA","DP_5","¿Cuál es su religión o Credo?","Católica=1; Evangélica o Protestante=2; Judía=3; Musulmana=4; Mormón=5; Ortodoxa=6; Budista=7; Fe Bahá’í=8; Testigo de Jehová=9; Espiritualidad indígena=10; Otra=11; Ninguna=12",19427,0,"haven_labelled;vctrs_vctr;double"
"2018","__enpg/Base de datos ENPG 2018 (PG).DTA","DP_6","¿Cuál es su nacionalidad?","Chilena=1; Peruana=2; Colombiana=3; Boliviana=4; Argentina=5; Venezolana=6; Haitiana=7; Otro, especifique=8",19427,0,"haven_labelled;vctrs_vctr;double"
"2018","__enpg/Base de datos ENPG 2018 (PG).DTA","Q_319_S","¿Cuál es su nacionalidad?  [Other (specify)]","",19427,0,"character"
"2018","__enpg/Base de datos ENPG 2018 (PG).DTA","DP_7","¿Cuál de estas alternativas define mejor su orientación sexual? Se entiende por","Heterosexual (Atracción hacia el sexo opuesto)=1; Gay/Lesbiana (Atracción hacia el mismo sexo)=2; Bisexual (Atracción hacia ambos sexos)=3; Otro, especifique=4; No contesta=99",19427,1492,"haven_labelled;vctrs_vctr;double"
"2018","__enpg/Base de datos ENPG 2018 (PG).DTA","Q_321_S","¿Cuál de estas alternativas define mejor su orientación sexual? Se entiende por","",19427,0,"character"
"2018","__enpg/Base de datos ENPG 2018 (PG).DTA","DP_8","En cuánto a su género, ¿usted se identifica como?  La Identidad de Género hace r","Masculino=1; Femenino=2; Otro, especifique=3; No contesta=99",19427,1492,"haven_labelled;vctrs_vctr;double"
"2018","__enpg/Base de datos ENPG 2018 (PG).DTA","Q_322_S","En cuánto a su género, ¿usted se identifica como?  La Identidad de Género hace r","",19427,0,"character"
"2018","__enpg/Base de datos ENPG 2018 (PG).DTA","DP_9","¿A qué sistema previsional de salud pertenece usted?","Sistema público grupo A=1; Sistema público grupo B=2; Sistema público grupo C=3; Sistema público grupo D=4; Sistema público no sabe grupo=5; F.F.A.A y del Orden=6; isapre=7; Ninguno (particular)=8; Otro Sistema=9; No sabe=88; No contesta=99",19427,0,"haven_labelled;vctrs_vctr;double"
"2018","__enpg/Base de datos ENPG 2018 (PG).DTA","DP_10","¿Qué relación de parentesco tiene con el/la jefe/a de hogar? JEFE DE HOGAR SE DE","Jefe de Hogar=1; Esposo(a) /pareja=2; Hijo/a de ambos=3; Hijo/a sólo del jefe=4; Hijo sólo del esposo(a) /pareja=5; Padre o madre=6; Suegro(a)=7; Yerno o nuera=8; Nieto(a)=9; Hermano(a)=10; Cuñado(a)=11; Otro familiar=12; No familiar=13",19427,0,"haven_labelled;vctrs_vctr;double"
"2018","__enpg/Base de datos ENPG 2018 (PG).DTA","T_DP_11_1","Entrevistado no jefe de hogar","Si=1; No=2; No sabe=88; No contesta=99",19427,9482,"haven_labelled;vctrs_vctr;double"
"2018","__enpg/Base de datos ENPG 2018 (PG).DTA","T_DP_11_2","Jefe/a de hogar","Si=1; No=2; No sabe=88; No contesta=99",19427,0,"haven_labelled;vctrs_vctr;double"
"2018","__enpg/Base de datos ENPG 2018 (PG).DTA","T_DP_12_1","Entrevistado no jefe de hogar","Nunca asistió=1; Educación Especial (Diferencial)=2; Primaria o preparatoria (Sistema Antiguo)=3; Educación Básica=4; Humanidades (Sistema Antiguo)=5; Educación Media Científico Humanista=6; Técnica Comercial, Industrial o Normalista (Sistema Antig=7; Educación Media Técnico Profesional=8; Técnico de Nivel Superior=9; Profesional=10; Postítulo=11; Magíster=12; Doctorado=13; No Sabe=88",19427,9482,"haven_labelled;vctrs_vctr;double"
"2018","__enpg/Base de datos ENPG 2018 (PG).DTA","T_DP_12_2","Jefe/a de hogar","Nunca asistió=1; Educación Especial (Diferencial)=2; Primaria o preparatoria (Sistema Antiguo)=3; Educación Básica=4; Humanidades (Sistema Antiguo)=5; Educación Media Científico Humanista=6; Técnica Comercial, Industrial o Normalista (Sistema Antig=7; Educación Media Técnico Profesional=8; Técnico de Nivel Superior=9; Profesional=10; Postítulo=11; Magíster=12; Doctorado=13; No Sabe=88",19427,0,"haven_labelled;vctrs_vctr;double"
"2018","__enpg/Base de datos ENPG 2018 (PG).DTA","T_DP_13_1","Entrevistado no jefe de hogar","Si=1; No=2; No Aplica=77",19427,9482,"haven_labelled;vctrs_vctr;double"
"2018","__enpg/Base de datos ENPG 2018 (PG).DTA","T_DP_13_2","Jefe/a de hogar","Si=1; No=2; No Aplica=77",19427,0,"haven_labelled;vctrs_vctr;double"
"2018","__enpg/Base de datos ENPG 2018 (PG).DTA","T_DP_14_1","Entrevistado no jefe de hogar","Sin estudios=0; Primer año=1; Segundo año=2; Tercer año=3; Cuarto año=4; Quinto año=5; Sexto año=6; Séptimo año=7; Octavo año=8; No Aplica=77; No Sabe=88; No contesta=99",19427,9482,"haven_labelled;vctrs_vctr;double"
"2018","__enpg/Base de datos ENPG 2018 (PG).DTA","T_DP_14_2","Jefe/a de hogar","Sin estudios=0; Primer año=1; Segundo año=2; Tercer año=3; Cuarto año=4; Quinto año=5; Sexto año=6; Séptimo año=7; Octavo año=8; No Aplica=77; No Sabe=88; No contesta=99",19427,0,"haven_labelled;vctrs_vctr;double"
"2018","__enpg/Base de datos ENPG 2018 (PG).DTA","DP_15","¿Cuál de estas situaciones se aplica mejor a su caso?","Ud. aporta ingreso único=1; Ud. aporta el ingreso principal pero existen otros ingresos=2; Ud. aporta la mitad del ingreso del hogar=3; Ud. aporta ingreso pero no es el principal del hogar=4; Ud. no aporta ingresos al hogar=5; No sabe=88; No contesta=99",19427,0,"haven_labelled;vctrs_vctr;double"
"2018","__enpg/Base de datos ENPG 2018 (PG).DTA","DP_16","Aproximadamente y considerando un mes normal, ¿en cuáles de estos rangos se ubic","Menos de $100.000=1; Entre $100.001 y 200.000=2; Entre $200.001 y 300.000=3; Entre $300.001 y 400.000=4; Entre $400.001 y 500.000=5; Entre $500.001 y 750.000=6; Entre $750.001 y 1.000.000=7; Entre $1.000.001 y 1.500.000=8; Entre $1.500.001 y 2.000.000=9; Más de $2.000.000=10; No sabe=88; No contesta=99",19427,0,"haven_labelled;vctrs_vctr;double"
"2018","__enpg/Base de datos ENPG 2018 (PG).DTA","I_1_DP_17_1","(… del trabajo del primer perceptor (persona que recibe)?)","",19427,0,"numeric"
"2018","__enpg/Base de datos ENPG 2018 (PG).DTA","I_2_DP_17_1","(… del trabajo del segundo perceptor (persona que recibe)?)","",19427,0,"numeric"
"2018","__enpg/Base de datos ENPG 2018 (PG).DTA","I_3_DP_17_1","(… del trabajo del tercer perceptor (persona que recibe)?)","",19427,0,"numeric"
"2018","__enpg/Base de datos ENPG 2018 (PG).DTA","I_4_DP_17_1","(… por jubilaciones?)","",19427,0,"numeric"
"2018","__enpg/Base de datos ENPG 2018 (PG).DTA","I_5_DP_17_1","(… por Dividendo (acciones, intereses por depósitos, bonos)?)","",19427,0,"numeric"
"2018","__enpg/Base de datos ENPG 2018 (PG).DTA","I_6_DP_17_1","(… por Arriendos?)","",19427,0,"numeric"
"2018","__enpg/Base de datos ENPG 2018 (PG).DTA","I_7_DP_17_1","(… por Aportes Familiares?)","",19427,0,"numeric"
"2018","__enpg/Base de datos ENPG 2018 (PG).DTA","I_1_DP_17a","(… del trabajo del primer perceptor (persona que recibe)?)  El valor es en pesos","",19427,19406,"numeric"
"2018","__enpg/Base de datos ENPG 2018 (PG).DTA","I_2_DP_17a","(… del trabajo del segundo perceptor (persona que recibe)?)  El valor es en peso","",19427,19402,"numeric"
"2018","__enpg/Base de datos ENPG 2018 (PG).DTA","I_3_DP_17a","(… del trabajo del tercer perceptor (persona que recibe)?)  El valor es en pesos","",19427,19416,"numeric"
"2018","__enpg/Base de datos ENPG 2018 (PG).DTA","I_4_DP_17a","(… por jubilaciones?)  El valor es en pesos chilenos. Revise que no falte ningún","",19427,19416,"numeric"
"2018","__enpg/Base de datos ENPG 2018 (PG).DTA","I_5_DP_17a","(… por Dividendo (acciones, intereses por depósitos, bonos)?)  El valor es en pe","",19427,19419,"numeric"
"2018","__enpg/Base de datos ENPG 2018 (PG).DTA","I_6_DP_17a","(… por Arriendos?)  El valor es en pesos chilenos. Revise que no falte ningún ce","",19427,19419,"numeric"
"2018","__enpg/Base de datos ENPG 2018 (PG).DTA","I_7_DP_17a","(… por Aportes Familiares?)  El valor es en pesos chilenos. Revise que no falte","",19427,19421,"numeric"
"2018","__enpg/Base de datos ENPG 2018 (PG).DTA","DP_18","¿Recibió usted o alguien en su hogar el mes pasado ingresos por algún subsidio m","Si=1; No=7777777; No sabe=8888888; No contesta=9999999",19427,0,"haven_labelled;vctrs_vctr;double"
"2018","__enpg/Base de datos ENPG 2018 (PG).DTA","DP_18_a1","Especifique monto","",19427,16855,"numeric"
"2018","__enpg/Base de datos ENPG 2018 (PG).DTA","DP_18a","El valor es en pesos chilenos. Revise que no falte ningún cero.","",19427,19410,"numeric"
"2018","__enpg/Base de datos ENPG 2018 (PG).DTA","DP_19","Calidad de la vivienda.","Tipo 1=1; Tipo 2=2; Tipo 3=3; Tipo 4=4; Tipo 5=8",19427,0,"haven_labelled;vctrs_vctr;double"
"2018","__enpg/Base de datos ENPG 2018 (PG).DTA","DP_20","Calidad del Barrio","Tipo 1. Barrio residencial elegante, donde el valor del terr=1; Tipo 2. Barrio residencial, todavía acomodado, de calles amp=2; Tipo 3. Barrios de comercio o calles estrechas, antiguas, si=3; Tipo 4. Barrio obrero o barrio populoso o mal ventilado. El=4; Tipo 5. Barrio de mejoras y pocilgas desaseadas, sin pavimen=5",19427,0,"haven_labelled;vctrs_vctr;double"
"2018","__enpg/Base de datos ENPG 2018 (PG).DTA","idmanzana","","",19427,0,"numeric"
"2018","__enpg/Base de datos ENPG 2018 (PG).DTA","grupogrande","Grupo de Tamaño de la manzana","",19427,0,"numeric"
"2018","__enpg/Base de datos ENPG 2018 (PG).DTA","Seccion","group(idmanzana grupogrande)","",19427,0,"numeric"
"2018","__enpg/Base de datos ENPG 2018 (PG).DTA","comuna","comuna","",19427,0,"numeric"
"2018","__enpg/Base de datos ENPG 2018 (PG).DTA","Region","REGION16","",19427,0,"numeric"
"2018","__enpg/Base de datos ENPG 2018 (PG).DTA","Fexp","Factor de Expansión para personas a nivel comunal","",19427,0,"numeric"
"2018","__enpg/Base de datos ENPG 2018 (PG).DTA","Id_comuna","ID_COMUNA","",19427,0,"character"
"2018","__enpg/Base de datos ENPG 2018 (PG).DTA","Nom_comuna","Comuna","Iquique=1101; Alto Hospicio=1107; Antofagasta=2101; Calama=2201; Copiapó=3101; Vallenar=3301; La Serena=4101; Coquimbo=4102; Ovalle=4301; Valparaíso=5101; Concón=5103; Viña del Mar=5109; Los Andes=5301; Quillota=5501; Calera=5502; San Antonio=5601; San Felipe=5701; Quilpué=5801; Limache=5802; Villa Alemana=5804; Rancagua=6101; Graneros=6106; Machalí=6108; Mostazal=6110; Rengo=6115; San Vicente=6117; San Fernando=6301; Chimbarongo=6303; Talca=7101; Constitución=7102; Cauquenes=7201; Curicó=7301; Linares=7401; Parral=7404; Concepción=8101; Coronel=8102; Chiguayante=8103; Lota=8106; Penco=8107; San Pedro de la Paz=8108; Talcahuano=8110; Tomé=8111; Hualpén=8112; Curanilahue=8205; Los Angeles=8301; Chillán=8401; Chillán Viejo=8406; Temuco=9101; Lautaro=9108; Nueva Imperial=9111; Padre las Casas=9112; Pitrufquén=9114; Villarrica=9120; Angol=9201; Victoria=9211; Puerto Montt=10101; Castro=10201; Ancud=10202; Osorno=10301; Coihaique=11101; Aisén=11201; Punta Arenas=12101; Santiago=13101; Cerrillos=13102; Cerro Navia=13103; Conchalí=13104; El Bosque=13105; Estación Central=13106; Huechuraba=13107; Independencia=13108; La Cisterna=13109; La Florida=13110; La Granja=13111; La Pintana=13112; La Reina=13113; Las Condes=13114; Lo Barnechea=13115; Lo Espejo=13116; Lo Prado=13117; Macul=13118; Maipú=13119; Ñuñoa=13120; Pedro Aguirre Cerda=13121; Peñalolén=13122; Providencia=13123; Pudahuel=13124; Quilicura=13125; Quinta Normal=13126; Recoleta=13127; Renca=13128; San Joaquín=13129; San Miguel=13130; San Ramón=13131; Vitacura=13132; Puente Alto=13201; Colina=13301; Lampa=13302; San Bernardo=13401; Buin=13402; Paine=13404; Melipilla=13501; Talagante=13601; Padre Hurtado=13604; Peñaflor=13605; Valdivia=14101; Panguipulli=14108; La Unión=14201; Río Bueno=14204; Arica=15101",19427,0,"haven_labelled;vctrs_vctr;double"
"2020","__enpg/enpg2020.RDS","SbjNum","","",16662,0,"numeric"
"2020","__enpg/enpg2020.RDS","REGION","","",16662,0,"numeric"
"2020","__enpg/enpg2020.RDS","Nom_comuna","","",16662,0,"numeric"
"2020","__enpg/enpg2020.RDS","S01","","Hombre=1; Mujer=2",16662,0,"haven_labelled;vctrs_vctr;double"
"2020","__enpg/enpg2020.RDS","S02","","",16662,0,"numeric"
"2020","__enpg/enpg2020.RDS","ST_1","","",16662,0,"numeric"
"2020","__enpg/enpg2020.RDS","ST_2","","",16662,0,"numeric"
"2020","__enpg/enpg2020.RDS","ST_3","","",16662,6716,"numeric"
"2020","__enpg/enpg2020.RDS","ST_4","","",16662,6716,"numeric"
"2020","__enpg/enpg2020.RDS","ST_5","","",16662,6716,"numeric"
"2020","__enpg/enpg2020.RDS","ST_6","","",16662,12084,"numeric"
"2020","__enpg/enpg2020.RDS","ST_7","","",16662,12084,"numeric"
"2020","__enpg/enpg2020.RDS","CE_1","","",16662,0,"numeric"
"2020","__enpg/enpg2020.RDS","CE_2","","",16662,5659,"numeric"
"2020","__enpg/enpg2020.RDS","CE_3","","",16662,14733,"numeric"
"2020","__enpg/enpg2020.RDS","CE_4","","",16662,14733,"numeric"
"2020","__enpg/enpg2020.RDS","CE_5","","",16662,16584,"numeric"
"2020","__enpg/enpg2020.RDS","CE_6","","",16662,14764,"numeric"
"2020","__enpg/enpg2020.RDS","CE_7","","",16662,14764,"numeric"
"2020","__enpg/enpg2020.RDS","OH_1","","",16662,0,"numeric"
"2020","__enpg/enpg2020.RDS","OH_2","","",16662,4023,"numeric"
"2020","__enpg/enpg2020.RDS","OH_3","","",16662,4023,"numeric"
"2020","__enpg/enpg2020.RDS","OH_4","","",16662,4023,"numeric"
"2020","__enpg/enpg2020.RDS","OH_5","","",16662,10143,"numeric"
"2020","__enpg/enpg2020.RDS","OH_6","","",16662,10143,"numeric"
"2020","__enpg/enpg2020.RDS","OH_7","","",16662,10143,"numeric"
"2020","__enpg/enpg2020.RDS","OH_8","","",16662,7706,"numeric"
"2020","__enpg/enpg2020.RDS","OH_9","","",16662,7706,"numeric"
"2020","__enpg/enpg2020.RDS","OH_10","","",16662,7706,"numeric"
"2020","__enpg/enpg2020.RDS","OH_11","","",16662,7706,"numeric"
"2020","__enpg/enpg2020.RDS","OH_12","","",16662,7706,"numeric"
"2020","__enpg/enpg2020.RDS","OH_13","","",16662,7706,"numeric"
"2020","__enpg/enpg2020.RDS","OH_14","","",16662,7706,"numeric"
"2020","__enpg/enpg2020.RDS","OH_15","","",16662,7706,"numeric"
"2020","__enpg/enpg2020.RDS","OH_16","","",16662,7706,"numeric"
"2020","__enpg/enpg2020.RDS","OH_17","","",16662,7706,"numeric"
"2020","__enpg/enpg2020.RDS","OH_18_O1","","",16662,7706,"numeric"
"2020","__enpg/enpg2020.RDS","OH_19_O1","","",16662,7706,"numeric"
"2020","__enpg/enpg2020.RDS","OH_18_O2","","",16662,7706,"numeric"
"2020","__enpg/enpg2020.RDS","OH_19_O2","","",16662,7706,"numeric"
"2020","__enpg/enpg2020.RDS","OH_18_O3","","",16662,7706,"numeric"
"2020","__enpg/enpg2020.RDS","OH_19_O3","","",16662,7706,"numeric"
"2020","__enpg/enpg2020.RDS","OH_18_O4","","",16662,7706,"numeric"
"2020","__enpg/enpg2020.RDS","OH_19_O4","","",16662,7706,"numeric"
"2020","__enpg/enpg2020.RDS","OH_18_O5","","",16662,7706,"numeric"
"2020","__enpg/enpg2020.RDS","OH_19_O5","","",16662,7706,"numeric"
"2020","__enpg/enpg2020.RDS","OH_18_O6","","",16662,7706,"numeric"
"2020","__enpg/enpg2020.RDS","OH_19_O6","","",16662,7706,"numeric"
"2020","__enpg/enpg2020.RDS","OH_20","","",16662,7706,"numeric"
"2020","__enpg/enpg2020.RDS","OH_21","","",16662,7706,"numeric"
"2020","__enpg/enpg2020.RDS","OH_22","","",16662,7706,"numeric"
"2020","__enpg/enpg2020.RDS","OH_23","","",16662,7706,"numeric"
"2020","__enpg/enpg2020.RDS","MAR_1","","",16662,0,"numeric"
"2020","__enpg/enpg2020.RDS","MAR_2","","",16662,11629,"numeric"
"2020","__enpg/enpg2020.RDS","MAR_3","","",16662,11629,"numeric"
"2020","__enpg/enpg2020.RDS","MAR_4","","",16662,11629,"numeric"
"2020","__enpg/enpg2020.RDS","MAR_5","","",16662,15720,"numeric"
"2020","__enpg/enpg2020.RDS","MAR_6","","",16662,15720,"numeric"
"2020","__enpg/enpg2020.RDS","MAR_7","","Marihuana prensada=1; Marihuana verde=2; Marihuana skunk o de alta potencia=3",16662,15256,"haven_labelled;vctrs_vctr;double"
"2020","__enpg/enpg2020.RDS","MAR_8","","",16662,15256,"numeric"
"2020","__enpg/enpg2020.RDS","MAR_9","","",16662,15256,"numeric"
"2020","__enpg/enpg2020.RDS","MAR_10","","",16662,15256,"numeric"
"2020","__enpg/enpg2020.RDS","MAR_11","","",16662,15256,"numeric"
"2020","__enpg/enpg2020.RDS","MAR_12","","",16662,15256,"numeric"
"2020","__enpg/enpg2020.RDS","MAR_13","","",16662,15256,"numeric"
"2020","__enpg/enpg2020.RDS","MAR_14","","",16662,15256,"numeric"
"2020","__enpg/enpg2020.RDS","MAR_15","","",16662,15256,"numeric"
"2020","__enpg/enpg2020.RDS","MAR_16","","",16662,15256,"numeric"
"2020","__enpg/enpg2020.RDS","MAR_17","","",16662,15256,"numeric"
"2020","__enpg/enpg2020.RDS","MAR_18","","",16662,15256,"numeric"
"2020","__enpg/enpg2020.RDS","MAR_19","","",16662,15256,"numeric"
"2020","__enpg/enpg2020.RDS","MAR_20","","",16662,15256,"numeric"
"2020","__enpg/enpg2020.RDS","MAR_21","","",16662,15256,"numeric"
"2020","__enpg/enpg2020.RDS","MAR_22","","",16662,15256,"numeric"
"2020","__enpg/enpg2020.RDS","MAR_23_O1","","",16662,16474,"numeric"
"2020","__enpg/enpg2020.RDS","MAR_23_O2","","",16662,16557,"numeric"
"2020","__enpg/enpg2020.RDS","MAR_23_O3","","",16662,16622,"numeric"
"2020","__enpg/enpg2020.RDS","MAR_23_O4","","",16662,16626,"numeric"
"2020","__enpg/enpg2020.RDS","MAR_23_O5","","",16662,16641,"numeric"
"2020","__enpg/enpg2020.RDS","MAR_23_O6","","",16662,16637,"numeric"
"2020","__enpg/enpg2020.RDS","MAR_23_O7","","",16662,16554,"numeric"
"2020","__enpg/enpg2020.RDS","MAR_23_O8","","",16662,16509,"numeric"
"2020","__enpg/enpg2020.RDS","MAR_23_O9","","",16662,16561,"numeric"
"2020","__enpg/enpg2020.RDS","MAR_23_O10","","",16662,16652,"numeric"
"2020","__enpg/enpg2020.RDS","MARVIA_10_ESP","","",16662,0,"character"
"2020","__enpg/enpg2020.RDS","PB_1","","",16662,0,"numeric"
"2020","__enpg/enpg2020.RDS","PB_2","","",16662,16286,"numeric"
"2020","__enpg/enpg2020.RDS","PB_3","","",16662,16286,"numeric"
"2020","__enpg/enpg2020.RDS","PB_4","","",16662,16286,"numeric"
"2020","__enpg/enpg2020.RDS","PB_5","","",16662,16643,"numeric"
"2020","__enpg/enpg2020.RDS","PB_6","","",16662,16620,"numeric"
"2020","__enpg/enpg2020.RDS","PB_7","","",16662,16620,"numeric"
"2020","__enpg/enpg2020.RDS","PB_8","","",16662,16620,"numeric"
"2020","__enpg/enpg2020.RDS","PB_9","","",16662,16620,"numeric"
"2020","__enpg/enpg2020.RDS","PB_10","","",16662,16620,"numeric"
"2020","__enpg/enpg2020.RDS","PB_11","","",16662,16620,"numeric"
"2020","__enpg/enpg2020.RDS","PB_12","","",16662,16620,"numeric"
"2020","__enpg/enpg2020.RDS","PB_13","","",16662,16620,"numeric"
"2020","__enpg/enpg2020.RDS","PB_14","","",16662,16620,"numeric"
"2020","__enpg/enpg2020.RDS","PB_15","","",16662,16620,"numeric"
"2020","__enpg/enpg2020.RDS","PB_16","","",16662,16620,"numeric"
"2020","__enpg/enpg2020.RDS","PB_17","","",16662,16620,"numeric"
"2020","__enpg/enpg2020.RDS","PB_18","","",16662,16620,"numeric"
"2020","__enpg/enpg2020.RDS","PB_19","","",16662,16620,"numeric"
"2020","__enpg/enpg2020.RDS","COC_1","","",16662,0,"numeric"
"2020","__enpg/enpg2020.RDS","COC_2","","",16662,15892,"numeric"
"2020","__enpg/enpg2020.RDS","COC_3","","",16662,15892,"numeric"
"2020","__enpg/enpg2020.RDS","COC_4","","",16662,15892,"numeric"
"2020","__enpg/enpg2020.RDS","COC_5","","",16662,16627,"numeric"
"2020","__enpg/enpg2020.RDS","COC_6","","",16662,16580,"numeric"
"2020","__enpg/enpg2020.RDS","COC_7","","",16662,16580,"numeric"
"2020","__enpg/enpg2020.RDS","COC_8","","",16662,16580,"numeric"
"2020","__enpg/enpg2020.RDS","COC_9","","",16662,16580,"numeric"
"2020","__enpg/enpg2020.RDS","COC_10","","",16662,16580,"numeric"
"2020","__enpg/enpg2020.RDS","COC_11","","",16662,16580,"numeric"
"2020","__enpg/enpg2020.RDS","COC_12","","",16662,16580,"numeric"
"2020","__enpg/enpg2020.RDS","COC_13","","",16662,16580,"numeric"
"2020","__enpg/enpg2020.RDS","COC_14","","",16662,16580,"numeric"
"2020","__enpg/enpg2020.RDS","COC_15","","",16662,16580,"numeric"
"2020","__enpg/enpg2020.RDS","COC_16","","",16662,16580,"numeric"
"2020","__enpg/enpg2020.RDS","COC_17","","",16662,16580,"numeric"
"2020","__enpg/enpg2020.RDS","COC_18","","",16662,16580,"numeric"
"2020","__enpg/enpg2020.RDS","COC_19","","",16662,16580,"numeric"
"2020","__enpg/enpg2020.RDS","TRANS_1_O1","","",16662,16502,"numeric"
"2020","__enpg/enpg2020.RDS","TRANS_1_O2","","",16662,16548,"numeric"
"2020","__enpg/enpg2020.RDS","TRANS_1_O3","","",16662,16309,"numeric"
"2020","__enpg/enpg2020.RDS","TRANS_1_O4","","",16662,16627,"numeric"
"2020","__enpg/enpg2020.RDS","TRANS_1_O5","","",16662,16651,"numeric"
"2020","__enpg/enpg2020.RDS","TRANS_1_O6","","",16662,16650,"numeric"
"2020","__enpg/enpg2020.RDS","TRANS_1_O7","","",16662,16506,"numeric"
"2020","__enpg/enpg2020.RDS","TRANS_1_O8","","",16662,16656,"numeric"
"2020","__enpg/enpg2020.RDS","TRANS_1_O9","","",16662,16649,"numeric"
"2020","__enpg/enpg2020.RDS","T_TRANS_2_1","","",16662,16502,"numeric"
"2020","__enpg/enpg2020.RDS","T_TRANS_2_2","","",16662,16548,"numeric"
"2020","__enpg/enpg2020.RDS","T_TRANS_2_3","","",16662,16309,"numeric"
"2020","__enpg/enpg2020.RDS","T_TRANS_2_4","","",16662,16627,"numeric"
"2020","__enpg/enpg2020.RDS","T_TRANS_2_5","","",16662,16651,"numeric"
"2020","__enpg/enpg2020.RDS","T_TRANS_2_6","","",16662,16650,"numeric"
"2020","__enpg/enpg2020.RDS","T_TRANS_2_7","","",16662,16506,"numeric"
"2020","__enpg/enpg2020.RDS","T_TRANS_2_8","","",16662,16656,"numeric"
"2020","__enpg/enpg2020.RDS","T_TRANS_2_9","","",16662,16649,"numeric"
"2020","__enpg/enpg2020.RDS","TRANS_3","","",16662,16429,"numeric"
"2020","__enpg/enpg2020.RDS","TRANS_4","","",16662,16429,"numeric"
"2020","__enpg/enpg2020.RDS","Q_248_S","","",16662,0,"character"
"2020","__enpg/enpg2020.RDS","ANALG_1_O1","","",16662,16254,"numeric"
"2020","__enpg/enpg2020.RDS","ANALG_1_O2","","",16662,16611,"numeric"
"2020","__enpg/enpg2020.RDS","ANALG_1_O3","","",16662,16643,"numeric"
"2020","__enpg/enpg2020.RDS","ANALG_1_O4","","",16662,16661,"numeric"
"2020","__enpg/enpg2020.RDS","ANALG_1_O5","","",16662,16662,"numeric"
"2020","__enpg/enpg2020.RDS","ANALG_1_O6","","",16662,16661,"numeric"
"2020","__enpg/enpg2020.RDS","ANALG_1_O7","","",16662,16657,"numeric"
"2020","__enpg/enpg2020.RDS","ANALG_1_O8","","",16662,16658,"numeric"
"2020","__enpg/enpg2020.RDS","T_ANALG_2_1","","",16662,16254,"numeric"
"2020","__enpg/enpg2020.RDS","T_ANALG_2_2","","",16662,16611,"numeric"
"2020","__enpg/enpg2020.RDS","T_ANALG_2_3","","",16662,16643,"numeric"
"2020","__enpg/enpg2020.RDS","T_ANALG_2_4","","",16662,16661,"numeric"
"2020","__enpg/enpg2020.RDS","T_ANALG_2_5","","",16662,16662,"numeric"
"2020","__enpg/enpg2020.RDS","T_ANALG_2_6","","",16662,16661,"numeric"
"2020","__enpg/enpg2020.RDS","T_ANALG_2_7","","",16662,16657,"numeric"
"2020","__enpg/enpg2020.RDS","T_ANALG_2_8","","",16662,16658,"numeric"
"2020","__enpg/enpg2020.RDS","ANALG_3","","",16662,16486,"numeric"
"2020","__enpg/enpg2020.RDS","ANALG_4","","",16662,16486,"numeric"
"2020","__enpg/enpg2020.RDS","Q_253_S","","",16662,0,"character"
"2020","__enpg/enpg2020.RDS","OD_1_O1","","",16662,16499,"numeric"
"2020","__enpg/enpg2020.RDS","OD_1_O2","","",16662,16457,"numeric"
"2020","__enpg/enpg2020.RDS","OD_1_O3","","",16662,16542,"numeric"
"2020","__enpg/enpg2020.RDS","OD_1_O4","","",16662,16660,"numeric"
"2020","__enpg/enpg2020.RDS","OD_1_O5","","",16662,16656,"numeric"
"2020","__enpg/enpg2020.RDS","OD_1_O6","","",16662,16650,"numeric"
"2020","__enpg/enpg2020.RDS","OD_1_O7","","",16662,16656,"numeric"
"2020","__enpg/enpg2020.RDS","OD_3_O1","","",16662,16590,"numeric"
"2020","__enpg/enpg2020.RDS","OD_3_O2","","",16662,16638,"numeric"
"2020","__enpg/enpg2020.RDS","OD_3_O3","","",16662,16600,"numeric"
"2020","__enpg/enpg2020.RDS","OD_3_O4","","",16662,16650,"numeric"
"2020","__enpg/enpg2020.RDS","OD_3_O5","","",16662,16653,"numeric"
"2020","__enpg/enpg2020.RDS","OD_3_O6","","",16662,16661,"numeric"
"2020","__enpg/enpg2020.RDS","OD_3_O7","","",16662,16658,"numeric"
"2020","__enpg/enpg2020.RDS","OD_5_O1","","",16662,16654,"numeric"
"2020","__enpg/enpg2020.RDS","OD_5_O2","","",16662,16657,"numeric"
"2020","__enpg/enpg2020.RDS","OD_7_O1","","",16662,16564,"numeric"
"2020","__enpg/enpg2020.RDS","OD_7_O2","","",16662,16617,"numeric"
"2020","__enpg/enpg2020.RDS","OD_7_O3","","",16662,16648,"numeric"
"2020","__enpg/enpg2020.RDS","OD_7_O4","","",16662,16638,"numeric"
"2020","__enpg/enpg2020.RDS","OD_7_O5","","",16662,16655,"numeric"
"2020","__enpg/enpg2020.RDS","OD_7_O6","","",16662,16657,"numeric"
"2020","__enpg/enpg2020.RDS","OD_7_O7","","",16662,16654,"numeric"
"2020","__enpg/enpg2020.RDS","OD_7_O8","","",16662,16619,"numeric"
"2020","__enpg/enpg2020.RDS","OD_7_O9","","",16662,16659,"numeric"
"2020","__enpg/enpg2020.RDS","OD_7_O10","","",16662,16656,"numeric"
"2020","__enpg/enpg2020.RDS","OD_9_O1","","",16662,16489,"numeric"
"2020","__enpg/enpg2020.RDS","OD_9_O2","","",16662,16655,"numeric"
"2020","__enpg/enpg2020.RDS","OD_9_O3","","",16662,16659,"numeric"
"2020","__enpg/enpg2020.RDS","OD_9_O4","","",16662,16616,"numeric"
"2020","__enpg/enpg2020.RDS","OD_9_O5","","",16662,16603,"numeric"
"2020","__enpg/enpg2020.RDS","OD_9_O6","","",16662,16629,"numeric"
"2020","__enpg/enpg2020.RDS","OD_9_O7","","",16662,16488,"numeric"
"2020","__enpg/enpg2020.RDS","OD_9_O8","","",16662,16653,"numeric"
"2020","__enpg/enpg2020.RDS","OD_9_O9","","",16662,16659,"numeric"
"2020","__enpg/enpg2020.RDS","OD_9_O10","","",16662,16631,"numeric"
"2020","__enpg/enpg2020.RDS","OD_11_O1","","",16662,16574,"numeric"
"2020","__enpg/enpg2020.RDS","OD_11_O2","","",16662,16646,"numeric"
"2020","__enpg/enpg2020.RDS","OD_11_O3","","",16662,16656,"numeric"
"2020","__enpg/enpg2020.RDS","OD_11_O4","","",16662,16660,"numeric"
"2020","__enpg/enpg2020.RDS","OD_11_O5","","",16662,16645,"numeric"
"2020","__enpg/enpg2020.RDS","OD_13_O1","","",16662,10970,"numeric"
"2020","__enpg/enpg2020.RDS","OD_13_O2","","",16662,15380,"numeric"
"2020","__enpg/enpg2020.RDS","OD_13_O3","","",16662,16625,"numeric"
"2020","__enpg/enpg2020.RDS","OD_13_O4","","",16662,16646,"numeric"
"2020","__enpg/enpg2020.RDS","OD_13_O5","","",16662,16652,"numeric"
"2020","__enpg/enpg2020.RDS","OD_13_O6","","",16662,16652,"numeric"
"2020","__enpg/enpg2020.RDS","OD_13_O7","","",16662,16651,"numeric"
"2020","__enpg/enpg2020.RDS","OD_13_O8","","",16662,16660,"numeric"
"2020","__enpg/enpg2020.RDS","OD_13_O9","","",16662,16659,"numeric"
"2020","__enpg/enpg2020.RDS","OD_13_O10","","",16662,16661,"numeric"
"2020","__enpg/enpg2020.RDS","OD_13_O11","","",16662,16657,"numeric"
"2020","__enpg/enpg2020.RDS","OD_15","","",16662,0,"numeric"
"2020","__enpg/enpg2020.RDS","T_OD_2_1","","",16662,16499,"numeric"
"2020","__enpg/enpg2020.RDS","T_OD_2_2","","",16662,16457,"numeric"
"2020","__enpg/enpg2020.RDS","T_OD_2_3","","",16662,16542,"numeric"
"2020","__enpg/enpg2020.RDS","T_OD_2_4","","",16662,16660,"numeric"
"2020","__enpg/enpg2020.RDS","T_OD_2_5","","",16662,16656,"numeric"
"2020","__enpg/enpg2020.RDS","T_OD_2_6","","",16662,16650,"numeric"
"2020","__enpg/enpg2020.RDS","T_OD_2_7","","",16662,16656,"numeric"
"2020","__enpg/enpg2020.RDS","T_OD_4_1","","",16662,16590,"numeric"
"2020","__enpg/enpg2020.RDS","T_OD_4_2","","",16662,16638,"numeric"
"2020","__enpg/enpg2020.RDS","T_OD_4_3","","",16662,16600,"numeric"
"2020","__enpg/enpg2020.RDS","T_OD_4_4","","",16662,16650,"numeric"
"2020","__enpg/enpg2020.RDS","T_OD_4_5","","",16662,16653,"numeric"
"2020","__enpg/enpg2020.RDS","T_OD_4_6","","",16662,16661,"numeric"
"2020","__enpg/enpg2020.RDS","T_OD_4_7","","",16662,16658,"numeric"
"2020","__enpg/enpg2020.RDS","T_OD_6_1","","",16662,16654,"numeric"
"2020","__enpg/enpg2020.RDS","T_OD_6_2","","",16662,16657,"numeric"
"2020","__enpg/enpg2020.RDS","T_OD_8_1","","",16662,16564,"numeric"
"2020","__enpg/enpg2020.RDS","T_OD_8_2","","",16662,16617,"numeric"
"2020","__enpg/enpg2020.RDS","T_OD_8_3","","",16662,16648,"numeric"
"2020","__enpg/enpg2020.RDS","T_OD_8_4","","",16662,16638,"numeric"
"2020","__enpg/enpg2020.RDS","T_OD_8_5","","",16662,16655,"numeric"
"2020","__enpg/enpg2020.RDS","T_OD_8_6","","",16662,16657,"numeric"
"2020","__enpg/enpg2020.RDS","T_OD_8_7","","",16662,16654,"numeric"
"2020","__enpg/enpg2020.RDS","T_OD_8_8","","",16662,16619,"numeric"
"2020","__enpg/enpg2020.RDS","T_OD_8_9","","",16662,16659,"numeric"
"2020","__enpg/enpg2020.RDS","T_OD_8_10","","",16662,16656,"numeric"
"2020","__enpg/enpg2020.RDS","T_OD_10_1","","",16662,16489,"numeric"
"2020","__enpg/enpg2020.RDS","T_OD_10_2","","",16662,16655,"numeric"
"2020","__enpg/enpg2020.RDS","T_OD_10_3","","",16662,16659,"numeric"
"2020","__enpg/enpg2020.RDS","T_OD_10_4","","",16662,16616,"numeric"
"2020","__enpg/enpg2020.RDS","T_OD_10_5","","",16662,16603,"numeric"
"2020","__enpg/enpg2020.RDS","T_OD_10_6","","",16662,16629,"numeric"
"2020","__enpg/enpg2020.RDS","T_OD_10_7","","",16662,16488,"numeric"
"2020","__enpg/enpg2020.RDS","T_OD_10_8","","",16662,16653,"numeric"
"2020","__enpg/enpg2020.RDS","T_OD_10_9","","",16662,16659,"numeric"
"2020","__enpg/enpg2020.RDS","T_OD_10_10","","",16662,16631,"numeric"
"2020","__enpg/enpg2020.RDS","T_OD_12_1","","",16662,16574,"numeric"
"2020","__enpg/enpg2020.RDS","T_OD_12_2","","",16662,16646,"numeric"
"2020","__enpg/enpg2020.RDS","T_OD_12_3","","",16662,16656,"numeric"
"2020","__enpg/enpg2020.RDS","T_OD_12_4","","",16662,16660,"numeric"
"2020","__enpg/enpg2020.RDS","T_OD_12_5","","",16662,16645,"numeric"
"2020","__enpg/enpg2020.RDS","T_OD_14_1","","",16662,10970,"numeric"
"2020","__enpg/enpg2020.RDS","T_OD_14_2","","",16662,15380,"numeric"
"2020","__enpg/enpg2020.RDS","T_OD_14_3","","",16662,16625,"numeric"
"2020","__enpg/enpg2020.RDS","T_OD_14_4","","",16662,16646,"numeric"
"2020","__enpg/enpg2020.RDS","T_OD_14_5","","",16662,16652,"numeric"
"2020","__enpg/enpg2020.RDS","T_OD_14_6","","",16662,16652,"numeric"
"2020","__enpg/enpg2020.RDS","T_OD_14_7","","",16662,16651,"numeric"
"2020","__enpg/enpg2020.RDS","T_OD_14_8","","",16662,16660,"numeric"
"2020","__enpg/enpg2020.RDS","T_OD_14_9","","",16662,16659,"numeric"
"2020","__enpg/enpg2020.RDS","T_OD_14_10","","",16662,16661,"numeric"
"2020","__enpg/enpg2020.RDS","T_OD_14_11","","",16662,16657,"numeric"
"2020","__enpg/enpg2020.RDS","CC_1","","",16662,914,"numeric"
"2020","__enpg/enpg2020.RDS","CC_2","","",16662,11097,"numeric"
"2020","__enpg/enpg2020.RDS","CC_3","","",16662,11097,"numeric"
"2020","__enpg/enpg2020.RDS","CC_4","","",16662,11097,"numeric"
"2020","__enpg/enpg2020.RDS","Q_279_S","","",16662,0,"character"
"2020","__enpg/enpg2020.RDS","VIO_1","","",16662,0,"numeric"
"2020","__enpg/enpg2020.RDS","T_VIO_2_1","","",16662,7991,"numeric"
"2020","__enpg/enpg2020.RDS","T_VIO_2_2","","",16662,7991,"numeric"
"2020","__enpg/enpg2020.RDS","T_VIO_2_3","","",16662,7991,"numeric"
"2020","__enpg/enpg2020.RDS","T_VIO_2_4","","",16662,7991,"numeric"
"2020","__enpg/enpg2020.RDS","T_VIO_2_5","","",16662,7991,"numeric"
"2020","__enpg/enpg2020.RDS","T_VIO_2_6","","",16662,7991,"numeric"
"2020","__enpg/enpg2020.RDS","T_VIO_2_7","","",16662,7991,"numeric"
"2020","__enpg/enpg2020.RDS","T_VIO_2_8","","",16662,7991,"numeric"
"2020","__enpg/enpg2020.RDS","T_VIO_2_9","","",16662,7991,"numeric"
"2020","__enpg/enpg2020.RDS","T_VIO_2_10","","",16662,7991,"numeric"
"2020","__enpg/enpg2020.RDS","VIO_3","","",16662,7991,"numeric"
"2020","__enpg/enpg2020.RDS","T_SG_1_B","","",16662,0,"numeric"
"2020","__enpg/enpg2020.RDS","T_SG_1_C","","",16662,0,"numeric"
"2020","__enpg/enpg2020.RDS","T_SG_1_D","","",16662,0,"numeric"
"2020","__enpg/enpg2020.RDS","T_SG_1_G","","",16662,0,"numeric"
"2020","__enpg/enpg2020.RDS","T_SG_1_H","","",16662,0,"numeric"
"2020","__enpg/enpg2020.RDS","T_SG_1_E","","",16662,0,"numeric"
"2020","__enpg/enpg2020.RDS","T_SG_1_F","","",16662,0,"numeric"
"2020","__enpg/enpg2020.RDS","T_SG_1_I","","",16662,0,"numeric"
"2020","__enpg/enpg2020.RDS","T_SG_1_J","","",16662,0,"numeric"
"2020","__enpg/enpg2020.RDS","T_SG_1_K","","",16662,0,"numeric"
"2020","__enpg/enpg2020.RDS","T_SG_1_A","","",16662,0,"numeric"
"2020","__enpg/enpg2020.RDS","T_SG_1_L","","",16662,0,"numeric"
"2020","__enpg/enpg2020.RDS","COVID_1_O1","","",16662,0,"numeric"
"2020","__enpg/enpg2020.RDS","COVID_1_O2","","",16662,0,"numeric"
"2020","__enpg/enpg2020.RDS","COVID_1_O3","","",16662,0,"numeric"
"2020","__enpg/enpg2020.RDS","COVID_1_O4","","",16662,0,"numeric"
"2020","__enpg/enpg2020.RDS","COVID_1_O5","","",16662,0,"numeric"
"2020","__enpg/enpg2020.RDS","COVID_1_O6","","",16662,0,"numeric"
"2020","__enpg/enpg2020.RDS","COVID_1_O7","","",16662,0,"numeric"
"2020","__enpg/enpg2020.RDS","COVID_1_O8","","",16662,0,"numeric"
"2020","__enpg/enpg2020.RDS","COVID_1_O9","","",16662,0,"numeric"
"2020","__enpg/enpg2020.RDS","ESPT_COVID_1_O8","","",16662,0,"character"
"2020","__enpg/enpg2020.RDS","COVID_2_O1","","",16662,10880,"numeric"
"2020","__enpg/enpg2020.RDS","COVID_2_O2","","",16662,12893,"numeric"
"2020","__enpg/enpg2020.RDS","COVID_2_O3","","",16662,15090,"numeric"
"2020","__enpg/enpg2020.RDS","COVID_2_O4","","",16662,15178,"numeric"
"2020","__enpg/enpg2020.RDS","COVID_2_O5","","",16662,11831,"numeric"
"2020","__enpg/enpg2020.RDS","COVID_2_O6","","",16662,16273,"numeric"
"2020","__enpg/enpg2020.RDS","COVID_2_O7","","",16662,12488,"numeric"
"2020","__enpg/enpg2020.RDS","COVID_2_O8","","",16662,16383,"numeric"
"2020","__enpg/enpg2020.RDS","TRATA_1","","",16662,0,"numeric"
"2020","__enpg/enpg2020.RDS","TRATA_2","","",16662,16416,"numeric"
"2020","__enpg/enpg2020.RDS","TRATA_3","","",16662,16610,"numeric"
"2020","__enpg/enpg2020.RDS","TRATA_4","","",16662,52,"numeric"
"2020","__enpg/enpg2020.RDS","TRATA_5","","",16662,16548,"numeric"
"2020","__enpg/enpg2020.RDS","T_PR_1_1","","",16662,0,"numeric"
"2020","__enpg/enpg2020.RDS","T_PR_1_2","","",16662,0,"numeric"
"2020","__enpg/enpg2020.RDS","T_PR_1_3","","",16662,0,"numeric"
"2020","__enpg/enpg2020.RDS","T_PR_1_4","","",16662,0,"numeric"
"2020","__enpg/enpg2020.RDS","T_PR_1_5","","",16662,0,"numeric"
"2020","__enpg/enpg2020.RDS","T_PR_1_6","","",16662,0,"numeric"
"2020","__enpg/enpg2020.RDS","T_PR_1_7","","",16662,0,"numeric"
"2020","__enpg/enpg2020.RDS","T_PR_1_8","","",16662,0,"numeric"
"2020","__enpg/enpg2020.RDS","T_PR_1_9","","",16662,0,"numeric"
"2020","__enpg/enpg2020.RDS","T_PR_1_10","","",16662,0,"numeric"
"2020","__enpg/enpg2020.RDS","T_PR_1_11","","",16662,0,"numeric"
"2020","__enpg/enpg2020.RDS","EB_1","","",16662,0,"numeric"
"2020","__enpg/enpg2020.RDS","T_EB_2_1","","",16662,0,"numeric"
"2020","__enpg/enpg2020.RDS","T_EB_2_2","","",16662,0,"numeric"
"2020","__enpg/enpg2020.RDS","T_EB_2_3","","",16662,0,"numeric"
"2020","__enpg/enpg2020.RDS","T_EB_3_1","","",16662,0,"numeric"
"2020","__enpg/enpg2020.RDS","T_EB_3_2","","",16662,0,"numeric"
"2020","__enpg/enpg2020.RDS","T_EB_3_3","","",16662,0,"numeric"
"2020","__enpg/enpg2020.RDS","T_EB_3_4","","",16662,0,"numeric"
"2020","__enpg/enpg2020.RDS","T_EB_3_5","","",16662,0,"numeric"
"2020","__enpg/enpg2020.RDS","T_EB_3_6","","",16662,0,"numeric"
"2020","__enpg/enpg2020.RDS","T_EB_3_7","","",16662,0,"numeric"
"2020","__enpg/enpg2020.RDS","T_EB_3_8","","",16662,0,"numeric"
"2020","__enpg/enpg2020.RDS","T_EB_4_1","","",16662,0,"numeric"
"2020","__enpg/enpg2020.RDS","T_EB_4_2","","",16662,0,"numeric"
"2020","__enpg/enpg2020.RDS","T_EB_4_3","","",16662,0,"numeric"
"2020","__enpg/enpg2020.RDS","T_EB_4_4","","",16662,0,"numeric"
"2020","__enpg/enpg2020.RDS","T_EB_5_1","","",16662,0,"numeric"
"2020","__enpg/enpg2020.RDS","T_EB_5_2","","",16662,0,"numeric"
"2020","__enpg/enpg2020.RDS","T_EB_5_3","","",16662,0,"numeric"
"2020","__enpg/enpg2020.RDS","T_EB_5_4","","",16662,0,"numeric"
"2020","__enpg/enpg2020.RDS","T_EB_6_1","","",16662,10689,"numeric"
"2020","__enpg/enpg2020.RDS","T_EB_6_2","","",16662,14770,"numeric"
"2020","__enpg/enpg2020.RDS","T_EB_6_3","","",16662,15787,"numeric"
"2020","__enpg/enpg2020.RDS","T_EB_6_4","","",16662,15906,"numeric"
"2020","__enpg/enpg2020.RDS","T_OP_1_1","","",16662,0,"numeric"
"2020","__enpg/enpg2020.RDS","T_OP_1_2","","",16662,0,"numeric"
"2020","__enpg/enpg2020.RDS","T_OP_1_3","","",16662,0,"numeric"
"2020","__enpg/enpg2020.RDS","T_OP_1_4","","",16662,0,"numeric"
"2020","__enpg/enpg2020.RDS","T_OP_1_5","","",16662,0,"numeric"
"2020","__enpg/enpg2020.RDS","T_OP_1_6","","",16662,0,"numeric"
"2020","__enpg/enpg2020.RDS","T_OP_2_1","","",16662,0,"numeric"
"2020","__enpg/enpg2020.RDS","T_OP_2_2","","",16662,0,"numeric"
"2020","__enpg/enpg2020.RDS","T_OP_2_3","","",16662,0,"numeric"
"2020","__enpg/enpg2020.RDS","T_OP_2_4","","",16662,0,"numeric"
"2020","__enpg/enpg2020.RDS","T_OP_2_5","","",16662,0,"numeric"
"2020","__enpg/enpg2020.RDS","CO_1","","",16662,0,"numeric"
"2020","__enpg/enpg2020.RDS","CO_2","","",16662,9550,"numeric"
"2020","__enpg/enpg2020.RDS","CO_3","","",16662,10365,"numeric"
"2020","__enpg/enpg2020.RDS","CO_4","","",16662,11017,"numeric"
"2020","__enpg/enpg2020.RDS","CO_5","","",16662,11402,"numeric"
"2020","__enpg/enpg2020.RDS","CO_6","","",16662,5260,"numeric"
"2020","__enpg/enpg2020.RDS","DP_1","","",16662,0,"numeric"
"2020","__enpg/enpg2020.RDS","DP_2","","Soltero/a=1; Casado/a=2; Divorciado/a-Anulado/a=3; Viudo/a=4; Conviviente Civil=5",16662,0,"haven_labelled;vctrs_vctr;double"
"2020","__enpg/enpg2020.RDS","DP_3","","",16662,0,"numeric"
"2020","__enpg/enpg2020.RDS","DP_4","","Kawésqar (Alacalufes)=1; Atacameño (Linkán Antai)=2; Aymara=3; Coya=4; Mapuche=5; Quechua=6; Rapa Nui=7; Yagán=8; Diaguita=9; No pertenece=10",16662,0,"haven_labelled;vctrs_vctr;double"
"2020","__enpg/enpg2020.RDS","DP_5","","Católica=1; Evangélica o Protestante=2; Otra=3; Ninguna=4",16662,0,"haven_labelled;vctrs_vctr;double"
"2020","__enpg/enpg2020.RDS","DP_6","","",16662,0,"numeric"
"2020","__enpg/enpg2020.RDS","Q_319_S","","",16662,0,"character"
"2020","__enpg/enpg2020.RDS","DP_7","","",16662,1127,"numeric"
"2020","__enpg/enpg2020.RDS","Q_321_S","","",16662,0,"character"
"2020","__enpg/enpg2020.RDS","DP_8","","",16662,1127,"numeric"
"2020","__enpg/enpg2020.RDS","Q_322_S","","",16662,0,"character"
"2020","__enpg/enpg2020.RDS","DP_9","","",16662,0,"numeric"
"2020","__enpg/enpg2020.RDS","DP_10","","",16662,0,"numeric"
"2020","__enpg/enpg2020.RDS","DP_11","","",16662,0,"numeric"
"2020","__enpg/enpg2020.RDS","DP_12","","",16662,0,"numeric"
"2020","__enpg/enpg2020.RDS","DP_13","","",16662,0,"numeric"
"2020","__enpg/enpg2020.RDS","DP_14","","",16662,0,"numeric"
"2020","__enpg/enpg2020.RDS","DP_15","","",16662,0,"numeric"
"2020","__enpg/enpg2020.RDS","DP_16","","",16662,0,"numeric"
"2020","__enpg/enpg2020.RDS","DP_17","","",16662,0,"numeric"
"2020","__enpg/enpg2020.RDS","DP_18","","",16662,0,"numeric"
"2020","__enpg/enpg2020.RDS","FACT_PERS_COMUNA","","",16662,0,"numeric"
"2020","__enpg/enpg2020.RDS","seccion","","",16662,0,"numeric"
"2022","prueba_ext/BD - ENPG 2022 (Stata 16).dta","FOLIO","Serial number","",17454,0,"numeric"
"2022","prueba_ext/BD - ENPG 2022 (Stata 16).dta","REGION","","",17454,0,"numeric"
"2022","prueba_ext/BD - ENPG 2022 (Stata 16).dta","COD_COMUNA","","",17454,0,"numeric"
"2022","prueba_ext/BD - ENPG 2022 (Stata 16).dta","FACTOR_EXPANSION","","",17454,0,"numeric"
"2022","prueba_ext/BD - ENPG 2022 (Stata 16).dta","UPM","","",17454,0,"numeric"
"2022","prueba_ext/BD - ENPG 2022 (Stata 16).dta","SEXO","","HOMBRE=1; MUJER=2",17454,0,"haven_labelled;vctrs_vctr;double"
"2022","prueba_ext/BD - ENPG 2022 (Stata 16).dta","EDAD","","",17454,0,"numeric"
"2022","prueba_ext/BD - ENPG 2022 (Stata 16).dta","ST_1","<p><u><strong>MÓDULO SALUD Y TABACO</strong></u></p><p>&nbsp;</p><p>ST_1. Hablan","Muy malo=1; Malo=2; Regular=3; Bueno=4; Muy Bueno=5; Excelente=6; No sabe=88; No contesta=99",17454,0,"haven_labelled;vctrs_vctr;double"
"2022","prueba_ext/BD - ENPG 2022 (Stata 16).dta","ST_2","ST_2. ¿Ha fumado Ud. cigarrillos alguna vez en su vida?","Sí=1; No=2; No sabe=88; No contesta=99",17454,0,"haven_labelled;vctrs_vctr;double"
"2022","prueba_ext/BD - ENPG 2022 (Stata 16).dta","ST_3","ST_3. ¿Cuándo fue la <u>primera vez</u> que Ud. fumó cigarrillos?","Durante los últimos 30 días=1; Hace más de un mes, pero menos de un año=2; Hace más de un año=3; No sabe=88; No contesta=99",17454,7314,"haven_labelled;vctrs_vctr;double"
"2022","prueba_ext/BD - ENPG 2022 (Stata 16).dta","ST_4","ST_4. ¿Qué <u>edad</u> tenía cuando fumó cigarrillos por <u>primera vez</u>?","Años cumplidos=1; No sabe=88; No contesta=99",17454,7314,"haven_labelled;vctrs_vctr;double"
"2022","prueba_ext/BD - ENPG 2022 (Stata 16).dta","ST_5","ST_5. ¿Cuándo fue la última vez que fumó cigarrillos?","Durante los últimos 30 días=1; Hace más de un mes, pero menos de un año=2; Hace más de un año=3; No sabe=88; No contesta=99",17454,7314,"haven_labelled;vctrs_vctr;double"
"2022","prueba_ext/BD - ENPG 2022 (Stata 16).dta","ST_6","ST_6. Piense solamente en los <u>últimos 30 días</u>, ¿cuántos días ha fumado ci","N° de días (de 1 a 30)=1; No sabe=88; No contesta=99",17454,12788,"haven_labelled;vctrs_vctr;double"
"2022","prueba_ext/BD - ENPG 2022 (Stata 16).dta","ST_7","ST_7. ¿Más o menos cuántos cigarrillos <u>diarios</u> ha fumado Ud. en estos últ","N° de cigarrillos al día=1; No sabe=888; No contesta=999",17454,12788,"haven_labelled;vctrs_vctr;double"
"2022","prueba_ext/BD - ENPG 2022 (Stata 16).dta","CE_1","<p>MÓDULO CIGARRILLOS ELECTRÓNICOS</p><p>&nbsp;</p><p>CE_1. &iquest;Ud. conoce o","Sí=1; No=2; No sabe=88; No contesta=99",17454,0,"haven_labelled;vctrs_vctr;double"
"2022","prueba_ext/BD - ENPG 2022 (Stata 16).dta","CE_2","CE_2. ¿Ha usado Ud. cigarrillos electrónicos alguna vez en su vida?","Sí=1; No=2; No sabe=88; No contesta=99",17454,6364,"haven_labelled;vctrs_vctr;double"
"2022","prueba_ext/BD - ENPG 2022 (Stata 16).dta","CE_3","CE_3. ¿Cuándo fue la primera vez que Ud. usó cigarrillos electrónicos?","Durante los últimos 30 días=1; Hace más de un mes, pero menos de un año=2; Hace más de un año=3; No sabe=88; No contesta=99",17454,15463,"haven_labelled;vctrs_vctr;double"
"2022","prueba_ext/BD - ENPG 2022 (Stata 16).dta","CE_4","CE_4. ¿Cuándo fue la última vez que usó cigarrillos electrónicos?","Durante los últimos 30 días=1; Hace más de un mes, pero menos de un año=2; Hace más de un año=3; No sabe=88; No contesta=99",17454,15463,"haven_labelled;vctrs_vctr;double"
"2022","prueba_ext/BD - ENPG 2022 (Stata 16).dta","CE_5","CE_5. Piense solamente en los últimos 30 días, ¿cuántos días ha usado cigarrillo","N° de días (de 1 a 30)=1; No sabe=88; No contesta=99",17454,17317,"haven_labelled;vctrs_vctr;double"
"2022","prueba_ext/BD - ENPG 2022 (Stata 16).dta","CE_6","CE_6. Respecto a la última vez que Ud. usó cigarrillos electrónicos, ¿sabía Ud.","Sí=1; No=2; No contesta=99",17454,15480,"haven_labelled;vctrs_vctr;double"
"2022","prueba_ext/BD - ENPG 2022 (Stata 16).dta","CE_7","CE_7. ¿Tiene Ud. actualmente algún dispositivo de cigarrillo electrónico?","Sí=1; No=2; No sabe=88; No contesta=99",17454,15480,"haven_labelled;vctrs_vctr;double"
"2022","prueba_ext/BD - ENPG 2022 (Stata 16).dta","OH_1","<p><u><strong>MÓDULO ALCOHOL</strong></u></p><p>&nbsp;</p><p>OH_1. &iquest;Ha to","Sí=1; No=2; No sabe=88; No contesta=99",17454,0,"haven_labelled;vctrs_vctr;double"
"2022","prueba_ext/BD - ENPG 2022 (Stata 16).dta","OH_2","OH_2. ¿Cuándo fue la <u>primera vez</u> que Ud. consumió alcohol en su vida?","Durante los últimos 30 días=1; Hace más de un mes, pero menos de un año=2; Hace más de un año=3; No sabe=88; No contesta=99",17454,4679,"haven_labelled;vctrs_vctr;double"
"2022","prueba_ext/BD - ENPG 2022 (Stata 16).dta","OH_3","OH_3. ¿Qué <u>edad </u>tenía cuando consumió por <u>primera vez</u> alcohol? (No","Años cumplidos=1; No sabe=88; No contesta=99",17454,4679,"haven_labelled;vctrs_vctr;double"
"2022","prueba_ext/BD - ENPG 2022 (Stata 16).dta","OH_4","OH_4. ¿Cuándo fue la <u>última vez</u> que Ud. consumió alcohol?","Durante los últimos 30 días=1; Hace más de un mes, pero menos de un año=2; Hace más de un año=3; No sabe=88; No contesta=99",17454,4679,"haven_labelled;vctrs_vctr;double"
"2022","prueba_ext/BD - ENPG 2022 (Stata 16).dta","OH_5","OH_5. Pensando solamente en los últimos <u>30 días</u>, ¿cuántos <u>días</u> del","N° de días (de 1 a 30)=1; No sabe=88; No contesta=99",17454,11448,"haven_labelled;vctrs_vctr;double"
"2022","prueba_ext/BD - ENPG 2022 (Stata 16).dta","OH_6","OH_6. Durante los últimos 30 días, ¿qué tipo de bebida alcohólica tomó con más f","Cerveza=1; Vino, champaña u otros espumantes=2; <p>Licores, destilados o combinados</p><p><strong>(ENCUESTADOR: pisco, ron, whis=3; Otro=4; No sabe=88; No contesta=99",17454,11448,"haven_labelled;vctrs_vctr;double"
"2022","prueba_ext/BD - ENPG 2022 (Stata 16).dta","OH_7","<p>OH_7. Pensando en los últimos 30 días:&nbsp;</p><p>&nbsp;</p><p>{#INSTRUCCION","N° de veces=1; No sabe=88; No contesta=99",17454,11448,"haven_labelled;vctrs_vctr;double"
"2022","prueba_ext/BD - ENPG 2022 (Stata 16).dta","OH_8","OH_8. ¿Qué tan seguido toma usted alguna bebida alcohólica?","Nunca=0; 1 vez al mes o menos=1; 2 a 4 veces al mes=2; 2 a 3 veces a la semana=3; 4 o más veces a la semana=4",17454,9040,"haven_labelled;vctrs_vctr;double"
"2022","prueba_ext/BD - ENPG 2022 (Stata 16).dta","OH_9","<p>OH_9. &iquest;Cuántos tragos suele tomar usted en un día típico de consumo de","0 a 2 tragos=0; 3 a 4 tragos=1; 5 a 6 tragos=2; 7 a 9 tragos=3; 10 o más tragos=4",17454,9040,"haven_labelled;vctrs_vctr;double"
"2022","prueba_ext/BD - ENPG 2022 (Stata 16).dta","OH_10","OH_10. ¿Qué tan seguido toma usted 6 o más tragos en una sola ocasión?","Nunca=0; Menos de una vez al mes=1; Mensualmente=2; Semanalmente=3; Todos o casi todos los días=4",17454,9040,"haven_labelled;vctrs_vctr;double"
"2022","prueba_ext/BD - ENPG 2022 (Stata 16).dta","OH_11","OH_11. Y con la misma escala… ¿Qué tan seguido, en el curso de los últimos 12 me","Nunca=0; Menos de una vez al mes=1; Mensualmente=2; Semanalmente=3; Todos o casi todos los días=4",17454,9040,"haven_labelled;vctrs_vctr;double"
"2022","prueba_ext/BD - ENPG 2022 (Stata 16).dta","OH_12","OH_12. ¿Qué tan seguido, en el curso de los últimos 12 meses, su consumo de alco","Nunca=0; Menos de una vez al mes=1; Mensualmente=2; Semanalmente=3; Todos o casi todos los días=4",17454,9040,"haven_labelled;vctrs_vctr;double"
"2022","prueba_ext/BD - ENPG 2022 (Stata 16).dta","OH_13","OH_13. ¿Qué tan seguido, en el curso de los últimos 12 meses, usted necesitó beb","Nunca=0; Menos de una vez al mes=1; Mensualmente=2; Semanalmente=3; Todos o casi todos los días=4",17454,9040,"haven_labelled;vctrs_vctr;double"
"2022","prueba_ext/BD - ENPG 2022 (Stata 16).dta","OH_14","OH_14. ¿Qué tan seguido, en el curso de los últimos 12 meses, usted tuvo remordi","Nunca=0; Menos de una vez al mes=1; Mensualmente=2; Semanalmente=3; Todos o casi todos los días=4",17454,9040,"haven_labelled;vctrs_vctr;double"
"2022","prueba_ext/BD - ENPG 2022 (Stata 16).dta","OH_15","OH_15. ¿Qué tan seguido, en el curso de los últimos 12 meses, usted no fue capaz","Nunca=0; Menos de una vez al mes=1; Mensualmente=2; Semanalmente=3; Todos o casi todos los días=4",17454,9040,"haven_labelled;vctrs_vctr;double"
"2022","prueba_ext/BD - ENPG 2022 (Stata 16).dta","OH_16","OH_16. ¿Usted o alguna otra persona ha resultado físicamente herido debido a que","No=0; Sí, pero no en el último año=2; Sí, en el último año=4",17454,9040,"haven_labelled;vctrs_vctr;double"
"2022","prueba_ext/BD - ENPG 2022 (Stata 16).dta","OH_17","OH_17. ¿Algún familiar, amigo, médico u otro profesional de la salud ha mostrado","No=0; Sí, pero no en el último año=2; Sí, en el último año=4",17454,9040,"haven_labelled;vctrs_vctr;double"
"2022","prueba_ext/BD - ENPG 2022 (Stata 16).dta","OH_181","","",17454,9040,"numeric"
"2022","prueba_ext/BD - ENPG 2022 (Stata 16).dta","OH_191","","",17454,9040,"numeric"
"2022","prueba_ext/BD - ENPG 2022 (Stata 16).dta","OH_182","","",17454,9040,"numeric"
"2022","prueba_ext/BD - ENPG 2022 (Stata 16).dta","OH_192","","",17454,9040,"numeric"
"2022","prueba_ext/BD - ENPG 2022 (Stata 16).dta","OH_183","","",17454,9040,"numeric"
"2022","prueba_ext/BD - ENPG 2022 (Stata 16).dta","OH_193","","",17454,9040,"numeric"
"2022","prueba_ext/BD - ENPG 2022 (Stata 16).dta","OH_184","","",17454,9040,"numeric"
"2022","prueba_ext/BD - ENPG 2022 (Stata 16).dta","OH_194","","",17454,9040,"numeric"
"2022","prueba_ext/BD - ENPG 2022 (Stata 16).dta","OH_185","","",17454,9040,"numeric"
"2022","prueba_ext/BD - ENPG 2022 (Stata 16).dta","OH_195","","",17454,9040,"numeric"
"2022","prueba_ext/BD - ENPG 2022 (Stata 16).dta","OH_186","","",17454,9040,"numeric"
"2022","prueba_ext/BD - ENPG 2022 (Stata 16).dta","OH_196","","",17454,9040,"numeric"
"2022","prueba_ext/BD - ENPG 2022 (Stata 16).dta","OH_20","OH_20. ¿Ha tenido algún problema serio en la casa, en el trabajo o donde estudia","Sí=1; No=2; No sabe=88; No contesta=99",17454,9040,"haven_labelled;vctrs_vctr;double"
"2022","prueba_ext/BD - ENPG 2022 (Stata 16).dta","OH_21","OH_21. ¿Le ha sucedido que a causa del alcohol se haya expuesto a algún peligro","Sí=1; No=2; No sabe=88; No contesta=99",17454,9040,"haven_labelled;vctrs_vctr;double"
"2022","prueba_ext/BD - ENPG 2022 (Stata 16).dta","OH_22","OH_22. ¿Ha hecho algo bajo los efectos del alcohol que pudiera causarle problema","Sí=1; No=2; No sabe=88; No contesta=99",17454,9040,"haven_labelled;vctrs_vctr;double"
"2022","prueba_ext/BD - ENPG 2022 (Stata 16).dta","OH_23","OH_23. ¿Ha tenido algún problema o han aumentado los problemas con su familia o","Sí=1; No=2; No sabe=88; No contesta=99",17454,9040,"haven_labelled;vctrs_vctr;double"
"2022","prueba_ext/BD - ENPG 2022 (Stata 16).dta","OH_24","OH_24. ¿Se ha visto envuelto en alguna pelea a golpes o ha agredido a alguien ba","Sí=1; No=2; No sabe=88; No contesta=99",17454,9040,"haven_labelled;vctrs_vctr;double"
"2022","prueba_ext/BD - ENPG 2022 (Stata 16).dta","MAR_1","<p><u><strong>MÓDULO MARIHUANA</strong></u></p><p>&nbsp;</p><p>MAR_1. &iquest;Ha","Sí=1; No=2; No sabe=88; No contesta=99",17454,0,"haven_labelled;vctrs_vctr;double"
"2022","prueba_ext/BD - ENPG 2022 (Stata 16).dta","MAR_2","MAR_2. ¿Cuándo fue la <u>primera vez</u> que Ud. consumió <u>marihuana </u>en su","Durante los últimos 30 días=1; Hace más de un mes, pero menos de un año=2; Hace más de un año=3; No sabe=88; No contesta=99",17454,12434,"haven_labelled;vctrs_vctr;double"
"2022","prueba_ext/BD - ENPG 2022 (Stata 16).dta","MAR_3","MAR_3. ¿Qué edad tenía cuando probó <u>marihuana </u>por primera <u>vez</u>?","En años cumplidos=1; No sabe=88; No contesta=99",17454,12434,"haven_labelled;vctrs_vctr;double"
"2022","prueba_ext/BD - ENPG 2022 (Stata 16).dta","MAR_4","MAR_4. ¿Cuándo fue la <u>última vez</u> que Ud. consumió <u>marihuana</u>? (Resp","Durante los últimos 30 días=1; Hace más de un mes, pero menos de un año=2; Hace más de un año=3; No sabe=88; No contesta=99",17454,12434,"haven_labelled;vctrs_vctr;double"
"2022","prueba_ext/BD - ENPG 2022 (Stata 16).dta","MAR_5","MAR_5. Pensando solamente en los <u>últimos 30 días</u>, ¿cuántos <u>días </u>de","N° de días (de 1 a 30)=1; No sabe=88; No contesta=99",17454,16433,"haven_labelled;vctrs_vctr;double"
"2022","prueba_ext/BD - ENPG 2022 (Stata 16).dta","MAR_6","MAR_6. ¿Cuántos cigarros de <u>marihuana </u>consume Ud. al mes? Considere su co","N° de cigarros=1; No sabe=88; No contesta=99",17454,16433,"haven_labelled;vctrs_vctr;double"
"2022","prueba_ext/BD - ENPG 2022 (Stata 16).dta","MAR_7","MAR_7. ¿Qué tipo de marihuana consumió con mayor frecuencia?","Marihuana prensada o ""paraguaya""=1; Marihuana verde o yerba=2; Marihuana verde o yerba de ""autocultivo""=3; Marihuana <em>skunk </em>o de alta potencia (marihuana ""<em>cripy </em>o <em>cre=4; Marihuana <em>skunk </em>o de alta potencia de ""autocultivo""=5; No sabe (No leer)=88; No contesta (No leer)=99",17454,15987,"haven_labelled;vctrs_vctr;double"
"2022","prueba_ext/BD - ENPG 2022 (Stata 16).dta","MAR_8","<p>MAR_8. Respecto a problemas como:&nbsp;</p><p>&nbsp;</p><p>* Ansiedad, irrita","Sí=1; No=2; No sabe=88; No contesta=99",17454,15987,"haven_labelled;vctrs_vctr;double"
"2022","prueba_ext/BD - ENPG 2022 (Stata 16).dta","MAR_9","MAR_9. ¿Ha presentado estos problemas cuando suspendía o disminuía el consumo de","Sí=1; No=2; No sabe=88; No contesta=99",17454,15987,"haven_labelled;vctrs_vctr;double"
"2022","prueba_ext/BD - ENPG 2022 (Stata 16).dta","MAR_10","MAR_10. ¿Ha sentido un deseo tan grande de usar marihuana que no pudo resistir o","Sí=1; No=2; No sabe=88; No contesta=99",17454,15987,"haven_labelled;vctrs_vctr;double"
"2022","prueba_ext/BD - ENPG 2022 (Stata 16).dta","MAR_11","MAR_11. ¿Ha observado que para obtener el mismo efecto con marihuana ha consumid","Sí=1; No=2; No sabe=88; No contesta=99",17454,15987,"haven_labelled;vctrs_vctr;double"
"2022","prueba_ext/BD - ENPG 2022 (Stata 16).dta","MAR_12","MAR_12. ¿Ha notado que la misma cantidad de marihuana tiene menos efecto en Ud.","Sí=1; No=2; No sabe=88; No contesta=99",17454,15987,"haven_labelled;vctrs_vctr;double"
"2022","prueba_ext/BD - ENPG 2022 (Stata 16).dta","MAR_13","MAR_13. ¿Ha intentado controlar, disminuir o dejar su consumo de marihuana, pero","Sí=1; No=2; No sabe=88; No contesta=99",17454,15987,"haven_labelled;vctrs_vctr;double"
"2022","prueba_ext/BD - ENPG 2022 (Stata 16).dta","MAR_14","MAR_14. ¿Ha terminado consumiendo marihuana en mayores cantidades o por mayor ti","Sí=1; No=2; No sabe=88; No contesta=99",17454,15987,"haven_labelled;vctrs_vctr;double"
"2022","prueba_ext/BD - ENPG 2022 (Stata 16).dta","MAR_15","MAR_15. ¿Ha dejado de hacer o ha suspendido actividades sociales, laborales o re","Sí=1; No=2; No sabe=88; No contesta=99",17454,15987,"haven_labelled;vctrs_vctr;double"
"2022","prueba_ext/BD - ENPG 2022 (Stata 16).dta","MAR_16","MAR_16. ¿Ha dedicado más tiempo que antes a conseguir y consumir marihuana, o pa","Sí=1; No=2; No sabe=88; No contesta=99",17454,15987,"haven_labelled;vctrs_vctr;double"
"2022","prueba_ext/BD - ENPG 2022 (Stata 16).dta","MAR_17","MAR_17. ¿Ha continuado consumiendo marihuana a pesar de que le ocasione problema","Sí=1; No=2; No sabe=88; No contesta=99",17454,15987,"haven_labelled;vctrs_vctr;double"
"2022","prueba_ext/BD - ENPG 2022 (Stata 16).dta","MAR_18","MAR_18. ¿Ha tenido algún problema serio en la casa, en el trabajo o donde estudi","Sí=1; No=2; No sabe=88; No contesta=99",17454,15987,"haven_labelled;vctrs_vctr;double"
"2022","prueba_ext/BD - ENPG 2022 (Stata 16).dta","MAR_19","MAR_19. ¿Le ha sucedido que a causa de la marihuana se haya expuesto a algún pel","Sí=1; No=2; No sabe=88; No contesta=99",17454,15987,"haven_labelled;vctrs_vctr;double"
"2022","prueba_ext/BD - ENPG 2022 (Stata 16).dta","MAR_20","MAR_20. ¿Ha hecho algo bajo los efectos de la marihuana que pudiera causarle pro","Sí=1; No=2; No sabe=88; No contesta=99",17454,15987,"haven_labelled;vctrs_vctr;double"
"2022","prueba_ext/BD - ENPG 2022 (Stata 16).dta","MAR_21","MAR_21. ¿Ha tenido algún problema o han aumentado los problemas con su familia o","Sí=1; No=2; No sabe=88; No contesta=99",17454,15987,"haven_labelled;vctrs_vctr;double"
"2022","prueba_ext/BD - ENPG 2022 (Stata 16).dta","MAR_21A","MAR_21A. ¿Se ha visto envuelto en alguna pelea a golpes o ha agredido a alguien","Sí=1; No=2; No sabe=88; No contesta=99",17454,15987,"haven_labelled;vctrs_vctr;double"
"2022","prueba_ext/BD - ENPG 2022 (Stata 16).dta","MAR_21B","MAR_21B. ¿Algún familiar o persona cercana a usted ha resultado dañada física o","Sí=1; No=2; No sabe=88; No contesta=99",17454,15987,"haven_labelled;vctrs_vctr;double"
"2022","prueba_ext/BD - ENPG 2022 (Stata 16).dta","MAR_22","MAR_22. Piense en los últimos 12 meses, ¿Ha consumido marihuana por una <u>vía d","Sí=1; No=2; No sabe=88; No contesta=99",17454,15987,"haven_labelled;vctrs_vctr;double"
"2022","prueba_ext/BD - ENPG 2022 (Stata 16).dta","MAR_2301","","",17454,17277,"numeric"
"2022","prueba_ext/BD - ENPG 2022 (Stata 16).dta","MAR_2302","","",17454,17339,"numeric"
"2022","prueba_ext/BD - ENPG 2022 (Stata 16).dta","MAR_2303","","",17454,17415,"numeric"
"2022","prueba_ext/BD - ENPG 2022 (Stata 16).dta","MAR_2304","","",17454,17414,"numeric"
"2022","prueba_ext/BD - ENPG 2022 (Stata 16).dta","MAR_2305","","",17454,17427,"numeric"
"2022","prueba_ext/BD - ENPG 2022 (Stata 16).dta","MAR_2306","","",17454,17433,"numeric"
"2022","prueba_ext/BD - ENPG 2022 (Stata 16).dta","MAR_2307","","",17454,17319,"numeric"
"2022","prueba_ext/BD - ENPG 2022 (Stata 16).dta","MAR_2308","","",17454,17296,"numeric"
"2022","prueba_ext/BD - ENPG 2022 (Stata 16).dta","MAR_2309","","",17454,17379,"numeric"
"2022","prueba_ext/BD - ENPG 2022 (Stata 16).dta","MAR_2310","","",17454,17446,"numeric"
"2022","prueba_ext/BD - ENPG 2022 (Stata 16).dta","MAR_2310_ESP","","",17454,0,"character"
"2022","prueba_ext/BD - ENPG 2022 (Stata 16).dta","PB_1","<p><u><strong>MÓDULO PASTA BASE</strong></u></p><p>&nbsp;</p><p>PB_1. &iquest;Ha","Sí=1; No=2; No sabe=88; No contesta=99",17454,0,"haven_labelled;vctrs_vctr;double"
"2022","prueba_ext/BD - ENPG 2022 (Stata 16).dta","PB_2","PB_2. ¿Cuándo fue la <u>primera vez</u> que Ud. consumió <u>pasta base</u> en su","Durante los últimos 30 días=1; Hace más de un mes, pero menos de un año=2; Hace más de un año=3; No sabe=88; No contesta=99",17454,17133,"haven_labelled;vctrs_vctr;double"
"2022","prueba_ext/BD - ENPG 2022 (Stata 16).dta","PB_3","PB_3. ¿Qué <u>edad </u>tenía cuando probó <u>pasta base</u> por <u>primera vez</","Años cumplidos)=1; No sabe=88; No contesta=99",17454,17133,"haven_labelled;vctrs_vctr;double"
"2022","prueba_ext/BD - ENPG 2022 (Stata 16).dta","PB_4","PB_4. ¿Cuándo fue la<u> última vez</u> que Ud. consumió <u>pasta base</u>? (Resp","Durante los últimos 30 días=1; Hace más de un mes, pero menos de un año=2; Hace más de un año=3; No sabe=88; No contesta=99",17454,17133,"haven_labelled;vctrs_vctr;double"
"2022","prueba_ext/BD - ENPG 2022 (Stata 16).dta","PB_5","PB_5. Pensando solamente en los <u>últimos 30 días</u>, ¿cuántos <u>días </u>del","N° de días (de 1 a 30)=1; No sabe=88; No contesta=99",17454,17422,"haven_labelled;vctrs_vctr;double"
"2022","prueba_ext/BD - ENPG 2022 (Stata 16).dta","PB_6","<p>PB_6. Respecto a problemas como:</p><p>&nbsp;</p><p>* Ansiedad, irritabilidad","Sí=1; No=2; No sabe=88; No contesta=99",17454,17410,"haven_labelled;vctrs_vctr;double"
"2022","prueba_ext/BD - ENPG 2022 (Stata 16).dta","PB_7","PB_7. ¿Ha presentado estos problemas cuando suspendía o disminuía el consumo de","Sí=1; No=2; No sabe=88; No contesta=99",17454,17410,"haven_labelled;vctrs_vctr;double"
"2022","prueba_ext/BD - ENPG 2022 (Stata 16).dta","PB_8","PB_8. ¿Ha sentido un deseo tan grande de consumir <u>pasta base</u> que no pudo","Sí=1; No=2; No sabe=88; No contesta=99",17454,17410,"haven_labelled;vctrs_vctr;double"
"2022","prueba_ext/BD - ENPG 2022 (Stata 16).dta","PB_9","PB_9. ¿Ha observado que para obtener el mismo efecto con <u>pasta base</u> ha co","Sí=1; No=2; No sabe=88; No contesta=99",17454,17410,"haven_labelled;vctrs_vctr;double"
"2022","prueba_ext/BD - ENPG 2022 (Stata 16).dta","PB_10","PB_10. ¿Ha notado que la misma cantidad de <u>pasta base</u> tiene menos efecto","Sí=1; No=2; No sabe=88; No contesta=99",17454,17410,"haven_labelled;vctrs_vctr;double"
"2022","prueba_ext/BD - ENPG 2022 (Stata 16).dta","PB_11","PB_11. ¿Ha intentado controlar, disminuir o dejar su consumo de pasta base, pero","Sí=1; No=2; No sabe=88; No contesta=99",17454,17410,"haven_labelled;vctrs_vctr;double"
"2022","prueba_ext/BD - ENPG 2022 (Stata 16).dta","PB_12","PB_12. ¿Ha terminado consumiendo <u>pasta base</u> en mayores cantidades o por m","Sí=1; No=2; No sabe=88; No contesta=99",17454,17410,"haven_labelled;vctrs_vctr;double"
"2022","prueba_ext/BD - ENPG 2022 (Stata 16).dta","PB_13","PB_13. ¿Ha dejado de hacer o ha suspendido actividades sociales, laborales o rec","Sí=1; No=2; No sabe=88; No contesta=99",17454,17410,"haven_labelled;vctrs_vctr;double"
"2022","prueba_ext/BD - ENPG 2022 (Stata 16).dta","PB_14","PB_14. ¿Ha dedicado más tiempo que antes a conseguir y consumir <u>pasta base</u","Sí=1; No=2; No sabe=88; No contesta=99",17454,17410,"haven_labelled;vctrs_vctr;double"
"2022","prueba_ext/BD - ENPG 2022 (Stata 16).dta","PB_15","PB_15. ¿Ha continuado consumiendo <u>pasta base </u>a pesar de que le ocasione p","Sí=1; No=2; No sabe=88; No contesta=99",17454,17410,"haven_labelled;vctrs_vctr;double"
"2022","prueba_ext/BD - ENPG 2022 (Stata 16).dta","PB_16","PB_16. ¿Ha tenido algún problema serio en la casa, en el trabajo o donde estudia","Sí=1; No=2; No sabe=88; No contesta=99",17454,17410,"haven_labelled;vctrs_vctr;double"
"2022","prueba_ext/BD - ENPG 2022 (Stata 16).dta","PB_17","PB_17. ¿Le ha sucedido que a causa de la pasta base se haya expuesto a algún pel","Sí=1; No=2; No sabe=88; No contesta=99",17454,17410,"haven_labelled;vctrs_vctr;double"
"2022","prueba_ext/BD - ENPG 2022 (Stata 16).dta","PB_18","PB_18. ¿Ha hecho algo bajo los efectos de la <u>pasta base</u> que pudiera causa","Sí=1; No=2; No sabe=88; No contesta=99",17454,17410,"haven_labelled;vctrs_vctr;double"
"2022","prueba_ext/BD - ENPG 2022 (Stata 16).dta","PB_19","PB_19. ¿Ha tenido algún problema o han aumentado los problemas con su familia o","Sí=1; No=2; No sabe=88; No contesta=99",17454,17410,"haven_labelled;vctrs_vctr;double"
"2022","prueba_ext/BD - ENPG 2022 (Stata 16).dta","PB_20","PB_20. ¿Se ha visto envuelto en alguna pelea a golpes o ha agredido a alguien ba","Sí=1; No=2; No sabe=88; No contesta=99",17454,17410,"haven_labelled;vctrs_vctr;double"
"2022","prueba_ext/BD - ENPG 2022 (Stata 16).dta","PB_21","PB_21. ¿Algún familiar o persona cercana a usted ha resultado dañada física o ps","Sí=1; No=2; No sabe=88; No contesta=99",17454,17410,"haven_labelled;vctrs_vctr;double"
"2022","prueba_ext/BD - ENPG 2022 (Stata 16).dta","COC_1","<p><strong><u>MÓDULO COCAÍNA</u></strong></p><p>&nbsp;</p><p>COC_1. &iquest;Ha p","Sí=1; No=2; No sabe=88; No contesta=99",17454,0,"haven_labelled;vctrs_vctr;double"
"2022","prueba_ext/BD - ENPG 2022 (Stata 16).dta","COC_2","COC_2. ¿Cuándo fue la <u>primera vez</u> que Ud. consumió <u>cocaína </u>en su v","Durante los últimos 30 días=1; Hace más de un mes, pero menos de un año=2; Hace más de un año=3; No sabe=88; No contesta=99",17454,16646,"haven_labelled;vctrs_vctr;double"
"2022","prueba_ext/BD - ENPG 2022 (Stata 16).dta","COC_3","COC_3. ¿Qué <u>edad </u>tenía cuando probó <u>cocaína </u>por <u>primera vez</u>","Años cumplidos=1; No sabe=88; No contesta=99",17454,16646,"haven_labelled;vctrs_vctr;double"
"2022","prueba_ext/BD - ENPG 2022 (Stata 16).dta","COC_4","COC_4. ¿Cuándo fue la <u>última vez</u> que Ud. consumió <strong>cocaína</strong","Durante los últimos 30 días=1; Hace más de un mes, pero menos de un año=2; Hace más de un año=3; No sabe=88; No contesta=99",17454,16646,"haven_labelled;vctrs_vctr;double"
"2022","prueba_ext/BD - ENPG 2022 (Stata 16).dta","COC_5","COC_5. Pensando solamente en los <u>últimos 30 días</u>, ¿cuántos <u>días </u>de","N° de días (de 1 a 30)=1; No sabe=88; No contesta=99",17454,17400,"haven_labelled;vctrs_vctr;double"
"2022","prueba_ext/BD - ENPG 2022 (Stata 16).dta","COC_6","<p>COC_6. Respecto a problemas como:</p><p>* Ansiedad, irritabilidad <strong>(En","Sí=1; No=2; No sabe=88; No contesta=99",17454,17340,"haven_labelled;vctrs_vctr;double"
"2022","prueba_ext/BD - ENPG 2022 (Stata 16).dta","COC_7","COC_7. ¿Ha presentado estos problemas cuando suspendía o disminuía el consumo de","Sí=1; No=2; No sabe=88; No contesta=99",17454,17340,"haven_labelled;vctrs_vctr;double"
"2022","prueba_ext/BD - ENPG 2022 (Stata 16).dta","COC_8","COC_8. ¿Ha sentido un deseo tan grande de consumir <u>cocaína </u>que no pudo re","Sí=1; No=2; No sabe=88; No contesta=99",17454,17340,"haven_labelled;vctrs_vctr;double"
"2022","prueba_ext/BD - ENPG 2022 (Stata 16).dta","COC_9","COC_9. ¿Ha observado que para obtener el mismo efecto con <u>cocaína</u> ha cons","Sí=1; No=2; No sabe=88; No contesta=99",17454,17340,"haven_labelled;vctrs_vctr;double"
"2022","prueba_ext/BD - ENPG 2022 (Stata 16).dta","COC_10","COC_10. ¿Ha notado que la misma cantidad de <u>cocaína</u> tiene menos efecto en","Sí=1; No=2; No sabe=88; No contesta=99",17454,17340,"haven_labelled;vctrs_vctr;double"
"2022","prueba_ext/BD - ENPG 2022 (Stata 16).dta","COC_11","COC_11. ¿Ha intentado controlar, disminuir o dejar su consumo de cocaína, pero n","Sí=1; No=2; No sabe=88; No contesta=99",17454,17340,"haven_labelled;vctrs_vctr;double"
"2022","prueba_ext/BD - ENPG 2022 (Stata 16).dta","COC_12","COC_12. ¿Ha terminado consumiendo <u>cocaína</u> en mayores cantidades o por may","Sí=1; No=2; No sabe=88; No contesta=99",17454,17340,"haven_labelled;vctrs_vctr;double"
"2022","prueba_ext/BD - ENPG 2022 (Stata 16).dta","COC_13","COC_13. ¿Ha dejado de hacer o ha suspendido actividades sociales, laborales o re","Sí=1; No=2; No sabe=88; No contesta=99",17454,17340,"haven_labelled;vctrs_vctr;double"
"2022","prueba_ext/BD - ENPG 2022 (Stata 16).dta","COC_14","COC_14. ¿Ha dedicado más tiempo que antes a conseguir y consumir <u>cocaína</u>,","Sí=1; No=2; No sabe=88; No contesta=99",17454,17340,"haven_labelled;vctrs_vctr;double"
"2022","prueba_ext/BD - ENPG 2022 (Stata 16).dta","COC_15","COC_15. ¿Ha continuado consumiendo <u>cocaína</u> a pesar de que le ocasione pro","Sí=1; No=2; No sabe=88; No contesta=99",17454,17340,"haven_labelled;vctrs_vctr;double"
"2022","prueba_ext/BD - ENPG 2022 (Stata 16).dta","COC_16","COC_16. ¿Ha tenido algún problema serio en la casa, en el trabajo o donde estudi","Sí=1; No=2; No sabe=88; No contesta=99",17454,17340,"haven_labelled;vctrs_vctr;double"
"2022","prueba_ext/BD - ENPG 2022 (Stata 16).dta","COC_17","COC_17. ¿Le ha sucedido que a causa de la cocaína se haya expuesto a algún pelig","Sí=1; No=2; No sabe=88; No contesta=99",17454,17340,"haven_labelled;vctrs_vctr;double"
"2022","prueba_ext/BD - ENPG 2022 (Stata 16).dta","COC_18","COC_18. ¿Ha hecho algo bajo los efectos de la <u>cocaína</u> que pudiera causarl","Sí=1; No=2; No sabe=88; No contesta=99",17454,17340,"haven_labelled;vctrs_vctr;double"
"2022","prueba_ext/BD - ENPG 2022 (Stata 16).dta","COC_19","COC_19. ¿Ha tenido algún problema o han aumentado los problemas con su familia o","Sí=1; No=2; No sabe=88; No contesta=99",17454,17340,"haven_labelled;vctrs_vctr;double"
"2022","prueba_ext/BD - ENPG 2022 (Stata 16).dta","COC_20","COC_20. ¿Se ha visto envuelto en alguna pelea a golpes o ha agredido a alguien b","Sí=1; No=2; No sabe=88; No contesta=99",17454,17340,"haven_labelled;vctrs_vctr;double"
"2022","prueba_ext/BD - ENPG 2022 (Stata 16).dta","COC_21","COC_21. ¿Algún familiar o persona cercana a usted ha resultado dañada física o p","Sí=1; No=2; No sabe=88; No contesta=99",17454,17340,"haven_labelled;vctrs_vctr;double"
"2022","prueba_ext/BD - ENPG 2022 (Stata 16).dta","TRANS_101","","",17454,17328,"numeric"
"2022","prueba_ext/BD - ENPG 2022 (Stata 16).dta","TRANS_102","","",17454,17367,"numeric"
"2022","prueba_ext/BD - ENPG 2022 (Stata 16).dta","TRANS_103","","",17454,17073,"numeric"
"2022","prueba_ext/BD - ENPG 2022 (Stata 16).dta","TRANS_104","","",17454,17432,"numeric"
"2022","prueba_ext/BD - ENPG 2022 (Stata 16).dta","TRANS_105","","",17454,17438,"numeric"
"2022","prueba_ext/BD - ENPG 2022 (Stata 16).dta","TRANS_106","","",17454,17442,"numeric"
"2022","prueba_ext/BD - ENPG 2022 (Stata 16).dta","TRANS_107","","",17454,17263,"numeric"
"2022","prueba_ext/BD - ENPG 2022 (Stata 16).dta","TRANS_108","","",17454,17449,"numeric"
"2022","prueba_ext/BD - ENPG 2022 (Stata 16).dta","TRANS_109","","",17454,17448,"numeric"
"2022","prueba_ext/BD - ENPG 2022 (Stata 16).dta","T_TRANS_2_1","a. Alprazolam, Zotrán, Ativán o Adax","Durante los últimos 30 días=1; Hace más de un mes, pero menos de un año=2; Hace más de un año=3; No sabe=88; No contesta=99",17454,17328,"haven_labelled;vctrs_vctr;double"
"2022","prueba_ext/BD - ENPG 2022 (Stata 16).dta","T_TRANS_2_2","b. Valium o Diazepam","Durante los últimos 30 días=1; Hace más de un mes, pero menos de un año=2; Hace más de un año=3; No sabe=88; No contesta=99",17454,17367,"haven_labelled;vctrs_vctr;double"
"2022","prueba_ext/BD - ENPG 2022 (Stata 16).dta","T_TRANS_2_3","c. Clonazepam, Ravotril o Valpax","Durante los últimos 30 días=1; Hace más de un mes, pero menos de un año=2; Hace más de un año=3; No sabe=88; No contesta=99",17454,17073,"haven_labelled;vctrs_vctr;double"
"2022","prueba_ext/BD - ENPG 2022 (Stata 16).dta","T_TRANS_2_4","d. Lorazepam o Amparax","Durante los últimos 30 días=1; Hace más de un mes, pero menos de un año=2; Hace más de un año=3; No sabe=88; No contesta=99",17454,17432,"haven_labelled;vctrs_vctr;double"
"2022","prueba_ext/BD - ENPG 2022 (Stata 16).dta","T_TRANS_2_5","e. Clordiazepóxido","Durante los últimos 30 días=1; Hace más de un mes, pero menos de un año=2; Hace más de un año=3; No sabe=88; No contesta=99",17454,17438,"haven_labelled;vctrs_vctr;double"
"2022","prueba_ext/BD - ENPG 2022 (Stata 16).dta","T_TRANS_2_6","f. Bromazepam","Durante los últimos 30 días=1; Hace más de un mes, pero menos de un año=2; Hace más de un año=3; No sabe=88; No contesta=99",17454,17442,"haven_labelled;vctrs_vctr;double"
"2022","prueba_ext/BD - ENPG 2022 (Stata 16).dta","T_TRANS_2_7","g. Zopiclona, Zolpidem o Somno","Durante los últimos 30 días=1; Hace más de un mes, pero menos de un año=2; Hace más de un año=3; No sabe=88; No contesta=99",17454,17263,"haven_labelled;vctrs_vctr;double"
"2022","prueba_ext/BD - ENPG 2022 (Stata 16).dta","T_TRANS_2_8","h. Dormonid o Midazolam","Durante los últimos 30 días=1; Hace más de un mes, pero menos de un año=2; Hace más de un año=3; No sabe=88; No contesta=99",17454,17449,"haven_labelled;vctrs_vctr;double"
"2022","prueba_ext/BD - ENPG 2022 (Stata 16).dta","T_TRANS_2_9","i. Rohypnol, Flunitrazepam o Ipnopen","Durante los últimos 30 días=1; Hace más de un mes, pero menos de un año=2; Hace más de un año=3; No sabe=88; No contesta=99",17454,17448,"haven_labelled;vctrs_vctr;double"
"2022","prueba_ext/BD - ENPG 2022 (Stata 16).dta","TRANS_3","TRANS_3. Piense en la última vez que Ud. consumió tranquilizantes sin receta méd","Lo compré en una farmacia con una receta médica de otra persona=1; Lo compré en una feria libre o mercado=2; Lo compré por internet=3; Me lo pasó mi conviviente/pareja, un familiar y/o amigo/a=4; Me lo pasaron en el consultorio=5; Estaba en mi casa y lo tomé=6; Lo conseguí de otra forma=7; No sabe=88; No contesta=99",17454,17177,"haven_labelled;vctrs_vctr;double"
"2022","prueba_ext/BD - ENPG 2022 (Stata 16).dta","TRANS_4","TRANS_4. Piense en la última vez que Ud. consumió tranquilizantes sin receta méd","Para inducir el sueño, problemas de insomnio=1; Para relajarme, bajar la ansiedad=2; Porque me he sentido triste o deprimido/a=3; Para hacer frente a estados de tensión y/o estrés=4; Para enfrentar momentos difíciles o situaciones de tensión=5; Para disminuir efectos secundarios de otro medicamento (me lo tomé para contrarr=6; Para probar o experimentar=7; Otra razón=8; No sabe=88; No contesta=99",17454,17177,"haven_labelled;vctrs_vctr;double"
"2022","prueba_ext/BD - ENPG 2022 (Stata 16).dta","TRANS_4_8","","",17454,0,"character"
"2022","prueba_ext/BD - ENPG 2022 (Stata 16).dta","ANALG_11","","",17454,16983,"numeric"
"2022","prueba_ext/BD - ENPG 2022 (Stata 16).dta","ANALG_12","","",17454,17402,"numeric"
"2022","prueba_ext/BD - ENPG 2022 (Stata 16).dta","ANALG_13","","",17454,17433,"numeric"
"2022","prueba_ext/BD - ENPG 2022 (Stata 16).dta","ANALG_14","","",17454,17447,"numeric"
"2022","prueba_ext/BD - ENPG 2022 (Stata 16).dta","ANALG_15","","",17454,17451,"numeric"
"2022","prueba_ext/BD - ENPG 2022 (Stata 16).dta","ANALG_16","","",17454,17450,"numeric"
"2022","prueba_ext/BD - ENPG 2022 (Stata 16).dta","ANALG_17","","",17454,17449,"numeric"
"2022","prueba_ext/BD - ENPG 2022 (Stata 16).dta","ANALG_18","","",17454,17445,"numeric"
"2022","prueba_ext/BD - ENPG 2022 (Stata 16).dta","T_ANALG_2_1","a. Tramal o Tramadol","Durante los últimos 30 días=1; Hace más de un mes, pero menos de un año=2; Hace más de un año=3; No sabe=88; No contesta=99",17454,16983,"haven_labelled;vctrs_vctr;double"
"2022","prueba_ext/BD - ENPG 2022 (Stata 16).dta","T_ANALG_2_2","b. Codeína","Durante los últimos 30 días=1; Hace más de un mes, pero menos de un año=2; Hace más de un año=3; No sabe=88; No contesta=99",17454,17402,"haven_labelled;vctrs_vctr;double"
"2022","prueba_ext/BD - ENPG 2022 (Stata 16).dta","T_ANALG_2_3","c. Morfina","Durante los últimos 30 días=1; Hace más de un mes, pero menos de un año=2; Hace más de un año=3; No sabe=88; No contesta=99",17454,17433,"haven_labelled;vctrs_vctr;double"
"2022","prueba_ext/BD - ENPG 2022 (Stata 16).dta","T_ANALG_2_4","d. Metadona","Durante los últimos 30 días=1; Hace más de un mes, pero menos de un año=2; Hace más de un año=3; No sabe=88; No contesta=99",17454,17447,"haven_labelled;vctrs_vctr;double"
"2022","prueba_ext/BD - ENPG 2022 (Stata 16).dta","T_ANALG_2_5","e. Petidina","Durante los últimos 30 días=1; Hace más de un mes, pero menos de un año=2; Hace más de un año=3; No sabe=88; No contesta=99",17454,17451,"haven_labelled;vctrs_vctr;double"
"2022","prueba_ext/BD - ENPG 2022 (Stata 16).dta","T_ANALG_2_6","f. Fentanilo","Durante los últimos 30 días=1; Hace más de un mes, pero menos de un año=2; Hace más de un año=3; No sabe=88; No contesta=99",17454,17450,"haven_labelled;vctrs_vctr;double"
"2022","prueba_ext/BD - ENPG 2022 (Stata 16).dta","T_ANALG_2_7","g. OxyContin","Durante los últimos 30 días=1; Hace más de un mes, pero menos de un año=2; Hace más de un año=3; No sabe=88; No contesta=99",17454,17449,"haven_labelled;vctrs_vctr;double"
"2022","prueba_ext/BD - ENPG 2022 (Stata 16).dta","T_ANALG_2_8","h. Vicodin","Durante los últimos 30 días=1; Hace más de un mes, pero menos de un año=2; Hace más de un año=3; No sabe=88; No contesta=99",17454,17445,"haven_labelled;vctrs_vctr;double"
"2022","prueba_ext/BD - ENPG 2022 (Stata 16).dta","ANALG_3","ANALG_3. Piense en la última vez que Ud. consumió analgésicos sin receta médica,","Lo compré en una farmacia con una receta médica de otra persona=1; Lo compré en una feria libre o mercado=2; Lo compré por internet=3; Me lo pasó mi conviviente/pareja, un familiar y/o amigo/a=4; Me lo pasaron en el consultorio=5; Estaba en mi casa y lo tomé=6; Lo conseguí de otra forma=7; No sabe=88; No contesta=99",17454,17232,"haven_labelled;vctrs_vctr;double"
"2022","prueba_ext/BD - ENPG 2022 (Stata 16).dta","ANALG_4","ANALG_4. Piense en la última vez que Ud. consumió analgésicos sin receta médica,","Para inducir el sueño, problemas de insomnio, relajarme o bajar la ansiedad=1; Porque me he sentido triste o deprimido/a=2; Para manejo de dolor agudo por una lesión muscular, articular y/o dental=3; Para manejo de dolor persistente por enfermedad crónica (p. ej., cáncer, artriti=4; Para enfrentar momentos difíciles o situaciones de tensión y/o estrés=5; Para disminuir efectos secundarios de otro medicamento (me lo tomé para contrarr=6; Para probar o experimentar=7; Otra razón=8; No sabe=88; No contesta=99",17454,17232,"haven_labelled;vctrs_vctr;double"
"2022","prueba_ext/BD - ENPG 2022 (Stata 16).dta","ANALG_4_8","","",17454,0,"character"
"2022","prueba_ext/BD - ENPG 2022 (Stata 16).dta","OD_101","","",17454,17232,"numeric"
"2022","prueba_ext/BD - ENPG 2022 (Stata 16).dta","OD_102","","",17454,17262,"numeric"
"2022","prueba_ext/BD - ENPG 2022 (Stata 16).dta","OD_103","","",17454,17314,"numeric"
"2022","prueba_ext/BD - ENPG 2022 (Stata 16).dta","OD_104","","",17454,17448,"numeric"
"2022","prueba_ext/BD - ENPG 2022 (Stata 16).dta","OD_105","","",17454,17448,"numeric"
"2022","prueba_ext/BD - ENPG 2022 (Stata 16).dta","OD_106","","",17454,17435,"numeric"
"2022","prueba_ext/BD - ENPG 2022 (Stata 16).dta","OD_107","","",17454,17451,"numeric"
"2022","prueba_ext/BD - ENPG 2022 (Stata 16).dta","OD_108","","",17454,17452,"numeric"
"2022","prueba_ext/BD - ENPG 2022 (Stata 16).dta","OD_109","","",17454,17449,"numeric"
"2022","prueba_ext/BD - ENPG 2022 (Stata 16).dta","OD_31","","",17454,17374,"numeric"
"2022","prueba_ext/BD - ENPG 2022 (Stata 16).dta","OD_32","","",17454,17430,"numeric"
"2022","prueba_ext/BD - ENPG 2022 (Stata 16).dta","OD_33","","",17454,17421,"numeric"
"2022","prueba_ext/BD - ENPG 2022 (Stata 16).dta","OD_34","","",17454,17437,"numeric"
"2022","prueba_ext/BD - ENPG 2022 (Stata 16).dta","OD_35","","",17454,17446,"numeric"
"2022","prueba_ext/BD - ENPG 2022 (Stata 16).dta","OD_36","","",17454,17452,"numeric"
"2022","prueba_ext/BD - ENPG 2022 (Stata 16).dta","OD_37","","",17454,17449,"numeric"
"2022","prueba_ext/BD - ENPG 2022 (Stata 16).dta","OD_51","","",17454,17442,"numeric"
"2022","prueba_ext/BD - ENPG 2022 (Stata 16).dta","OD_52","","",17454,17444,"numeric"
"2022","prueba_ext/BD - ENPG 2022 (Stata 16).dta","OD_701","","",17454,17386,"numeric"
"2022","prueba_ext/BD - ENPG 2022 (Stata 16).dta","OD_702","","",17454,17420,"numeric"
"2022","prueba_ext/BD - ENPG 2022 (Stata 16).dta","OD_703","","",17454,17443,"numeric"
"2022","prueba_ext/BD - ENPG 2022 (Stata 16).dta","OD_704","","",17454,17436,"numeric"
"2022","prueba_ext/BD - ENPG 2022 (Stata 16).dta","OD_705","","",17454,17443,"numeric"
"2022","prueba_ext/BD - ENPG 2022 (Stata 16).dta","OD_706","","",17454,17445,"numeric"
"2022","prueba_ext/BD - ENPG 2022 (Stata 16).dta","OD_707","","",17454,17449,"numeric"
"2022","prueba_ext/BD - ENPG 2022 (Stata 16).dta","OD_708","","",17454,17409,"numeric"
"2022","prueba_ext/BD - ENPG 2022 (Stata 16).dta","OD_709","","",17454,17453,"numeric"
"2022","prueba_ext/BD - ENPG 2022 (Stata 16).dta","OD_710","","",17454,17448,"numeric"
"2022","prueba_ext/BD - ENPG 2022 (Stata 16).dta","OD_901","","",17454,17262,"numeric"
"2022","prueba_ext/BD - ENPG 2022 (Stata 16).dta","OD_902","","",17454,17447,"numeric"
"2022","prueba_ext/BD - ENPG 2022 (Stata 16).dta","OD_903","","",17454,17450,"numeric"
"2022","prueba_ext/BD - ENPG 2022 (Stata 16).dta","OD_904","","",17454,17369,"numeric"
"2022","prueba_ext/BD - ENPG 2022 (Stata 16).dta","OD_905","","",17454,17401,"numeric"
"2022","prueba_ext/BD - ENPG 2022 (Stata 16).dta","OD_906","","",17454,17405,"numeric"
"2022","prueba_ext/BD - ENPG 2022 (Stata 16).dta","OD_907","","",17454,17197,"numeric"
"2022","prueba_ext/BD - ENPG 2022 (Stata 16).dta","OD_908","","",17454,17440,"numeric"
"2022","prueba_ext/BD - ENPG 2022 (Stata 16).dta","OD_909","","",17454,17453,"numeric"
"2022","prueba_ext/BD - ENPG 2022 (Stata 16).dta","OD_910","","",17454,17425,"numeric"
"2022","prueba_ext/BD - ENPG 2022 (Stata 16).dta","OD_111","","",17454,17347,"numeric"
"2022","prueba_ext/BD - ENPG 2022 (Stata 16).dta","OD_112","","",17454,17433,"numeric"
"2022","prueba_ext/BD - ENPG 2022 (Stata 16).dta","OD_113","","",17454,17440,"numeric"
"2022","prueba_ext/BD - ENPG 2022 (Stata 16).dta","OD_114","","",17454,17447,"numeric"
"2022","prueba_ext/BD - ENPG 2022 (Stata 16).dta","OD_115","","",17454,17416,"numeric"
"2022","prueba_ext/BD - ENPG 2022 (Stata 16).dta","OD_1301","","",17454,11619,"numeric"
"2022","prueba_ext/BD - ENPG 2022 (Stata 16).dta","OD_1302","","",17454,16315,"numeric"
"2022","prueba_ext/BD - ENPG 2022 (Stata 16).dta","OD_1303","","",17454,17416,"numeric"
"2022","prueba_ext/BD - ENPG 2022 (Stata 16).dta","OD_1304","","",17454,17439,"numeric"
"2022","prueba_ext/BD - ENPG 2022 (Stata 16).dta","OD_1305","","",17454,17441,"numeric"
"2022","prueba_ext/BD - ENPG 2022 (Stata 16).dta","OD_1306","","",17454,17449,"numeric"
"2022","prueba_ext/BD - ENPG 2022 (Stata 16).dta","OD_1307","","",17454,17430,"numeric"
"2022","prueba_ext/BD - ENPG 2022 (Stata 16).dta","OD_1308","","",17454,17454,"numeric"
"2022","prueba_ext/BD - ENPG 2022 (Stata 16).dta","OD_1309","","",17454,17448,"numeric"
"2022","prueba_ext/BD - ENPG 2022 (Stata 16).dta","OD_1310","","",17454,17442,"numeric"
"2022","prueba_ext/BD - ENPG 2022 (Stata 16).dta","OD_1311","","",17454,17444,"numeric"
"2022","prueba_ext/BD - ENPG 2022 (Stata 16).dta","OD_15","","",17454,0,"numeric"
"2022","prueba_ext/BD - ENPG 2022 (Stata 16).dta","OD_2_1_Rp","a. Hachís <strong>(ENCUESTADOR: resina de cannabis)</strong> :","Durante los últimos 30 días=1; Hace más de un mes, pero menos de un año=2; Hace más de un año=3; No sabe=88; No contesta=99",17454,17232,"haven_labelled;vctrs_vctr;double"
"2022","prueba_ext/BD - ENPG 2022 (Stata 16).dta","OD_2_2_Rp","'b. Marihuana sintética o cannabinoides sintéticos (ENCUESTADOR: Spice, K2)' :","Durante los últimos 30 días=1; Hace más de un mes, pero menos de un año=2; Hace más de un año=3; No sabe=88; No contesta=99",17454,17262,"haven_labelled;vctrs_vctr;double"
"2022","prueba_ext/BD - ENPG 2022 (Stata 16).dta","OD_2_3_Rp","c. Éxtasis o MDMA :","Durante los últimos 30 días=1; Hace más de un mes, pero menos de un año=2; Hace más de un año=3; No sabe=88; No contesta=99",17454,17314,"haven_labelled;vctrs_vctr;double"
"2022","prueba_ext/BD - ENPG 2022 (Stata 16).dta","OD_2_4_Rp","'d. Mefedrona, Metilona  o Sales de baño <strong>(ENCUESTADOR: catinonas sintéti","Durante los últimos 30 días=1; Hace más de un mes, pero menos de un año=2; Hace más de un año=3; No sabe=88; No contesta=99",17454,17448,"haven_labelled;vctrs_vctr;double"
"2022","prueba_ext/BD - ENPG 2022 (Stata 16).dta","OD_2_5_Rp","e. Heroína :","Durante los últimos 30 días=1; Hace más de un mes, pero menos de un año=2; Hace más de un año=3; No sabe=88; No contesta=99",17454,17448,"haven_labelled;vctrs_vctr;double"
"2022","prueba_ext/BD - ENPG 2022 (Stata 16).dta","OD_2_6_Rp","f. DMT o Foxy<strong> (ENCUESTADOR: triptaminas o acetilpsilocina)</strong> :","Durante los últimos 30 días=1; Hace más de un mes, pero menos de un año=2; Hace más de un año=3; No sabe=88; No contesta=99",17454,17435,"haven_labelled;vctrs_vctr;double"
"2022","prueba_ext/BD - ENPG 2022 (Stata 16).dta","OD_2_7_Rp","g. Crack :","Durante los últimos 30 días=1; Hace más de un mes, pero menos de un año=2; Hace más de un año=3; No sabe=88; No contesta=99",17454,17451,"haven_labelled;vctrs_vctr;double"
"2022","prueba_ext/BD - ENPG 2022 (Stata 16).dta","OD_2_8_Rp","h. Kratom o mitraginina :","Durante los últimos 30 días=1; Hace más de un mes, pero menos de un año=2; Hace más de un año=3; No sabe=88; No contesta=99",17454,17452,"haven_labelled;vctrs_vctr;double"
"2022","prueba_ext/BD - ENPG 2022 (Stata 16).dta","OD_2_9_Rp","i. Escopolamina o burundanga :","Durante los últimos 30 días=1; Hace más de un mes, pero menos de un año=2; Hace más de un año=3; No sabe=88; No contesta=99",17454,17449,"haven_labelled;vctrs_vctr;double"
"2022","prueba_ext/BD - ENPG 2022 (Stata 16).dta","OD_4_1_Rp","a. Anfetaminas :","Durante los últimos 30 días=1; Hace más de un mes, pero menos de un año=2; Hace más de un año=3; No sabe=88; No contesta=99",17454,17374,"haven_labelled;vctrs_vctr;double"
"2022","prueba_ext/BD - ENPG 2022 (Stata 16).dta","OD_4_2_Rp","b. Cidrín :","Durante los últimos 30 días=1; Hace más de un mes, pero menos de un año=2; Hace más de un año=3; No sabe=88; No contesta=99",17454,17430,"haven_labelled;vctrs_vctr;double"
"2022","prueba_ext/BD - ENPG 2022 (Stata 16).dta","OD_4_3_Rp","c. Modafinilo o Mentix :","Durante los últimos 30 días=1; Hace más de un mes, pero menos de un año=2; Hace más de un año=3; No sabe=88; No contesta=99",17454,17421,"haven_labelled;vctrs_vctr;double"
"2022","prueba_ext/BD - ENPG 2022 (Stata 16).dta","OD_4_4_Rp","d. Metilfenidato como Ritalin o Aradix (Encuestador: Concerta o Ritrocel) :","Durante los últimos 30 días=1; Hace más de un mes, pero menos de un año=2; Hace más de un año=3; No sabe=88; No contesta=99",17454,17437,"haven_labelled;vctrs_vctr;double"
"2022","prueba_ext/BD - ENPG 2022 (Stata 16).dta","OD_4_5_Rp","e. Escancil :","Durante los últimos 30 días=1; Hace más de un mes, pero menos de un año=2; Hace más de un año=3; No sabe=88; No contesta=99",17454,17446,"haven_labelled;vctrs_vctr;double"
"2022","prueba_ext/BD - ENPG 2022 (Stata 16).dta","OD_4_6_Rp","f. Pemolina (Encustador: Cylert) :","Durante los últimos 30 días=1; Hace más de un mes, pero menos de un año=2; Hace más de un año=3; No sabe=88; No contesta=99",17454,17452,"haven_labelled;vctrs_vctr;double"
"2022","prueba_ext/BD - ENPG 2022 (Stata 16).dta","OD_4_7_Rp","g. Anfepramona o Fenproporex (Encuestador: Salcal) :","Durante los últimos 30 días=1; Hace más de un mes, pero menos de un año=2; Hace más de un año=3; No sabe=88; No contesta=99",17454,17449,"haven_labelled;vctrs_vctr;double"
"2022","prueba_ext/BD - ENPG 2022 (Stata 16).dta","OD_6_1_Rp","'a. Meth, Crystal o Speed (Encuestador: Hielo, Ice o Glass).' :","Durante los últimos 30 días=1; Hace más de un mes, pero menos de un año=2; Hace más de un año=3; No sabe=88; No contesta=99",17454,17442,"haven_labelled;vctrs_vctr;double"
"2022","prueba_ext/BD - ENPG 2022 (Stata 16).dta","OD_6_2_Rp","'b. Cristina , Anteta o Crack Mexicano (Encuestador: Polvo amarillo, Batú, Cris,","Durante los últimos 30 días=1; Hace más de un mes, pero menos de un año=2; Hace más de un año=3; No sabe=88; No contesta=99",17454,17444,"haven_labelled;vctrs_vctr;double"
"2022","prueba_ext/BD - ENPG 2022 (Stata 16).dta","OD_8_1_Rp","a. Neoprén :","Durante los últimos 30 días=1; Hace más de un mes, pero menos de un año=2; Hace más de un año=3; No sabe=88; No contesta=99",17454,17386,"haven_labelled;vctrs_vctr;double"
"2022","prueba_ext/BD - ENPG 2022 (Stata 16).dta","OD_8_2_Rp","b. Bencina o parafina :","Durante los últimos 30 días=1; Hace más de un mes, pero menos de un año=2; Hace más de un año=3; No sabe=88; No contesta=99",17454,17420,"haven_labelled;vctrs_vctr;double"
"2022","prueba_ext/BD - ENPG 2022 (Stata 16).dta","OD_8_3_Rp","c. Tolueno :","Durante los últimos 30 días=1; Hace más de un mes, pero menos de un año=2; Hace más de un año=3; No sabe=88; No contesta=99",17454,17443,"haven_labelled;vctrs_vctr;double"
"2022","prueba_ext/BD - ENPG 2022 (Stata 16).dta","OD_8_4_Rp","d. Desodorantes ambientales o corporales :","Durante los últimos 30 días=1; Hace más de un mes, pero menos de un año=2; Hace más de un año=3; No sabe=88; No contesta=99",17454,17436,"haven_labelled;vctrs_vctr;double"
"2022","prueba_ext/BD - ENPG 2022 (Stata 16).dta","OD_8_5_Rp","e. Pinturas en spray :","Durante los últimos 30 días=1; Hace más de un mes, pero menos de un año=2; Hace más de un año=3; No sabe=88; No contesta=99",17454,17443,"haven_labelled;vctrs_vctr;double"
"2022","prueba_ext/BD - ENPG 2022 (Stata 16).dta","OD_8_6_Rp","f. Acetona :","Durante los últimos 30 días=1; Hace más de un mes, pero menos de un año=2; Hace más de un año=3; No sabe=88; No contesta=99",17454,17445,"haven_labelled;vctrs_vctr;double"
"2022","prueba_ext/BD - ENPG 2022 (Stata 16).dta","OD_8_7_Rp","g. Éter u otros solventes volátiles <strong>(Encuestador: como los usados en pin","Durante los últimos 30 días=1; Hace más de un mes, pero menos de un año=2; Hace más de un año=3; No sabe=88; No contesta=99",17454,17449,"haven_labelled;vctrs_vctr;double"
"2022","prueba_ext/BD - ENPG 2022 (Stata 16).dta","OD_8_8_Rp","h. Poppers <strong>(ENCUESTADOR: nitritos de alquilo)</strong> :","Durante los últimos 30 días=1; Hace más de un mes, pero menos de un año=2; Hace más de un año=3; No sabe=88; No contesta=99",17454,17409,"haven_labelled;vctrs_vctr;double"
"2022","prueba_ext/BD - ENPG 2022 (Stata 16).dta","OD_8_9_Rp","i. Solventes para extintores de incendios :","Durante los últimos 30 días=1; Hace más de un mes, pero menos de un año=2; Hace más de un año=3; No sabe=88; No contesta=99",17454,17453,"haven_labelled;vctrs_vctr;double"
"2022","prueba_ext/BD - ENPG 2022 (Stata 16).dta","OD_8_10_Rp","j. Cloruro de etilo :","Durante los últimos 30 días=1; Hace más de un mes, pero menos de un año=2; Hace más de un año=3; No sabe=88; No contesta=99",17454,17448,"haven_labelled;vctrs_vctr;double"
"2022","prueba_ext/BD - ENPG 2022 (Stata 16).dta","OD_10_1_Rp","'a. LSD, tripi, sello u otros ácidos' :","Durante los últimos 30 días=1; Hace más de un mes, pero menos de un año=2; Hace más de un año=3; No sabe=88; No contesta=99",17454,17262,"haven_labelled;vctrs_vctr;double"
"2022","prueba_ext/BD - ENPG 2022 (Stata 16).dta","OD_10_2_Rp","b. Polvo de ángel <strong>(ENCUESTADOR: PCP o fenciclidina)</strong> :","Durante los últimos 30 días=1; Hace más de un mes, pero menos de un año=2; Hace más de un año=3; No sabe=88; No contesta=99",17454,17447,"haven_labelled;vctrs_vctr;double"
"2022","prueba_ext/BD - ENPG 2022 (Stata 16).dta","OD_10_3_Rp","c. 25B-NBOMe o 25C-NBOMe <strong>(ENCUESTADOR: Nboom)</strong> :","Durante los últimos 30 días=1; Hace más de un mes, pero menos de un año=2; Hace más de un año=3; No sabe=88; No contesta=99",17454,17450,"haven_labelled;vctrs_vctr;double"
"2022","prueba_ext/BD - ENPG 2022 (Stata 16).dta","OD_10_4_Rp","d. 2-CB o Tusi :","Durante los últimos 30 días=1; Hace más de un mes, pero menos de un año=2; Hace más de un año=3; No sabe=88; No contesta=99",17454,17369,"haven_labelled;vctrs_vctr;double"
"2022","prueba_ext/BD - ENPG 2022 (Stata 16).dta","OD_10_5_Rp","'e. Peyote, San Pedro' :","Durante los últimos 30 días=1; Hace más de un mes, pero menos de un año=2; Hace más de un año=3; No sabe=88; No contesta=99",17454,17401,"haven_labelled;vctrs_vctr;double"
"2022","prueba_ext/BD - ENPG 2022 (Stata 16).dta","OD_10_6_Rp","f. Floripondio :","Durante los últimos 30 días=1; Hace más de un mes, pero menos de un año=2; Hace más de un año=3; No sabe=88; No contesta=99",17454,17405,"haven_labelled;vctrs_vctr;double"
"2022","prueba_ext/BD - ENPG 2022 (Stata 16).dta","OD_10_7_Rp","g. Hongos o Cucumelo :","Durante los últimos 30 días=1; Hace más de un mes, pero menos de un año=2; Hace más de un año=3; No sabe=88; No contesta=99",17454,17197,"haven_labelled;vctrs_vctr;double"
"2022","prueba_ext/BD - ENPG 2022 (Stata 16).dta","OD_10_8_Rp","h. Mescalina :","Durante los últimos 30 días=1; Hace más de un mes, pero menos de un año=2; Hace más de un año=3; No sabe=88; No contesta=99",17454,17440,"haven_labelled;vctrs_vctr;double"
"2022","prueba_ext/BD - ENPG 2022 (Stata 16).dta","OD_10_9_Rp","i. Belladona :","Durante los últimos 30 días=1; Hace más de un mes, pero menos de un año=2; Hace más de un año=3; No sabe=88; No contesta=99",17454,17453,"haven_labelled;vctrs_vctr;double"
"2022","prueba_ext/BD - ENPG 2022 (Stata 16).dta","OD_10_10_Rp","j. Ayahuasca :","Durante los últimos 30 días=1; Hace más de un mes, pero menos de un año=2; Hace más de un año=3; No sabe=88; No contesta=99",17454,17425,"haven_labelled;vctrs_vctr;double"
"2022","prueba_ext/BD - ENPG 2022 (Stata 16).dta","OD_12_1_Rp","a. Fluoxetina <strong>(Encuestador: Pragmaten o Sostac)</strong> :","Durante los últimos 30 días=1; Hace más de un mes, pero menos de un año=2; Hace más de un año=3; No sabe=88; No contesta=99",17454,17347,"haven_labelled;vctrs_vctr;double"
"2022","prueba_ext/BD - ENPG 2022 (Stata 16).dta","OD_12_2_Rp","'b. Codetol, Tosilab o Flemex <strong>(Encuestador: Tusigen, Sedopec)</strong>'","Durante los últimos 30 días=1; Hace más de un mes, pero menos de un año=2; Hace más de un año=3; No sabe=88; No contesta=99",17454,17433,"haven_labelled;vctrs_vctr;double"
"2022","prueba_ext/BD - ENPG 2022 (Stata 16).dta","OD_12_3_Rp","c. Clormezanona :","Durante los últimos 30 días=1; Hace más de un mes, pero menos de un año=2; Hace más de un año=3; No sabe=88; No contesta=99",17454,17440,"haven_labelled;vctrs_vctr;double"
"2022","prueba_ext/BD - ENPG 2022 (Stata 16).dta","OD_12_4_Rp","d. Sedantol :","Durante los últimos 30 días=1; Hace más de un mes, pero menos de un año=2; Hace más de un año=3; No sabe=88; No contesta=99",17454,17447,"haven_labelled;vctrs_vctr;double"
"2022","prueba_ext/BD - ENPG 2022 (Stata 16).dta","OD_12_5_Rp","e. Dietilpropión o Fentermina <strong>(Encuestador: Elvenir o Sentis)</strong> :","Durante los últimos 30 días=1; Hace más de un mes, pero menos de un año=2; Hace más de un año=3; No sabe=88; No contesta=99",17454,17416,"haven_labelled;vctrs_vctr;double"
"2022","prueba_ext/BD - ENPG 2022 (Stata 16).dta","OD_14_1_Rp","'a. Bebidas Energéticas <strong>(Encuestador: Battery, Red Bull, Dark Dog, etc.)","Durante los últimos 30 días=1; Hace más de un mes, pero menos de un año=2; Hace más de un año=3; No sabe=88; No contesta=99",17454,11619,"haven_labelled;vctrs_vctr;double"
"2022","prueba_ext/BD - ENPG 2022 (Stata 16).dta","OD_14_2_Rp","b. Bebida Energética combinada con Alcohol :","Durante los últimos 30 días=1; Hace más de un mes, pero menos de un año=2; Hace más de un año=3; No sabe=88; No contesta=99",17454,16315,"haven_labelled;vctrs_vctr;double"
"2022","prueba_ext/BD - ENPG 2022 (Stata 16).dta","OD_14_3_Rp","c. Sibutramina :","Durante los últimos 30 días=1; Hace más de un mes, pero menos de un año=2; Hace más de un año=3; No sabe=88; No contesta=99",17454,17416,"haven_labelled;vctrs_vctr;double"
"2022","prueba_ext/BD - ENPG 2022 (Stata 16).dta","OD_14_4_Rp","d. Tonaril sin receta médica <strong>(Encuestador: Trihexifenidilo)</strong> :","Durante los últimos 30 días=1; Hace más de un mes, pero menos de un año=2; Hace más de un año=3; No sabe=88; No contesta=99",17454,17439,"haven_labelled;vctrs_vctr;double"
"2022","prueba_ext/BD - ENPG 2022 (Stata 16).dta","OD_14_5_Rp","e. Anabólicos :","Durante los últimos 30 días=1; Hace más de un mes, pero menos de un año=2; Hace más de un año=3; No sabe=88; No contesta=99",17454,17441,"haven_labelled;vctrs_vctr;double"
"2022","prueba_ext/BD - ENPG 2022 (Stata 16).dta","OD_14_6_Rp","f. Esteroides :","Durante los últimos 30 días=1; Hace más de un mes, pero menos de un año=2; Hace más de un año=3; No sabe=88; No contesta=99",17454,17449,"haven_labelled;vctrs_vctr;double"
"2022","prueba_ext/BD - ENPG 2022 (Stata 16).dta","OD_14_7_Rp","'g  Ketamina <strong>(Encuestador: ""el key"", vitamina K o CK)</strong>' :","Durante los últimos 30 días=1; Hace más de un mes, pero menos de un año=2; Hace más de un año=3; No sabe=88; No contesta=99",17454,17430,"haven_labelled;vctrs_vctr;double"
"2022","prueba_ext/BD - ENPG 2022 (Stata 16).dta","OD_14_8_Rp","h. GHB :","Durante los últimos 30 días=1; Hace más de un mes, pero menos de un año=2; Hace más de un año=3; No sabe=88; No contesta=99",17454,17454,"haven_labelled;vctrs_vctr;double"
"2022","prueba_ext/BD - ENPG 2022 (Stata 16).dta","OD_14_9_Rp","i. PCP <strong>(Encuestador: Fenciclidina)</strong> :","Durante los últimos 30 días=1; Hace más de un mes, pero menos de un año=2; Hace más de un año=3; No sabe=88; No contesta=99",17454,17448,"haven_labelled;vctrs_vctr;double"
"2022","prueba_ext/BD - ENPG 2022 (Stata 16).dta","OD_14_10_Rp","j. BZP <strong>(Encuestador: Benzilpiperazina)</strong> :","Durante los últimos 30 días=1; Hace más de un mes, pero menos de un año=2; Hace más de un año=3; No sabe=88; No contesta=99",17454,17442,"haven_labelled;vctrs_vctr;double"
"2022","prueba_ext/BD - ENPG 2022 (Stata 16).dta","OD_14_11_Rp","k. GBL <strong>(Encuestador:  Gammabutirolactona)</strong> :","Durante los últimos 30 días=1; Hace más de un mes, pero menos de un año=2; Hace más de un año=3; No sabe=88; No contesta=99",17454,17444,"haven_labelled;vctrs_vctr;double"
"2022","prueba_ext/BD - ENPG 2022 (Stata 16).dta","CC_1","<p><strong><u>MÓDULO CONSUMO Y CONDUCCIÓN</u></strong></p><p>&nbsp;</p><p>CC_1.","Sí=1; No=2; No sabe=88; No contesta=99",17454,702,"haven_labelled;vctrs_vctr;double"
"2022","prueba_ext/BD - ENPG 2022 (Stata 16).dta","CC_2","CC_2. Durante los últimos 12 meses, ¿ha manejado algún vehículo después de haber","Sí=1; No=2; No sabe=88; No contesta=99",17454,11160,"haven_labelled;vctrs_vctr;double"
"2022","prueba_ext/BD - ENPG 2022 (Stata 16).dta","CC_3","CC_3. Durante los últimos 12 meses, ¿ha manejado algún vehículo después de haber","Sí=1; No=2; No sabe=88; No contesta=99",17454,11160,"haven_labelled;vctrs_vctr;double"
"2022","prueba_ext/BD - ENPG 2022 (Stata 16).dta","CC_4","CC_4. Durante los últimos 12 meses, ¿ha manejado algún vehículo después de haber","Sí, especifique droga=1; No=2; No sabe=88; No contesta=99",17454,11160,"haven_labelled;vctrs_vctr;double"
"2022","prueba_ext/BD - ENPG 2022 (Stata 16).dta","CC_4_1","","",17454,0,"character"
"2022","prueba_ext/BD - ENPG 2022 (Stata 16).dta","T_SG_B","b. ¿Sus preocupaciones le han hecho perder mucho sueño? <span style=""color:#95a5","No, en absoluto=0; No más que lo habitual=1; Bastante más que lo habitual=2; Mucho más=3",17454,0,"haven_labelled;vctrs_vctr;double"
"2022","prueba_ext/BD - ENPG 2022 (Stata 16).dta","T_SG_C","c. ¿Ha sentido que está jugando un papel útil en la vida? <span style=""color:#95","Más que lo habitual=0; Igual que lo habitual=1; Menos que lo habitual=2; Mucho menos que lo habitual=3",17454,0,"haven_labelled;vctrs_vctr;double"
"2022","prueba_ext/BD - ENPG 2022 (Stata 16).dta","T_SG_D","'Y, Utilizando la misma escala, <br />d.  ¿Se ha sentido capaz de tomar decision","Más que lo habitual=0; Igual que lo habitual=1; Menos que lo habitual=2; Mucho menos que lo habitual=3",17454,0,"haven_labelled;vctrs_vctr;double"
"2022","prueba_ext/BD - ENPG 2022 (Stata 16).dta","T_SG_G","g. ¿Ha sido capaz de disfrutar sus actividades normales cada día? :","Más que lo habitual=0; Igual que lo habitual=1; Menos que lo habitual=2; Mucho menos que lo habitual=3",17454,0,"haven_labelled;vctrs_vctr;double"
"2022","prueba_ext/BD - ENPG 2022 (Stata 16).dta","T_SG_H","h. ¿Ha sido capaz de hacer frente a sus problemas? :","Más que lo habitual=0; Igual que lo habitual=1; Menos que lo habitual=2; Mucho menos que lo habitual=3",17454,0,"haven_labelled;vctrs_vctr;double"
"2022","prueba_ext/BD - ENPG 2022 (Stata 16).dta","T_SG_E","'e. Y, ¿Se ha sentido constantemente agobiado/a o en tensión?' :","No, en absoluto=0; No más que lo habitual=1; Bastante más que lo habitual=2; Mucho más=3",17454,0,"haven_labelled;vctrs_vctr;double"
"2022","prueba_ext/BD - ENPG 2022 (Stata 16).dta","T_SG_F","'Y, Utilizando la misma escala, f.  ¿Ha sentido que no puede superar sus dificul","No, en absoluto=0; No más que lo habitual=1; Bastante más que lo habitual=2; Mucho más=3",17454,0,"haven_labelled;vctrs_vctr;double"
"2022","prueba_ext/BD - ENPG 2022 (Stata 16).dta","T_SG_I","i. ¿Se ha sentido poco feliz y deprimido/a? :","No, en absoluto=0; No más que lo habitual=1; Bastante más que lo habitual=2; Mucho más=3",17454,0,"haven_labelled;vctrs_vctr;double"
"2022","prueba_ext/BD - ENPG 2022 (Stata 16).dta","T_SG_J","j. ¿Ha perdido confianza en sí mismo? :","No, en absoluto=0; No más que lo habitual=1; Bastante más que lo habitual=2; Mucho más=3",17454,0,"haven_labelled;vctrs_vctr;double"
"2022","prueba_ext/BD - ENPG 2022 (Stata 16).dta","T_SG_K","k. ¿Ha pensado que usted es una persona que no vale para nada? :","No, en absoluto=0; No más que lo habitual=1; Bastante más que lo habitual=2; Mucho más=3",17454,0,"haven_labelled;vctrs_vctr;double"
"2022","prueba_ext/BD - ENPG 2022 (Stata 16).dta","T_SG_A","a. ¿Ha podido concentrarse bien en lo que hace? <span style=""color:#95a5a6"">(ENC","Mejor que lo habitual=0; Igual que lo habitual=1; Menos que lo habitual=2; Mucho menos que lo habitual=3",17454,0,"haven_labelled;vctrs_vctr;double"
"2022","prueba_ext/BD - ENPG 2022 (Stata 16).dta","T_SG_L","l. ¿Se siente razonablemente feliz considerando todas las circunstancias?<span s","Más feliz que lo habitual=0; Aproximadamente lo mismo que lo habitual=1; Menos feliz que lo habitual=2; Mucho menos que lo habitual=3",17454,0,"haven_labelled;vctrs_vctr;double"
"2022","prueba_ext/BD - ENPG 2022 (Stata 16).dta","TRATA_1","TRATA_1. ¿Ha recibido Ud. alguna vez en su vida algún tipo de tratamiento por el","Sí=1; No=2",17454,0,"haven_labelled;vctrs_vctr;double"
"2022","prueba_ext/BD - ENPG 2022 (Stata 16).dta","TRATA_2","TRATA_2. ¿Durante los últimos 12 meses ha recibido Ud. algún tipo de tratamiento","Sí=1; No=2",17454,17119,"haven_labelled;vctrs_vctr;double"
"2022","prueba_ext/BD - ENPG 2022 (Stata 16).dta","TRATA_3","TRATA_3. ¿Este tratamiento que Ud. recibió durante los últimos 12 meses fue sólo","Sólo por consumo de alcohol=1; Sólo por consumo de drogas=2; Por consumo de alcohol y otras drogas=3",17454,17368,"haven_labelled;vctrs_vctr;double"
"2022","prueba_ext/BD - ENPG 2022 (Stata 16).dta","TRATA_4","TRATA_4. Durante los últimos 12 meses, ¿Ha sentido la necesidad de recibir algún","Sí, sólo por consumo de alcohol=1; Sí, sólo por consumo de drogas=2; Sí, por consumo de alcohol y otras drogas=3; No=4",17454,86,"haven_labelled;vctrs_vctr;double"
"2022","prueba_ext/BD - ENPG 2022 (Stata 16).dta","TRATA_5","TRATA_5. Durante los últimos 12 meses, ¿Ha intentado obtener algún tipo de ayuda","Sí, sólo por consumo de alcohol=1; Sí, sólo por consumo de drogas=2; Sí, por consumo de alcohol y otras drogas=3; No=4",17454,17275,"haven_labelled;vctrs_vctr;double"
"2022","prueba_ext/BD - ENPG 2022 (Stata 16).dta","PR_1_1_Rp","a. Fuma una o más de una cajetilla de cigarrillos al día :","Ningún riesgo=1; Riesgo leve=2; Riesgo moderado=3; Riesgo grande=4; No sabe (No leer)=88",17454,0,"haven_labelled;vctrs_vctr;double"
"2022","prueba_ext/BD - ENPG 2022 (Stata 16).dta","PR_1_2_Rp","b.  Toma tres o más tragos por ocasión :","Ningún riesgo=1; Riesgo leve=2; Riesgo moderado=3; Riesgo grande=4; No sabe (No leer)=88",17454,0,"haven_labelled;vctrs_vctr;double"
"2022","prueba_ext/BD - ENPG 2022 (Stata 16).dta","PR_1_3_Rp","c. Toma cinco o más tragos diariamente :","Ningún riesgo=1; Riesgo leve=2; Riesgo moderado=3; Riesgo grande=4; No sabe (No leer)=88",17454,0,"haven_labelled;vctrs_vctr;double"
"2022","prueba_ext/BD - ENPG 2022 (Stata 16).dta","PR_1_4_Rp","d. Prueba marihuana una o dos veces (uso experimental) :","Ningún riesgo=1; Riesgo leve=2; Riesgo moderado=3; Riesgo grande=4; No sabe (No leer)=88",17454,0,"haven_labelled;vctrs_vctr;double"
"2022","prueba_ext/BD - ENPG 2022 (Stata 16).dta","PR_1_5_Rp","e. Fuma marihuana frecuentemente :","Ningún riesgo=1; Riesgo leve=2; Riesgo moderado=3; Riesgo grande=4; No sabe (No leer)=88",17454,0,"haven_labelled;vctrs_vctr;double"
"2022","prueba_ext/BD - ENPG 2022 (Stata 16).dta","PR_1_6_Rp","f. Prueba cocaína una o dos veces (uso experimental) :","Ningún riesgo=1; Riesgo leve=2; Riesgo moderado=3; Riesgo grande=4; No sabe (No leer)=88",17454,0,"haven_labelled;vctrs_vctr;double"
"2022","prueba_ext/BD - ENPG 2022 (Stata 16).dta","PR_1_7_Rp","g. Usa cocaína frecuentemente :","Ningún riesgo=1; Riesgo leve=2; Riesgo moderado=3; Riesgo grande=4; No sabe (No leer)=88",17454,0,"haven_labelled;vctrs_vctr;double"
"2022","prueba_ext/BD - ENPG 2022 (Stata 16).dta","PR_1_8_Rp","h.  Prueba pasta base una o dos veces (uso experimental) :","Ningún riesgo=1; Riesgo leve=2; Riesgo moderado=3; Riesgo grande=4; No sabe (No leer)=88",17454,0,"haven_labelled;vctrs_vctr;double"
"2022","prueba_ext/BD - ENPG 2022 (Stata 16).dta","PR_1_9_Rp","i. Usa pasta base frecuentemente :","Ningún riesgo=1; Riesgo leve=2; Riesgo moderado=3; Riesgo grande=4; No sabe (No leer)=88",17454,0,"haven_labelled;vctrs_vctr;double"
"2022","prueba_ext/BD - ENPG 2022 (Stata 16).dta","PR_1_10_Rp","j.  Prueba éxtasis una o dos veces (uso experimental) :","Ningún riesgo=1; Riesgo leve=2; Riesgo moderado=3; Riesgo grande=4; No sabe (No leer)=88",17454,0,"haven_labelled;vctrs_vctr;double"
"2022","prueba_ext/BD - ENPG 2022 (Stata 16).dta","PR_1_11_Rp","k.  Usa éxtasis frecuentemente :","Ningún riesgo=1; Riesgo leve=2; Riesgo moderado=3; Riesgo grande=4; No sabe (No leer)=88",17454,0,"haven_labelled;vctrs_vctr;double"
"2022","prueba_ext/BD - ENPG 2022 (Stata 16).dta","EB_1","<p><u><strong>MÓDULO ENTORNO Y BARRIO</strong></u></p><p>&nbsp;</p><p>EB_1. Hast","Sí, sólo por consumo de alcohol=1; Sí, sólo por consumo de drogas=2; Sí, por consumo de alcohol y drogas=3; No=4; No sabe=88; No contesta=99",17454,0,"haven_labelled;vctrs_vctr;double"
"2022","prueba_ext/BD - ENPG 2022 (Stata 16).dta","EB_2_1_Rp","a. Marihuana :","Sí=1; No=2; No sabe=88; No contesta=99",17454,0,"haven_labelled;vctrs_vctr;double"
"2022","prueba_ext/BD - ENPG 2022 (Stata 16).dta","EB_2_2_Rp","b. Pasta base :","Sí=1; No=2; No sabe=88; No contesta=99",17454,0,"haven_labelled;vctrs_vctr;double"
"2022","prueba_ext/BD - ENPG 2022 (Stata 16).dta","EB_2_3_Rp","c. Cocaína :","Sí=1; No=2; No sabe=88; No contesta=99",17454,0,"haven_labelled;vctrs_vctr;double"
"2022","prueba_ext/BD - ENPG 2022 (Stata 16).dta","EB_3_1_Rp","a. Tráfico de drogas :","Mucho=1; Bastante=2; Algo=3; Poco=4; Nada=5; No sabe (No leer)=88; No contesta (No leer)=99",17454,0,"haven_labelled;vctrs_vctr;double"
"2022","prueba_ext/BD - ENPG 2022 (Stata 16).dta","EB_3_2_Rp","b. Robos en las casas :","Mucho=1; Bastante=2; Algo=3; Poco=4; Nada=5; No sabe (No leer)=88; No contesta (No leer)=99",17454,0,"haven_labelled;vctrs_vctr;double"
"2022","prueba_ext/BD - ENPG 2022 (Stata 16).dta","EB_3_3_Rp","'c. Rayado en las paredes, daños al alumbrado o cosas parecidas' :","Mucho=1; Bastante=2; Algo=3; Poco=4; Nada=5; No sabe (No leer)=88; No contesta (No leer)=99",17454,0,"haven_labelled;vctrs_vctr;double"
"2022","prueba_ext/BD - ENPG 2022 (Stata 16).dta","EB_3_4_Rp","d. Consumo de drogas ilícitas en lugares públicos como en la calle o plazas :","Mucho=1; Bastante=2; Algo=3; Poco=4; Nada=5; No sabe (No leer)=88; No contesta (No leer)=99",17454,0,"haven_labelled;vctrs_vctr;double"
"2022","prueba_ext/BD - ENPG 2022 (Stata 16).dta","EB_3_5_Rp","e. Asaltos o robos en las calles :","Mucho=1; Bastante=2; Algo=3; Poco=4; Nada=5; No sabe (No leer)=88; No contesta (No leer)=99",17454,0,"haven_labelled;vctrs_vctr;double"
"2022","prueba_ext/BD - ENPG 2022 (Stata 16).dta","EB_3_6_Rp","f. Jóvenes parados no haciendo nada en las esquinas :","Mucho=1; Bastante=2; Algo=3; Poco=4; Nada=5; No sabe (No leer)=88; No contesta (No leer)=99",17454,0,"haven_labelled;vctrs_vctr;double"
"2022","prueba_ext/BD - ENPG 2022 (Stata 16).dta","EB_3_7_Rp","g. Balaceras y acciones violentas con armas de fuego :","Mucho=1; Bastante=2; Algo=3; Poco=4; Nada=5; No sabe (No leer)=88; No contesta (No leer)=99",17454,0,"haven_labelled;vctrs_vctr;double"
"2022","prueba_ext/BD - ENPG 2022 (Stata 16).dta","EB_3_8_Rp","h. Venta clandestina de alcohol :","Mucho=1; Bastante=2; Algo=3; Poco=4; Nada=5; No sabe (No leer)=88; No contesta (No leer)=99",17454,0,"haven_labelled;vctrs_vctr;double"
"2022","prueba_ext/BD - ENPG 2022 (Stata 16).dta","EB_4_1_Rp","a. Marihuana : Respuestas","Le sería muy fácil=1; Le sería fácil=2; Le sería difícil=3; Le sería muy difícil=4; No podría conseguir=5; No sabe (No leer)=88; No contesta (No leer)=99",17454,0,"haven_labelled;vctrs_vctr;double"
"2022","prueba_ext/BD - ENPG 2022 (Stata 16).dta","EB_4_2_Rp","b. Cocaína : Respuestas","Le sería muy fácil=1; Le sería fácil=2; Le sería difícil=3; Le sería muy difícil=4; No podría conseguir=5; No sabe (No leer)=88; No contesta (No leer)=99",17454,0,"haven_labelled;vctrs_vctr;double"
"2022","prueba_ext/BD - ENPG 2022 (Stata 16).dta","EB_4_3_Rp","c. Pasta base : Respuestas","Le sería muy fácil=1; Le sería fácil=2; Le sería difícil=3; Le sería muy difícil=4; No podría conseguir=5; No sabe (No leer)=88; No contesta (No leer)=99",17454,0,"haven_labelled;vctrs_vctr;double"
"2022","prueba_ext/BD - ENPG 2022 (Stata 16).dta","EB_4_4_Rp","d. Éxtasis : Respuestas","Le sería muy fácil=1; Le sería fácil=2; Le sería difícil=3; Le sería muy difícil=4; No podría conseguir=5; No sabe (No leer)=88; No contesta (No leer)=99",17454,0,"haven_labelled;vctrs_vctr;double"
"2022","prueba_ext/BD - ENPG 2022 (Stata 16).dta","EB_5_1_Rp","a. Marihuana","Nunca me han ofrecido=0; En los Últimos 30 días=1; Hace más de un mes, pero menos de un año=2; Hace más de un año=3",17454,0,"haven_labelled;vctrs_vctr;double"
"2022","prueba_ext/BD - ENPG 2022 (Stata 16).dta","EB_5_2_Rp","b. Cocaína","Nunca me han ofrecido=0; En los Últimos 30 días=1; Hace más de un mes, pero menos de un año=2; Hace más de un año=3",17454,0,"haven_labelled;vctrs_vctr;double"
"2022","prueba_ext/BD - ENPG 2022 (Stata 16).dta","EB_5_3_Rp","c. Pasta base","Nunca me han ofrecido=0; En los Últimos 30 días=1; Hace más de un mes, pero menos de un año=2; Hace más de un año=3",17454,0,"haven_labelled;vctrs_vctr;double"
"2022","prueba_ext/BD - ENPG 2022 (Stata 16).dta","EB_5_4_Rp","d. Éxtasis","Nunca me han ofrecido=0; En los Últimos 30 días=1; Hace más de un mes, pero menos de un año=2; Hace más de un año=3",17454,0,"haven_labelled;vctrs_vctr;double"
"2022","prueba_ext/BD - ENPG 2022 (Stata 16).dta","EB_6_1_Rp","a. Marihuana : Respuestas","En la casa=1; En los alrededores de la casa, barrio o comuna=2; En lugar de estudios o trabajo=3; En alrededores lugar de estudios o trabajo=4; En una fiesta, junta, discoteca, recitales=5; Por internet, mail o chat=6; En otro lugar=7",17454,10968,"haven_labelled;vctrs_vctr;double"
"2022","prueba_ext/BD - ENPG 2022 (Stata 16).dta","EB_6_2_Rp","b. Cocaína : Respuestas","En la casa=1; En los alrededores de la casa, barrio o comuna=2; En lugar de estudios o trabajo=3; En alrededores lugar de estudios o trabajo=4; En una fiesta, junta, discoteca, recitales=5; Por internet, mail o chat=6; En otro lugar=7",17454,15168,"haven_labelled;vctrs_vctr;double"
"2022","prueba_ext/BD - ENPG 2022 (Stata 16).dta","EB_6_3_Rp","c. Pasta base : Respuestas","En la casa=1; En los alrededores de la casa, barrio o comuna=2; En lugar de estudios o trabajo=3; En alrededores lugar de estudios o trabajo=4; En una fiesta, junta, discoteca, recitales=5; Por internet, mail o chat=6; En otro lugar=7",17454,16378,"haven_labelled;vctrs_vctr;double"
"2022","prueba_ext/BD - ENPG 2022 (Stata 16).dta","EB_6_4_Rp","d. Éxtasis : Respuestas","En la casa=1; En los alrededores de la casa, barrio o comuna=2; En lugar de estudios o trabajo=3; En alrededores lugar de estudios o trabajo=4; En una fiesta, junta, discoteca, recitales=5; Por internet, mail o chat=6; En otro lugar=7",17454,16324,"haven_labelled;vctrs_vctr;double"
"2022","prueba_ext/BD - ENPG 2022 (Stata 16).dta","OP_1_1_Rp","a. La mayoría de los jóvenes fuma marihuana :","Muy de acuerdo=1; De acuerdo=2; En desacuerdo=3; Muy en desacuerdo=4; No sabe (No leer)=88; No contesta (No leer)=99",17454,0,"haven_labelled;vctrs_vctr;double"
"2022","prueba_ext/BD - ENPG 2022 (Stata 16).dta","OP_1_2_Rp","b. La marihuana produce menos daño que el alcohol :","Muy de acuerdo=1; De acuerdo=2; En desacuerdo=3; Muy en desacuerdo=4; No sabe (No leer)=88; No contesta (No leer)=99",17454,0,"haven_labelled;vctrs_vctr;double"
"2022","prueba_ext/BD - ENPG 2022 (Stata 16).dta","OP_1_3_Rp","c. El consumo y el tráfico de drogas es el principal responsable de la delincuen","Muy de acuerdo=1; De acuerdo=2; En desacuerdo=3; Muy en desacuerdo=4; No sabe (No leer)=88; No contesta (No leer)=99",17454,0,"haven_labelled;vctrs_vctr;double"
"2022","prueba_ext/BD - ENPG 2022 (Stata 16).dta","OP_1_4_Rp","d. La marihuana debería ser legal para los mayores de 18 años :","Muy de acuerdo=1; De acuerdo=2; En desacuerdo=3; Muy en desacuerdo=4; No sabe (No leer)=88; No contesta (No leer)=99",17454,0,"haven_labelled;vctrs_vctr;double"
"2022","prueba_ext/BD - ENPG 2022 (Stata 16).dta","OP_1_5_Rp","e. Las drogas han hecho más violentos a los delincuentes :","Muy de acuerdo=1; De acuerdo=2; En desacuerdo=3; Muy en desacuerdo=4; No sabe (No leer)=88; No contesta (No leer)=99",17454,0,"haven_labelled;vctrs_vctr;double"
"2022","prueba_ext/BD - ENPG 2022 (Stata 16).dta","OP_1_6_Rp","f. Se debería dejar tranquilos a los que consumen drogas: después de todo es asu","Muy de acuerdo=1; De acuerdo=2; En desacuerdo=3; Muy en desacuerdo=4; No sabe (No leer)=88; No contesta (No leer)=99",17454,0,"haven_labelled;vctrs_vctr;double"
"2022","prueba_ext/BD - ENPG 2022 (Stata 16).dta","OP_2_1_Rp","a. Suspender el juicio de quienes han delinquido por primera vez a cambio de que","Muy de acuerdo=1; De acuerdo=2; En desacuerdo=3; Muy en desacuerdo=4; No sabe (No leer)=88; No contesta (No leer)=99",17454,0,"haven_labelled;vctrs_vctr;double"
"2022","prueba_ext/BD - ENPG 2022 (Stata 16).dta","OP_2_2_Rp","b. Dar la misma pena a quienes trafican con marihuana que los que trafican con c","Muy de acuerdo=1; De acuerdo=2; En desacuerdo=3; Muy en desacuerdo=4; No sabe (No leer)=88; No contesta (No leer)=99",17454,0,"haven_labelled;vctrs_vctr;double"
"2022","prueba_ext/BD - ENPG 2022 (Stata 16).dta","OP_2_3_Rp","c. Permitir el uso de marihuana para fines terapéuticos :","Muy de acuerdo=1; De acuerdo=2; En desacuerdo=3; Muy en desacuerdo=4; No sabe (No leer)=88; No contesta (No leer)=99",17454,0,"haven_labelled;vctrs_vctr;double"
"2022","prueba_ext/BD - ENPG 2022 (Stata 16).dta","OP_2_4_Rp","d. Autorizar que se registre a los alumnos/as a la entrada de sus colegios para","Muy de acuerdo=1; De acuerdo=2; En desacuerdo=3; Muy en desacuerdo=4; No sabe (No leer)=88; No contesta (No leer)=99",17454,0,"haven_labelled;vctrs_vctr;double"
"2022","prueba_ext/BD - ENPG 2022 (Stata 16).dta","OP_2_5_Rp","e. Penalizar el porte y consumo de marihuana aunque sea en pequeñas cantidades y","Muy de acuerdo=1; De acuerdo=2; En desacuerdo=3; Muy en desacuerdo=4; No sabe (No leer)=88; No contesta (No leer)=99",17454,0,"haven_labelled;vctrs_vctr;double"
"2022","prueba_ext/BD - ENPG 2022 (Stata 16).dta","CO_1","<p><u><strong>MÓDULO TRABAJO</strong></u></p><p>&nbsp;</p><p>CO_1. La semana pas","Sí=1; No=2",17454,0,"haven_labelled;vctrs_vctr;double"
"2022","prueba_ext/BD - ENPG 2022 (Stata 16).dta","CO_2","CO_2. Aunque no trabajó la semana pasada, ¿realizó alguna actividad por lo menos","Sí=1; No=2",17454,11437,"haven_labelled;vctrs_vctr;double"
"2022","prueba_ext/BD - ENPG 2022 (Stata 16).dta","CO_3","CO_3. Aunque no trabajó la semana pasada, ¿tenía empleo del cual estuvo ausente","Sí=1; No=2",17454,12149,"haven_labelled;vctrs_vctr;double"
"2022","prueba_ext/BD - ENPG 2022 (Stata 16).dta","CO_4","CO_4. ¿Buscó trabajo remunerado o realizó alguna gestión para iniciar una activi","Sí=1; No=2",17454,12576,"haven_labelled;vctrs_vctr;double"
"2022","prueba_ext/BD - ENPG 2022 (Stata 16).dta","CO_5","CO_5. ¿Cuál es la razón por la que no buscó trabajo o realizó alguna gestión par","Consiguió trabajo que empezará pronto o iniciará una actividad por cuenta propia=1; Está esperando resultado de gestiones ya emprendidas=2; No tiene con quien dejar a los niños=3; No tiene con quien dejar a adultos mayores=4; No tiene con quien dejar a otro familiar=5; Está enfermo o tiene una discapacidad=6; Percepción de limitaciones personales=7; Piensa que nadie le dará trabajo (porque no cuenta con la capacitación requerida=8; Las reglas, horarios y distancias de los trabajos no le acomodan=9; Ofrecen sueldos muy bajos=10; Quehaceres del hogar=11; Estudiante=12; Jubilado(a), pensionado(a) o montepiada=13; Tiene otra fuente de ingreso (seguro de cesantía, mesadas, rentas transferencias=14; Se cansó de buscar o cree que no hay trabajo disponible=15; Busca cuando realmente lo necesita o tiene trabajo esporádico=16; No tiene interés en trabajar=17; Otra razón=18; Posibilidad de empezar a trabajar pronto=1000; Limitaciones de condiciones familiares o personales=2000; Condiciones laborales no se adecuan a expectativas=3000; Tiene otra actividad o renta=4000; Otros=5000",17454,12784,"haven_labelled;vctrs_vctr;double"
"2022","prueba_ext/BD - ENPG 2022 (Stata 16).dta","CO_6","CO_6. En su trabajo o negocio principal, ¿usted trabaja como?","Patrón o empleador/a=1; Trabajador/a por cuenta propia=2; Empleado/a u obrero/a del sector público (Gobierno Central o Municipal)=3; Empleado/a u obrero/a de empresas públicas=4; Empleado/a u obrero/a del sector privado=5; Servicio doméstico puertas adentro=6; Servicio doméstico puertas afuera=7; FF.AA. y del Orden=8; Familiar no remunerado=9",17454,4670,"haven_labelled;vctrs_vctr;double"
"2022","prueba_ext/BD - ENPG 2022 (Stata 16).dta","DP_1","<p><strong><u>MÓDULO DATOS PERSONALES DEL ENCUESTADO</u></strong></p><p>&nbsp;</","Personas=1; No contesta=99",17454,0,"haven_labelled;vctrs_vctr;double"
"2022","prueba_ext/BD - ENPG 2022 (Stata 16).dta","DP_2","DP_2. ¿Cuál es su estado civil actual (legal)?","Soltero/a=1; Casado/a=2; Divorciado/a=3; Viudo/a=4; Anulado/a=5; Conviviente civil=6",17454,0,"haven_labelled;vctrs_vctr;double"
"2022","prueba_ext/BD - ENPG 2022 (Stata 16).dta","DP_3","DP_3. ¿Actualmente cuál es su estado de hecho?","Casado/a vive con su esposo/a=1; Conviviente o pareja de distinto sexo=2; Conviviente o pareja del mismo sexo=3; No convive con pareja=4",17454,0,"haven_labelled;vctrs_vctr;double"
"2022","prueba_ext/BD - ENPG 2022 (Stata 16).dta","DP_4","DP_4. En Chile, la ley reconoce nueve pueblos indígenas (originarios), ¿pertenec","Aymara=1; Rapa Nui=2; Quechua=3; Mapuche=4; Atacameño (Likán Antai)=5; Colla=6; Kawésqar (Alacalufes)=7; Yagán (Yámana)=8; Diaguita=9; No pertenece a ningún pueblo indígena=10",17454,0,"haven_labelled;vctrs_vctr;double"
"2022","prueba_ext/BD - ENPG 2022 (Stata 16).dta","DP_5","DP_5. ¿Cuál es su religión o credo?","Católica=1; Evangélica o Protestante=2; Judía=3; Musulmana=4; Mormón=5; Ortodoxa=6; Budista=7; Fe Bahá'í=8; Testigo de Jehová=9; Espiritualidad indígena=10; Otra=11; Ninguna=12",17454,0,"haven_labelled;vctrs_vctr;double"
"2022","prueba_ext/BD - ENPG 2022 (Stata 16).dta","DP_6","DP_6. ¿Cuál es su nacionalidad?","Chilena (exclusivamente)=1; Chilena y otra (doble nacionalidad)=2; Otra nacionalidad (extranjeros), especifique:=3",17454,0,"haven_labelled;vctrs_vctr;double"
"2022","prueba_ext/BD - ENPG 2022 (Stata 16).dta","DP_6_3","","",17454,0,"character"
"2022","prueba_ext/BD - ENPG 2022 (Stata 16).dta","DP_6A","DP_6A. Cuando usted nació, ¿en qué comuna o país vivía su madre?","En esta comuna=1; En otra comuna de Chile=2; En otro país, especifique=3; No sabe=88",17454,0,"haven_labelled;vctrs_vctr;double"
"2022","prueba_ext/BD - ENPG 2022 (Stata 16).dta","DP_6A_3","","",17454,0,"character"
"2022","prueba_ext/BD - ENPG 2022 (Stata 16).dta","DP_6B","DP_6B. ¿En qué comuna o país vivía usted hace 5 años ({#txtDP_6B#})?","En esta comuna=1; En otra comuna de Chile=2; En otro país, especifique=3; No sabe=88",17454,0,"haven_labelled;vctrs_vctr;double"
"2022","prueba_ext/BD - ENPG 2022 (Stata 16).dta","DP_6B_3","","",17454,0,"character"
"2022","prueba_ext/BD - ENPG 2022 (Stata 16).dta","DP_8","DP_8. En cuánto a su género, ¿usted se identifica como?","Masculino=1; Femenino=2; Transmasculino=5; Transfemenino=6; No binario=7; Otro, especifique=8; No contesta (No leer)=99",17454,0,"haven_labelled;vctrs_vctr;double"
"2022","prueba_ext/BD - ENPG 2022 (Stata 16).dta","DP_8_8","","",17454,0,"character"
"2022","prueba_ext/BD - ENPG 2022 (Stata 16).dta","DP_8A","DP_8A. ¿Ud. se identifica como trans?","Sí=1; No=2; No sabe=88; No contesta (No leer)=99",17454,17138,"haven_labelled;vctrs_vctr;double"
"2022","prueba_ext/BD - ENPG 2022 (Stata 16).dta","DP_8B","DP_8B. ¿Cuál de estas alternativas define mejor su orientación sexual? (ENCUESTA","Gay/Lesbiana (Atracción hacia el mismo sexo)=1; Bisexual (atracción hacia más de un sexo o género)=2; Heterosexual (Atracción hacia el sexo opuesto)=3; Otro, especifique=8; No sabe (No leer)=88; No contesta (No leer)=99",17454,431,"haven_labelled;vctrs_vctr;double"
"2022","prueba_ext/BD - ENPG 2022 (Stata 16).dta","DP_8B_8","","",17454,0,"character"
"2022","prueba_ext/BD - ENPG 2022 (Stata 16).dta","DP_9","DP_9. ¿A qué sistema previsional de salud pertenece usted?","Sistema público grupo A=1; Sistema público grupo B=2; Sistema público grupo C=3; Sistema público grupo D=4; Sistema público no sabe grupo=5; F.F.A.A y del Orden=6; ISAPRE=7; Ninguno (particular)=8; Otro Sistema=9; No sabe=88; No contesta=99",17454,0,"haven_labelled;vctrs_vctr;double"
"2022","prueba_ext/BD - ENPG 2022 (Stata 16).dta","DP_10","DP_10. ¿Qué relación de parentesco tiene con el/la jefe/a de hogar? Jefe de hoga","Jefe(a) de Hogar=1; Esposo(a) /pareja=2; Hijo(a) de ambos=3; Hijo(a) sólo del jefe=4; Hijo(a) sólo del esposo(a) /pareja=5; Padre o madre=6; Suegro(a)=7; Yerno o nuera=8; Nieto(a)=9; Hermano(a)=10; Cuñado(a)=11; Otro familiar=12; No familiar=13",17454,0,"haven_labelled;vctrs_vctr;double"
"2022","prueba_ext/BD - ENPG 2022 (Stata 16).dta","DP_11","DP_11. Actualmente, ¿asiste a algún establecimiento educacional?","Sí=1; No=2; No sabe=88; No contesta=99",17454,0,"haven_labelled;vctrs_vctr;double"
"2022","prueba_ext/BD - ENPG 2022 (Stata 16).dta","DP_12","DP_12. ¿Cuál es el nivel educacional más alto alcanzado o el nivel educacional a","Nunca asistió=1; Educación Especial (Diferencial)=2; Primaria o preparatoria (Sistema Antiguo)=3; Educación Básica=4; Humanidades (Sistema Antiguo)=5; Educación Media Científico Humanista=6; Técnica Comercial, Industrial o Normalista (Sistema Antiguo)=7; Educación Media Técnico Profesional=8; Técnico de Nivel Superior=9; Profesional=10; Postítulo=11; Magíster=12; Doctorado=13; No sabe=88",17454,0,"haven_labelled;vctrs_vctr;double"
"2022","prueba_ext/BD - ENPG 2022 (Stata 16).dta","DP_13","DP_13. ¿Completó el nivel educacional anteriormente declarado?","Si=1; No=2; No aplica=77",17454,0,"haven_labelled;vctrs_vctr;double"
"2022","prueba_ext/BD - ENPG 2022 (Stata 16).dta","DP_14","DP_14. En este nivel educacional ¿Cuál fue el último curso que aprobó?","Sin estudios=0; Primer año=1; Segundo año=2; Tercer año=3; Cuarto año=4; Quinto año=5; Sexto año=6; Séptimo año=7; Octavo año=8; No aplica=77; No sabe=88; No contesta=99",17454,0,"haven_labelled;vctrs_vctr;double"
"2022","prueba_ext/BD - ENPG 2022 (Stata 16).dta","DP_15","DP_15. ¿Cuál de estas situaciones se aplica mejor a su caso?","Ud. aporta ingreso único=1; Ud. aporta el ingreso principal pero existen otros ingresos=2; Ud. aporta la mitad del ingreso del hogar=3; Ud. aporta ingreso pero no es el principal del hogar=4; Ud. no aporta ingresos al hogar=5; No sabe=88; No contesta=99",17454,0,"haven_labelled;vctrs_vctr;double"
"2022","prueba_ext/BD - ENPG 2022 (Stata 16).dta","DP_16","DP_16. Aproximadamente y considerando un mes normal, ¿a cuánto asciende el ingre","Menos de $100.000=1; Entre $100.001 y 200.000=2; Entre $200.001 y 300.000=3; Entre $300.001 y 400.000=4; Entre $400.001 y 500.000=5; Entre $500.001 y 750.000=6; Entre $750.001 y 1.000.000=7; Entre $1.000.001 y 1.500.000=8; Entre $1.500.001 y 2.000.000=9; Más de $2.000.000=10; No sabe=88; No contesta=99",17454,0,"haven_labelled;vctrs_vctr;double"
"2022","prueba_ext/BD - ENPG 2022 (Stata 16).dta","DP_20","DP_20. Finalmente, según lo que ud. sabe o cree, ¿Cuáles son las principales car","",17454,0,"character"
"2022","prueba_ext/BD - ENPG 2022 (Stata 16).dta","DP_21","DP_21. <span style=""color:#ffcc99"">(ENCUESTADOR: SÓLO OBSERVAR Y NO PREGUNTAR AL","<strong>Tipo 1.</strong> Casas o departamentos de gran lujo y muy espaciosos.=1; <strong>Tipo 2.</strong> Casas o departamentos espaciosos y confortables.=2; <strong>Tipo 3</strong>. Casas o departamentos de construcción sólida, pero de a=3; <p><strong>Tipo 4</strong>. Tres casos típicos:</p><p>i) Construcción sólida, pe=4; <p><strong>Tipo 5</strong>. Se presentan tres casos:</p><p>i) Mejoras.- Casas de=5",17454,0,"haven_labelled;vctrs_vctr;double"
"2022","prueba_ext/BD - ENPG 2022 (Stata 16).dta","DP_22","DP_22. <span style=""color:#ffcc99"">(ENCUESTADOR: SÓLO OBSERVAR Y NO PREGUNTAR AL","<strong>Tipo 1</strong>. Barrio residencial elegante, donde el valor del terreno=1; <strong>Tipo 2. </strong>Barrio residencial, todavía acomodado, de calles amplia=2; <strong>Tipo 3.</strong> Barrios de comercio o calles estrechas, antiguas, sin á=3; <strong>Tipo 4. </strong>Barrio obrero o barrio populoso o mal ventilado. El val=4; <strong>Tipo 5.</strong> Barrio de mejoras y pocilgas desaseadas, sin pavimentac=5",17454,0,"haven_labelled;vctrs_vctr;double"
"2024","__enpg/Base Publica ENPG 2024 (Stata 16).dta","RESPONDENT_SERIAL","","",18668,0,"numeric"
"2024","__enpg/Base Publica ENPG 2024 (Stata 16).dta","SEXO","","HOMBRE=1; MUJER=2",18668,0,"haven_labelled;vctrs_vctr;double"
"2024","__enpg/Base Publica ENPG 2024 (Stata 16).dta","EDAD","","",18668,0,"numeric"
"2024","__enpg/Base Publica ENPG 2024 (Stata 16).dta","COD_COMUNA","","",18668,0,"numeric"
"2024","__enpg/Base Publica ENPG 2024 (Stata 16).dta","REGION","REGION","Tarapacá=1; Antofagasta=2; Atacama=3; Coquimbo=4; Valparaíso=5; O'Higgins=6; Maule=7; Biobío=8; La Araucanía=9; Los Lagos=10; Aysén=11; Magallanes=12; Metropolitana=13; Los Ríos=14; Arica y Parinacota=15; Ñuble=16",18668,0,"haven_labelled;vctrs_vctr;double"
"2024","__enpg/Base Publica ENPG 2024 (Stata 16).dta","ST_1","ST_1. Hablando de su salud, ¿Cómo calificaría Ud. su estado de salud, en general","Muy malo=1; Malo=2; Regular=3; Bueno=4; Muy Bueno=5; Excelente=6; No sabe=88; No contesta=99",18668,0,"haven_labelled;vctrs_vctr;double"
"2024","__enpg/Base Publica ENPG 2024 (Stata 16).dta","ST_2","ST_2. ¿Ha fumado Ud. cigarrillos alguna vez en su vida?","Sí=1; No=2; No sabe=88; No contesta=99",18668,0,"haven_labelled;vctrs_vctr;double"
"2024","__enpg/Base Publica ENPG 2024 (Stata 16).dta","ST_3","ST_3. ¿Cuándo fue la primera vez que Ud. fumó cigarrillos?","Durante los últimos 30 días=1; Hace más de un mes, pero menos de un año=2; Hace más de un año=3; No sabe=88; No contesta=99",18668,8570,"haven_labelled;vctrs_vctr;double"
"2024","__enpg/Base Publica ENPG 2024 (Stata 16).dta","ST_4","ST_4. ¿Qué edad tenía cuando fumó cigarrillos por primera vez?","Años cumplidos=1; No sabe=88; No contesta=99",18668,8570,"haven_labelled;vctrs_vctr;double"
"2024","__enpg/Base Publica ENPG 2024 (Stata 16).dta","ST_5","ST_5. ¿Cuándo fue la última vez que fumó cigarrillos?","Durante los últimos 30 días=1; Hace más de un mes, pero menos de un año=2; Hace más de un año=3; No sabe=88; No contesta=99",18668,8570,"haven_labelled;vctrs_vctr;double"
"2024","__enpg/Base Publica ENPG 2024 (Stata 16).dta","ST_6","ST_6. Piense solamente en los últimos 30 días, ¿cuántos días ha fumado cigarrill","N° de días (de 1 a 30)=1; No sabe=88; No contesta=99",18668,14234,"haven_labelled;vctrs_vctr;double"
"2024","__enpg/Base Publica ENPG 2024 (Stata 16).dta","ST_7","ST_7. ¿Más o menos cuántos cigarrillos diarios ha fumado Ud. en estos últimos 30","N° de cigarrillos al día=1; No sabe=888; No contesta=999",18668,14234,"haven_labelled;vctrs_vctr;double"
"2024","__enpg/Base Publica ENPG 2024 (Stata 16).dta","CE_1","CE_1. ¿Ud. conoce o ha escuchado hablar de los cigarrillos electrónicos?","Sí=1; No=2; No sabe=88; No contesta=99",18668,0,"haven_labelled;vctrs_vctr;double"
"2024","__enpg/Base Publica ENPG 2024 (Stata 16).dta","CE_2","CE_2. ¿Ha usado Ud. cigarrillos electrónicos alguna vez en su vida?","Sí=1; No=2; No sabe=88; No contesta=99",18668,6899,"haven_labelled;vctrs_vctr;double"
"2024","__enpg/Base Publica ENPG 2024 (Stata 16).dta","CE_3","CE_3. ¿Cuándo fue la primera vez que Ud. usó cigarrillos electrónicos?","Durante los últimos 30 días=1; Hace más de un mes, pero menos de un año=2; Hace más de un año=3; No sabe=88; No contesta=99",18668,16639,"haven_labelled;vctrs_vctr;double"
"2024","__enpg/Base Publica ENPG 2024 (Stata 16).dta","CE_4","CE_4. ¿Cuándo fue la última vez que usó cigarrillos electrónicos?","Durante los últimos 30 días=1; Hace más de un mes, pero menos de un año=2; Hace más de un año=3; No sabe=88; No contesta=99",18668,16639,"haven_labelled;vctrs_vctr;double"
"2024","__enpg/Base Publica ENPG 2024 (Stata 16).dta","CE_5","CE_5. Piense solamente en los últimos 30 días, ¿cuántos días ha usado cigarrillo","N° de días (de 1 a 30)=1; No sabe=88; No contesta=99",18668,18407,"haven_labelled;vctrs_vctr;double"
"2024","__enpg/Base Publica ENPG 2024 (Stata 16).dta","CE_6","CE_6. Respecto a la última vez que Ud. usó cigarrillos electrónicos, ¿sabía Ud.","Sí=1; No=2; No contesta=99",18668,16674,"haven_labelled;vctrs_vctr;double"
"2024","__enpg/Base Publica ENPG 2024 (Stata 16).dta","CE_7","CE_7. ¿Tiene Ud. actualmente algún dispositivo de cigarrillo electrónico?","Sí=1; No=2; No sabe=88; No contesta=99",18668,16674,"haven_labelled;vctrs_vctr;double"
"2024","__enpg/Base Publica ENPG 2024 (Stata 16).dta","CE_8","CE_8. ¿Usted ha intentado consumir otras drogas o sustancias incorporándolas en","Si, especifique=1; No=2; No sabe=88; No contesta=99",18668,16674,"haven_labelled;vctrs_vctr;double"
"2024","__enpg/Base Publica ENPG 2024 (Stata 16).dta","CE_8_ESP","CE_8. Especifique","",18668,0,"character"
"2024","__enpg/Base Publica ENPG 2024 (Stata 16).dta","OH_1","OH_1. ¿Ha tomado Ud. alcohol  alguna vez en su vida?","Sí=1; No=2; No sabe=88; No contesta=99",18668,0,"haven_labelled;vctrs_vctr;double"
"2024","__enpg/Base Publica ENPG 2024 (Stata 16).dta","OH_2","OH_2. ¿Cuándo fue la primera vez que Ud. consumió alcohol en su vida?","Durante los últimos 30 días=1; Hace más de un mes, pero menos de un año=2; Hace más de un año=3; No sabe=88; No contesta=99",18668,6035,"haven_labelled;vctrs_vctr;double"
"2024","__enpg/Base Publica ENPG 2024 (Stata 16).dta","OH_3","OH_3. ¿Qué edad tenía cuando consumió por primera vez alcohol? (No considere cua","Años cumplidos=1; No sabe=88; No contesta=99",18668,6035,"haven_labelled;vctrs_vctr;double"
"2024","__enpg/Base Publica ENPG 2024 (Stata 16).dta","OH_4","OH_4. ¿Cuándo fue la última vez que Ud. consumió alcohol?","Durante los últimos 30 días=1; Hace más de un mes, pero menos de un año=2; Hace más de un año=3; No sabe=88; No contesta=99",18668,6035,"haven_labelled;vctrs_vctr;double"
"2024","__enpg/Base Publica ENPG 2024 (Stata 16).dta","OH_5","OH_5. Pensando solamente en los últimos 30 días, ¿cuántos días del mes ha tomado","N° de días (de 1 a 30)=1; No sabe=88; No contesta=99",18668,13135,"haven_labelled;vctrs_vctr;double"
"2024","__enpg/Base Publica ENPG 2024 (Stata 16).dta","OH_6","OH_6. Durante los últimos 30 días, ¿qué tipo de bebida alcohólica tomó con más f","Cerveza=1; Vino, champaña u otros espumantes=2; <p>Licores, destilados o combinados</p><p><strong>(ENCUESTADOR: pisco, ron, whisky, vodka, aguardiente u otro)</strong><=3; Otro=4; No sabe=88; No contesta=99",18668,13135,"haven_labelled;vctrs_vctr;double"
"2024","__enpg/Base Publica ENPG 2024 (Stata 16).dta","OH_7","OH_7. Pensando en los últimos 30 días:&nbsp;&nbsp;...&nbsp;...&nbsp;","N° de veces=1; No sabe=88; No contesta=99",18668,13135,"haven_labelled;vctrs_vctr;double"
"2024","__enpg/Base Publica ENPG 2024 (Stata 16).dta","OH_8","OH_8. ¿Qué tan seguido toma usted alguna bebida alcohólica?","Nunca=0; 1 vez al mes o menos=1; 2 a 4 veces al mes=2; 2 a 3 veces a la semana=3; 4 o más veces a la semana=4",18668,10411,"haven_labelled;vctrs_vctr;double"
"2024","__enpg/Base Publica ENPG 2024 (Stata 16).dta","OH_9","OH_9. ¿Cuántos tragos suele tomar usted en un día típico de consumo de alcohol?","0 a 2 tragos=0; 3 a 4 tragos=1; 5 a 6 tragos=2; 7 a 9 tragos=3; 10 o más tragos=4",18668,10411,"haven_labelled;vctrs_vctr;double"
"2024","__enpg/Base Publica ENPG 2024 (Stata 16).dta","OH_10","OH_10. ¿Qué tan seguido toma usted 6 o más tragos en una sola ocasión?","Nunca=0; Menos de una vez al mes=1; Mensualmente=2; Semanalmente=3; Todos o casi todos los días=4",18668,10411,"haven_labelled;vctrs_vctr;double"
"2024","__enpg/Base Publica ENPG 2024 (Stata 16).dta","OH_11","OH_11. Y con la misma escala… ¿Qué tan seguido, en el curso de los últimos 12 me","Nunca=0; Menos de una vez al mes=1; Mensualmente=2; Semanalmente=3; Todos o casi todos los días=4",18668,10411,"haven_labelled;vctrs_vctr;double"
"2024","__enpg/Base Publica ENPG 2024 (Stata 16).dta","OH_12","OH_12. ¿Qué tan seguido, en el curso de los últimos 12 meses, su consumo de alco","Nunca=0; Menos de una vez al mes=1; Mensualmente=2; Semanalmente=3; Todos o casi todos los días=4",18668,10411,"haven_labelled;vctrs_vctr;double"
"2024","__enpg/Base Publica ENPG 2024 (Stata 16).dta","OH_13","OH_13. ¿Qué tan seguido, en el curso de los últimos 12 meses, usted necesitó beb","Nunca=0; Menos de una vez al mes=1; Mensualmente=2; Semanalmente=3; Todos o casi todos los días=4",18668,10411,"haven_labelled;vctrs_vctr;double"
"2024","__enpg/Base Publica ENPG 2024 (Stata 16).dta","OH_14","OH_14. ¿Qué tan seguido, en el curso de los últimos 12 meses, usted tuvo remordi","Nunca=0; Menos de una vez al mes=1; Mensualmente=2; Semanalmente=3; Todos o casi todos los días=4",18668,10411,"haven_labelled;vctrs_vctr;double"
"2024","__enpg/Base Publica ENPG 2024 (Stata 16).dta","OH_15","OH_15. ¿Qué tan seguido, en el curso de los últimos 12 meses, usted no fue capaz","Nunca=0; Menos de una vez al mes=1; Mensualmente=2; Semanalmente=3; Todos o casi todos los días=4",18668,10411,"haven_labelled;vctrs_vctr;double"
"2024","__enpg/Base Publica ENPG 2024 (Stata 16).dta","OH_16","OH_16. ¿Usted o alguna otra persona ha resultado físicamente herido debido a que","No=0; Sí, pero no en el último año=2; Sí, en el último año=4",18668,10411,"haven_labelled;vctrs_vctr;double"
"2024","__enpg/Base Publica ENPG 2024 (Stata 16).dta","OH_17","OH_17. ¿Algún familiar, amigo, médico u otro profesional de la salud ha mostrado","No=0; Sí, pero no en el último año=2; Sí, en el último año=4",18668,10411,"haven_labelled;vctrs_vctr;double"
"2024","__enpg/Base Publica ENPG 2024 (Stata 16).dta","OH_181","OH_18. Pensando en los últimos 30 días, ¿ha comprado alcohol en alguno de los si","Bares, pubs o discotecas=1; Restaurantes=2; Botillerías/licorerías=3; Supermercados=4; Servicentros=5; Otro lugar=6; Ninguno de los anteriores=7",18668,10411,"haven_labelled;vctrs_vctr;double"
"2024","__enpg/Base Publica ENPG 2024 (Stata 16).dta","OH_182","OH_18. Pensando en los últimos 30 días, ¿ha comprado alcohol en alguno de los si","Bares, pubs o discotecas=1; Restaurantes=2; Botillerías/licorerías=3; Supermercados=4; Servicentros=5; Otro lugar=6; Ninguno de los anteriores=7",18668,17292,"haven_labelled;vctrs_vctr;double"
"2024","__enpg/Base Publica ENPG 2024 (Stata 16).dta","OH_183","OH_18. Pensando en los últimos 30 días, ¿ha comprado alcohol en alguno de los si","Bares, pubs o discotecas=1; Restaurantes=2; Botillerías/licorerías=3; Supermercados=4; Servicentros=5; Otro lugar=6; Ninguno de los anteriores=7",18668,18309,"haven_labelled;vctrs_vctr;double"
"2024","__enpg/Base Publica ENPG 2024 (Stata 16).dta","OH_184","OH_18. Pensando en los últimos 30 días, ¿ha comprado alcohol en alguno de los si","Bares, pubs o discotecas=1; Restaurantes=2; Botillerías/licorerías=3; Supermercados=4; Servicentros=5; Otro lugar=6; Ninguno de los anteriores=7",18668,18512,"haven_labelled;vctrs_vctr;double"
"2024","__enpg/Base Publica ENPG 2024 (Stata 16).dta","OH_185","OH_18. Pensando en los últimos 30 días, ¿ha comprado alcohol en alguno de los si","Bares, pubs o discotecas=1; Restaurantes=2; Botillerías/licorerías=3; Supermercados=4; Servicentros=5; Otro lugar=6; Ninguno de los anteriores=7",18668,18630,"haven_labelled;vctrs_vctr;double"
"2024","__enpg/Base Publica ENPG 2024 (Stata 16).dta","OH_186","OH_18. Pensando en los últimos 30 días, ¿ha comprado alcohol en alguno de los si","Bares, pubs o discotecas=1; Restaurantes=2; Botillerías/licorerías=3; Supermercados=4; Servicentros=5; Otro lugar=6; Ninguno de los anteriores=7",18668,18661,"haven_labelled;vctrs_vctr;double"
"2024","__enpg/Base Publica ENPG 2024 (Stata 16).dta","OH_191","OH_19. Durante los últimos 30 días, ¿ha comprado alcohol en alguno de los siguie","Ferias libres o mercados=1; Fiestas particulares=2; Locales ""clandestinos""=3; Delivery <strong>(Encuestador: reparto o entrega)</strong>=4; Productores artesanales=5; Otro lugar=6; Ninguno de los anteriores=7",18668,10411,"haven_labelled;vctrs_vctr;double"
"2024","__enpg/Base Publica ENPG 2024 (Stata 16).dta","OH_192","OH_19. Durante los últimos 30 días, ¿ha comprado alcohol en alguno de los siguie","Ferias libres o mercados=1; Fiestas particulares=2; Locales ""clandestinos""=3; Delivery <strong>(Encuestador: reparto o entrega)</strong>=4; Productores artesanales=5; Otro lugar=6; Ninguno de los anteriores=7",18668,18543,"haven_labelled;vctrs_vctr;double"
"2024","__enpg/Base Publica ENPG 2024 (Stata 16).dta","OH_193","OH_19. Durante los últimos 30 días, ¿ha comprado alcohol en alguno de los siguie","Ferias libres o mercados=1; Fiestas particulares=2; Locales ""clandestinos""=3; Delivery <strong>(Encuestador: reparto o entrega)</strong>=4; Productores artesanales=5; Otro lugar=6; Ninguno de los anteriores=7",18668,18631,"haven_labelled;vctrs_vctr;double"
"2024","__enpg/Base Publica ENPG 2024 (Stata 16).dta","OH_194","OH_19. Durante los últimos 30 días, ¿ha comprado alcohol en alguno de los siguie","Ferias libres o mercados=1; Fiestas particulares=2; Locales ""clandestinos""=3; Delivery <strong>(Encuestador: reparto o entrega)</strong>=4; Productores artesanales=5; Otro lugar=6; Ninguno de los anteriores=7",18668,18654,"haven_labelled;vctrs_vctr;double"
"2024","__enpg/Base Publica ENPG 2024 (Stata 16).dta","OH_195","OH_19. Durante los últimos 30 días, ¿ha comprado alcohol en alguno de los siguie","Ferias libres o mercados=1; Fiestas particulares=2; Locales ""clandestinos""=3; Delivery <strong>(Encuestador: reparto o entrega)</strong>=4; Productores artesanales=5; Otro lugar=6; Ninguno de los anteriores=7",18668,18659,"haven_labelled;vctrs_vctr;double"
"2024","__enpg/Base Publica ENPG 2024 (Stata 16).dta","OH_196","OH_19. Durante los últimos 30 días, ¿ha comprado alcohol en alguno de los siguie","Ferias libres o mercados=1; Fiestas particulares=2; Locales ""clandestinos""=3; Delivery <strong>(Encuestador: reparto o entrega)</strong>=4; Productores artesanales=5; Otro lugar=6; Ninguno de los anteriores=7",18668,18664,"haven_labelled;vctrs_vctr;double"
"2024","__enpg/Base Publica ENPG 2024 (Stata 16).dta","OH_20","OH_20. ¿Ha tenido algún problema serio en la casa, en el trabajo o donde estudia","Sí=1; No=2; No sabe=88; No contesta=99",18668,10411,"haven_labelled;vctrs_vctr;double"
"2024","__enpg/Base Publica ENPG 2024 (Stata 16).dta","OH_21","OH_21. ¿Le ha sucedido que a causa del alcohol se haya expuesto a algún peligro","Sí=1; No=2; No sabe=88; No contesta=99",18668,10411,"haven_labelled;vctrs_vctr;double"
"2024","__enpg/Base Publica ENPG 2024 (Stata 16).dta","OH_22","OH_22. ¿Ha hecho algo bajo los efectos del alcohol que pudiera causarle problema","Sí=1; No=2; No sabe=88; No contesta=99",18668,10411,"haven_labelled;vctrs_vctr;double"
"2024","__enpg/Base Publica ENPG 2024 (Stata 16).dta","OH_23","OH_23. ¿Ha tenido algún problema o han aumentado los problemas con su familia o","Sí=1; No=2; No sabe=88; No contesta=99",18668,10411,"haven_labelled;vctrs_vctr;double"
"2024","__enpg/Base Publica ENPG 2024 (Stata 16).dta","OH_24","OH_24. ¿Se ha visto envuelto en alguna pelea a golpes o ha agredido a alguien ba","Sí=1; No=2; No sabe=88; No contesta=99",18668,10411,"haven_labelled;vctrs_vctr;double"
"2024","__enpg/Base Publica ENPG 2024 (Stata 16).dta","MAR_1","MAR_1. ¿Ha probado Ud. marihuana alguna vez en su vida?","Sí=1; No=2; No sabe=88; No contesta=99",18668,0,"haven_labelled;vctrs_vctr;double"
"2024","__enpg/Base Publica ENPG 2024 (Stata 16).dta","MAR_2","MAR_2. ¿Cuándo fue la primera vez que Ud. consumió marihuana en su vida?","Durante los últimos 30 días=1; Hace más de un mes, pero menos de un año=2; Hace más de un año=3; No sabe=88; No contesta=99",18668,13716,"haven_labelled;vctrs_vctr;double"
"2024","__enpg/Base Publica ENPG 2024 (Stata 16).dta","MAR_3","MAR_3. ¿Qué edad tenía cuando probó marihuana por primera vez?","En años cumplidos=1; No sabe=88; No contesta=99",18668,13716,"haven_labelled;vctrs_vctr;double"
"2024","__enpg/Base Publica ENPG 2024 (Stata 16).dta","MAR_4","MAR_4. ¿Cuándo fue la última vez que Ud. consumió marihuana? (Respuesta espontán","Durante los últimos 30 días=1; Hace más de un mes, pero menos de un año=2; Hace más de un año=3; No sabe=88; No contesta=99",18668,13716,"haven_labelled;vctrs_vctr;double"
"2024","__enpg/Base Publica ENPG 2024 (Stata 16).dta","MAR_5","MAR_5. Pensando solamente en los últimos 30 días, ¿cuántos días del mes ha consu","N° de días (de 1 a 30)=1; No sabe=88; No contesta=99",18668,17821,"haven_labelled;vctrs_vctr;double"
"2024","__enpg/Base Publica ENPG 2024 (Stata 16).dta","MAR_6","MAR_6. ¿Cuántos cigarros de marihuana consume Ud. al mes? Considere su consumo h","N° de cigarros=1; No sabe=88; No contesta=99",18668,17821,"haven_labelled;vctrs_vctr;double"
"2024","__enpg/Base Publica ENPG 2024 (Stata 16).dta","MAR_7","MAR_7. ¿Qué tipo de marihuana consumió con mayor frecuencia?","Marihuana prensada o ""paraguaya""=1; Marihuana verde o yerba=2; Marihuana verde o yerba de ""autocultivo""=3; Marihuana <em>skunk </em>o de alta potencia (marihuana ""<em>cripy </em>o <em>creepy</em>"")=4; Marihuana <em>skunk </em>o de alta potencia de ""autocultivo""=5; No sabe <strong>(No leer)</strong>=88; No contesta <strong>(No leer)</strong>=99",18668,17410,"haven_labelled;vctrs_vctr;double"
"2024","__enpg/Base Publica ENPG 2024 (Stata 16).dta","MAR_8","¿Ha consumido marihuana para eliminar problemas como éstos o para evitar que se","Sí=1; No=2; No sabe=88; No contesta=99",18668,17410,"haven_labelled;vctrs_vctr;double"
"2024","__enpg/Base Publica ENPG 2024 (Stata 16).dta","MAR_9","MAR_9. ¿Ha presentado estos problemas cuando suspendía o disminuía el consumo de","Sí=1; No=2; No sabe=88; No contesta=99",18668,17410,"haven_labelled;vctrs_vctr;double"
"2024","__enpg/Base Publica ENPG 2024 (Stata 16).dta","MAR_10","MAR_10. ¿Ha sentido un deseo tan grande de usar marihuana que no pudo resistir o","Sí=1; No=2; No sabe=88; No contesta=99",18668,17410,"haven_labelled;vctrs_vctr;double"
"2024","__enpg/Base Publica ENPG 2024 (Stata 16).dta","MAR_11","MAR_11. ¿Ha observado que para obtener el mismo efecto con marihuana ha consumid","Sí=1; No=2; No sabe=88; No contesta=99",18668,17410,"haven_labelled;vctrs_vctr;double"
"2024","__enpg/Base Publica ENPG 2024 (Stata 16).dta","MAR_12","MAR_12. ¿Ha notado que la misma cantidad de marihuana tiene menos efecto en Ud.","Sí=1; No=2; No sabe=88; No contesta=99",18668,17410,"haven_labelled;vctrs_vctr;double"
"2024","__enpg/Base Publica ENPG 2024 (Stata 16).dta","MAR_13","MAR_13. ¿Ha intentado controlar, disminuir o dejar su consumo de marihuana, pero","Sí=1; No=2; No sabe=88; No contesta=99",18668,17410,"haven_labelled;vctrs_vctr;double"
"2024","__enpg/Base Publica ENPG 2024 (Stata 16).dta","MAR_14","MAR_14. ¿Ha terminado consumiendo marihuana en mayores cantidades o por mayor ti","Sí=1; No=2; No sabe=88; No contesta=99",18668,17410,"haven_labelled;vctrs_vctr;double"
"2024","__enpg/Base Publica ENPG 2024 (Stata 16).dta","MAR_15","MAR_15. ¿Ha dejado de hacer o ha suspendido actividades sociales, laborales o re","Sí=1; No=2; No sabe=88; No contesta=99",18668,17410,"haven_labelled;vctrs_vctr;double"
"2024","__enpg/Base Publica ENPG 2024 (Stata 16).dta","MAR_16","MAR_16. ¿Ha dedicado más tiempo que antes a conseguir y consumir marihuana, o pa","Sí=1; No=2; No sabe=88; No contesta=99",18668,17410,"haven_labelled;vctrs_vctr;double"
"2024","__enpg/Base Publica ENPG 2024 (Stata 16).dta","MAR_17","MAR_17. ¿Ha continuado consumiendo marihuana a pesar de que le ocasione problema","Sí=1; No=2; No sabe=88; No contesta=99",18668,17410,"haven_labelled;vctrs_vctr;double"
"2024","__enpg/Base Publica ENPG 2024 (Stata 16).dta","MAR_18","MAR_18. ¿Ha tenido algún problema serio en la casa, en el trabajo o donde estudi","Sí=1; No=2; No sabe=88; No contesta=99",18668,17410,"haven_labelled;vctrs_vctr;double"
"2024","__enpg/Base Publica ENPG 2024 (Stata 16).dta","MAR_19","MAR_19. ¿Le ha sucedido que a causa de la marihuana se haya expuesto a algún pel","Sí=1; No=2; No sabe=88; No contesta=99",18668,17410,"haven_labelled;vctrs_vctr;double"
"2024","__enpg/Base Publica ENPG 2024 (Stata 16).dta","MAR_20","MAR_20. ¿Ha hecho algo bajo los efectos de la marihuana que pudiera causarle pro","Sí=1; No=2; No sabe=88; No contesta=99",18668,17410,"haven_labelled;vctrs_vctr;double"
"2024","__enpg/Base Publica ENPG 2024 (Stata 16).dta","MAR_21","MAR_21. ¿Ha tenido algún problema o han aumentado los problemas con su familia o","Sí=1; No=2; No sabe=88; No contesta=99",18668,17410,"haven_labelled;vctrs_vctr;double"
"2024","__enpg/Base Publica ENPG 2024 (Stata 16).dta","MAR_21A","MAR_21A. ¿Se ha visto envuelto en alguna pelea a golpes o ha agredido a alguien","Sí=1; No=2; No sabe=88; No contesta=99",18668,17410,"haven_labelled;vctrs_vctr;double"
"2024","__enpg/Base Publica ENPG 2024 (Stata 16).dta","MAR_21B","MAR_21B. ¿Algún familiar o persona cercana a usted ha resultado dañada física o","Sí=1; No=2; No sabe=88; No contesta=99",18668,17410,"haven_labelled;vctrs_vctr;double"
"2024","__enpg/Base Publica ENPG 2024 (Stata 16).dta","MAR_22","MAR_22. Piense en los últimos 12 meses, ¿Ha consumido marihuana por una vía dist","Sí=1; No=2; No sabe=88; No contesta=99",18668,17410,"haven_labelled;vctrs_vctr;double"
"2024","__enpg/Base Publica ENPG 2024 (Stata 16).dta","MAR_2301","Piense en los últimos 12 meses, ¿Ha consumido marihuana por alguna de las siguie","Fumada en cigarrillos, pitos, pipas o bongs=1",18668,18551,"haven_labelled;vctrs_vctr;double"
"2024","__enpg/Base Publica ENPG 2024 (Stata 16).dta","MAR_2302","Piense en los últimos 12 meses, ¿Ha consumido marihuana por alguna de las siguie","Vaporizada en dispositivos electrónicos=1",18668,18581,"haven_labelled;vctrs_vctr;double"
"2024","__enpg/Base Publica ENPG 2024 (Stata 16).dta","MAR_2303","Piense en los últimos 12 meses, ¿Ha consumido marihuana por alguna de las siguie","En pomadas en base de aceite de cáñamo o en base a semillas de cannabis (uso tópico)=1",18668,18643,"haven_labelled;vctrs_vctr;double"
"2024","__enpg/Base Publica ENPG 2024 (Stata 16).dta","MAR_2304","Piense en los últimos 12 meses, ¿Ha consumido marihuana por alguna de las siguie","En pomadas de aceite en base a planta de cannabis (uso tópico)=1",18668,18641,"haven_labelled;vctrs_vctr;double"
"2024","__enpg/Base Publica ENPG 2024 (Stata 16).dta","MAR_2305","Piense en los últimos 12 meses, ¿Ha consumido marihuana por alguna de las siguie","Uso oral o sublingual de aceite de cáñamo o de semillas de cannabis=1",18668,18658,"haven_labelled;vctrs_vctr;double"
"2024","__enpg/Base Publica ENPG 2024 (Stata 16).dta","MAR_2306","Piense en los últimos 12 meses, ¿Ha consumido marihuana por alguna de las siguie","Uso oral o sublingual de aceite en base a planta de cannabis=1",18668,18658,"haven_labelled;vctrs_vctr;double"
"2024","__enpg/Base Publica ENPG 2024 (Stata 16).dta","MAR_2307","Piense en los últimos 12 meses, ¿Ha consumido marihuana por alguna de las siguie","Comestible elaborado a partir de semillas de cannabis (queques, galletas, brownies u otros).=1",18668,18589,"haven_labelled;vctrs_vctr;double"
"2024","__enpg/Base Publica ENPG 2024 (Stata 16).dta","MAR_2308","Piense en los últimos 12 meses, ¿Ha consumido marihuana por alguna de las siguie","Comestible elaborado a partir de plantas de cannabis (queques, galletas, brownies u otros).=1",18668,18569,"haven_labelled;vctrs_vctr;double"
"2024","__enpg/Base Publica ENPG 2024 (Stata 16).dta","MAR_2309","Piense en los últimos 12 meses, ¿Ha consumido marihuana por alguna de las siguie","Ingerida en infusiones en agua, té, leche o derivados lácteos=1",18668,18632,"haven_labelled;vctrs_vctr;double"
"2024","__enpg/Base Publica ENPG 2024 (Stata 16).dta","MAR_2310","Piense en los últimos 12 meses, ¿Ha consumido marihuana por alguna de las siguie","Otro, Especifique=1",18668,18665,"haven_labelled;vctrs_vctr;double"
"2024","__enpg/Base Publica ENPG 2024 (Stata 16).dta","MAR_23_ESP","MAR_23 Especifique","",18668,0,"character"
"2024","__enpg/Base Publica ENPG 2024 (Stata 16).dta","PB_1","PB_1. ¿Ha probado Ud. pasta base alguna vez en su vida?","Sí=1; No=2; No sabe=88; No contesta=99",18668,0,"haven_labelled;vctrs_vctr;double"
"2024","__enpg/Base Publica ENPG 2024 (Stata 16).dta","PB_2","PB_2. ¿Cuándo fue la primera vez que Ud. consumió pasta base en su vida?","Durante los últimos 30 días=1; Hace más de un mes, pero menos de un año=2; Hace más de un año=3; No sabe=88; No contesta=99",18668,18372,"haven_labelled;vctrs_vctr;double"
"2024","__enpg/Base Publica ENPG 2024 (Stata 16).dta","PB_3","PB_3. ¿Qué edad tenía cuando probó pasta base por primera vez?","Años cumplidos)=1; No sabe=88; No contesta=99",18668,18372,"haven_labelled;vctrs_vctr;double"
"2024","__enpg/Base Publica ENPG 2024 (Stata 16).dta","PB_4","PB_4. ¿Cuándo fue la última vez que Ud. consumió pasta base? (Respuesta espontán","Durante los últimos 30 días=1; Hace más de un mes, pero menos de un año=2; Hace más de un año=3; No sabe=88; No contesta=99",18668,18372,"haven_labelled;vctrs_vctr;double"
"2024","__enpg/Base Publica ENPG 2024 (Stata 16).dta","PB_5","PB_5. Pensando solamente en los últimos 30 días, ¿cuántos días del mes ha consum","N° de días (de 1 a 30)=1; No sabe=88; No contesta=99",18668,18629,"haven_labelled;vctrs_vctr;double"
"2024","__enpg/Base Publica ENPG 2024 (Stata 16).dta","PB_6","PB_6. ¿Ha consumido pasta base para eliminar problemas como éstos o para evitar","Sí=1; No=2; No sabe=88; No contesta=99",18668,18615,"haven_labelled;vctrs_vctr;double"
"2024","__enpg/Base Publica ENPG 2024 (Stata 16).dta","PB_7","PB_7. ¿Ha presentado estos problemas cuando suspendía o disminuía el consumo de","Sí=1; No=2; No sabe=88; No contesta=99",18668,18615,"haven_labelled;vctrs_vctr;double"
"2024","__enpg/Base Publica ENPG 2024 (Stata 16).dta","PB_8","PB_8. ¿Ha sentido un deseo tan grande de consumir pasta base que no pudo resisti","Sí=1; No=2; No sabe=88; No contesta=99",18668,18615,"haven_labelled;vctrs_vctr;double"
"2024","__enpg/Base Publica ENPG 2024 (Stata 16).dta","PB_9","PB_9. ¿Ha observado que para obtener el mismo efecto con pasta base ha consumido","Sí=1; No=2; No sabe=88; No contesta=99",18668,18615,"haven_labelled;vctrs_vctr;double"
"2024","__enpg/Base Publica ENPG 2024 (Stata 16).dta","PB_10","PB_10. ¿Ha notado que la misma cantidad de pasta base tiene menos efecto en Ud.","Sí=1; No=2; No sabe=88; No contesta=99",18668,18615,"haven_labelled;vctrs_vctr;double"
"2024","__enpg/Base Publica ENPG 2024 (Stata 16).dta","PB_11","PB_11. ¿Ha intentado controlar, disminuir o dejar su consumo de pasta base, pero","Sí=1; No=2; No sabe=88; No contesta=99",18668,18615,"haven_labelled;vctrs_vctr;double"
"2024","__enpg/Base Publica ENPG 2024 (Stata 16).dta","PB_12","PB_12. ¿Ha terminado consumiendo pasta base en mayores cantidades o por mayor ti","Sí=1; No=2; No sabe=88; No contesta=99",18668,18615,"haven_labelled;vctrs_vctr;double"
"2024","__enpg/Base Publica ENPG 2024 (Stata 16).dta","PB_13","PB_13. ¿Ha dejado de hacer o ha suspendido actividades sociales, laborales o rec","Sí=1; No=2; No sabe=88; No contesta=99",18668,18615,"haven_labelled;vctrs_vctr;double"
"2024","__enpg/Base Publica ENPG 2024 (Stata 16).dta","PB_14","PB_14. ¿Ha dedicado más tiempo que antes a conseguir y consumir pasta base, o pa","Sí=1; No=2; No sabe=88; No contesta=99",18668,18615,"haven_labelled;vctrs_vctr;double"
"2024","__enpg/Base Publica ENPG 2024 (Stata 16).dta","PB_15","PB_15. ¿Ha continuado consumiendo pasta base a pesar de que le ocasione problema","Sí=1; No=2; No sabe=88; No contesta=99",18668,18615,"haven_labelled;vctrs_vctr;double"
"2024","__enpg/Base Publica ENPG 2024 (Stata 16).dta","PB_16","PB_16. ¿Ha tenido algún problema serio en la casa, en el trabajo o donde estudia","Sí=1; No=2; No sabe=88; No contesta=99",18668,18615,"haven_labelled;vctrs_vctr;double"
"2024","__enpg/Base Publica ENPG 2024 (Stata 16).dta","PB_17","PB_17. ¿Le ha sucedido que a causa de la pasta base se haya expuesto a algún pel","Sí=1; No=2; No sabe=88; No contesta=99",18668,18615,"haven_labelled;vctrs_vctr;double"
"2024","__enpg/Base Publica ENPG 2024 (Stata 16).dta","PB_18","PB_18. ¿Ha hecho algo bajo los efectos de la pasta base que pudiera causarle pro","Sí=1; No=2; No sabe=88; No contesta=99",18668,18615,"haven_labelled;vctrs_vctr;double"
"2024","__enpg/Base Publica ENPG 2024 (Stata 16).dta","PB_19","PB_19. ¿Ha tenido algún problema o han aumentado los problemas con su familia o","Sí=1; No=2; No sabe=88; No contesta=99",18668,18615,"haven_labelled;vctrs_vctr;double"
"2024","__enpg/Base Publica ENPG 2024 (Stata 16).dta","PB_20","PB_20. ¿Se ha visto envuelto en alguna pelea a golpes o ha agredido a alguien ba","Sí=1; No=2; No sabe=88; No contesta=99",18668,18615,"haven_labelled;vctrs_vctr;double"
"2024","__enpg/Base Publica ENPG 2024 (Stata 16).dta","PB_21","PB_21. ¿Algún familiar o persona cercana a usted ha resultado dañada física o ps","Sí=1; No=2; No sabe=88; No contesta=99",18668,18615,"haven_labelled;vctrs_vctr;double"
"2024","__enpg/Base Publica ENPG 2024 (Stata 16).dta","COC_1","COC_1. ¿Ha probado Ud. cocaína alguna vez en su vida?","Sí=1; No=2; No sabe=88; No contesta=99",18668,0,"haven_labelled;vctrs_vctr;double"
"2024","__enpg/Base Publica ENPG 2024 (Stata 16).dta","COC_2","COC_2. ¿Cuándo fue la primera vez que Ud. consumió cocaína en su vida? (Respuest","Durante los últimos 30 días=1; Hace más de un mes, pero menos de un año=2; Hace más de un año=3; No sabe=88; No contesta=99",18668,17965,"haven_labelled;vctrs_vctr;double"
"2024","__enpg/Base Publica ENPG 2024 (Stata 16).dta","COC_3","COC_3. ¿Qué edad tenía cuando probó cocaína por primera vez?","Años cumplidos=1; No sabe=88; No contesta=99",18668,17965,"haven_labelled;vctrs_vctr;double"
"2024","__enpg/Base Publica ENPG 2024 (Stata 16).dta","COC_4","COC_4. ¿Cuándo fue la última vez que Ud. consumió cocaína? (Respuesta espontánea","Durante los últimos 30 días=1; Hace más de un mes, pero menos de un año=2; Hace más de un año=3; No sabe=88; No contesta=99",18668,17965,"haven_labelled;vctrs_vctr;double"
"2024","__enpg/Base Publica ENPG 2024 (Stata 16).dta","COC_5","COC_5. Pensando solamente en los últimos 30 días, ¿cuántos días del mes ha consu","N° de días (de 1 a 30)=1; No sabe=88; No contesta=99",18668,18629,"haven_labelled;vctrs_vctr;double"
"2024","__enpg/Base Publica ENPG 2024 (Stata 16).dta","COC_6","COC_6. ¿Ha consumido cocaína para eliminar problemas como éstos o para evitar qu","Sí=1; No=2; No sabe=88; No contesta=99",18668,18577,"haven_labelled;vctrs_vctr;double"
"2024","__enpg/Base Publica ENPG 2024 (Stata 16).dta","COC_7","COC_7. ¿Ha presentado estos problemas cuando suspendía o disminuía el consumo de","Sí=1; No=2; No sabe=88; No contesta=99",18668,18577,"haven_labelled;vctrs_vctr;double"
"2024","__enpg/Base Publica ENPG 2024 (Stata 16).dta","COC_8","COC_8. ¿Ha sentido un deseo tan grande de consumir cocaína que no pudo resistir","Sí=1; No=2; No sabe=88; No contesta=99",18668,18577,"haven_labelled;vctrs_vctr;double"
"2024","__enpg/Base Publica ENPG 2024 (Stata 16).dta","COC_9","COC_9. ¿Ha observado que para obtener el mismo efecto con cocaína ha consumido m","Sí=1; No=2; No sabe=88; No contesta=99",18668,18577,"haven_labelled;vctrs_vctr;double"
"2024","__enpg/Base Publica ENPG 2024 (Stata 16).dta","COC_10","COC_10. ¿Ha notado que la misma cantidad de cocaína tiene menos efecto en Ud. qu","Sí=1; No=2; No sabe=88; No contesta=99",18668,18577,"haven_labelled;vctrs_vctr;double"
"2024","__enpg/Base Publica ENPG 2024 (Stata 16).dta","COC_11","COC_11. ¿Ha intentado controlar, disminuir o dejar su consumo de cocaína, pero n","Sí=1; No=2; No sabe=88; No contesta=99",18668,18577,"haven_labelled;vctrs_vctr;double"
"2024","__enpg/Base Publica ENPG 2024 (Stata 16).dta","COC_12","COC_12. ¿Ha terminado consumiendo cocaína en mayores cantidades o por mayor tiem","Sí=1; No=2; No sabe=88; No contesta=99",18668,18577,"haven_labelled;vctrs_vctr;double"
"2024","__enpg/Base Publica ENPG 2024 (Stata 16).dta","COC_13","COC_13. ¿Ha dejado de hacer o ha suspendido actividades sociales, laborales o re","Sí=1; No=2; No sabe=88; No contesta=99",18668,18577,"haven_labelled;vctrs_vctr;double"
"2024","__enpg/Base Publica ENPG 2024 (Stata 16).dta","COC_14","COC_14. ¿Ha dedicado más tiempo que antes a conseguir y consumir cocaína, o pasa","Sí=1; No=2; No sabe=88; No contesta=99",18668,18577,"haven_labelled;vctrs_vctr;double"
"2024","__enpg/Base Publica ENPG 2024 (Stata 16).dta","COC_15","COC_15. ¿Ha continuado consumiendo cocaína a pesar de que le ocasione problemas","Sí=1; No=2; No sabe=88; No contesta=99",18668,18577,"haven_labelled;vctrs_vctr;double"
"2024","__enpg/Base Publica ENPG 2024 (Stata 16).dta","COC_16","COC_16. ¿Ha tenido algún problema serio en la casa, en el trabajo o donde estudi","Sí=1; No=2; No sabe=88; No contesta=99",18668,18577,"haven_labelled;vctrs_vctr;double"
"2024","__enpg/Base Publica ENPG 2024 (Stata 16).dta","COC_17","COC_17. ¿Le ha sucedido que a causa de la cocaína se haya expuesto a algún pelig","Sí=1; No=2; No sabe=88; No contesta=99",18668,18577,"haven_labelled;vctrs_vctr;double"
"2024","__enpg/Base Publica ENPG 2024 (Stata 16).dta","COC_18","COC_18. ¿Ha hecho algo bajo los efectos de la cocaína que pudiera causarle probl","Sí=1; No=2; No sabe=88; No contesta=99",18668,18577,"haven_labelled;vctrs_vctr;double"
"2024","__enpg/Base Publica ENPG 2024 (Stata 16).dta","COC_19","COC_19. ¿Ha tenido algún problema o han aumentado los problemas con su familia o","Sí=1; No=2; No sabe=88; No contesta=99",18668,18577,"haven_labelled;vctrs_vctr;double"
"2024","__enpg/Base Publica ENPG 2024 (Stata 16).dta","COC_20","COC_20. ¿Se ha visto envuelto en alguna pelea a golpes o ha agredido a alguien b","Sí=1; No=2; No sabe=88; No contesta=99",18668,18577,"haven_labelled;vctrs_vctr;double"
"2024","__enpg/Base Publica ENPG 2024 (Stata 16).dta","COC_21","COC_21. ¿Algún familiar o persona cercana a usted ha resultado dañada física o p","Sí=1; No=2; No sabe=88; No contesta=99",18668,18577,"haven_labelled;vctrs_vctr;double"
"2024","__enpg/Base Publica ENPG 2024 (Stata 16).dta","TUS_1","TUS_1. ¿Ha probado Ud. tusi o cocaína rosada alguna vez en su vida?","Sí=1; No=2; No sabe=88; No contesta=99",18668,0,"haven_labelled;vctrs_vctr;double"
"2024","__enpg/Base Publica ENPG 2024 (Stata 16).dta","TUS_2","TUS_2. ¿Cuándo fue la primera vez que Ud. consumió tusi en su vida?","Durante los últimos 30 días=1; Hace más de un mes, pero menos de un año=2; Hace más de un año=3; No sabe=88; No contesta=99",18668,18469,"haven_labelled;vctrs_vctr;double"
"2024","__enpg/Base Publica ENPG 2024 (Stata 16).dta","TUS_3","TUS_3. ¿Qué edad tenía cuando probó tusi por primera vez?","Años cumplidos=1; No sabe=88; No contesta=99",18668,18469,"haven_labelled;vctrs_vctr;double"
"2024","__enpg/Base Publica ENPG 2024 (Stata 16).dta","TUS_4","TUS_4. ¿Cuándo fue la última vez que Ud. consumió tusi? (Respuesta Espontánea)","Durante los últimos 30 días=1; Hace más de un mes, pero menos de un año=2; Hace más de un año=3; No sabe=88; No contesta=99",18668,18469,"haven_labelled;vctrs_vctr;double"
"2024","__enpg/Base Publica ENPG 2024 (Stata 16).dta","TUS_5","TUS_5. Pensando en la última vez que Ud. consumió Tusi. ¿Cuál era su forma de pr","Pastillas/Tabletas/Comprimidos=1; Cápsulas (polvo o cristales con cubierta blanda o dura)=2; Polvo=3; Cristales=4; Estampillas=5; Cartón=6; Frasco (líquido)=7; No sabe=88; No contesta=99",18668,18627,"haven_labelled;vctrs_vctr;double"
"2024","__enpg/Base Publica ENPG 2024 (Stata 16).dta","TUS_6","TUS_6. ¿Cuál es la principal vía de administración que Ud. emplea para consumir","Por vía oral (Cápsulas, pastillas, estampillas, cartón)=1; Esnifada=2; Disuelta en una bebida (alcohólica o no alcohólica)=3; Por vía mucosa (ojos, encías, etc.)=4; Otra, especifique:=5; No sabe=88; No contesta=99",18668,18627,"haven_labelled;vctrs_vctr;double"
"2024","__enpg/Base Publica ENPG 2024 (Stata 16).dta","TUS_6_ESP","TUS_6 Especifique","",18668,0,"character"
"2024","__enpg/Base Publica ENPG 2024 (Stata 16).dta","TUS_7","TUS_7. Pensando solamente en los últimos 30 días, ¿cuántos días del mes ha consu","N° de días (de 1 a 30)=1; No sabe=88; No contesta=99",18668,18627,"haven_labelled;vctrs_vctr;double"
"2024","__enpg/Base Publica ENPG 2024 (Stata 16).dta","TRANS_101","TRANS_1. Tranquilizantes s/r alguna vez en su vida: Alprazolam","",18668,18511,"numeric"
"2024","__enpg/Base Publica ENPG 2024 (Stata 16).dta","TRANS_102","TRANS_1. Tranquilizantes s/r alguna vez en su vida: Diazepam (Valium)","",18668,18466,"numeric"
"2024","__enpg/Base Publica ENPG 2024 (Stata 16).dta","TRANS_103","TRANS_1. Tranquilizantes s/r alguna vez en su vida: Clonazepam (Ravotril, Valpax","",18668,18290,"numeric"
"2024","__enpg/Base Publica ENPG 2024 (Stata 16).dta","TRANS_104","TRANS_1. Tranquilizantes s/r alguna vez en su vida: Lorazepam (Amparax)","",18668,18637,"numeric"
"2024","__enpg/Base Publica ENPG 2024 (Stata 16).dta","TRANS_105","TRANS_1. Tranquilizantes s/r alguna vez en su vida: Clordiazepóxido","",18668,18648,"numeric"
"2024","__enpg/Base Publica ENPG 2024 (Stata 16).dta","TRANS_106","TRANS_1. Tranquilizantes s/r alguna vez en su vida: Bromazepam","",18668,18658,"numeric"
"2024","__enpg/Base Publica ENPG 2024 (Stata 16).dta","TRANS_107","TRANS_1. Tranquilizantes s/r alguna vez en su vida: Zopiclona (Zolpidem, Somno)","",18668,18349,"numeric"
"2024","__enpg/Base Publica ENPG 2024 (Stata 16).dta","TRANS_108","TRANS_1. Tranquilizantes s/r alguna vez en su vida: Midazolam (Dormonid)","",18668,18664,"numeric"
"2024","__enpg/Base Publica ENPG 2024 (Stata 16).dta","TRANS_109","TRANS_1. Tranquilizantes s/r alguna vez en su vida: Flunitrazepam (Rohypnol, Ipn","",18668,18660,"numeric"
"2024","__enpg/Base Publica ENPG 2024 (Stata 16).dta","TRANS_2_1_Rp","TRANS_2. Tranquilizantes sin receta médica última vez: Alprazolam","Durante los últimos 30 días=1; Hace más de un mes, pero menos de un año=2; Hace más de un año=3; No sabe=88; No contesta=99",18668,18511,"haven_labelled;vctrs_vctr;double"
"2024","__enpg/Base Publica ENPG 2024 (Stata 16).dta","TRANS_2_2_Rp","TRANS_2. Tranquilizantes sin receta médica última vez: Diazepam (Valium)","Durante los últimos 30 días=1; Hace más de un mes, pero menos de un año=2; Hace más de un año=3; No sabe=88; No contesta=99",18668,18466,"haven_labelled;vctrs_vctr;double"
"2024","__enpg/Base Publica ENPG 2024 (Stata 16).dta","TRANS_2_3_Rp","TRANS_2. Tranquilizantes sin receta médica última vez: Clonazepam (Ravotril, Val","Durante los últimos 30 días=1; Hace más de un mes, pero menos de un año=2; Hace más de un año=3; No sabe=88; No contesta=99",18668,18290,"haven_labelled;vctrs_vctr;double"
"2024","__enpg/Base Publica ENPG 2024 (Stata 16).dta","TRANS_2_4_Rp","TRANS_2. Tranquilizantes sin receta médica última vez: Lorazepam (Amparax)","Durante los últimos 30 días=1; Hace más de un mes, pero menos de un año=2; Hace más de un año=3; No sabe=88; No contesta=99",18668,18637,"haven_labelled;vctrs_vctr;double"
"2024","__enpg/Base Publica ENPG 2024 (Stata 16).dta","TRANS_2_5_Rp","TRANS_2. Tranquilizantes sin receta médica última vez: Clordiazepóxido","Durante los últimos 30 días=1; Hace más de un mes, pero menos de un año=2; Hace más de un año=3; No sabe=88; No contesta=99",18668,18648,"haven_labelled;vctrs_vctr;double"
"2024","__enpg/Base Publica ENPG 2024 (Stata 16).dta","TRANS_2_6_Rp","TRANS_2. Tranquilizantes sin receta médica última vez: Bromazepam","Durante los últimos 30 días=1; Hace más de un mes, pero menos de un año=2; Hace más de un año=3; No sabe=88; No contesta=99",18668,18658,"haven_labelled;vctrs_vctr;double"
"2024","__enpg/Base Publica ENPG 2024 (Stata 16).dta","TRANS_2_7_Rp","TRANS_2. Tranquilizantes sin receta médica última vez: Zopiclona (Zolpidem, Somn","Durante los últimos 30 días=1; Hace más de un mes, pero menos de un año=2; Hace más de un año=3; No sabe=88; No contesta=99",18668,18349,"haven_labelled;vctrs_vctr;double"
"2024","__enpg/Base Publica ENPG 2024 (Stata 16).dta","TRANS_2_8_Rp","TRANS_2. Tranquilizantes sin receta médica última vez: Midazolam (Dormonid)","Durante los últimos 30 días=1; Hace más de un mes, pero menos de un año=2; Hace más de un año=3; No sabe=88; No contesta=99",18668,18664,"haven_labelled;vctrs_vctr;double"
"2024","__enpg/Base Publica ENPG 2024 (Stata 16).dta","TRANS_2_9_Rp","TRANS_2. Tranquilizantes sin receta médica última vez: Flunitrazepam (Rohypnol,","Durante los últimos 30 días=1; Hace más de un mes, pero menos de un año=2; Hace más de un año=3; No sabe=88; No contesta=99",18668,18660,"haven_labelled;vctrs_vctr;double"
"2024","__enpg/Base Publica ENPG 2024 (Stata 16).dta","TRANS_3","TRANS_3. Piense en la última vez que Ud. consumió tranquilizantes sin receta méd","Lo compré en una farmacia con una receta médica de otra persona=1; Lo compré en una feria libre o mercado=2; Lo compré por internet=3; Me lo pasó mi conviviente/pareja, un familiar y/o amigo/a=4; Me lo pasaron en el consultorio=5; Estaba en mi casa y lo tomé=6; Lo conseguí de otra forma=7; No sabe=88; No contesta=99",18668,18233,"haven_labelled;vctrs_vctr;double"
"2024","__enpg/Base Publica ENPG 2024 (Stata 16).dta","TRANS_4","TRANS_4. Piense en la última vez que Ud. consumió tranquilizantes sin receta méd","Para inducir el sueño, problemas de insomnio=1; Para relajarme, bajar la ansiedad=2; Porque me he sentido triste o deprimido/a=3; Para hacer frente a estados de tensión y/o estrés=4; Para enfrentar momentos difíciles o situaciones de tensión=5; Para disminuir efectos secundarios de otro medicamento (me lo tomé para contrarrestar sus efectos)=6; Para probar o experimentar=7; Otra razón=8; No sabe=88; No contesta=99",18668,18233,"haven_labelled;vctrs_vctr;double"
"2024","__enpg/Base Publica ENPG 2024 (Stata 16).dta","TRANS_4_ESP","TRANS_4 Especifique","",18668,0,"character"
"2024","__enpg/Base Publica ENPG 2024 (Stata 16).dta","ANALG_11","ANALG_1. Analgésicos sin receta médica alguna vez en su vida: Tramadol (Tramal)","",18668,18222,"numeric"
"2024","__enpg/Base Publica ENPG 2024 (Stata 16).dta","ANALG_12","ANALG_1. Analgésicos sin receta médica alguna vez en su vida: Codeína (Codetol,","",18668,18642,"numeric"
"2024","__enpg/Base Publica ENPG 2024 (Stata 16).dta","ANALG_13","ANALG_1. Analgésicos sin receta médica alguna vez en su vida: Morfina","",18668,18651,"numeric"
"2024","__enpg/Base Publica ENPG 2024 (Stata 16).dta","ANALG_14","ANALG_1. Analgésicos sin receta médica alguna vez en su vida: Metadona","",18668,18660,"numeric"
"2024","__enpg/Base Publica ENPG 2024 (Stata 16).dta","ANALG_15","ANALG_1. Analgésicos sin receta médica alguna vez en su vida: Petidina","",18668,18665,"numeric"
"2024","__enpg/Base Publica ENPG 2024 (Stata 16).dta","ANALG_16","ANALG_1. Analgésicos sin receta médica alguna vez en su vida: Fentanilo","",18668,18658,"numeric"
"2024","__enpg/Base Publica ENPG 2024 (Stata 16).dta","ANALG_17","ANALG_1. Analgésicos sin receta médica alguna vez en su vida: Oxycodona (OxyCont","",18668,18668,"numeric"
"2024","__enpg/Base Publica ENPG 2024 (Stata 16).dta","ANALG_18","ANALG_1. Analgésicos sin receta médica alguna vez en su vida: Hidrocodona (Vicod","",18668,18665,"numeric"
"2024","__enpg/Base Publica ENPG 2024 (Stata 16).dta","ANALG_2_1_Rp","ANALG_2. Analgésicos sin receta médica última vez: Tramadol (Tramal)","Durante los últimos 30 días=1; Hace más de un mes, pero menos de un año=2; Hace más de un año=3; No sabe=88; No contesta=99",18668,18222,"haven_labelled;vctrs_vctr;double"
"2024","__enpg/Base Publica ENPG 2024 (Stata 16).dta","ANALG_2_2_Rp","ANALG_2. Analgésicos sin receta médica última vez: Codeína (Codetol, Tosilab, Fl","Durante los últimos 30 días=1; Hace más de un mes, pero menos de un año=2; Hace más de un año=3; No sabe=88; No contesta=99",18668,18642,"haven_labelled;vctrs_vctr;double"
"2024","__enpg/Base Publica ENPG 2024 (Stata 16).dta","ANALG_2_3_Rp","ANALG_2. Analgésicos sin receta médica última vez: Morfina","Durante los últimos 30 días=1; Hace más de un mes, pero menos de un año=2; Hace más de un año=3; No sabe=88; No contesta=99",18668,18651,"haven_labelled;vctrs_vctr;double"
"2024","__enpg/Base Publica ENPG 2024 (Stata 16).dta","ANALG_2_4_Rp","ANALG_2. Analgésicos sin receta médica última vez: Metadona","Durante los últimos 30 días=1; Hace más de un mes, pero menos de un año=2; Hace más de un año=3; No sabe=88; No contesta=99",18668,18660,"haven_labelled;vctrs_vctr;double"
"2024","__enpg/Base Publica ENPG 2024 (Stata 16).dta","ANALG_2_5_Rp","ANALG_2. Analgésicos sin receta médica última vez: Petidina","Durante los últimos 30 días=1; Hace más de un mes, pero menos de un año=2; Hace más de un año=3; No sabe=88; No contesta=99",18668,18665,"haven_labelled;vctrs_vctr;double"
"2024","__enpg/Base Publica ENPG 2024 (Stata 16).dta","ANALG_2_6_Rp","ANALG_2. Analgésicos sin receta médica última vez: Fentanilo","Durante los últimos 30 días=1; Hace más de un mes, pero menos de un año=2; Hace más de un año=3; No sabe=88; No contesta=99",18668,18658,"haven_labelled;vctrs_vctr;double"
"2024","__enpg/Base Publica ENPG 2024 (Stata 16).dta","ANALG_2_7_Rp","ANALG_2. Analgésicos sin receta médica última vez: Oxycodona (OxyContin)","Durante los últimos 30 días=1; Hace más de un mes, pero menos de un año=2; Hace más de un año=3; No sabe=88; No contesta=99",18668,18668,"haven_labelled;vctrs_vctr;double"
"2024","__enpg/Base Publica ENPG 2024 (Stata 16).dta","ANALG_2_8_Rp","ANALG_2. Analgésicos sin receta médica última vez: Hidrocodona (Vicodin)","Durante los últimos 30 días=1; Hace más de un mes, pero menos de un año=2; Hace más de un año=3; No sabe=88; No contesta=99",18668,18665,"haven_labelled;vctrs_vctr;double"
"2024","__enpg/Base Publica ENPG 2024 (Stata 16).dta","ANALG_3","ANALG_3. Piense en la última vez que Ud. consumió analgésicos sin receta médica,","Lo compré en una farmacia con una receta médica de otra persona=1; Lo compré en una feria libre o mercado=2; Lo compré por internet=3; Me lo pasó mi conviviente/pareja, un familiar y/o amigo/a=4; Me lo pasaron en el consultorio=5; Estaba en mi casa y lo tomé=6; Lo conseguí de otra forma=7; No sabe=88; No contesta=99",18668,18440,"haven_labelled;vctrs_vctr;double"
"2024","__enpg/Base Publica ENPG 2024 (Stata 16).dta","ANALG_4","ANALG_4. Piense en la última vez que Ud. consumió analgésicos sin receta médica,","Para inducir el sueño, problemas de insomnio, relajarme o bajar la ansiedad=1; Porque me he sentido triste o deprimido/a=2; Para manejo de dolor agudo por una lesión muscular, articular y/o dental=3; Para manejo de dolor persistente por enfermedad crónica (p. ej., cáncer, artritis, etc)=4; Para enfrentar momentos difíciles o situaciones de tensión y/o estrés=5; Para disminuir efectos secundarios de otro medicamento (me lo tomé para contrarrestar sus efectos)=6; Para probar o experimentar=7; Otra razón=8; No sabe=88; No contesta=99",18668,18440,"haven_labelled;vctrs_vctr;double"
"2024","__enpg/Base Publica ENPG 2024 (Stata 16).dta","ANALG_4_ESP","ANALG_4 Especifique","",18668,0,"character"
"2024","__enpg/Base Publica ENPG 2024 (Stata 16).dta","OD_101","OD_1. ¿Ha probado Ud. alguna de las siguientes drogas alguna vez en su vida?: Ha","",18668,18482,"numeric"
"2024","__enpg/Base Publica ENPG 2024 (Stata 16).dta","OD_102","OD_1. ¿Ha probado Ud. alguna de las siguientes drogas alguna vez en su vida?: Ma","",18668,18460,"numeric"
"2024","__enpg/Base Publica ENPG 2024 (Stata 16).dta","OD_103","OD_1. ¿Ha probado Ud. alguna de las siguientes drogas alguna vez en su vida?: Éx","",18668,18562,"numeric"
"2024","__enpg/Base Publica ENPG 2024 (Stata 16).dta","OD_104","OD_1. ¿Ha probado Ud. alguna de las siguientes drogas alguna vez en su vida?: Me","",18668,18664,"numeric"
"2024","__enpg/Base Publica ENPG 2024 (Stata 16).dta","OD_105","OD_1. ¿Ha probado Ud. alguna de las siguientes drogas alguna vez en su vida?: He","",18668,18660,"numeric"
"2024","__enpg/Base Publica ENPG 2024 (Stata 16).dta","OD_106","OD_1. ¿Ha probado Ud. alguna de las siguientes drogas alguna vez en su vida?: DM","",18668,18654,"numeric"
"2024","__enpg/Base Publica ENPG 2024 (Stata 16).dta","OD_107","OD_1. ¿Ha probado Ud. alguna de las siguientes drogas alguna vez en su vida?: Cr","",18668,18661,"numeric"
"2024","__enpg/Base Publica ENPG 2024 (Stata 16).dta","OD_108","OD_1. ¿Ha probado Ud. alguna de las siguientes drogas alguna vez en su vida?: Kr","",18668,18665,"numeric"
"2024","__enpg/Base Publica ENPG 2024 (Stata 16).dta","OD_109","OD_1. ¿Ha probado Ud. alguna de las siguientes drogas alguna vez en su vida?: Es","",18668,18662,"numeric"
"2024","__enpg/Base Publica ENPG 2024 (Stata 16).dta","OD_2_1_Rp","OD_2. ¿Cuándo fue la última vez que consumió?: Hachís (resina de cannabis)","Durante los últimos 30 días=1; Hace más de un mes, pero menos de un año=2; Hace más de un año=3; No sabe=88; No contesta=99",18668,18482,"haven_labelled;vctrs_vctr;double"
"2024","__enpg/Base Publica ENPG 2024 (Stata 16).dta","OD_2_2_Rp","OD_2. ¿Cuándo fue la última vez que consumió?: Marihuana sintética o cannabinoid","Durante los últimos 30 días=1; Hace más de un mes, pero menos de un año=2; Hace más de un año=3; No sabe=88; No contesta=99",18668,18460,"haven_labelled;vctrs_vctr;double"
"2024","__enpg/Base Publica ENPG 2024 (Stata 16).dta","OD_2_3_Rp","OD_2. ¿Cuándo fue la última vez que consumió?: Éxtasis o MDMA","Durante los últimos 30 días=1; Hace más de un mes, pero menos de un año=2; Hace más de un año=3; No sabe=88; No contesta=99",18668,18562,"haven_labelled;vctrs_vctr;double"
"2024","__enpg/Base Publica ENPG 2024 (Stata 16).dta","OD_2_4_Rp","OD_2. ¿Cuándo fue la última vez que consumió?: Mefedrona, Metilona o Sales de ba","Durante los últimos 30 días=1; Hace más de un mes, pero menos de un año=2; Hace más de un año=3; No sabe=88; No contesta=99",18668,18664,"haven_labelled;vctrs_vctr;double"
"2024","__enpg/Base Publica ENPG 2024 (Stata 16).dta","OD_2_5_Rp","OD_2. ¿Cuándo fue la última vez que consumió?: Heroína","Durante los últimos 30 días=1; Hace más de un mes, pero menos de un año=2; Hace más de un año=3; No sabe=88; No contesta=99",18668,18660,"haven_labelled;vctrs_vctr;double"
"2024","__enpg/Base Publica ENPG 2024 (Stata 16).dta","OD_2_6_Rp","OD_2. ¿Cuándo fue la última vez que consumió?: DMT o Foxy (triptaminas o acetilp","Durante los últimos 30 días=1; Hace más de un mes, pero menos de un año=2; Hace más de un año=3; No sabe=88; No contesta=99",18668,18654,"haven_labelled;vctrs_vctr;double"
"2024","__enpg/Base Publica ENPG 2024 (Stata 16).dta","OD_2_7_Rp","OD_2. ¿Cuándo fue la última vez que consumió?: Crack","Durante los últimos 30 días=1; Hace más de un mes, pero menos de un año=2; Hace más de un año=3; No sabe=88; No contesta=99",18668,18661,"haven_labelled;vctrs_vctr;double"
"2024","__enpg/Base Publica ENPG 2024 (Stata 16).dta","OD_2_8_Rp","OD_2. ¿Cuándo fue la última vez que consumió?: Kratom o mitraginina","Durante los últimos 30 días=1; Hace más de un mes, pero menos de un año=2; Hace más de un año=3; No sabe=88; No contesta=99",18668,18665,"haven_labelled;vctrs_vctr;double"
"2024","__enpg/Base Publica ENPG 2024 (Stata 16).dta","OD_2_9_Rp","OD_2. ¿Cuándo fue la última vez que consumió?: Escopolamina o burundanga","Durante los últimos 30 días=1; Hace más de un mes, pero menos de un año=2; Hace más de un año=3; No sabe=88; No contesta=99",18668,18662,"haven_labelled;vctrs_vctr;double"
"2024","__enpg/Base Publica ENPG 2024 (Stata 16).dta","OD_31","OD_3. ¿Ha probado estimulantes s/r alguna vez en su vida?: Anfetaminas","",18668,18614,"numeric"
"2024","__enpg/Base Publica ENPG 2024 (Stata 16).dta","OD_32","OD_3. ¿Ha probado estimulantes s/r alguna vez en su vida?: Cidrín","",18668,18653,"numeric"
"2024","__enpg/Base Publica ENPG 2024 (Stata 16).dta","OD_33","OD_3. ¿Ha probado estimulantes s/r alguna vez en su vida?: Modafinilo (Mentix)","",18668,18643,"numeric"
"2024","__enpg/Base Publica ENPG 2024 (Stata 16).dta","OD_34","OD_3. ¿Ha probado estimulantes s/r alguna vez en su vida?: Metilfenidato (Ritali","",18668,18654,"numeric"
"2024","__enpg/Base Publica ENPG 2024 (Stata 16).dta","OD_35","OD_3. ¿Ha probado estimulantes s/r alguna vez en su vida?: Escancil","",18668,18664,"numeric"
"2024","__enpg/Base Publica ENPG 2024 (Stata 16).dta","OD_36","OD_3. ¿Ha probado estimulantes s/r alguna vez en su vida?: Pemolina (Cylert)","",18668,18667,"numeric"
"2024","__enpg/Base Publica ENPG 2024 (Stata 16).dta","OD_37","OD_3. ¿Ha probado estimulantes s/r alguna vez en su vida?: Anfepramona (Fenpropo","",18668,18664,"numeric"
"2024","__enpg/Base Publica ENPG 2024 (Stata 16).dta","OD_4_1_Rp","OD_4. ¿Cuándo fue la última vez que consumió sin receta médica?: Anfetaminas","Durante los últimos 30 días=1; Hace más de un mes, pero menos de un año=2; Hace más de un año=3; No sabe=88; No contesta=99",18668,18614,"haven_labelled;vctrs_vctr;double"
"2024","__enpg/Base Publica ENPG 2024 (Stata 16).dta","OD_4_2_Rp","OD_4. ¿Cuándo fue la última vez que consumió sin receta médica?: Cidrín","Durante los últimos 30 días=1; Hace más de un mes, pero menos de un año=2; Hace más de un año=3; No sabe=88; No contesta=99",18668,18653,"haven_labelled;vctrs_vctr;double"
"2024","__enpg/Base Publica ENPG 2024 (Stata 16).dta","OD_4_3_Rp","OD_4. ¿Cuándo fue la última vez que consumió sin receta médica?: Modafinilo (Men","Durante los últimos 30 días=1; Hace más de un mes, pero menos de un año=2; Hace más de un año=3; No sabe=88; No contesta=99",18668,18643,"haven_labelled;vctrs_vctr;double"
"2024","__enpg/Base Publica ENPG 2024 (Stata 16).dta","OD_4_4_Rp","OD_4. ¿Cuándo fue la última vez que consumió sin receta médica?: Metilfenidato (","Durante los últimos 30 días=1; Hace más de un mes, pero menos de un año=2; Hace más de un año=3; No sabe=88; No contesta=99",18668,18654,"haven_labelled;vctrs_vctr;double"
"2024","__enpg/Base Publica ENPG 2024 (Stata 16).dta","OD_4_5_Rp","OD_4. ¿Cuándo fue la última vez que consumió sin receta médica?: Escancil","Durante los últimos 30 días=1; Hace más de un mes, pero menos de un año=2; Hace más de un año=3; No sabe=88; No contesta=99",18668,18664,"haven_labelled;vctrs_vctr;double"
"2024","__enpg/Base Publica ENPG 2024 (Stata 16).dta","OD_4_6_Rp","OD_4. ¿Cuándo fue la última vez que consumió sin receta médica?: Pemolina (Cyler","Durante los últimos 30 días=1; Hace más de un mes, pero menos de un año=2; Hace más de un año=3; No sabe=88; No contesta=99",18668,18667,"haven_labelled;vctrs_vctr;double"
"2024","__enpg/Base Publica ENPG 2024 (Stata 16).dta","OD_4_7_Rp","OD_4. ¿Cuándo fue la última vez que consumió sin receta médica?: Anfepramona (Fe","Durante los últimos 30 días=1; Hace más de un mes, pero menos de un año=2; Hace más de un año=3; No sabe=88; No contesta=99",18668,18664,"haven_labelled;vctrs_vctr;double"
"2024","__enpg/Base Publica ENPG 2024 (Stata 16).dta","OD_51","OD_5. ¿Ha probado metanfetaminas alguna vez en su vida?: Meth, Crystal o Speed (","",18668,18656,"numeric"
"2024","__enpg/Base Publica ENPG 2024 (Stata 16).dta","OD_52","OD_5. ¿Ha probado metanfetaminas alguna vez en su vida?: Cristina, Anteta o Crac","",18668,18666,"numeric"
"2024","__enpg/Base Publica ENPG 2024 (Stata 16).dta","OD_6_1_Rp","OD_6. ¿Cuándo fue la última vez que consumió?: Meth, Crystal o Speed (Hielo, Ice","Durante los últimos 30 días=1; Hace más de un mes, pero menos de un año=2; Hace más de un año=3; No sabe=88; No contesta=99",18668,18656,"haven_labelled;vctrs_vctr;double"
"2024","__enpg/Base Publica ENPG 2024 (Stata 16).dta","OD_6_2_Rp","OD_6. ¿Cuándo fue la última vez que consumió?: Cristina, Anteta o Crack Mexicano","Durante los últimos 30 días=1; Hace más de un mes, pero menos de un año=2; Hace más de un año=3; No sabe=88; No contesta=99",18668,18666,"haven_labelled;vctrs_vctr;double"
"2024","__enpg/Base Publica ENPG 2024 (Stata 16).dta","OD_701","OD_7. ¿Ha probado sustancias inhalables alguna vez en su vida?: Neoprén","",18668,18592,"numeric"
"2024","__enpg/Base Publica ENPG 2024 (Stata 16).dta","OD_702","OD_7. ¿Ha probado sustancias inhalables alguna vez en su vida?: Bencina o parafi","",18668,18642,"numeric"
"2024","__enpg/Base Publica ENPG 2024 (Stata 16).dta","OD_703","OD_7. ¿Ha probado sustancias inhalables alguna vez en su vida?: Tolueno","",18668,18651,"numeric"
"2024","__enpg/Base Publica ENPG 2024 (Stata 16).dta","OD_704","OD_7. ¿Ha probado sustancias inhalables alguna vez en su vida?: Desodorantes amb","",18668,18650,"numeric"
"2024","__enpg/Base Publica ENPG 2024 (Stata 16).dta","OD_705","OD_7. ¿Ha probado sustancias inhalables alguna vez en su vida?: Pinturas en spra","",18668,18655,"numeric"
"2024","__enpg/Base Publica ENPG 2024 (Stata 16).dta","OD_706","OD_7. ¿Ha probado sustancias inhalables alguna vez en su vida?: Acetona","",18668,18647,"numeric"
"2024","__enpg/Base Publica ENPG 2024 (Stata 16).dta","OD_707","OD_7. ¿Ha probado sustancias inhalables alguna vez en su vida?: Éter u otros sol","",18668,18665,"numeric"
"2024","__enpg/Base Publica ENPG 2024 (Stata 16).dta","OD_708","OD_7. ¿Ha probado sustancias inhalables alguna vez en su vida?: Poppers (nitrito","",18668,18632,"numeric"
"2024","__enpg/Base Publica ENPG 2024 (Stata 16).dta","OD_709","OD_7. ¿Ha probado sustancias inhalables alguna vez en su vida?: Solventes para e","",18668,18666,"numeric"
"2024","__enpg/Base Publica ENPG 2024 (Stata 16).dta","OD_710","OD_7. ¿Ha probado sustancias inhalables alguna vez en su vida?: Cloruro de etilo","",18668,18661,"numeric"
"2024","__enpg/Base Publica ENPG 2024 (Stata 16).dta","OD_711","OD_7. ¿Ha probado sustancias inhalables alguna vez en su vida?: Óxido nitroso (g","",18668,18665,"numeric"
"2024","__enpg/Base Publica ENPG 2024 (Stata 16).dta","OD_8_1_Rp","OD_8. ¿Cuándo fue la última vez que consumió?: Neoprén","Durante los últimos 30 días=1; Hace más de un mes, pero menos de un año=2; Hace más de un año=3; No sabe=88; No contesta=99",18668,18592,"haven_labelled;vctrs_vctr;double"
"2024","__enpg/Base Publica ENPG 2024 (Stata 16).dta","OD_8_2_Rp","OD_8. ¿Cuándo fue la última vez que consumió?: Bencina o parafina","Durante los últimos 30 días=1; Hace más de un mes, pero menos de un año=2; Hace más de un año=3; No sabe=88; No contesta=99",18668,18642,"haven_labelled;vctrs_vctr;double"
"2024","__enpg/Base Publica ENPG 2024 (Stata 16).dta","OD_8_3_Rp","OD_8. ¿Cuándo fue la última vez que consumió?: Tolueno","Durante los últimos 30 días=1; Hace más de un mes, pero menos de un año=2; Hace más de un año=3; No sabe=88; No contesta=99",18668,18651,"haven_labelled;vctrs_vctr;double"
"2024","__enpg/Base Publica ENPG 2024 (Stata 16).dta","OD_8_4_Rp","OD_8. ¿Cuándo fue la última vez que consumió?: Desodorantes ambientales o corpor","Durante los últimos 30 días=1; Hace más de un mes, pero menos de un año=2; Hace más de un año=3; No sabe=88; No contesta=99",18668,18650,"haven_labelled;vctrs_vctr;double"
"2024","__enpg/Base Publica ENPG 2024 (Stata 16).dta","OD_8_5_Rp","OD_8. ¿Cuándo fue la última vez que consumió?: Pinturas en spray","Durante los últimos 30 días=1; Hace más de un mes, pero menos de un año=2; Hace más de un año=3; No sabe=88; No contesta=99",18668,18655,"haven_labelled;vctrs_vctr;double"
"2024","__enpg/Base Publica ENPG 2024 (Stata 16).dta","OD_8_6_Rp","OD_8. ¿Cuándo fue la última vez que consumió?: Acetona","Durante los últimos 30 días=1; Hace más de un mes, pero menos de un año=2; Hace más de un año=3; No sabe=88; No contesta=99",18668,18647,"haven_labelled;vctrs_vctr;double"
"2024","__enpg/Base Publica ENPG 2024 (Stata 16).dta","OD_8_7_Rp","OD_8. ¿Cuándo fue la última vez que consumió?: Éter u otros solventes volátiles","Durante los últimos 30 días=1; Hace más de un mes, pero menos de un año=2; Hace más de un año=3; No sabe=88; No contesta=99",18668,18665,"haven_labelled;vctrs_vctr;double"
"2024","__enpg/Base Publica ENPG 2024 (Stata 16).dta","OD_8_8_Rp","OD_8. ¿Cuándo fue la última vez que consumió?: Poppers (nitritos de alquilo)","Durante los últimos 30 días=1; Hace más de un mes, pero menos de un año=2; Hace más de un año=3; No sabe=88; No contesta=99",18668,18632,"haven_labelled;vctrs_vctr;double"
"2024","__enpg/Base Publica ENPG 2024 (Stata 16).dta","OD_8_9_Rp","OD_8. ¿Cuándo fue la última vez que consumió?: Solventes para extintores de ince","Durante los últimos 30 días=1; Hace más de un mes, pero menos de un año=2; Hace más de un año=3; No sabe=88; No contesta=99",18668,18666,"haven_labelled;vctrs_vctr;double"
"2024","__enpg/Base Publica ENPG 2024 (Stata 16).dta","OD_8_10_Rp","OD_8. ¿Cuándo fue la última vez que consumió?: Cloruro de etilo","Durante los últimos 30 días=1; Hace más de un mes, pero menos de un año=2; Hace más de un año=3; No sabe=88; No contesta=99",18668,18661,"haven_labelled;vctrs_vctr;double"
"2024","__enpg/Base Publica ENPG 2024 (Stata 16).dta","OD_8_11_Rp","OD_8. ¿Cuándo fue la última vez que consumió?: Óxido nitroso (gas de la risa o h","Durante los últimos 30 días=1; Hace más de un mes, pero menos de un año=2; Hace más de un año=3; No sabe=88; No contesta=99",18668,18665,"haven_labelled;vctrs_vctr;double"
"2024","__enpg/Base Publica ENPG 2024 (Stata 16).dta","OD_901","OD_9. ¿Ha probado alucinógenos alguna vez en su vida?: LSD, tripi, sello u otros","",18668,18549,"numeric"
"2024","__enpg/Base Publica ENPG 2024 (Stata 16).dta","OD_902","OD_9. ¿Ha probado alucinógenos alguna vez en su vida?: Polvo de ángel (PCP o fen","",18668,18666,"numeric"
"2024","__enpg/Base Publica ENPG 2024 (Stata 16).dta","OD_903","OD_9. ¿Ha probado alucinógenos alguna vez en su vida?: 25B-NBOMe o 25C-NBOMe (Nb","",18668,18666,"numeric"
"2024","__enpg/Base Publica ENPG 2024 (Stata 16).dta","OD_904","OD_9. ¿Ha probado alucinógenos alguna vez en su vida?: Feniletilamina (2-CB)","",18668,18657,"numeric"
"2024","__enpg/Base Publica ENPG 2024 (Stata 16).dta","OD_905","OD_9. ¿Ha probado alucinógenos alguna vez en su vida?: Peyote, San Pedro","",18668,18626,"numeric"
"2024","__enpg/Base Publica ENPG 2024 (Stata 16).dta","OD_906","OD_9. ¿Ha probado alucinógenos alguna vez en su vida?: Floripondio","",18668,18638,"numeric"
"2024","__enpg/Base Publica ENPG 2024 (Stata 16).dta","OD_907","OD_9. ¿Ha probado alucinógenos alguna vez en su vida?: Hongos o Cucumelo","",18668,18439,"numeric"
"2024","__enpg/Base Publica ENPG 2024 (Stata 16).dta","OD_908","OD_9. ¿Ha probado alucinógenos alguna vez en su vida?: Mescalina","",18668,18659,"numeric"
"2024","__enpg/Base Publica ENPG 2024 (Stata 16).dta","OD_909","OD_9. ¿Ha probado alucinógenos alguna vez en su vida?: Belladona","",18668,18665,"numeric"
"2024","__enpg/Base Publica ENPG 2024 (Stata 16).dta","OD_910","OD_9. ¿Ha probado alucinógenos alguna vez en su vida?: Ayahuasca","",18668,18647,"numeric"
"2024","__enpg/Base Publica ENPG 2024 (Stata 16).dta","OD_10_1_Rp","OD_10. ¿Cuándo fue la última vez que consumió?: LSD, tripi, sello u otros ácidos","Durante los últimos 30 días=1; Hace más de un mes, pero menos de un año=2; Hace más de un año=3; No sabe=88; No contesta=99",18668,18549,"haven_labelled;vctrs_vctr;double"
"2024","__enpg/Base Publica ENPG 2024 (Stata 16).dta","OD_10_2_Rp","OD_10. ¿Cuándo fue la última vez que consumió?: Polvo de ángel (PCP o fenciclidi","Durante los últimos 30 días=1; Hace más de un mes, pero menos de un año=2; Hace más de un año=3; No sabe=88; No contesta=99",18668,18666,"haven_labelled;vctrs_vctr;double"
"2024","__enpg/Base Publica ENPG 2024 (Stata 16).dta","OD_10_3_Rp","OD_10. ¿Cuándo fue la última vez que consumió?: 25B-NBOMe o 25C-NBOMe (Nboom)","Durante los últimos 30 días=1; Hace más de un mes, pero menos de un año=2; Hace más de un año=3; No sabe=88; No contesta=99",18668,18666,"haven_labelled;vctrs_vctr;double"
"2024","__enpg/Base Publica ENPG 2024 (Stata 16).dta","OD_10_4_Rp","OD_10. ¿Cuándo fue la última vez que consumió?: Feniletilamina (2-CB)","Durante los últimos 30 días=1; Hace más de un mes, pero menos de un año=2; Hace más de un año=3; No sabe=88; No contesta=99",18668,18657,"haven_labelled;vctrs_vctr;double"
"2024","__enpg/Base Publica ENPG 2024 (Stata 16).dta","OD_10_5_Rp","OD_10. ¿Cuándo fue la última vez que consumió?: Peyote, San Pedro","Durante los últimos 30 días=1; Hace más de un mes, pero menos de un año=2; Hace más de un año=3; No sabe=88; No contesta=99",18668,18626,"haven_labelled;vctrs_vctr;double"
"2024","__enpg/Base Publica ENPG 2024 (Stata 16).dta","OD_10_6_Rp","OD_10. ¿Cuándo fue la última vez que consumió?: Floripondio","Durante los últimos 30 días=1; Hace más de un mes, pero menos de un año=2; Hace más de un año=3; No sabe=88; No contesta=99",18668,18638,"haven_labelled;vctrs_vctr;double"
"2024","__enpg/Base Publica ENPG 2024 (Stata 16).dta","OD_10_7_Rp","OD_10. ¿Cuándo fue la última vez que consumió?: Hongos o Cucumelo","Durante los últimos 30 días=1; Hace más de un mes, pero menos de un año=2; Hace más de un año=3; No sabe=88; No contesta=99",18668,18439,"haven_labelled;vctrs_vctr;double"
"2024","__enpg/Base Publica ENPG 2024 (Stata 16).dta","OD_10_8_Rp","OD_10. ¿Cuándo fue la última vez que consumió?: Mescalina","Durante los últimos 30 días=1; Hace más de un mes, pero menos de un año=2; Hace más de un año=3; No sabe=88; No contesta=99",18668,18659,"haven_labelled;vctrs_vctr;double"
"2024","__enpg/Base Publica ENPG 2024 (Stata 16).dta","OD_10_9_Rp","OD_10. ¿Cuándo fue la última vez que consumió?: Belladona","Durante los últimos 30 días=1; Hace más de un mes, pero menos de un año=2; Hace más de un año=3; No sabe=88; No contesta=99",18668,18665,"haven_labelled;vctrs_vctr;double"
"2024","__enpg/Base Publica ENPG 2024 (Stata 16).dta","OD_10_10_Rp","OD_10. ¿Cuándo fue la última vez que consumió?: Ayahuasca","Durante los últimos 30 días=1; Hace más de un mes, pero menos de un año=2; Hace más de un año=3; No sabe=88; No contesta=99",18668,18647,"haven_labelled;vctrs_vctr;double"
"2024","__enpg/Base Publica ENPG 2024 (Stata 16).dta","OD_111","OD_11. ¿Ha probado medicamentos s/r alguna vez en su vida?: Fluoxetina (Pragmate","",18668,18568,"numeric"
"2024","__enpg/Base Publica ENPG 2024 (Stata 16).dta","OD_112","OD_11. ¿Ha probado medicamentos s/r alguna vez en su vida??: Clormezanona (Calmo","",18668,18647,"numeric"
"2024","__enpg/Base Publica ENPG 2024 (Stata 16).dta","OD_113","OD_11. ¿Ha probado medicamentos s/r alguna vez en su vida??: Sedantol","",18668,18658,"numeric"
"2024","__enpg/Base Publica ENPG 2024 (Stata 16).dta","OD_114","OD_11. ¿Ha probado medicamentos s/r alguna vez en su vida??: Dietilpropión o Fen","",18668,18651,"numeric"
"2024","__enpg/Base Publica ENPG 2024 (Stata 16).dta","OD_115","OD_11. ¿Ha probado medicamentos s/r alguna vez en su vida??: Quetiapina","",18668,18563,"numeric"
"2024","__enpg/Base Publica ENPG 2024 (Stata 16).dta","OD_116","OD_11. ¿Ha probado medicamentos s/r alguna vez en su vida??: Clorpromazina","",18668,18661,"numeric"
"2024","__enpg/Base Publica ENPG 2024 (Stata 16).dta","OD_12_1_Rp","OD_12. ¿Cuándo fue la última vez que consumió sin receta médica?: Fluoxetina (Pr","Durante los últimos 30 días=1; Hace más de un mes, pero menos de un año=2; Hace más de un año=3; No sabe=88; No contesta=99",18668,18568,"haven_labelled;vctrs_vctr;double"
"2024","__enpg/Base Publica ENPG 2024 (Stata 16).dta","OD_12_2_Rp","OD_12. ¿Cuándo fue la última vez que consumió sin receta médica?: Clormezanona (","Durante los últimos 30 días=1; Hace más de un mes, pero menos de un año=2; Hace más de un año=3; No sabe=88; No contesta=99",18668,18647,"haven_labelled;vctrs_vctr;double"
"2024","__enpg/Base Publica ENPG 2024 (Stata 16).dta","OD_12_3_Rp","OD_12. ¿Cuándo fue la última vez que consumió sin receta médica?: Sedantol","Durante los últimos 30 días=1; Hace más de un mes, pero menos de un año=2; Hace más de un año=3; No sabe=88; No contesta=99",18668,18658,"haven_labelled;vctrs_vctr;double"
"2024","__enpg/Base Publica ENPG 2024 (Stata 16).dta","OD_12_4_Rp","OD_12. ¿Cuándo fue la última vez que consumió sin receta médica?: Dietilpropión","Durante los últimos 30 días=1; Hace más de un mes, pero menos de un año=2; Hace más de un año=3; No sabe=88; No contesta=99",18668,18651,"haven_labelled;vctrs_vctr;double"
"2024","__enpg/Base Publica ENPG 2024 (Stata 16).dta","OD_12_5_Rp","OD_12. ¿Cuándo fue la última vez que consumió sin receta médica?: Quetiapina","Durante los últimos 30 días=1; Hace más de un mes, pero menos de un año=2; Hace más de un año=3; No sabe=88; No contesta=99",18668,18563,"haven_labelled;vctrs_vctr;double"
"2024","__enpg/Base Publica ENPG 2024 (Stata 16).dta","OD_12_6_Rp","OD_12. ¿Cuándo fue la última vez que consumió sin receta médica?: Clorpromazina","Durante los últimos 30 días=1; Hace más de un mes, pero menos de un año=2; Hace más de un año=3; No sabe=88; No contesta=99",18668,18661,"haven_labelled;vctrs_vctr;double"
"2024","__enpg/Base Publica ENPG 2024 (Stata 16).dta","OD_1301","OD_13. ¿Ha probado Ud. alguna de las siguientes sustancias alguna vez en su vida","",18668,13455,"numeric"
"2024","__enpg/Base Publica ENPG 2024 (Stata 16).dta","OD_1302","OD_13. ¿Ha probado Ud. alguna de las siguientes sustancias alguna vez en su vida","",18668,17584,"numeric"
"2024","__enpg/Base Publica ENPG 2024 (Stata 16).dta","OD_1303","OD_13. ¿Ha probado Ud. alguna de las siguientes sustancias alguna vez en su vida","",18668,18649,"numeric"
"2024","__enpg/Base Publica ENPG 2024 (Stata 16).dta","OD_1304","OD_13. ¿Ha probado Ud. alguna de las siguientes sustancias alguna vez en su vida","",18668,18663,"numeric"
"2024","__enpg/Base Publica ENPG 2024 (Stata 16).dta","OD_1305","OD_13. ¿Ha probado Ud. alguna de las siguientes sustancias alguna vez en su vida","",18668,18662,"numeric"
"2024","__enpg/Base Publica ENPG 2024 (Stata 16).dta","OD_1306","OD_13. ¿Ha probado Ud. alguna de las siguientes sustancias alguna vez en su vida","",18668,18663,"numeric"
"2024","__enpg/Base Publica ENPG 2024 (Stata 16).dta","OD_1307","OD_13. ¿Ha probado Ud. alguna de las siguientes sustancias alguna vez en su vida","",18668,18651,"numeric"
"2024","__enpg/Base Publica ENPG 2024 (Stata 16).dta","OD_1308","OD_13. ¿Ha probado Ud. alguna de las siguientes sustancias alguna vez en su vida","",18668,18666,"numeric"
"2024","__enpg/Base Publica ENPG 2024 (Stata 16).dta","OD_1309","OD_13. ¿Ha probado Ud. alguna de las siguientes sustancias alguna vez en su vida","",18668,18666,"numeric"
"2024","__enpg/Base Publica ENPG 2024 (Stata 16).dta","OD_1310","OD_13. ¿Ha probado Ud. alguna de las siguientes sustancias alguna vez en su vida","",18668,18665,"numeric"
"2024","__enpg/Base Publica ENPG 2024 (Stata 16).dta","OD_1311","OD_13. ¿Ha probado Ud. alguna de las siguientes sustancias alguna vez en su vida","",18668,18665,"numeric"
"2024","__enpg/Base Publica ENPG 2024 (Stata 16).dta","OD_14_1_Rp","OD_14. ¿Cuándo fue la última vez que consumió?: Bebidas Energéticas (Battery, Re","Durante los últimos 30 días=1; Hace más de un mes, pero menos de un año=2; Hace más de un año=3; No sabe=88; No contesta=99",18668,13455,"haven_labelled;vctrs_vctr;double"
"2024","__enpg/Base Publica ENPG 2024 (Stata 16).dta","OD_14_2_Rp","OD_14. ¿Cuándo fue la última vez que consumió?: Bebida Energética combinada con","Durante los últimos 30 días=1; Hace más de un mes, pero menos de un año=2; Hace más de un año=3; No sabe=88; No contesta=99",18668,17584,"haven_labelled;vctrs_vctr;double"
"2024","__enpg/Base Publica ENPG 2024 (Stata 16).dta","OD_14_3_Rp","OD_14. ¿Cuándo fue la última vez que consumió?: Sibutramina","Durante los últimos 30 días=1; Hace más de un mes, pero menos de un año=2; Hace más de un año=3; No sabe=88; No contesta=99",18668,18649,"haven_labelled;vctrs_vctr;double"
"2024","__enpg/Base Publica ENPG 2024 (Stata 16).dta","OD_14_4_Rp","OD_14. ¿Cuándo fue la última vez que consumió?: Tonaril sin receta médica (Trihe","Durante los últimos 30 días=1; Hace más de un mes, pero menos de un año=2; Hace más de un año=3; No sabe=88; No contesta=99",18668,18663,"haven_labelled;vctrs_vctr;double"
"2024","__enpg/Base Publica ENPG 2024 (Stata 16).dta","OD_14_5_Rp","OD_14. ¿Cuándo fue la última vez que consumió?: Anabólicos","Durante los últimos 30 días=1; Hace más de un mes, pero menos de un año=2; Hace más de un año=3; No sabe=88; No contesta=99",18668,18662,"haven_labelled;vctrs_vctr;double"
"2024","__enpg/Base Publica ENPG 2024 (Stata 16).dta","OD_14_6_Rp","OD_14. ¿Cuándo fue la última vez que consumió?: Esteroides","Durante los últimos 30 días=1; Hace más de un mes, pero menos de un año=2; Hace más de un año=3; No sabe=88; No contesta=99",18668,18663,"haven_labelled;vctrs_vctr;double"
"2024","__enpg/Base Publica ENPG 2024 (Stata 16).dta","OD_14_7_Rp","OD_14. ¿Cuándo fue la última vez que consumió?: Ketamina (“el key”, vitamina K o","Durante los últimos 30 días=1; Hace más de un mes, pero menos de un año=2; Hace más de un año=3; No sabe=88; No contesta=99",18668,18651,"haven_labelled;vctrs_vctr;double"
"2024","__enpg/Base Publica ENPG 2024 (Stata 16).dta","OD_14_8_Rp","OD_14. ¿Cuándo fue la última vez que consumió?: GHB","Durante los últimos 30 días=1; Hace más de un mes, pero menos de un año=2; Hace más de un año=3; No sabe=88; No contesta=99",18668,18666,"haven_labelled;vctrs_vctr;double"
"2024","__enpg/Base Publica ENPG 2024 (Stata 16).dta","OD_14_9_Rp","OD_14. ¿Cuándo fue la última vez que consumió?: PCP (Fenciclidina)","Durante los últimos 30 días=1; Hace más de un mes, pero menos de un año=2; Hace más de un año=3; No sabe=88; No contesta=99",18668,18666,"haven_labelled;vctrs_vctr;double"
"2024","__enpg/Base Publica ENPG 2024 (Stata 16).dta","OD_14_10_Rp","OD_14. ¿Cuándo fue la última vez que consumió?: BZP (Benzilpiperazina)","Durante los últimos 30 días=1; Hace más de un mes, pero menos de un año=2; Hace más de un año=3; No sabe=88; No contesta=99",18668,18665,"haven_labelled;vctrs_vctr;double"
"2024","__enpg/Base Publica ENPG 2024 (Stata 16).dta","OD_14_11_Rp","OD_14. ¿Cuándo fue la última vez que consumió?: GBL o Éxtasis líquido (Gammabuti","Durante los últimos 30 días=1; Hace más de un mes, pero menos de un año=2; Hace más de un año=3; No sabe=88; No contesta=99",18668,18665,"haven_labelled;vctrs_vctr;double"
"2024","__enpg/Base Publica ENPG 2024 (Stata 16).dta","OD_15","OD_15. ¿Alguna vez en su vida se ha inyectado alguna droga o sustancia?","",18668,0,"numeric"
"2024","__enpg/Base Publica ENPG 2024 (Stata 16).dta","CC_1","CC_1. ¿Tiene licencia de conducir?","Sí=1; No=2; No sabe=88; No contesta=99",18668,749,"haven_labelled;vctrs_vctr;double"
"2024","__enpg/Base Publica ENPG 2024 (Stata 16).dta","CC_2","CC_2. Durante los últimos 12 meses, ¿ha manejado algún vehículo después de haber","Sí=1; No=2; No sabe=88; No contesta=99",18668,11683,"haven_labelled;vctrs_vctr;double"
"2024","__enpg/Base Publica ENPG 2024 (Stata 16).dta","CC_3","CC_3. Durante los últimos 12 meses, ¿ha manejado algún vehículo después de haber","Sí=1; No=2; No sabe=88; No contesta=99",18668,11683,"haven_labelled;vctrs_vctr;double"
"2024","__enpg/Base Publica ENPG 2024 (Stata 16).dta","CC_4","CC_4. Durante los últimos 12 meses, ¿ha manejado algún vehículo después de haber","Sí, especifique droga=1; No=2; No sabe=88; No contesta=99",18668,11683,"haven_labelled;vctrs_vctr;double"
"2024","__enpg/Base Publica ENPG 2024 (Stata 16).dta","CC_4_ESP","CC_4. Especifique","",18668,0,"character"
"2024","__enpg/Base Publica ENPG 2024 (Stata 16).dta","T_SG_1_C","SG_1. ¿Ha sentido que está jugando un papel útil en la vida?","Más que lo habitual=0; Igual que lo habitual=1; Menos que lo habitual=2; Mucho menos que lo habitual=3",18668,0,"haven_labelled;vctrs_vctr;double"
"2024","__enpg/Base Publica ENPG 2024 (Stata 16).dta","T_SG_1_D","SG_1. ¿Se ha sentido capaz de tomar decisiones?","Más que lo habitual=0; Igual que lo habitual=1; Menos que lo habitual=2; Mucho menos que lo habitual=3",18668,0,"haven_labelled;vctrs_vctr;double"
"2024","__enpg/Base Publica ENPG 2024 (Stata 16).dta","T_SG_1_G","SG_1. ¿Ha sido capaz de disfrutar sus actividades normales cada día?","Más que lo habitual=0; Igual que lo habitual=1; Menos que lo habitual=2; Mucho menos que lo habitual=3",18668,0,"haven_labelled;vctrs_vctr;double"
"2024","__enpg/Base Publica ENPG 2024 (Stata 16).dta","T_SG_1_H","SG_1. ¿Ha sido capaz de hacer frente a sus problemas?","Más que lo habitual=0; Igual que lo habitual=1; Menos que lo habitual=2; Mucho menos que lo habitual=3",18668,0,"haven_labelled;vctrs_vctr;double"
"2024","__enpg/Base Publica ENPG 2024 (Stata 16).dta","T_SG_1_B","SG_1. ¿Sus preocupaciones le han hecho perder mucho sueño?","No, en absoluto=0; No más que lo habitual=1; Bastante más que lo habitual=2; Mucho más=3",18668,0,"haven_labelled;vctrs_vctr;double"
"2024","__enpg/Base Publica ENPG 2024 (Stata 16).dta","T_SG_1_E","SG_1. ¿Se ha sentido constantemente agobiado/a o en tensión?","No, en absoluto=0; No más que lo habitual=1; Bastante más que lo habitual=2; Mucho más=3",18668,0,"haven_labelled;vctrs_vctr;double"
"2024","__enpg/Base Publica ENPG 2024 (Stata 16).dta","T_SG_1_F","SG_1. ¿Ha sentido que no puede superar sus dificultades?","No, en absoluto=0; No más que lo habitual=1; Bastante más que lo habitual=2; Mucho más=3",18668,0,"haven_labelled;vctrs_vctr;double"
"2024","__enpg/Base Publica ENPG 2024 (Stata 16).dta","T_SG_1_I","SG_1. ¿Se ha sentido poco feliz y deprimido/a?","No, en absoluto=0; No más que lo habitual=1; Bastante más que lo habitual=2; Mucho más=3",18668,0,"haven_labelled;vctrs_vctr;double"
"2024","__enpg/Base Publica ENPG 2024 (Stata 16).dta","T_SG_1_J","SG_1. ¿Ha perdido confianza en sí mismo?","No, en absoluto=0; No más que lo habitual=1; Bastante más que lo habitual=2; Mucho más=3",18668,0,"haven_labelled;vctrs_vctr;double"
"2024","__enpg/Base Publica ENPG 2024 (Stata 16).dta","T_SG_1_K","SG_1. ¿Ha pensado que usted es una persona que no vale para nada?","No, en absoluto=0; No más que lo habitual=1; Bastante más que lo habitual=2; Mucho más=3",18668,0,"haven_labelled;vctrs_vctr;double"
"2024","__enpg/Base Publica ENPG 2024 (Stata 16).dta","T_SG_1_A","SG_1. ¿Ha podido concentrarse bien en lo que hace?","Mejor que lo habitual=0; Igual que lo habitual=1; Menos que lo habitual=2; Mucho menos que lo habitual=3",18668,0,"haven_labelled;vctrs_vctr;double"
"2024","__enpg/Base Publica ENPG 2024 (Stata 16).dta","T_SG_1_L","SG_1. ¿Se siente razonablemente feliz considerando todas las circunstancias?","Más feliz que lo habitual=0; Aproximadamente lo mismo que lo habitual=1; Menos feliz que lo habitual=2; Mucho menos que lo habitual=3",18668,0,"haven_labelled;vctrs_vctr;double"
"2024","__enpg/Base Publica ENPG 2024 (Stata 16).dta","SG_2","SG_2. En los últimos 12 meses, ¿Un médico le ha recetado cannabis como parte de","Sí=1; No=2",18668,17410,"haven_labelled;vctrs_vctr;double"
"2024","__enpg/Base Publica ENPG 2024 (Stata 16).dta","TRATA_1","TRATA_1. ¿Ha recibido Ud. alguna vez en su vida algún tipo de tratamiento por el","Sí=1; No=2",18668,0,"haven_labelled;vctrs_vctr;double"
"2024","__enpg/Base Publica ENPG 2024 (Stata 16).dta","TRATA_2","TRATA_2. ¿Durante los últimos 12 meses ha recibido Ud. algún tipo de tratamiento","Sí=1; No=2",18668,18338,"haven_labelled;vctrs_vctr;double"
"2024","__enpg/Base Publica ENPG 2024 (Stata 16).dta","TRATA_3","TRATA_3. ¿Este tratamiento que Ud. recibió durante los últimos 12 meses fue sólo","Sólo por consumo de alcohol=1; Sólo por consumo de drogas=2; Por consumo de alcohol y otras drogas=3",18668,18584,"haven_labelled;vctrs_vctr;double"
"2024","__enpg/Base Publica ENPG 2024 (Stata 16).dta","TRATA_4","TRATA_4. Durante los últimos 12 meses, ¿Ha sentido la necesidad de recibir algún","Sí, sólo por consumo de alcohol=1; Sí, sólo por consumo de drogas=2; Sí, por consumo de alcohol y otras drogas=3; No=4",18668,84,"haven_labelled;vctrs_vctr;double"
"2024","__enpg/Base Publica ENPG 2024 (Stata 16).dta","TRATA_5","TRATA_5. Durante los últimos 12 meses, ¿Ha intentado obtener algún tipo de ayuda","Sí, sólo por consumo de alcohol=1; Sí, sólo por consumo de drogas=2; Sí, por consumo de alcohol y otras drogas=3; No=4",18668,18515,"haven_labelled;vctrs_vctr;double"
"2024","__enpg/Base Publica ENPG 2024 (Stata 16).dta","T_PR_1_1","PR_1. ¿Cuál cree Ud. que es el riesgo que corre una persona que: Fuma una o más","Ningún riesgo=1; Riesgo leve=2; Riesgo moderado=3; Riesgo grande=4; No sabe <strong>(No leer)</strong>=88",18668,0,"haven_labelled;vctrs_vctr;double"
"2024","__enpg/Base Publica ENPG 2024 (Stata 16).dta","T_PR_1_2","PR_1. ¿Cuál cree Ud. que es el riesgo que corre una persona que: Toma tres o más","Ningún riesgo=1; Riesgo leve=2; Riesgo moderado=3; Riesgo grande=4; No sabe <strong>(No leer)</strong>=88",18668,0,"haven_labelled;vctrs_vctr;double"
"2024","__enpg/Base Publica ENPG 2024 (Stata 16).dta","T_PR_1_3","PR_1. ¿Cuál cree Ud. que es el riesgo que corre una persona que: Toma cinco o má","Ningún riesgo=1; Riesgo leve=2; Riesgo moderado=3; Riesgo grande=4; No sabe <strong>(No leer)</strong>=88",18668,0,"haven_labelled;vctrs_vctr;double"
"2024","__enpg/Base Publica ENPG 2024 (Stata 16).dta","T_PR_1_4","PR_1. ¿Cuál cree Ud. que es el riesgo que corre una persona que: Prueba marihuan","Ningún riesgo=1; Riesgo leve=2; Riesgo moderado=3; Riesgo grande=4; No sabe <strong>(No leer)</strong>=88",18668,0,"haven_labelled;vctrs_vctr;double"
"2024","__enpg/Base Publica ENPG 2024 (Stata 16).dta","T_PR_1_5","PR_1. ¿Cuál cree Ud. que es el riesgo que corre una persona que: Fuma marihuana","Ningún riesgo=1; Riesgo leve=2; Riesgo moderado=3; Riesgo grande=4; No sabe <strong>(No leer)</strong>=88",18668,0,"haven_labelled;vctrs_vctr;double"
"2024","__enpg/Base Publica ENPG 2024 (Stata 16).dta","T_PR_1_6","PR_1. ¿Cuál cree Ud. que es el riesgo que corre una persona que: Prueba cocaína","Ningún riesgo=1; Riesgo leve=2; Riesgo moderado=3; Riesgo grande=4; No sabe <strong>(No leer)</strong>=88",18668,0,"haven_labelled;vctrs_vctr;double"
"2024","__enpg/Base Publica ENPG 2024 (Stata 16).dta","T_PR_1_7","PR_1. ¿Cuál cree Ud. que es el riesgo que corre una persona que: Usa cocaína fre","Ningún riesgo=1; Riesgo leve=2; Riesgo moderado=3; Riesgo grande=4; No sabe <strong>(No leer)</strong>=88",18668,0,"haven_labelled;vctrs_vctr;double"
"2024","__enpg/Base Publica ENPG 2024 (Stata 16).dta","T_PR_1_8","PR_1. ¿Cuál cree Ud. que es el riesgo que corre una persona que: Prueba pasta ba","Ningún riesgo=1; Riesgo leve=2; Riesgo moderado=3; Riesgo grande=4; No sabe <strong>(No leer)</strong>=88",18668,0,"haven_labelled;vctrs_vctr;double"
"2024","__enpg/Base Publica ENPG 2024 (Stata 16).dta","T_PR_1_9","PR_1. ¿Cuál cree Ud. que es el riesgo que corre una persona que: Usa pasta base","Ningún riesgo=1; Riesgo leve=2; Riesgo moderado=3; Riesgo grande=4; No sabe <strong>(No leer)</strong>=88",18668,0,"haven_labelled;vctrs_vctr;double"
"2024","__enpg/Base Publica ENPG 2024 (Stata 16).dta","T_PR_1_10","PR_1. ¿Cuál cree Ud. que es el riesgo que corre una persona que: Prueba éxtasis","Ningún riesgo=1; Riesgo leve=2; Riesgo moderado=3; Riesgo grande=4; No sabe <strong>(No leer)</strong>=88",18668,0,"haven_labelled;vctrs_vctr;double"
"2024","__enpg/Base Publica ENPG 2024 (Stata 16).dta","T_PR_1_11","PR_1. ¿Cuál cree Ud. que es el riesgo que corre una persona que: Usa éxtasis fre","Ningún riesgo=1; Riesgo leve=2; Riesgo moderado=3; Riesgo grande=4; No sabe <strong>(No leer)</strong>=88",18668,0,"haven_labelled;vctrs_vctr;double"
"2024","__enpg/Base Publica ENPG 2024 (Stata 16).dta","T_PR_1_12","PR_1. ¿Cuál cree Ud. que es el riesgo que corre una persona que: Prueba tusi una","Ningún riesgo=1; Riesgo leve=2; Riesgo moderado=3; Riesgo grande=4; No sabe <strong>(No leer)</strong>=88",18668,0,"haven_labelled;vctrs_vctr;double"
"2024","__enpg/Base Publica ENPG 2024 (Stata 16).dta","T_PR_1_13","PR_1. ¿Cuál cree Ud. que es el riesgo que corre una persona que: Usa tusi frecue","Ningún riesgo=1; Riesgo leve=2; Riesgo moderado=3; Riesgo grande=4; No sabe <strong>(No leer)</strong>=88",18668,0,"haven_labelled;vctrs_vctr;double"
"2024","__enpg/Base Publica ENPG 2024 (Stata 16).dta","EB_1","EB_1 Hasta donde Ud. sabe, ¿alguien en su casa, distinto de usted, ha tenido pro","Sí, sólo por consumo de alcohol=1; Sí, sólo por consumo de drogas=2; Sí, por consumo de alcohol y drogas=3; No=4; No sabe=88; No contesta=99",18668,0,"haven_labelled;vctrs_vctr;double"
"2024","__enpg/Base Publica ENPG 2024 (Stata 16).dta","T_EB_2_1","EB_2. En su casa, y hasta donde Ud. conoce, ¿alguien usa o consume alguna de est","Sí=1; No=2; No sabe=88; No contesta=99",18668,0,"haven_labelled;vctrs_vctr;double"
"2024","__enpg/Base Publica ENPG 2024 (Stata 16).dta","T_EB_2_2","EB_2. En su casa, y hasta donde Ud. conoce, ¿alguien usa o consume alguna de est","Sí=1; No=2; No sabe=88; No contesta=99",18668,0,"haven_labelled;vctrs_vctr;double"
"2024","__enpg/Base Publica ENPG 2024 (Stata 16).dta","T_EB_2_3","EB_2. En su casa, y hasta donde Ud. conoce, ¿alguien usa o consume alguna de est","Sí=1; No=2; No sabe=88; No contesta=99",18668,0,"haven_labelled;vctrs_vctr;double"
"2024","__enpg/Base Publica ENPG 2024 (Stata 16).dta","T_EB_3_1","EB_3 Hasta donde Ud. conoce, ¿cuánto hay de las siguientes situaciones en su bar","Mucho=1; Bastante=2; Algo=3; Poco=4; Nada=5; No sabe <strong>(No leer)</strong>=88; No contesta <strong>(No leer)</strong>=99",18668,0,"haven_labelled;vctrs_vctr;double"
"2024","__enpg/Base Publica ENPG 2024 (Stata 16).dta","T_EB_3_2","EB_3 Hasta donde Ud. conoce, ¿cuánto hay de las siguientes situaciones en su bar","Mucho=1; Bastante=2; Algo=3; Poco=4; Nada=5; No sabe <strong>(No leer)</strong>=88; No contesta <strong>(No leer)</strong>=99",18668,0,"haven_labelled;vctrs_vctr;double"
"2024","__enpg/Base Publica ENPG 2024 (Stata 16).dta","T_EB_3_3","EB_3 Hasta donde Ud. conoce, ¿cuánto hay de las siguientes situaciones en su bar","Mucho=1; Bastante=2; Algo=3; Poco=4; Nada=5; No sabe <strong>(No leer)</strong>=88; No contesta <strong>(No leer)</strong>=99",18668,0,"haven_labelled;vctrs_vctr;double"
"2024","__enpg/Base Publica ENPG 2024 (Stata 16).dta","T_EB_3_4","EB_3 Hasta donde Ud. conoce, ¿cuánto hay de las siguientes situaciones en su bar","Mucho=1; Bastante=2; Algo=3; Poco=4; Nada=5; No sabe <strong>(No leer)</strong>=88; No contesta <strong>(No leer)</strong>=99",18668,0,"haven_labelled;vctrs_vctr;double"
"2024","__enpg/Base Publica ENPG 2024 (Stata 16).dta","T_EB_3_5","EB_3 Hasta donde Ud. conoce, ¿cuánto hay de las siguientes situaciones en su bar","Mucho=1; Bastante=2; Algo=3; Poco=4; Nada=5; No sabe <strong>(No leer)</strong>=88; No contesta <strong>(No leer)</strong>=99",18668,0,"haven_labelled;vctrs_vctr;double"
"2024","__enpg/Base Publica ENPG 2024 (Stata 16).dta","T_EB_3_6","EB_3 Hasta donde Ud. conoce, ¿cuánto hay de las siguientes situaciones en su bar","Mucho=1; Bastante=2; Algo=3; Poco=4; Nada=5; No sabe <strong>(No leer)</strong>=88; No contesta <strong>(No leer)</strong>=99",18668,0,"haven_labelled;vctrs_vctr;double"
"2024","__enpg/Base Publica ENPG 2024 (Stata 16).dta","T_EB_3_7","EB_3 Hasta donde Ud. conoce, ¿cuánto hay de las siguientes situaciones en su bar","Mucho=1; Bastante=2; Algo=3; Poco=4; Nada=5; No sabe <strong>(No leer)</strong>=88; No contesta <strong>(No leer)</strong>=99",18668,0,"haven_labelled;vctrs_vctr;double"
"2024","__enpg/Base Publica ENPG 2024 (Stata 16).dta","T_EB_3_8","EB_3 Hasta donde Ud. conoce, ¿cuánto hay de las siguientes situaciones en su bar","Mucho=1; Bastante=2; Algo=3; Poco=4; Nada=5; No sabe <strong>(No leer)</strong>=88; No contesta <strong>(No leer)</strong>=99",18668,0,"haven_labelled;vctrs_vctr;double"
"2024","__enpg/Base Publica ENPG 2024 (Stata 16).dta","T_EB_4_1","EB_4 ¿Cuán difícil le sería a Ud. conseguir alguna de las siguientes drogas?  Ma","Le sería muy fácil=1; Le sería fácil=2; Le sería difícil=3; Le sería muy difícil=4; No podría conseguir=5; No sabe <strong>(No leer)</strong>=88; No contesta <strong>(No leer)</strong>=99",18668,0,"haven_labelled;vctrs_vctr;double"
"2024","__enpg/Base Publica ENPG 2024 (Stata 16).dta","T_EB_4_2","EB_4 ¿Cuán difícil le sería a Ud. conseguir alguna de las siguientes drogas?  Co","Le sería muy fácil=1; Le sería fácil=2; Le sería difícil=3; Le sería muy difícil=4; No podría conseguir=5; No sabe <strong>(No leer)</strong>=88; No contesta <strong>(No leer)</strong>=99",18668,0,"haven_labelled;vctrs_vctr;double"
"2024","__enpg/Base Publica ENPG 2024 (Stata 16).dta","T_EB_4_3","EB_4 ¿Cuán difícil le sería a Ud. conseguir alguna de las siguientes drogas?  Pa","Le sería muy fácil=1; Le sería fácil=2; Le sería difícil=3; Le sería muy difícil=4; No podría conseguir=5; No sabe <strong>(No leer)</strong>=88; No contesta <strong>(No leer)</strong>=99",18668,0,"haven_labelled;vctrs_vctr;double"
"2024","__enpg/Base Publica ENPG 2024 (Stata 16).dta","T_EB_4_4","EB_4 ¿Cuán difícil le sería a Ud. conseguir alguna de las siguientes drogas?  Éx","Le sería muy fácil=1; Le sería fácil=2; Le sería difícil=3; Le sería muy difícil=4; No podría conseguir=5; No sabe <strong>(No leer)</strong>=88; No contesta <strong>(No leer)</strong>=99",18668,0,"haven_labelled;vctrs_vctr;double"
"2024","__enpg/Base Publica ENPG 2024 (Stata 16).dta","T_EB_4_5","EB_4 ¿Cuán difícil le sería a Ud. conseguir alguna de las siguientes drogas?  Tu","Le sería muy fácil=1; Le sería fácil=2; Le sería difícil=3; Le sería muy difícil=4; No podría conseguir=5; No sabe <strong>(No leer)</strong>=88; No contesta <strong>(No leer)</strong>=99",18668,0,"haven_labelled;vctrs_vctr;double"
"2024","__enpg/Base Publica ENPG 2024 (Stata 16).dta","T_EB_5_1","EB_5 ¿Y cuándo fue la última vez que una persona, conocida o desconocida, le ofr","Nunca me han ofrecido=0; En los Últimos 30 días=1; Hace más de un mes, pero menos de un año=2; Hace más de un año=3",18668,0,"haven_labelled;vctrs_vctr;double"
"2024","__enpg/Base Publica ENPG 2024 (Stata 16).dta","T_EB_5_2","EB_5 ¿Y cuándo fue la última vez que una persona, conocida o desconocida, le ofr","Nunca me han ofrecido=0; En los Últimos 30 días=1; Hace más de un mes, pero menos de un año=2; Hace más de un año=3",18668,0,"haven_labelled;vctrs_vctr;double"
"2024","__enpg/Base Publica ENPG 2024 (Stata 16).dta","T_EB_5_3","EB_5 ¿Y cuándo fue la última vez que una persona, conocida o desconocida, le ofr","Nunca me han ofrecido=0; En los Últimos 30 días=1; Hace más de un mes, pero menos de un año=2; Hace más de un año=3",18668,0,"haven_labelled;vctrs_vctr;double"
"2024","__enpg/Base Publica ENPG 2024 (Stata 16).dta","T_EB_5_4","EB_5 ¿Y cuándo fue la última vez que una persona, conocida o desconocida, le ofr","Nunca me han ofrecido=0; En los Últimos 30 días=1; Hace más de un mes, pero menos de un año=2; Hace más de un año=3",18668,0,"haven_labelled;vctrs_vctr;double"
"2024","__enpg/Base Publica ENPG 2024 (Stata 16).dta","T_EB_5_5","EB_5 ¿Y cuándo fue la última vez que una persona, conocida o desconocida, le ofr","Nunca me han ofrecido=0; En los Últimos 30 días=1; Hace más de un mes, pero menos de un año=2; Hace más de un año=3",18668,0,"haven_labelled;vctrs_vctr;double"
"2024","__enpg/Base Publica ENPG 2024 (Stata 16).dta","T_EB_6_1","EB_6 La última vez que le ofrecieron, ¿en qué lugar se la ofrecieron?: Marihuana","En la casa=1; En los alrededores de la casa, barrio o comuna=2; En lugar de estudios o trabajo=3; En alrededores lugar de estudios o trabajo=4; En una fiesta, junta, discoteca, recitales=5; Por internet, mail o chat=6; En otro lugar=7",18668,12240,"haven_labelled;vctrs_vctr;double"
"2024","__enpg/Base Publica ENPG 2024 (Stata 16).dta","T_EB_6_2","EB_6 La última vez que le ofrecieron, ¿en qué lugar se la ofrecieron?: Cocaína","En la casa=1; En los alrededores de la casa, barrio o comuna=2; En lugar de estudios o trabajo=3; En alrededores lugar de estudios o trabajo=4; En una fiesta, junta, discoteca, recitales=5; Por internet, mail o chat=6; En otro lugar=7",18668,16362,"haven_labelled;vctrs_vctr;double"
"2024","__enpg/Base Publica ENPG 2024 (Stata 16).dta","T_EB_6_3","EB_6 La última vez que le ofrecieron, ¿en qué lugar se la ofrecieron?: Pasta bas","En la casa=1; En los alrededores de la casa, barrio o comuna=2; En lugar de estudios o trabajo=3; En alrededores lugar de estudios o trabajo=4; En una fiesta, junta, discoteca, recitales=5; Por internet, mail o chat=6; En otro lugar=7",18668,17653,"haven_labelled;vctrs_vctr;double"
"2024","__enpg/Base Publica ENPG 2024 (Stata 16).dta","T_EB_6_4","EB_6 La última vez que le ofrecieron, ¿en qué lugar se la ofrecieron?: Extasis","En la casa=1; En los alrededores de la casa, barrio o comuna=2; En lugar de estudios o trabajo=3; En alrededores lugar de estudios o trabajo=4; En una fiesta, junta, discoteca, recitales=5; Por internet, mail o chat=6; En otro lugar=7",18668,17743,"haven_labelled;vctrs_vctr;double"
"2024","__enpg/Base Publica ENPG 2024 (Stata 16).dta","T_EB_6_5","EB_6 La última vez que le ofrecieron, ¿en qué lugar se la ofrecieron?: Tusi o co","En la casa=1; En los alrededores de la casa, barrio o comuna=2; En lugar de estudios o trabajo=3; En alrededores lugar de estudios o trabajo=4; En una fiesta, junta, discoteca, recitales=5; Por internet, mail o chat=6; En otro lugar=7",18668,17653,"haven_labelled;vctrs_vctr;double"
"2024","__enpg/Base Publica ENPG 2024 (Stata 16).dta","T_OP_1_1","OP_1. ¿Cuán de acuerdo estás con las siguientes frases?: La mayoría de los jóven","Muy de acuerdo=1; De acuerdo=2; En desacuerdo=3; Muy en desacuerdo=4; No sabe <strong>(No leer)</strong>=88; No contesta <strong>(No leer)</strong>=99",18668,0,"haven_labelled;vctrs_vctr;double"
"2024","__enpg/Base Publica ENPG 2024 (Stata 16).dta","T_OP_1_2","OP_1. ¿Cuán de acuerdo estás con las siguientes frases?: La marihuana produce me","Muy de acuerdo=1; De acuerdo=2; En desacuerdo=3; Muy en desacuerdo=4; No sabe <strong>(No leer)</strong>=88; No contesta <strong>(No leer)</strong>=99",18668,0,"haven_labelled;vctrs_vctr;double"
"2024","__enpg/Base Publica ENPG 2024 (Stata 16).dta","T_OP_1_3","OP_1. ¿Cuán de acuerdo estás con las siguientes frases?: El consumo y el tráfico","Muy de acuerdo=1; De acuerdo=2; En desacuerdo=3; Muy en desacuerdo=4; No sabe <strong>(No leer)</strong>=88; No contesta <strong>(No leer)</strong>=99",18668,0,"haven_labelled;vctrs_vctr;double"
"2024","__enpg/Base Publica ENPG 2024 (Stata 16).dta","T_OP_1_4","OP_1. ¿Cuán de acuerdo estás con las siguientes frases?: La marihuana debería se","Muy de acuerdo=1; De acuerdo=2; En desacuerdo=3; Muy en desacuerdo=4; No sabe <strong>(No leer)</strong>=88; No contesta <strong>(No leer)</strong>=99",18668,0,"haven_labelled;vctrs_vctr;double"
"2024","__enpg/Base Publica ENPG 2024 (Stata 16).dta","T_OP_1_5","OP_1. ¿Cuán de acuerdo estás con las siguientes frases?: Las drogas han hecho má","Muy de acuerdo=1; De acuerdo=2; En desacuerdo=3; Muy en desacuerdo=4; No sabe <strong>(No leer)</strong>=88; No contesta <strong>(No leer)</strong>=99",18668,0,"haven_labelled;vctrs_vctr;double"
"2024","__enpg/Base Publica ENPG 2024 (Stata 16).dta","T_OP_1_6","OP_1. ¿Cuán de acuerdo estás con las siguientes frases?: Se debería dejar tranqu","Muy de acuerdo=1; De acuerdo=2; En desacuerdo=3; Muy en desacuerdo=4; No sabe <strong>(No leer)</strong>=88; No contesta <strong>(No leer)</strong>=99",18668,0,"haven_labelled;vctrs_vctr;double"
"2024","__enpg/Base Publica ENPG 2024 (Stata 16).dta","T_OP_2_1","OP_2. ¿Cuán de acuerdo está Ud. con las siguientes medidas?: Suspender el juicio","Muy de acuerdo=1; De acuerdo=2; En desacuerdo=3; Muy en desacuerdo=4; No sabe <strong>(No leer)</strong>=88; No contesta <strong>(No leer)</strong>=99",18668,0,"haven_labelled;vctrs_vctr;double"
"2024","__enpg/Base Publica ENPG 2024 (Stata 16).dta","T_OP_2_2","OP_2. ¿Cuán de acuerdo está Ud. con las siguientes medidas?: Dar la misma pena a","Muy de acuerdo=1; De acuerdo=2; En desacuerdo=3; Muy en desacuerdo=4; No sabe <strong>(No leer)</strong>=88; No contesta <strong>(No leer)</strong>=99",18668,0,"haven_labelled;vctrs_vctr;double"
"2024","__enpg/Base Publica ENPG 2024 (Stata 16).dta","T_OP_2_3","OP_2. ¿Cuán de acuerdo está Ud. con las siguientes medidas?: Autorizar que se re","Muy de acuerdo=1; De acuerdo=2; En desacuerdo=3; Muy en desacuerdo=4; No sabe <strong>(No leer)</strong>=88; No contesta <strong>(No leer)</strong>=99",18668,0,"haven_labelled;vctrs_vctr;double"
"2024","__enpg/Base Publica ENPG 2024 (Stata 16).dta","T_OP_2_4","OP_2. ¿Cuán de acuerdo está Ud. con las siguientes medidas?: Penalizar el porte","Muy de acuerdo=1; De acuerdo=2; En desacuerdo=3; Muy en desacuerdo=4; No sabe <strong>(No leer)</strong>=88; No contesta <strong>(No leer)</strong>=99",18668,0,"haven_labelled;vctrs_vctr;double"
"2024","__enpg/Base Publica ENPG 2024 (Stata 16).dta","CO_1","CO_1. La semana pasada, ¿trabajó al menos una hora, sin considerar los quehacere","Sí=1; No=2",18668,0,"haven_labelled;vctrs_vctr;double"
"2024","__enpg/Base Publica ENPG 2024 (Stata 16).dta","CO_2","CO_2. Aunque no trabajó la semana pasada, ¿realizó alguna actividad por lo menos","Sí=1; No=2",18668,12347,"haven_labelled;vctrs_vctr;double"
"2024","__enpg/Base Publica ENPG 2024 (Stata 16).dta","CO_3","CO_3. Aunque no trabajó la semana pasada, ¿tenía empleo del cual estuvo ausente","Sí=1; No=2",18668,13127,"haven_labelled;vctrs_vctr;double"
"2024","__enpg/Base Publica ENPG 2024 (Stata 16).dta","CO_4","CO_4. ¿Buscó trabajo remunerado o realizó alguna gestión para iniciar una activi","Sí=1; No=2",18668,13472,"haven_labelled;vctrs_vctr;double"
"2024","__enpg/Base Publica ENPG 2024 (Stata 16).dta","CO_5","CO_5. ¿Cuál es la razón por la que no buscó trabajo o realizó alguna gestión par","Consiguió trabajo que empezará pronto o iniciará una actividad por cuenta propia=1; Está esperando resultado de gestiones ya emprendidas=2; No tiene con quien dejar a los niños=3; No tiene con quien dejar a adultos mayores=4; No tiene con quien dejar a otro familiar=5; Está enfermo o tiene una discapacidad=6; Percepción de limitaciones personales=7; Piensa que nadie le dará trabajo (porque no cuenta con la capacitación requerida, por su edad, etc.)=8; Las reglas, horarios y distancias de los trabajos no le acomodan=9; Ofrecen sueldos muy bajos=10; Quehaceres del hogar=11; Estudiante=12; Jubilado(a), pensionado(a) o montepiada=13; Tiene otra fuente de ingreso (seguro de cesantía, mesadas, rentas transferencias del Estado, etc.)=14; Se cansó de buscar o cree que no hay trabajo disponible=15; Busca cuando realmente lo necesita o tiene trabajo esporádico=16; No tiene interés en trabajar=17; Otra razón=18; Posibilidad de empezar a trabajar pronto=1000; Limitaciones de condiciones familiares o personales=2000; Condiciones laborales no se adecuan a expectativas=3000; Tiene otra actividad o renta=4000; Otros=5000",18668,13751,"haven_labelled;vctrs_vctr;double"
"2024","__enpg/Base Publica ENPG 2024 (Stata 16).dta","CO_6","CO_6. En su trabajo o negocio principal, ¿usted trabaja como?","Patrón o empleador/a=1; Trabajador/a por cuenta propia=2; Empleado/a u obrero/a del sector público (Gobierno Central o Municipal)=3; Empleado/a u obrero/a de empresas públicas=4; Empleado/a u obrero/a del sector privado=5; Servicio doméstico puertas adentro=6; Servicio doméstico puertas afuera=7; FF.AA. y del Orden=8; Familiar no remunerado=9",18668,4917,"haven_labelled;vctrs_vctr;double"
"2024","__enpg/Base Publica ENPG 2024 (Stata 16).dta","DP_1","DP_1. ¿Cuántas personas viven en este hogar?","Personas=1; No contesta=99",18668,0,"haven_labelled;vctrs_vctr;double"
"2024","__enpg/Base Publica ENPG 2024 (Stata 16).dta","DP_2","DP_2. ¿Cuál es su estado civil actual (legal)?","Soltero/a=1; Casado/a=2; Divorciado/a=3; Viudo/a=4; Anulado/a=5; Conviviente civil=6",18668,0,"haven_labelled;vctrs_vctr;double"
"2024","__enpg/Base Publica ENPG 2024 (Stata 16).dta","DP_3","DP_3. ¿Actualmente cuál es su estado de hecho?","Casado/a vive con su esposo/a=1; Conviviente o pareja de distinto sexo=2; Conviviente o pareja del mismo sexo=3; No convive con pareja=4",18668,0,"haven_labelled;vctrs_vctr;double"
"2024","__enpg/Base Publica ENPG 2024 (Stata 16).dta","DP_4","DP_4. En Chile, la ley reconoce nueve pueblos indígenas (originarios), ¿pertenec","Aymara=1; Rapa Nui=2; Quechua=3; Mapuche=4; Atacameño (Likán Antai)=5; Colla=6; Kawésqar (Alacalufes)=7; Yagán (Yámana)=8; Diaguita=9; Chango=10; Selk’nam=11; Otro=12; No pertenece a ningún pueblo indígena=13",18668,0,"haven_labelled;vctrs_vctr;double"
"2024","__enpg/Base Publica ENPG 2024 (Stata 16).dta","DP_5","DP_5. ¿Cuál es su religión o credo?","Católica=1; Evangélica o Protestante=2; Judía=3; Musulmana=4; Mormón=5; Ortodoxa=6; Budista=7; Fe Bahá'í=8; Testigo de Jehová=9; Espiritualidad indígena=10; Otra=11; Ninguna=12",18668,0,"haven_labelled;vctrs_vctr;double"
"2024","__enpg/Base Publica ENPG 2024 (Stata 16).dta","DP_6","DP_6. ¿Cuál es su nacionalidad?","Chilena (exclusivamente)=1; Chilena y otra (doble nacionalidad)=2; Otra nacionalidad (extranjeros), especifique:=3",18668,0,"haven_labelled;vctrs_vctr;double"
"2024","__enpg/Base Publica ENPG 2024 (Stata 16).dta","DP_6_ESP","DP_6_ESP Especifique","",18668,0,"character"
"2024","__enpg/Base Publica ENPG 2024 (Stata 16).dta","DP_6A","DP_6A. Cuando usted nació, ¿en qué comuna o país vivía su madre?","En esta comuna=1; En otra comuna de Chile=2; En otro país, especifique=3; No sabe=88",18668,0,"haven_labelled;vctrs_vctr;double"
"2024","__enpg/Base Publica ENPG 2024 (Stata 16).dta","DP_6A_ESP","DP_6A_ESP Especifique","",18668,0,"character"
"2024","__enpg/Base Publica ENPG 2024 (Stata 16).dta","DP_6B","DP_6B. ¿En qué comuna o país vivía usted hace 5 años ...?","En esta comuna=1; En otra comuna de Chile=2; En otro país, especifique=3; No sabe=88",18668,0,"haven_labelled;vctrs_vctr;double"
"2024","__enpg/Base Publica ENPG 2024 (Stata 16).dta","DP_6B_ESP","DP_6B_ESP Especifique","",18668,0,"character"
"2024","__enpg/Base Publica ENPG 2024 (Stata 16).dta","DP_8","DP_8. En cuánto a su género, ¿usted se identifica como?","Masculino=1; Femenino=2; Transmasculino=3; Transfemenino=4; No binario=5; Otro, especifique=6; No contesta <strong>(No leer)</strong>=99",18668,0,"haven_labelled;vctrs_vctr;double"
"2024","__enpg/Base Publica ENPG 2024 (Stata 16).dta","DP_8_ESP","DP_8_ESP Especifique","",18668,0,"character"
"2024","__enpg/Base Publica ENPG 2024 (Stata 16).dta","DP_8A","DP_8A. ¿Ud. se identifica como trans?","Sí=1; No=2; No sabe=88; No contesta (No leer)=99",18668,18300,"haven_labelled;vctrs_vctr;double"
"2024","__enpg/Base Publica ENPG 2024 (Stata 16).dta","DP_8B","DP_8B. ¿Cuál de estas alternativas define mejor su orientación sexual? (ENCUESTA","Gay/Lesbiana (Atracción hacia el mismo sexo)=1; Bisexual (atracción hacia más de un sexo o género)=2; Heterosexual (Atracción hacia el sexo opuesto)=3; Otro, especifique=4; No sabe <strong>(No leer)</strong>=88; No contesta <strong>(No leer)</strong>=99",18668,437,"haven_labelled;vctrs_vctr;double"
"2024","__enpg/Base Publica ENPG 2024 (Stata 16).dta","DP_8B_ESP","DP_8B_ESP Especifique","",18668,0,"character"
"2024","__enpg/Base Publica ENPG 2024 (Stata 16).dta","DP_9","DP_9. ¿A qué sistema previsional de salud pertenece usted?","Sistema público grupo A=1; Sistema público grupo B=2; Sistema público grupo C=3; Sistema público grupo D=4; Sistema público no sabe grupo=5; F.F.A.A y del Orden=6; ISAPRE=7; Ninguno (particular)=8; Otro Sistema=9; No sabe=88; No contesta=99",18668,0,"haven_labelled;vctrs_vctr;double"
"2024","__enpg/Base Publica ENPG 2024 (Stata 16).dta","DP_10","DP_10. ¿Qué relación de parentesco tiene con el/la jefe/a de hogar? Jefe de hoga","Jefe(a) de Hogar=1; Esposo(a) /pareja=2; Hijo(a) de ambos=3; Hijo(a) sólo del jefe=4; Hijo(a) sólo del esposo(a) /pareja=5; Padre o madre=6; Suegro(a)=7; Yerno o nuera=8; Nieto(a)=9; Hermano(a)=10; Cuñado(a)=11; Otro familiar=12; No familiar=13",18668,0,"haven_labelled;vctrs_vctr;double"
"2024","__enpg/Base Publica ENPG 2024 (Stata 16).dta","DP_11","DP_11. Actualmente, ¿asiste a algún establecimiento educacional?","Sí=1; No=2; No sabe=88; No contesta=99",18668,0,"haven_labelled;vctrs_vctr;double"
"2024","__enpg/Base Publica ENPG 2024 (Stata 16).dta","DP_12","DP_12. ¿Cuál es el nivel educacional más alto alcanzado o el nivel educacional a","Nunca asistió=1; Educación Especial (Diferencial)=2; Primaria o preparatoria (Sistema Antiguo)=3; Educación Básica=4; Humanidades (Sistema Antiguo)=5; Educación Media Científico Humanista=6; Técnica Comercial, Industrial o Normalista (Sistema Antiguo)=7; Educación Media Técnico Profesional=8; Técnico de Nivel Superior=9; Profesional=10; Postítulo=11; Magíster=12; Doctorado=13; No sabe=88",18668,0,"haven_labelled;vctrs_vctr;double"
"2024","__enpg/Base Publica ENPG 2024 (Stata 16).dta","DP_13","DP_13. ¿Completó el nivel educacional anteriormente declarado?","Si=1; No=2; No aplica=77",18668,0,"haven_labelled;vctrs_vctr;double"
"2024","__enpg/Base Publica ENPG 2024 (Stata 16).dta","DP_14","DP_14. En este nivel educacional ¿Cuál fue el último curso que aprobó?","Sin estudios=0; Primer año=1; Segundo año=2; Tercer año=3; Cuarto año=4; Quinto año=5; Sexto año=6; Séptimo año=7; Octavo año=8; No aplica=77; No sabe=88; No contesta=99",18668,0,"haven_labelled;vctrs_vctr;double"
"2024","__enpg/Base Publica ENPG 2024 (Stata 16).dta","DP_15","DP_15. ¿Cuál de estas situaciones se aplica mejor a su caso?","Ud. aporta ingreso único=1; Ud. aporta el ingreso principal pero existen otros ingresos=2; Ud. aporta la mitad del ingreso del hogar=3; Ud. aporta ingreso pero no es el principal del hogar=4; Ud. no aporta ingresos al hogar=5; No sabe=88; No contesta=99",18668,0,"haven_labelled;vctrs_vctr;double"
"2024","__enpg/Base Publica ENPG 2024 (Stata 16).dta","DP_16","DP_16. Aproximadamente y considerando un mes normal, ¿a cuánto asciende el ingre","Menos de $100.000=1; Entre $100.001 y 200.000=2; Entre $200.001 y 300.000=3; Entre $300.001 y 400.000=4; Entre $400.001 y 500.000=5; Entre $500.001 y 750.000=6; Entre $750.001 y 1.000.000=7; Entre $1.000.001 y 1.500.000=8; Entre $1.500.001 y 2.000.000=9; Más de $2.000.000=10; No sabe=88; No contesta=99",18668,0,"haven_labelled;vctrs_vctr;double"
"2024","__enpg/Base Publica ENPG 2024 (Stata 16).dta","DP_17","DP_17. Calidad de la vivienda","",18668,0,"numeric"
"2024","__enpg/Base Publica ENPG 2024 (Stata 16).dta","DP_18","DP_18. Calidad del barrio","",18668,0,"numeric"
"2024","__enpg/Base Publica ENPG 2024 (Stata 16).dta","FACTOR_EXPANSION","","",18668,0,"numeric"
"2024","__enpg/Base Publica ENPG 2024 (Stata 16).dta","UPM","Unidad Primaria de Muestreo","",18668,0,"numeric"
"2024","__enpg/Base Publica ENPG 2024 (Stata 16).dta","ESTRATO","Estrato","",18668,0,"numeric"
"2024","__enpg/Base Publica ENPG 2024 (Stata 16).dta","AÑO","","",18668,0,"numeric"
